{
  "schema_version": "true_single_subject_feasibility.subject_eval.v1",
  "age_group": "80-89",
  "user_id": "984",
  "fit": {
    "scale": 0.30000001192092896,
    "time_steps": 173,
    "epochs": 8,
    "best_epoch": 5,
    "choice_temperature": 0.05,
    "seed": 0,
    "scales": [
      0.10000000149011612,
      0.30000001192092896,
      0.5
    ],
    "rt_normalization": {
      "log_rt_min": -2.2926347255706787,
      "log_rt_max": 3.209956169128418,
      "log_rt_range": 5.502590894699097
    }
  },
  "test_metrics": {
    "pred_mean": 0.4477299749851227,
    "pred_median": 0.41999998688697815,
    "pred_skewness": 0.6228615641593933,
    "true_mean": 0.8765820264816284,
    "true_median": 0.8399999737739563,
    "true_skewness": 4.0866618156433105,
    "pred_q90": 0.6800000071525574,
    "pred_q95": 0.7404992580413818,
    "pred_q99": 0.9199999570846558,
    "true_q90": 1.0880000591278076,
    "true_q95": 1.222000002861023,
    "true_q99": 1.6681901216506958,
    "skewness_score": 0.1524132937192917,
    "mean_score": 0.510767936706543,
    "median_score": 0.5,
    "coverage_score": 0.29923272132873535,
    "q90_score": 0.624999972608161,
    "q95_score": 0.6059732048344342,
    "q99_score": 0.5514958667746479,
    "quantile_score": 0.5941563480724144,
    "mean_median_score": 0.5053839683532715,
    "rt_shape_score": 0.3510691821575165,
    "rt_score": 0.3848942518234253,
    "human_accuracy": 0.966,
    "model_accuracy": 1.0,
    "response_agreement": 0.966,
    "pred_error_rt": NaN,
    "pred_correct_rt": 0.4477299749851227,
    "human_error_rt": 0.7004852890968323,
    "human_correct_rt": 0.8827800154685974,
    "error_minus_correct_rt": NaN,
    "human_error_minus_correct_rt": -0.18229472637176514,
    "accuracy_score": 0.9648033126293996,
    "human_congruency_rt_gap": 0.07799696922302246,
    "model_congruency_rt_gap": 0.10312467813491821,
    "congruency_score": 0.677837367756608,
    "total_score": 0.5738130211830139,
    "behavior_optimal_score": 0.6306818723678589
  },
  "test_n_trials": 2000,
  "test_n_errors": 68
}