age_group,decision_time_scale,t0_mean,t0_sd,score,condition_quantile_mae,condition_mean_mae,overall_quantile_mae,human_condition_gap,model_condition_gap,condition_gap_abs_error,caf_rmse,incongruent_caf_rmse,human_incongruent_error_minus_correct_rt,model_incongruent_error_minus_correct_rt,error_gap_abs_error
20-29,0.15,0.581,0.0,0.4409223802977129,0.09847917135109252,0.005265171531580959,0.08858333041600037,0.04374684900583592,0.033216505942674,0.010530343063161918,0.06957154590779194,0.10494799780770668,-0.06449539092603063,-0.0233237642045675,0.04117162672146313
20-29,0.15,0.579,0.03,0.29149590175078544,0.07642243739952082,0.005332054837540234,0.0761644777449461,0.04374684900583592,0.03308273933075545,0.010664109675080469,0.017567014544310006,0.01480887261141956,-0.06449539092603063,-0.022079157122684046,0.04241623380334658
20-29,0.15,0.578,0.06,0.222142488275743,0.04861269663067738,0.00539893814349951,0.05093842912164978,0.04374684900583592,0.0329489727188369,0.01079787628699902,0.01885205559083676,0.028325065353354068,-0.06449539092603063,-0.020834550040800703,0.04366084088522992
20-29,0.15,0.574,0.09,0.15353429360558127,0.022354784875370508,0.00707814394202394,0.023944746755906344,0.04374684900583592,0.03281520610691835,0.01093164289891757,0.01924058211177613,0.037351667159179376,-0.06449539092603063,-0.019589942958917472,0.044905447967113155
20-29,0.15,0.58,0.12,0.13976166273831578,0.019026441840547866,0.005532704755418005,0.018455453544265376,0.04374684900583592,0.03268143949499991,0.01106540951083601,0.019641792178922972,0.03826491617164804,-0.06449539092603063,-0.01834533587703413,0.0461500550489965
20-29,0.15,0.576,0.15,0.20394834488912808,0.04038498859879622,0.005599588061377281,0.03773055514772993,0.04374684900583592,0.03254767288308136,0.011199176122754562,0.02005492458225659,0.03996554180225839,-0.06449539092603063,-0.0171007287951509,0.04739466213087973
20-29,0.15,0.576,0.18,0.2896860383349116,0.06845262991371437,0.005666471367336501,0.06598198587056257,0.04374684900583592,0.03241390627116292,0.011332942734673002,0.020760539492026685,0.04034650317826288,-0.06449539092603063,-0.015856121713267557,0.04863926921276307
20-29,0.15,0.577,0.21,0.3754760019395779,0.09678505943023621,0.005733354673295665,0.0940825513865798,0.04374684900583592,0.03228013965924459,0.01146670934659133,0.020760539492026685,0.0407626197774357,-0.06449539092603063,-0.014611514631384326,0.0498838762946463
20-29,0.15,0.572,0.24,0.46123377183409847,0.12308783077615,0.007957919669038582,0.12032082064662697,0.04374684900583592,0.031673063672243096,0.012073785333592824,0.020894975472586695,0.04138913842635023,-0.06449539092603063,-0.011757238630619726,0.0527381522954109
30-39,0.15,0.615,0.0,0.5408810821002178,0.11279167407113092,0.011405260766071068,0.10384165732724764,0.0573742659002322,0.034563744368090066,0.022810521532142136,0.09018647348688158,0.10360356095995531,-0.10704012899392612,-0.026125710710427796,0.08091441828349832
30-39,0.15,0.628,0.03,0.398469622055698,0.09156842568405851,0.0115301518235858,0.09235634463789301,0.0573742659002322,0.034313962253060604,0.0230603036471716,0.02557342370508879,0.026940578042166118,-0.10704012899392612,-0.023826650097909075,0.08321347889601705
30-39,0.15,0.612,0.06,0.34062141099053933,0.06452759346294734,0.011655042881100586,0.06721918311536752,0.0573742659002322,0.03406418013803103,0.02331008576220117,0.026728262195660945,0.052899356916945736,-0.10704012899392612,-0.021527589485390686,0.08551253950853543
30-39,0.15,0.611,0.09,0.26753674751525625,0.03727926514638619,0.011779933938615428,0.0403476354843146,0.0573742659002322,0.033814398023001346,0.023559867877230856,0.027393429869222257,0.061735150855469365,-0.10704012899392612,-0.019228528872872075,0.08781160012105405
30-39,0.15,0.626,0.12,0.2267854654724392,0.023170903994331558,0.011904824996130214,0.021551405029955683,0.0573742659002322,0.03356461590797177,0.02380964999226043,0.027763285108214374,0.06807199298605175,-0.10704012899392612,-0.016929468260353575,0.09011066073357255
30-39,0.15,0.616,0.15,0.24197668473066028,0.028606129475641617,0.012029716053644945,0.023303707971085275,0.0573742659002322,0.03331483379294231,0.02405943210728989,0.02765501762790973,0.06980330978125923,-0.10704012899392612,-0.014630407647834853,0.09240972134609127
30-39,0.15,0.612,0.18,0.3137083174920976,0.05101806862287579,0.012154607111159732,0.04700786640741311,0.0573742659002322,0.03306505167791274,0.024309214222319464,0.028121166405396452,0.07199852330616519,-0.10704012899392612,-0.012331347035316464,0.09470878195860966
30-39,0.15,0.611,0.21,0.3987397122686498,0.07853238865702414,0.012279498168674519,0.07442143726798078,0.0573742659002322,0.032815269562883165,0.024558996337349037,0.02843940927656547,0.0734731245246785,-0.10704012899392612,-0.010032286422797965,0.09700784257112816
30-39,0.15,0.611,0.24,0.48356871267221224,0.10604309037170742,0.012509556152859258,0.10129045280280706,0.0573742659002322,0.032355153594513686,0.025019112305718516,0.02859370560105839,0.07460589291357167,-0.10704012899392612,-0.007506250101418699,0.09953387889250742
40-49,0.15,0.616,0.0,0.47139320959309106,0.0925250040709174,0.015989705222635042,0.08566666533879087,0.06726351403210296,0.03528410358683287,0.031979410445270084,0.0689245964805018,0.07506962567711166,-0.08152539216243793,-0.025630243048155976,0.05589514911428195
40-49,0.15,0.604,0.03,0.3565303658383384,0.07158201200353081,0.01634889013101759,0.07451536639323181,0.06726351403210296,0.034565733770067775,0.03269778026203518,0.02060582441932375,0.022303549172260875,-0.08152539216243793,-0.026617149910110438,0.05490824225232749
40-49,0.15,0.59,0.06,0.29966758691754963,0.04677585603889878,0.016708075039400083,0.049886162637490995,0.06726351403210296,0.03384736395330279,0.033416150078800166,0.022825424421026634,0.04145095454367193,-0.08152539216243793,-0.027604056772064567,0.05392133539037336
40-49,0.15,0.599,0.09,0.23375531516380044,0.02432214293782415,0.01706725994778263,0.022809920840889914,0.06726351403210296,0.03312899413653769,0.03413451989556526,0.023456342425877037,0.046581027220697464,-0.08152539216243793,-0.028590963634018585,0.05293442852841934
40-49,0.15,0.605,0.12,0.23944574247383288,0.027507549359591453,0.017426444856165124,0.01581038384278934,0.06726351403210296,0.03241062431977271,0.03485288971233025,0.023370922104187484,0.052518999074879814,-0.08152539216243793,-0.029577870495972824,0.0519475216664651
40-49,0.15,0.59,0.15,0.2928895122182743,0.04379488800998443,0.017785629764547672,0.03328830632437622,0.06726351403210296,0.03169225450300761,0.035571259529095345,0.023541452801388425,0.05438236157976165,-0.08152539216243793,-0.030564777357926953,0.05096061480451097
40-49,0.15,0.59,0.18,0.3746390927693563,0.06938370437469116,0.01814481467293022,0.06094769252588944,0.06726351403210296,0.030973884686242514,0.03628962934586044,0.023643180835073756,0.0556534480711028,-0.08152539216243793,-0.03155168421988108,0.049973707942556844
40-49,0.15,0.59,0.21,0.4607639269863111,0.09704181227005748,0.018503999581312713,0.0884837875747433,0.06726351403210296,0.03025551486947753,0.03700799916262543,0.023685438564654,0.05744413044146522,-0.08152539216243793,-0.03253859108183543,0.04898680108060249
40-49,0.15,0.585,0.24,0.545833888132945,0.1236720549480427,0.02031989501708681,0.11438360411569078,0.06726351403210296,0.02920810246392025,0.03805541156818271,0.023685438564654,0.0578065309693516,-0.08152539216243793,-0.032893618397281554,0.04863177376515637
50-59,0.15,0.644,0.0,0.423069479228285,0.0879416683724378,0.013862805150985313,0.07893333582794247,0.06460245427369793,0.0368768439717273,0.027725610301970627,0.04600434762063256,0.06247594004964882,-0.08676449919114704,-0.025897111583138566,0.06086738760800847
50-59,0.15,0.646,0.03,0.3248074877637004,0.06635273983969678,0.014149218571164801,0.06789911648038723,0.06460245427369793,0.03630401713136833,0.028298437142329602,0.017355114519933327,0.02111645536619065,-0.08676449919114704,-0.027593773621862328,0.05917072556928471
50-59,0.15,0.631,0.06,0.25662667676680506,0.04156431570850267,0.014435631991344289,0.043240705114546196,0.06460245427369793,0.03573119029100935,0.028871263982688578,0.01716974082506782,0.027586882656018143,-0.08676449919114704,-0.02929043566058598,0.05747406353056106
50-59,0.15,0.637,0.09,0.19502050290864623,0.020940726563228512,0.014722045411523721,0.018319617256173665,0.06460245427369793,0.03515836345065049,0.029444090823047442,0.018330302779823376,0.03117021105866949,-0.08676449919114704,-0.030987097699309407,0.05577740149183763
50-59,0.15,0.642,0.12,0.2036318053361499,0.024465038702120773,0.015008458831703209,0.01679817533972766,0.06460245427369793,0.03458553661029151,0.030016917663406417,0.01889973544788394,0.033176996019654736,-0.08676449919114704,-0.03268375973803328,0.05408073945311376
50-59,0.15,0.627,0.15,0.27236453261560756,0.046748280064560194,0.015294872251882752,0.03905199104199722,0.06460245427369793,0.034012709769932425,0.030589744503765504,0.018644033898274282,0.03417161550727832,-0.08676449919114704,-0.03438042177675682,0.05238407741439022
50-59,0.15,0.627,0.18,0.3580922856428911,0.07437726585963415,0.015581285672062128,0.06696438874946131,0.06460245427369793,0.03343988292957367,0.031162571344124257,0.0192769292160344,0.035433776919806335,-0.08676449919114704,-0.03607708381548025,0.05068741537566679
50-59,0.15,0.627,0.21,0.4420929982850236,0.10180339527231991,0.01586769909224156,0.09436636505785873,0.06460245427369793,0.03286705608921481,0.03173539818448312,0.0192769292160344,0.03603666024909685,-0.08676449919114704,-0.03777374585420368,0.04899075333694336
50-59,0.15,0.627,0.24,0.5267053260551506,0.1294456527807967,0.016217590902861068,0.12148570423179932,0.06460245427369793,0.032167272467975794,0.032435181805722135,0.0192769292160344,0.03671579301032005,-0.08676449919114704,-0.03937465327581002,0.047389845915337014
60-69,0.15,0.695,0.0,0.6438791424718421,0.14357916150332684,0.016209099564614637,0.13123333647117347,0.07344799848794936,0.04102979935872009,0.032418199129229275,0.07209715667070372,0.09197390934390036,-0.1256311610215025,-0.03281565996930247,0.09281550105220004
60-69,0.15,0.681,0.03,0.5075207810845175,0.12166983145096463,0.0162383602237125,0.12055342391229124,0.07344799848794936,0.04097127804052436,0.032476720447425,0.02485960578931208,0.014966629547095758,-0.1256311610215025,-0.03546012952932587,0.09017103149217665
60-69,0.15,0.68,0.06,0.44066709111147795,0.09431253685759544,0.016267620882810307,0.09620530556818772,0.07344799848794936,0.04091275672232875,0.032535241765620615,0.025760434778939557,0.031292171544972686,-0.1256311610215025,-0.03810459908934982,0.08752656193215269
60-69,0.15,0.681,0.09,0.36332657213696473,0.06618245401249753,0.016296881541908115,0.06922205315694578,0.07344799848794936,0.04085423540413313,0.03259376308381623,0.026810445725500325,0.03911010099705699,-0.1256311610215025,-0.04074906864937322,0.08488209237212929
60-69,0.15,0.673,0.12,0.2874702846966761,0.039827929268744365,0.016326142201005922,0.04169094755681448,0.07344799848794936,0.04079571408593752,0.032652284402011844,0.027305677065401594,0.04527250821414689,-0.1256311610215025,-0.04339353820939684,0.08223762281210567
60-69,0.15,0.689,0.15,0.236063453367681,0.02433369878260372,0.01635540286010384,0.021283854022543087,0.07344799848794936,0.04073719276774168,0.03271080572020768,0.02725435744977303,0.045939090108533906,-0.1256311610215025,-0.046038007769420464,0.07959315325208205
60-69,0.15,0.685,0.18,0.2600671797293833,0.033208172310604606,0.016384663519201592,0.024586778322615205,0.07344799848794936,0.04067867144954618,0.032769327038403184,0.027356900409220317,0.05045393939029933,-0.1256311610215025,-0.04868247732944386,0.07694868369205865
60-69,0.15,0.675,0.21,0.31466664993405924,0.05041933707257973,0.01641392417829951,0.044475551697409514,0.07344799848794936,0.04062015013135034,0.03282784835659902,0.027327641683833583,0.05150533952902358,-0.1256311610215025,-0.051326946889467484,0.07430421413203503
60-69,0.15,0.676,0.24,0.39481545906875515,0.07704581150784143,0.016443184837397207,0.07196423573732243,0.07344799848794936,0.04056162881315495,0.03288636967479441,0.02727636339397169,0.05139649793517063,-0.1256311610215025,-0.053971416449491216,0.0716597445720113
70-79,0.15,0.754,0.0,0.6040119538852358,0.12833749406990685,0.017309605511762916,0.11834999061972647,0.0786145418861075,0.04399533086258167,0.03461921102352583,0.0736350057447406,0.08654312503248589,-0.12891993567140259,-0.03530195403786884,0.09361798163353374
70-79,0.15,0.759,0.03,0.477734376674939,0.10768463678737035,0.01666093115296574,0.10875622878912072,0.0786145418861075,0.04529267958017602,0.03332186230593148,0.02972237590501888,0.019829200931274816,-0.12891993567140259,-0.03327914070213234,0.09564079496927025
70-79,0.15,0.747,0.06,0.4064060253960572,0.08120110520867796,0.016012256794168567,0.08608907686857516,0.0786145418861075,0.04659002829777037,0.03202451358833713,0.030662785418366898,0.029458536746239338,-0.12891993567140259,-0.03125632736639561,0.09766360830500698
70-79,0.15,0.742,0.09,0.3304935852453953,0.05433336831124213,0.015363582435371281,0.06029155237069898,0.0786145418861075,0.04788737701536494,0.030727164870742563,0.03203466293625152,0.037886486348896874,-0.12891993567140259,-0.02923351403065888,0.0996864216407437
70-79,0.15,0.742,0.12,0.25644598771713695,0.02986542722704761,0.014714908076574107,0.03430007004393435,0.0786145418861075,0.04918472573295929,0.029429816153148214,0.032824266155770776,0.04304823058354293,-0.12891993567140259,-0.02721070069492204,0.10170923497648054
70-79,0.15,0.746,0.15,0.23372906125639556,0.024429086468332258,0.014066233717776877,0.022648322038766173,0.0786145418861075,0.05048207445055375,0.028132467435553754,0.03295804072855179,0.04721750870929801,-0.12891993567140259,-0.025187887359185757,0.10373204831221683
70-79,0.15,0.741,0.18,0.265276646683941,0.03679757979972323,0.013417559358979647,0.03074384437985465,0.0786145418861075,0.05177942316814821,0.026835118717959294,0.03333839337306041,0.049765832602991215,-0.12891993567140259,-0.023165074023448917,0.10575486164795367
70-79,0.15,0.74,0.21,0.33200008758826915,0.060058675250091564,0.013259748763291612,0.051600442028125894,0.0786145418861075,0.05307677188574256,0.025537770000364945,0.03333839337306041,0.05209818946692571,-0.12891993567140259,-0.02114226068771219,0.1077776749836904
70-79,0.15,0.739,0.24,0.41465295995409557,0.08705515627909968,0.014270655180813385,0.07906555502464917,0.0786145418861075,0.05437412060333702,0.024240421282770486,0.03348817233763798,0.05368097492720471,-0.12891993567140259,-0.01911944735197546,0.10980048831942713
80-89,0.15,0.908,0.0,0.8376189751493558,0.21087499636964774,0.02043244370225411,0.1966916616007711,0.0865611292410422,0.04569624183653398,0.04086488740450822,0.04010735593379349,0.044846077943899554,-0.21020642647712207,-0.03862873779334919,0.17157768868377288
80-89,0.15,0.893,0.03,0.745355597102716,0.19012364474565047,0.020056421597658136,0.18747806690765034,0.0865611292410422,0.04644828604572593,0.04011284319531627,0.015433729296576392,0.008031324457750167,-0.21020642647712207,-0.036001013972261964,0.1742054125048601
80-89,0.15,0.897,0.06,0.6797355602368214,0.16381492995136782,0.019680399493062162,0.16446868920970958,0.0865611292410422,0.04720033025491788,0.039360798986124323,0.016822603841260737,0.02258003755184825,-0.21020642647712207,-0.03337329015117518,0.17683313632594688
80-89,0.15,0.892,0.09,0.603316659787963,0.1370918038694714,0.019304377388466132,0.13902014386554204,0.0865611292410422,0.04795237446410994,0.038608754776932264,0.017770762504743586,0.027381396751401412,-0.21020642647712207,-0.03074556633008818,0.17946086014703388
80-89,0.15,0.902,0.12,0.5246251951523353,0.11029354770462393,0.018928355283870102,0.1131874933732749,0.0865611292410422,0.048704418673302,0.037856710567740204,0.01813835714721707,0.030252200134604133,-0.21020642647712207,-0.028117842509000956,0.1820885839681211
80-89,0.15,0.892,0.15,0.4452391502780109,0.08340385519975807,0.018552333179274072,0.0867585206706154,0.0865611292410422,0.04945646288249406,0.037104666358548144,0.01849864859928964,0.033240691847051,-0.21020642647712207,-0.02549011868791451,0.18471630778920756
80-89,0.15,0.893,0.18,0.36954091257838173,0.05931178779842815,0.018176311074678098,0.06019692609189612,0.0865611292410422,0.050208507091686005,0.036352622149356195,0.018926172354705024,0.03381793381551262,-0.21020642647712207,-0.022862394866827063,0.187344031610295
80-89,0.15,0.897,0.21,0.3264912715333288,0.04537643706928678,0.017800288970081957,0.04504309447976107,0.0865611292410422,0.05096055130087829,0.03560057794016391,0.018926172354705024,0.03591672541240594,-0.21020642647712207,-0.020234671045740282,0.18997175543138178
80-89,0.15,0.896,0.24,0.30915435651330625,0.04082242551340873,0.017424266865486093,0.03789633436800501,0.0865611292410422,0.051712595510070014,0.03484853373097219,0.018926172354705024,0.03660615191346342,-0.21020642647712207,-0.017606947224653613,0.19259947925246845
20-29,0.16,0.58,0.0,0.43145701641576917,0.09797083802275922,0.004157954666825225,0.08716666378266706,0.04374684900583592,0.03543093967218547,0.00831590933365045,0.06957154590779194,0.10494799780770668,-0.06449539092603063,-0.024878681818205295,0.03961670910782533
20-29,0.16,0.578,0.03,0.28286560683197737,0.07618134220611814,0.004224837972784445,0.07517098416323743,0.04374684900583592,0.03529717306026703,0.00844967594556889,0.016917446615846,0.01507847741926242,-0.06449539092603063,-0.023634074736322064,0.04086131618970856
20-29,0.16,0.577,0.06,0.21402133115943886,0.04855161704341383,0.004291721278743665,0.050630736472167676,0.04374684900583592,0.03516340644834859,0.00858344255748733,0.018999999999999993,0.027347402813444673,-0.06449539092603063,-0.02238946765443861,0.042105923271592016
20-29,0.16,0.577,0.09,0.1458514821337936,0.023352245148964477,0.004358604584702941,0.025472640491553178,0.04374684900583592,0.03502963983643004,0.008717209169405882,0.01924058211177613,0.03608640025578259,-0.06449539092603063,-0.02114486057255538,0.04335053035347525
20-29,0.16,0.578,0.12,0.13168712618049022,0.01871867423191976,0.004425487890662161,0.018453234937749207,0.04374684900583592,0.0348958732245116,0.008850975781324322,0.01954993606127651,0.03775981739393415,-0.06449539092603063,-0.019900253490671926,0.0445951374353587
20-29,0.16,0.574,0.15,0.1975556752575235,0.04032860530897783,0.005458192511518856,0.03752778188700054,0.04374684900583592,0.03476210661259305,0.008984742393242873,0.02005492458225659,0.03866321936347338,-0.06449539092603063,-0.018655646408788695,0.04583974451724193
20-29,0.16,0.575,0.18,0.28230354325557483,0.06839885431406934,0.004559254502580656,0.06607338474495553,0.04374684900583592,0.03462834000067461,0.009118509005161313,0.020332240407785845,0.04018628635109649,-0.06449539092603063,-0.017411039326905242,0.047084351599125385
20-29,0.16,0.575,0.21,0.36853818308418806,0.09676423706201576,0.004626137808539876,0.0943665510151215,0.04374684900583592,0.03449457338875617,0.009252275617079753,0.020760539492026685,0.04056509557004037,-0.06449539092603063,-0.01616643224502201,0.048328958681008616
20-29,0.16,0.576,0.24,0.4559981436186752,0.12500641490339398,0.004929265577486686,0.12244735936073194,0.04374684900583592,0.03388831785086255,0.009858531154973371,0.020894975472586695,0.04099839267746641,-0.06449539092603063,-0.01343107595866233,0.051064314967368296
30-39,0.16,0.614,0.0,0.5309995714697592,0.11225834074863092,0.010253135953801396,0.10237499072724765,0.0573742659002322,0.03686799399262941,0.02050627190760279,0.09018647348688158,0.10360356095995531,-0.10704012899392612,-0.027867424757789694,0.07917270423613643
30-39,0.16,0.616,0.03,0.38920859564849897,0.09130245311603577,0.010378027011316127,0.09140569551872336,0.0573742659002322,0.03661821187759995,0.020756054022632253,0.025667099563448873,0.02630445444789208,-0.10704012899392612,-0.025568364145270972,0.08147176484865515
30-39,0.16,0.62,0.06,0.32931556682751206,0.06429478767481184,0.010502918068830913,0.0668128810461836,0.0573742659002322,0.036368429762570376,0.021005836137661826,0.026076809620810555,0.049219321124027396,-0.10704012899392612,-0.02326930353275236,0.08377082546117376
30-39,0.16,0.614,0.09,0.26031513119046923,0.03790219534780003,0.010627809126345755,0.04010099606436074,0.0573742659002322,0.03611864764754069,0.02125561825269151,0.027269030052423905,0.06065453750373184,-0.10704012899392612,-0.020970242920233972,0.08606988607369215
30-39,0.16,0.615,0.12,0.2168784339694101,0.02270108511567595,0.010752700183860486,0.02140301948451273,0.0573742659002322,0.03586886553251123,0.021505400367720973,0.027705595102794633,0.06614934523657671,-0.10704012899392612,-0.01867118230771536,0.08836894668621076
30-39,0.16,0.61,0.15,0.23264565423814254,0.028006864405001976,0.010877591241375328,0.023144677404212832,0.0573742659002322,0.035619083417481545,0.021755182482750657,0.027835229476330853,0.06884944535043473,-0.10704012899392612,-0.016372121695196862,0.09066800729872926
30-39,0.16,0.61,0.18,0.3051519149223503,0.05088261185205886,0.01100248229889006,0.04692447542028614,0.0573742659002322,0.03536930130245208,0.02200496459778012,0.02774887385102318,0.07110815746837658,-0.10704012899392612,-0.01407306108267814,0.09296706791124798
30-39,0.16,0.61,0.21,0.3911905515269769,0.07864362557005299,0.011127373356404902,0.07473292903349192,0.0573742659002322,0.0351195191874224,0.022254746712809803,0.028178005607210708,0.07266746170720349,-0.10704012899392612,-0.01177400047015964,0.09526612852376648
30-39,0.16,0.61,0.24,0.47731753487171574,0.10635445600067395,0.011360739688121069,0.10188747477199066,0.0573742659002322,0.034652786523990065,0.022721479376242137,0.028537694370779118,0.07445440871075475,-0.10704012899392612,-0.009251903989145549,0.09778822500478057
40-49,0.16,0.615,0.0,0.4613758848465882,0.09200833739841739,0.014813568436407243,0.08416666537212424,0.06726351403210296,0.03763637715928847,0.029627136872814486,0.0689245964805018,0.07506962567711166,-0.08152539216243793,-0.02733892591803333,0.054186466244404596
40-49,0.16,0.608,0.03,0.3458927660954262,0.07132718851472958,0.015172753344789791,0.07367832529096946,0.06726351403210296,0.03691800734252337,0.030345506689579582,0.020528029618061227,0.019946185402154062,-0.08152539216243793,-0.02832583277998746,0.05319955938245047
40-49,0.16,0.593,0.06,0.2899258216588724,0.04633890609611627,0.01553193825317234,0.04949080752366771,0.06726351403210296,0.03619963752575828,0.03106387650634468,0.02258760722166027,0.040291474243978546,-0.08152539216243793,-0.029312739641941588,0.05221265252049634
40-49,0.16,0.598,0.09,0.22386818203043174,0.023514723336886978,0.015891123161554832,0.02269458795991845,0.06726351403210296,0.03548126770899329,0.031782246323109664,0.023285188425262934,0.045797837066857784,-0.08152539216243793,-0.030299646503895827,0.0512257456585421
40-49,0.16,0.603,0.12,0.2299649936537506,0.027024077477589274,0.01625030806993738,0.01600508127271062,0.06726351403210296,0.034762897892228195,0.03250061613987476,0.02370232056149775,0.05066538536845495,-0.08152539216243793,-0.031286553365849734,0.05023883879658819
40-49,0.16,0.588,0.15,0.28420183572745494,0.04348616740038686,0.016609492978319873,0.033356235435154306,0.06726351403210296,0.03404452807546321,0.033218985956639746,0.02337092210418748,0.053623818114474024,-0.08152539216243793,-0.032273460227804085,0.04925193193463384
40-49,0.16,0.588,0.18,0.3663217837176925,0.06927765421285097,0.016968677886702366,0.060970068189508425,0.06726351403210296,0.033326158258698224,0.03393735577340473,0.023643180835073756,0.05479532412874812,-0.08152539216243793,-0.033260367089758214,0.04826502507267971
40-49,0.16,0.588,0.21,0.452048485044957,0.09680785762635166,0.017327862795084914,0.08833260252437745,0.06726351403210296,0.03260778844193313,0.03465572559016983,0.023600847442411872,0.05668404963130583,-0.08152539216243793,-0.03424727395171234,0.047278118210725584
40-49,0.16,0.588,0.24,0.5387276859677557,0.12438278115235751,0.017844225751607823,0.11606315368938543,0.06726351403210296,0.03157506252888731,0.035688451503215646,0.023685438564654,0.057695265565728876,-0.08152539216243793,-0.03464760413289947,0.04687778802953846
50-59,0.16,0.638,0.0,0.41273249192088723,0.08743500170160448,0.01263357701859441,0.07741666918294245,0.06460245427369793,0.03933530023650911,0.02526715403718882,0.04600434762063256,0.06247594004964882,-0.08676449919114704,-0.027623585688681174,0.059140913502465864
50-59,0.16,0.64,0.03,0.31475021936388903,0.06631674760132261,0.012919990438773898,0.0670199098412178,0.06460245427369793,0.03876247339615013,0.025839980877547797,0.017538529014715018,0.019262059085452775,-0.08676449919114704,-0.029320247727404825,0.05744425146374221
50-59,0.16,0.629,0.06,0.2470456748155924,0.041169679588968736,0.013206403858953386,0.04273112475324183,0.06460245427369793,0.03818964655579116,0.026412807717906772,0.017005881335585067,0.027062572942194142,-0.08676449919114704,-0.031016909766128586,0.05574758942501845
50-59,0.16,0.635,0.09,0.18582960704521906,0.020540518303831523,0.013492817279132874,0.017928448232811884,0.06460245427369793,0.03761681971543218,0.026985634558265748,0.018330302779823376,0.0309137803912819,-0.08676449919114704,-0.032713571804851904,0.05405092738629513
50-59,0.16,0.64,0.12,0.19439721305503985,0.023961757331753902,0.013779230699312306,0.017053183546801704,0.06460245427369793,0.03704399287507332,0.027558461398624612,0.01889973544788394,0.032275595450695645,-0.08676449919114704,-0.03441023384357578,0.05235426534757126
50-59,0.16,0.625,0.15,0.26428239542442017,0.04672059026773817,0.014065644119491794,0.03913126842776651,0.06460245427369793,0.03647116603471434,0.028131288238983587,0.018644033898274282,0.03377288529050328,-0.08676449919114704,-0.03610689588229932,0.05065760330884772
50-59,0.16,0.625,0.18,0.34975583663899096,0.07421146626348703,0.014352057539671226,0.06692870467421808,0.06460245427369793,0.03589833919435548,0.02870411507934245,0.01895257238477143,0.035433776919806335,-0.08676449919114704,-0.03780355792102286,0.04896094127012418
50-59,0.16,0.625,0.21,0.4337781661817699,0.10168226084991275,0.014638470959850713,0.09431717196011342,0.06460245427369793,0.0353255123539965,0.029276941919701427,0.0192769292160344,0.03574814979581247,-0.08676449919114704,-0.0395002199597464,0.04726427923140064
50-59,0.16,0.626,0.24,0.519312683691711,0.12944661749949768,0.014990845846081846,0.1218827708475746,0.06460245427369793,0.03462076258153424,0.029981691692163692,0.0192769292160344,0.03671579301032005,-0.08676449919114704,-0.041099325579576074,0.045665173611570964
60-69,0.16,0.679,0.0,0.6323095883122769,0.14303749484582684,0.014841439585990712,0.1295000031645068,0.07344799848794936,0.04376511931596794,0.029682879171981424,0.07209715667070372,0.09197390934390036,-0.1256311610215025,-0.03500337063392278,0.09062779038757973
60-69,0.16,0.679,0.03,0.4989670492160731,0.12144054133225321,0.014870700245088464,0.11934298548987195,0.07344799848794936,0.043706597997772434,0.029741400490176928,0.025099800796022243,0.01729739864835171,-0.1256311610215025,-0.03764784019394629,0.08798332082755622
60-69,0.16,0.688,0.06,0.43022010924750254,0.09417851012550474,0.014899960904186327,0.0956585726486021,0.07344799848794936,0.04364807667957671,0.029799921808372654,0.025760434778939557,0.0301197609552267,-0.1256311610215025,-0.0402923097539698,0.08533885126753271
60-69,0.16,0.679,0.09,0.3537229112390886,0.06606975902848748,0.014929221563284134,0.06871561509164424,0.07344799848794936,0.043589555361381094,0.029858443126568268,0.02644995274097855,0.039191835884530825,-0.1256311610215025,-0.04293677931399342,0.08269438170750909
60-69,0.16,0.675,0.12,0.27684231148356,0.039338690968914215,0.014958482222381941,0.04168933196522623,0.07344799848794936,0.04353103404318548,0.029916964444763883,0.026773120849090393,0.04443422104639619,-0.1256311610215025,-0.045581248874017044,0.08004991214748547
60-69,0.16,0.687,0.15,0.22666943612074258,0.023859732013987257,0.014987742881479804,0.021382315407263264,0.07344799848794936,0.043472512724989754,0.02997548576295961,0.02725435744977303,0.04621688003316534,-0.1256311610215025,-0.048225718434040554,0.07740544258746196
60-69,0.16,0.678,0.18,0.24771734114968452,0.0326161121891448,0.015017003540577611,0.024347495675970627,0.07344799848794936,0.04341399140679414,0.030034007081155223,0.027217641337926375,0.04764871456818114,-0.1256311610215025,-0.050870187994064175,0.07476097302743834
60-69,0.16,0.673,0.21,0.30513028123630026,0.04993582533897917,0.01541522814373869,0.044590982152464466,0.07344799848794936,0.043355470088598524,0.030092528399350837,0.027327641683833583,0.05061225148123721,-0.1256311610215025,-0.053514657554087686,0.07211650346741483
60-69,0.16,0.674,0.24,0.3861229227848363,0.07686279415014756,0.015075524858773337,0.07227405847283071,0.07344799848794936,0.04329694877040269,0.030151049717546674,0.02727636339397169,0.051551915580315716,-0.1256311610215025,-0.05615912711411131,0.0694720339073912
70-79,0.16,0.748,0.0,0.591641188505422,0.1277624940907402,0.015843094483010245,0.11651665727139314,0.0786145418861075,0.04692835292008701,0.03168618896602049,0.0736350057447406,0.08654312503248589,-0.12891993567140259,-0.037655417640393485,0.0912645180310091
70-79,0.16,0.743,0.03,0.4676833569957415,0.10742020562568372,0.01519442012421307,0.10759454292776255,0.0786145418861075,0.04822570163768136,0.03038884024842614,0.02962161474464378,0.021265655809766457,-0.12891993567140259,-0.03563260430465709,0.0932873313667455
70-79,0.16,0.745,0.06,0.39459432471141653,0.08092728164827244,0.01454574576541584,0.0852864154771366,0.0786145418861075,0.04952305035527582,0.02909149153083168,0.030381020549231284,0.028214433193338332,-0.12891993567140259,-0.03360979096892003,0.09531014470248256
70-79,0.16,0.74,0.09,0.31921219814200685,0.053880612836576386,0.013897071406618666,0.05990896497645437,0.0786145418861075,0.05082039907287017,0.027794142813237332,0.03203466293625152,0.03707867743334295,-0.12891993567140259,-0.03158697763318363,0.09733295803821895
70-79,0.16,0.739,0.12,0.24501110407283758,0.02973981634190543,0.013248397047821436,0.033866688059437454,0.0786145418861075,0.05211774779046463,0.026496794095642873,0.032561327676863816,0.041406392480986445,-0.12891993567140259,-0.029564164297446904,0.09935577137395568
70-79,0.16,0.744,0.15,0.2222651100227078,0.023945628405211618,0.012599722689024095,0.022606968836892245,0.0786145418861075,0.05341509650805931,0.02519944537804819,0.032824266155770776,0.04588235864791906,-0.12891993567140259,-0.027541350961710287,0.1013785847096923
70-79,0.16,0.739,0.18,0.2540173377027932,0.03636418904600149,0.012147235172173365,0.030495506455722538,0.0786145418861075,0.05471244522565366,0.023902096660453842,0.03296422394172351,0.04848310401012577,-0.12891993567140259,-0.02551853762597367,0.10340139804542892
70-79,0.16,0.738,0.21,0.3248856702059647,0.05967208384670823,0.013158141589695138,0.05185968043363089,0.0786145418861075,0.05600979394324812,0.022604747942859382,0.03333839337306041,0.05217439130931548,-0.12891993567140259,-0.02349572429023672,0.10542421138116587
70-79,0.16,0.743,0.24,0.4059468074502999,0.0889574997195076,0.010653699612632461,0.0808939882398278,0.0786145418861075,0.05730714266084258,0.021307399225264922,0.03348817233763798,0.05281303966349006,-0.12891993567140259,-0.021472910954500102,0.10744702471690248
80-89,0.16,0.891,0.0,0.8249359145421604,0.21034166306714774,0.018909235641036415,0.19485832826243774,0.0865611292410422,0.04874265795896937,0.03781847128207283,0.04010735593379349,0.044846077943899554,-0.21020642647712207,-0.041203986979572504,0.16900243949754956
80-89,0.16,0.905,0.03,0.7343698778394927,0.18989485495496025,0.018533213536440385,0.1864483685792632,0.0865611292410422,0.04949470216816143,0.03706642707288077,0.015562776101968455,0.008324785668030868,-0.21020642647712207,-0.03857626315848539,0.17163016331863667
80-89,0.16,0.905,0.06,0.6675998583517273,0.16367338779392643,0.0181571914318443,0.16395310143651168,0.0865611292410422,0.0502467463773536,0.0363143828636886,0.016266530054071162,0.020878794565774107,-0.21020642647712207,-0.03594853933739861,0.17425788713972346
80-89,0.16,0.905,0.09,0.5925612902071014,0.13724139688023113,0.017781169327248325,0.1383085065699845,0.0865611292410422,0.05099879058654555,0.03556233865449665,0.017770762504743586,0.026634919894120368,-0.21020642647712207,-0.0333208155163115,0.17688561096081057
80-89,0.16,0.905,0.12,0.5142594013091328,0.11011315094345157,0.01740514722265224,0.112865808506987,0.0865611292410422,0.05175083479573772,0.03481029444530448,0.01813835714721707,0.030385193746995127,-0.21020642647712207,-0.030693091695224606,0.17951333478189746
80-89,0.16,0.891,0.15,0.4344124929544748,0.08331750101406828,0.01702912511805621,0.08608042617206353,0.0865611292410422,0.05250287900492978,0.03405825023611242,0.018368451213970124,0.03307043171760835,-0.21020642647712207,-0.028065367874137603,0.18214105860298446
80-89,0.16,0.89,0.18,0.358945175286191,0.05889485507527954,0.016921300438749343,0.05991529876114501,0.0865611292410422,0.05325492321412162,0.03330620602692058,0.018926172354705024,0.0335064955463689,-0.21020642647712207,-0.02543764405305049,0.18476878242407158
80-89,0.16,0.911,0.21,0.3163913401034266,0.04550056492424874,0.01627708090886415,0.044731759919267346,0.0865611292410422,0.0540069674233139,0.0325541618177283,0.018926172354705024,0.03557833619177966,-0.21020642647712207,-0.0228099202319636,0.18739650624515847
80-89,0.16,0.895,0.24,0.2992850286252189,0.04073195365664828,0.015901058804268176,0.038306755966936924,0.0865611292410422,0.05475901163250585,0.03180211760853635,0.018926172354705024,0.03618515843394998,-0.21020642647712207,-0.020182196410876707,0.19002423006624536
20-29,0.17,0.58,0.0,0.42199165253382487,0.09746250469442586,0.0030507378020694365,0.08574999714933369,0.04374684900583592,0.037645373401697046,0.006101475604138873,0.06957154590779194,0.10494799780770668,-0.06449539092603063,-0.02643359943184298,0.03806179149418765
20-29,0.17,0.577,0.03,0.2764673294423181,0.07593431103600581,0.0031176211080286564,0.07446542987279817,0.04374684900583592,0.037511606789778607,0.006235242216057313,0.01683448840921515,0.017578276000948228,-0.06449539092603063,-0.02518899234995986,0.03930639857607077
20-29,0.17,0.576,0.06,0.20386557906448075,0.04845179737257267,0.0031845044139878764,0.05014750771291385,0.04374684900583592,0.03737784017786017,0.006369008827975753,0.0185741756210067,0.024376814530003205,-0.06449539092603063,-0.023944385268076518,0.04055100565795411
20-29,0.17,0.575,0.09,0.1378407997493621,0.023106818434987905,0.003251387719947152,0.025219299400150375,0.04374684900583592,0.037244073565941616,0.006502775439894304,0.01924058211177613,0.03577379055827412,-0.06449539092603063,-0.022699778186193287,0.04179561273983734
20-29,0.17,0.576,0.12,0.12439490310768636,0.01873537703019131,0.003318271025906372,0.018472774800259856,0.04374684900583592,0.037110306954023176,0.006636542051812744,0.019437077969694922,0.03741753886843738,-0.06449539092603063,-0.021455171104309945,0.04304021982172068
20-29,0.17,0.573,0.15,0.19239062385715758,0.04065875487203839,0.005012086761775003,0.03766070967437209,0.04374684900583592,0.036976540342104736,0.006770308663731184,0.01993489403031778,0.038411946462181885,-0.06449539092603063,-0.020210564022426603,0.044284826903604024
20-29,0.17,0.573,0.18,0.2782488762410056,0.06846483970411407,0.004925163921394304,0.06611118288786687,0.04374684900583592,0.036842773730186185,0.006904075275649735,0.02005492458225659,0.04018628635109649,-0.06449539092603063,-0.01896595694054326,0.045529433985487366
20-29,0.17,0.573,0.21,0.36354527150669136,0.09662885118657691,0.004838181128975327,0.094201625895744,0.04374684900583592,0.03670888721419108,0.007037961791644842,0.020760539492026685,0.04034650317826288,-0.06449539092603063,-0.01772134985866003,0.0467740410673706
20-29,0.17,0.574,0.24,0.4484324987841264,0.124890616955498,0.0038365182899713357,0.12222555030338174,0.04374684900583592,0.03607381242589325,0.007673036579942671,0.020894975472586695,0.0407626197774357,-0.06449539092603063,-0.014946781883828586,0.04954860904220204
30-39,0.17,0.613,0.0,0.5211180608393005,0.11172500742613095,0.009101011141531667,0.10090832412724765,0.0573742659002322,0.03917224361716887,0.018202022283063335,0.09018647348688158,0.10360356095995531,-0.10704012899392612,-0.02960913880515148,0.07743099018877464
30-39,0.17,0.62,0.03,0.378444154360598,0.09110289026901457,0.00922590219904651,0.09046062329051552,0.0573742659002322,0.03892246150213918,0.01845180439809302,0.025853433040894155,0.023417477489338565,-0.10704012899392612,-0.02731007819263298,0.07973005080129314
30-39,0.17,0.614,0.06,0.3195704601006156,0.0641936852600512,0.00935079325656124,0.06624730372384413,0.0573742659002322,0.03867267938710972,0.01870158651312248,0.026214499804497467,0.04695533141546671,-0.10704012899392612,-0.02501101758011437,0.08202911141381175
30-39,0.17,0.613,0.09,0.25172407493980875,0.0378152617500641,0.009475684314076027,0.03984033098401476,0.0573742659002322,0.03842289727208015,0.018951368628152054,0.027180875629751113,0.05963551166633529,-0.10704012899392612,-0.02271195696759587,0.08432817202633025
30-39,0.17,0.618,0.12,0.20772517673439153,0.022436370214546343,0.00960057537159087,0.02115747587009642,0.0573742659002322,0.03817311515705046,0.01920115074318174,0.02734227496021496,0.0650180834211167,-0.10704012899392612,-0.02041289635507726,0.08662723263884886
30-39,0.17,0.613,0.15,0.22500164238572246,0.027880436523846502,0.009725466429105656,0.02341892610881241,0.0573742659002322,0.03792333304202089,0.01945093285821131,0.027835229476330853,0.0684264754714344,-0.10704012899392612,-0.018113835742558648,0.08892629325136747
30-39,0.17,0.608,0.18,0.29952754191736075,0.05084709352009524,0.01084056291375135,0.0469776010710912,0.0573742659002322,0.03767355092699132,0.019700714973240885,0.02774887385102318,0.07078989685414874,-0.10704012899392612,-0.01581477513004015,0.09122535386388597
30-39,0.17,0.608,0.21,0.38453021021146094,0.07844512851832111,0.010678556002352346,0.07481133047751581,0.0573742659002322,0.037423768811961744,0.019950497088270458,0.02797856322258164,0.07226684171422051,-0.10704012899392612,-0.013515714517521538,0.09352441447640458
30-39,0.17,0.608,0.24,0.4700408325744849,0.10633354560301145,0.010374966066565017,0.10230133201150839,0.0573742659002322,0.036944415306604306,0.020429850593627896,0.02843940927656547,0.07363757998192078,-0.10704012899392612,-0.010980583346548167,0.09605954564737795
40-49,0.17,0.599,0.0,0.45135856010008624,0.0914916707259174,0.013637431650179554,0.08266666540545758,0.06726351403210296,0.03998865073174385,0.02727486330035911,0.0689245964805018,0.07506962567711166,-0.08152539216243793,-0.02904760878791024,0.05247778337452769
40-49,0.17,0.602,0.03,0.3372767010296208,0.07112229848336966,0.013996616558562047,0.07284114809816228,0.06726351403210296,0.03927028091497886,0.027993233117124094,0.02081826121461634,0.01990587583719379,-0.08152539216243793,-0.03003451564986448,0.05149087651257345
40-49,0.17,0.591,0.06,0.2793085782851504,0.045862051727361824,0.01435580146694454,0.049152937150595155,0.06726351403210296,0.038551911098213876,0.02871160293388908,0.02219459393636205,0.0380979193297713,-0.08152539216243793,-0.031021422511818608,0.05050396965061932
40-49,0.17,0.596,0.09,0.21394136489590182,0.022727656870803498,0.014714986375327144,0.022336735664609957,0.06726351403210296,0.03783354128144867,0.029429972750654287,0.02319051530259729,0.04517983185234273,-0.08152539216243793,-0.03200832937377274,0.04951706278866519
40-49,0.17,0.602,0.12,0.22147969265401554,0.026578203191292282,0.015074171283709692,0.016122801491708093,0.06726351403210296,0.03711517146468357,0.030148342567419384,0.02370232056149775,0.05036234375338415,-0.08152539216243793,-0.032995236235726866,0.04853015592671106
40-49,0.17,0.586,0.15,0.2762436220081585,0.04307462001459145,0.015830026198853597,0.033534455578572396,0.06726351403210296,0.0363968016479187,0.03086671238418426,0.02337092210418748,0.052793567888059396,-0.08152539216243793,-0.03398214309768122,0.04754324906475671
40-49,0.17,0.586,0.18,0.35876130774469783,0.06912579265675761,0.01601505740494258,0.06086275873195262,0.06726351403210296,0.0356784318311536,0.031585082200949355,0.02342221168036868,0.05479532412874812,-0.08152539216243793,-0.034969049959635234,0.04655634220280269
40-49,0.17,0.587,0.21,0.44407103726800334,0.09674954708082334,0.016151726008857226,0.088598269699248,0.06726351403210296,0.034960062014388504,0.03230345201771445,0.023600847442411872,0.05582737973006295,-0.08152539216243793,-0.03595595682158936,0.04556943534084856
40-49,0.17,0.587,0.24,0.5314265578847891,0.12438426455642806,0.01667358741300684,0.11634500070065616,0.06726351403210296,0.033916339206089274,0.03334717482601368,0.023685438564654,0.05751400019501958,-0.08152539216243793,-0.036352255503861786,0.04517313665857614
50-59,0.17,0.642,0.0,0.4023955046134896,0.08692833503077116,0.011404348886203508,0.07590000253794249,0.06460245427369793,0.04179375650129091,0.022808697772407016,0.04600434762063256,0.06247594004964882,-0.08676449919114704,-0.02935005979422367,0.05741443939692337
50-59,0.17,0.639,0.03,0.3051933292390565,0.06617224360817851,0.011690762306382996,0.06608710147946929,0.06460245427369793,0.04122092966093194,0.02338152461276599,0.017297398648351735,0.01871869738827512,-0.08676449919114704,-0.03104672183294732,0.055717777358199716
50-59,0.17,0.633,0.06,0.23745473937862502,0.040619535157136226,0.011977175726562483,0.04244761055588007,0.06460245427369793,0.04064810282057296,0.023954351453124967,0.017099707599839257,0.026466495359078548,-0.08676449919114704,-0.03274338387167086,0.054021115319476176
50-59,0.17,0.633,0.09,0.1762762944433523,0.019955653807415135,0.012263589146741971,0.0176269302672241,0.06460245427369793,0.04007527598021399,0.024527178293483942,0.018165902124584965,0.030656609731154007,-0.08676449919114704,-0.03444004591039451,0.052324453280752525
50-59,0.17,0.638,0.12,0.18488142857435916,0.023418210311157456,0.012550002566921403,0.01701259242356057,0.06460245427369793,0.03950244913985512,0.025100005133842807,0.01889973544788394,0.03150077945667474,-0.08676449919114704,-0.03613670794911805,0.050627791242028986
50-59,0.17,0.624,0.15,0.2565922061277355,0.04671466660351564,0.012836415987100891,0.03953055139922577,0.06460245427369793,0.03892962229949615,0.025672831974201782,0.018708286933869722,0.033369199774815964,-0.08676449919114704,-0.037833369987841925,0.04893112920330511
50-59,0.17,0.624,0.18,0.34135676209959676,0.07415511623659372,0.013122829407280323,0.06697848691755365,0.06460245427369793,0.03835679545913728,0.026245658814560646,0.018644033898274282,0.034933910033188235,-0.08676449919114704,-0.03953003202656569,0.04723446716458135
50-59,0.17,0.623,0.21,0.4259808305010263,0.1016291636863789,0.013567739562308279,0.09435180411447629,0.06460245427369793,0.03778396861877831,0.02681848565491962,0.0192769292160344,0.035433776919806335,-0.08676449919114704,-0.041226694065289005,0.04553780512585803
50-59,0.17,0.624,0.24,0.5109229867266447,0.12924475640924565,0.013768433158248439,0.12216964209966948,0.06460245427369793,0.03706558795720105,0.027536866316496877,0.0192769292160344,0.03603666024909685,-0.08676449919114704,-0.04281540693453334,0.0439490922566137
60-69,0.17,0.678,0.0,0.6207400341527107,0.14249582818832685,0.01347377960736662,0.12776666985784016,0.07344799848794936,0.04650043927321612,0.02694755921473324,0.07209715667070372,0.09197390934390036,-0.1256311610215025,-0.03719108129854265,0.08844007972295986
60-69,0.17,0.697,0.03,0.49183839766417864,0.1212052515989828,0.013503040266464483,0.11835916135622322,0.07344799848794936,0.046441917955020395,0.027006080532928967,0.02494794580722026,0.02150348808914497,-0.1256311610215025,-0.03983555085856627,0.08579561016293624
60-69,0.17,0.691,0.06,0.4176828187324728,0.09400028432281449,0.01353230092556229,0.09493354545958549,0.07344799848794936,0.04638339663682478,0.02706460185112458,0.025961509971494313,0.026381811916545813,-0.1256311610215025,-0.04248002041859,0.08315114060291251
60-69,0.17,0.687,0.09,0.3440431039362084,0.06607503299692041,0.013561561584660153,0.06843265189976715,0.07344799848794936,0.046324875318629055,0.027123123169320307,0.026472627372438853,0.03830404678359713,-0.1256311610215025,-0.04512448997861351,0.080506671042889
60-69,0.17,0.673,0.12,0.2653941093684114,0.03875926945216698,0.01359082224375796,0.041276354648440816,0.07344799848794936,0.04626635400043344,0.02718164448751592,0.02686261342460928,0.04287656702675714,-0.1256311610215025,-0.047768959538637135,0.07786220148286538
60-69,0.17,0.686,0.15,0.21606786174085743,0.023360739075943993,0.013620082902855823,0.021200157328120844,0.07344799848794936,0.046207832682237715,0.027240165805711647,0.02725435744977303,0.045325489517488916,-0.1256311610215025,-0.050413429098660645,0.07521773192284187
60-69,0.17,0.676,0.18,0.2369742831094376,0.032124533049864026,0.01364934356195363,0.023937298263888896,0.07344799848794936,0.0461493113640421,0.02729868712390726,0.027217641337926375,0.0468529614859082,-0.1256311610215025,-0.053057898658684266,0.07257326236281825
60-69,0.17,0.672,0.21,0.29733559972572365,0.04980649997795805,0.014462968173474755,0.04505736699101079,0.07344799848794936,0.046090790045846486,0.027357208442102876,0.027356900409220317,0.05048564152311029,-0.1256311610215025,-0.055702368218708,0.06992879280279451
60-69,0.17,0.672,0.24,0.3798363072279468,0.07661539817400523,0.014816537859079881,0.07299945786150212,0.07344799848794936,0.04603226872765076,0.0274157297602986,0.027313000567495305,0.05155191558031572,-0.1256311610215025,-0.05834683777873151,0.067284323242771
70-79,0.17,0.757,0.0,0.5792704231256081,0.1271874941115735,0.014376583454257574,0.11468332392305981,0.0786145418861075,0.049861374977592354,0.02875316690851515,0.0736350057447406,0.08654312503248589,-0.12891993567140259,-0.04000888124291824,0.08891105442848435
70-79,0.17,0.746,0.03,0.45929658546270447,0.10712785954995405,0.013727909095460289,0.10621719159905596,0.0786145418861075,0.051158723695186925,0.027455818190920578,0.029438750993887253,0.025337837003973,-0.12891993567140259,-0.03798606790718151,0.09093386776422108
70-79,0.17,0.758,0.06,0.38326318000615467,0.08075355960888897,0.013079234736663004,0.08454532810705508,0.0786145418861075,0.052456072412781496,0.026158469473326007,0.030268901691551574,0.027148937520771223,-0.12891993567140259,-0.03596325457144478,0.0929566810999578
70-79,0.17,0.738,0.09,0.30765837861221806,0.053632867874507814,0.01243056037786594,0.05947948936847016,0.0786145418861075,0.05375342113037562,0.02486112075573188,0.03195957480363019,0.03547350695573058,-0.12891993567140259,-0.033940441235708274,0.09497949443569431
70-79,0.17,0.742,0.12,0.23459259195517768,0.029711767480949336,0.01178188601906871,0.03321014004028875,0.0786145418861075,0.05505076984797008,0.02356377203813742,0.03241963060654576,0.04107627812326313,-0.12891993567140259,-0.031917627899971546,0.09700230777143104
70-79,0.17,0.742,0.15,0.21104582250768117,0.023609276024010167,0.011133211660271425,0.022305909160485953,0.0786145418861075,0.05634811856556465,0.02226642332054285,0.032824266155770776,0.04473823731049192,-0.12891993567140259,-0.029894814564234595,0.09902512110716799
70-79,0.17,0.741,0.18,0.24488403834169153,0.0366822419738264,0.01048453730147425,0.03086513811229617,0.0786145418861075,0.057645467283159,0.0209690746029485,0.03296422394172351,0.04800412918841225,-0.12891993567140259,-0.02787200122849809,0.1010479344429045
70-79,0.17,0.741,0.21,0.31550050772941707,0.06150320863289637,0.009835862942676965,0.05371765472412865,0.0786145418861075,0.05894281600075357,0.01967172588535393,0.03333839337306041,0.049765832602991215,-0.12891993567140259,-0.025849187892761583,0.103070747778641
70-79,0.17,0.74,0.24,0.39546520883902686,0.0888301090181929,0.00918718858387968,0.08061464684891133,0.0786145418861075,0.060240164718348144,0.01837437716775936,0.03344036014332593,0.05209818946692571,-0.12891993567140259,-0.023826374557024854,0.10509356111437773
80-89,0.17,0.92,0.0,0.8122528539349645,0.20980832976464775,0.017386027579818608,0.19302499492410444,0.0865611292410422,0.051789074081404984,0.034772055159637216,0.04010735593379349,0.044846077943899554,-0.21020642647712207,-0.04377923616579571,0.16642719031132636
80-89,0.17,0.888,0.03,0.7235908031966496,0.1896285869152731,0.017010005475222578,0.18520812486159588,0.0865611292410422,0.052541118290597044,0.034020010950445156,0.015614096195425479,0.009326260029807949,-0.21020642647712207,-0.04115151234470882,0.16905491413241325
80-89,0.17,0.898,0.06,0.6567692070647382,0.1635672071099999,0.016633983370626604,0.16317376325996194,0.0865611292410422,0.05329316249978899,0.03326796674125321,0.016266530054071162,0.020804273127475015,-0.21020642647712207,-0.03852378852362193,0.17168263795350014
80-89,0.17,0.888,0.09,0.5816071530350194,0.13707331051867244,0.01625796126603052,0.13788411582708485,0.0865611292410422,0.054045206708981164,0.03251592253206104,0.01731473361042556,0.02639158843406258,-0.21020642647712207,-0.03589606470253459,0.17431036177458747
80-89,0.17,0.903,0.12,0.5033289285701721,0.1100185404004684,0.015881939161434544,0.11221191459376666,0.0865611292410422,0.05479725091817311,0.03176387832286909,0.017849369736772237,0.030172122586075517,-0.21020642647712207,-0.03326834088144792,0.17693808559567414
80-89,0.17,0.893,0.15,0.4237329253247868,0.08342534951473579,0.015505917056838514,0.0858198294659437,0.0865611292410422,0.05554929512736517,0.031011834113677028,0.018259244234085936,0.032007760022809535,-0.21020642647712207,-0.03064061706036092,0.17956580941676115
80-89,0.17,0.893,0.18,0.34960515244690393,0.0595483473324567,0.015129894952242429,0.0598560387597577,0.0865611292410422,0.05630133933655734,0.030259789904484857,0.018788294228055953,0.033240691847051,-0.21020642647712207,-0.028012893239274028,0.18219353323784804
80-89,0.17,0.893,0.21,0.30627933947557295,0.04566640181482043,0.014753872847646343,0.04482765440211064,0.0865611292410422,0.057053383545749514,0.029507745695292686,0.018926172354705024,0.0345696585544761,-0.21020642647712207,-0.025385169418186804,0.18482125705893526
80-89,0.17,0.893,0.24,0.28850265162489974,0.040408322267999175,0.01437785074305048,0.038156027173936034,0.0865611292410422,0.05780542775494124,0.02875570148610096,0.018926172354705024,0.03591672541240594,-0.21020642647712207,-0.022757445597099912,0.18744898088002215
20-29,0.18,0.579,0.0,0.4126380563493841,0.09695417136609255,0.0019994047860653064,0.08433333051600038,0.04374684900583592,0.039859807131208624,0.003887041874627295,0.06957154590779194,0.10494799780770668,-0.06449539092603063,-0.027988517045480887,0.03650687388054974
20-29,0.18,0.576,0.03,0.2686930471642574,0.07570128089752304,0.002010404243272812,0.07356261112849857,0.04374684900583592,0.039726040519290295,0.004020808486545624,0.01649848477891225,0.018637781534682044,-0.06449539092603063,-0.026743909963597767,0.03775148096243286
20-29,0.18,0.579,0.06,0.19489827234678825,0.048337412502330784,0.002173250466826704,0.049842233740809934,0.04374684900583592,0.039592273907371744,0.004154575098464175,0.018477012745571175,0.02231737878249377,-0.06449539092603063,-0.025499302881714314,0.03899608804431631
20-29,0.18,0.574,0.09,0.132165588313419,0.02315308555609425,0.002739826692792602,0.02508081969747275,0.04374684900583592,0.03945850729545319,0.004288341710382726,0.019063053270659443,0.03617408037403663,-0.06449539092603063,-0.024254695799830972,0.040240695126199655
20-29,0.18,0.575,0.12,0.11788012429795391,0.018855376238708567,0.0022110541611506385,0.01883099678350018,0.04374684900583592,0.03932474068353464,0.004422108322301277,0.019437077969694922,0.03730958071101945,-0.06449539092603063,-0.02301008871794774,0.041485302208082886
20-29,0.18,0.576,0.15,0.18700509600784115,0.04232334548035696,0.0022779374671098584,0.03939245894261039,0.04374684900583592,0.0391909740716162,0.004555874934219717,0.019834313701260237,0.03826491617164804,-0.06449539092603063,-0.0217654816360644,0.04272990928996623
20-29,0.18,0.572,0.18,0.2730082843486077,0.0687494863980283,0.004479058171650507,0.06617666438118926,0.04374684900583592,0.03905720745969776,0.004689641546138157,0.02005492458225659,0.03996554180225839,-0.06449539092603063,-0.020520874554181057,0.04397451637184957
20-29,0.18,0.572,0.21,0.35815157207399756,0.09668770350650202,0.0043918955231163626,0.09446247929094269,0.04374684900583592,0.03892296123147254,0.004823887774363378,0.02063492185592181,0.04034650317826288,-0.06449539092603063,-0.019276267472297715,0.04521912345373291
20-29,0.18,0.573,0.24,0.4425866242842717,0.12524521440613773,0.0027401812401585124,0.12284998178020977,0.04374684900583592,0.038266486525518895,0.005480362480317025,0.020760539492026685,0.04056509557004037,-0.06449539092603063,-0.0164912516168636,0.04800413930916703
30-39,0.18,0.617,0.0,0.5112365502088422,0.11119167410363094,0.00794888632926205,0.09944165752724764,0.0573742659002322,0.0414764932417081,0.0158977726585241,0.09018647348688158,0.10360356095995531,-0.10704012899392612,-0.03135085285251349,0.07568927614141263
30-39,0.18,0.619,0.03,0.367274503861185,0.09084360862847426,0.008073777386776837,0.0895041196928983,0.0573742659002322,0.04122671112667853,0.016147554773553674,0.02604611295375948,0.020160482567086156,-0.10704012899392612,-0.02905179223999499,0.07798833675393113
30-39,0.18,0.622,0.06,0.30997481706843505,0.06413525963870492,0.008198668444291568,0.0657570304347852,0.0573742659002322,0.040976929011649066,0.016397336888583136,0.025961509971494302,0.044936869817507996,-0.10704012899392612,-0.026752731627476156,0.08028739736644996
30-39,0.18,0.612,0.09,0.2431869934511104,0.037527881132852624,0.00832355950180641,0.039435049934591515,0.0573742659002322,0.04072714689661938,0.01664711900361282,0.02688494002225034,0.05955431964547715,-0.10704012899392612,-0.024453671014957656,0.08258645797896846
30-39,0.18,0.616,0.12,0.19866752828258935,0.022073916468404765,0.008448450559321141,0.020991144272522504,0.0573742659002322,0.04047736478158992,0.016896901118642282,0.027092434368288097,0.06409366784708616,-0.10704012899392612,-0.022154610402439046,0.08488551859148707
30-39,0.18,0.612,0.15,0.21718347591637815,0.027736747312022816,0.008573341616835872,0.023448894297859884,0.0573742659002322,0.04022758266656046,0.017146683233671745,0.027835229476330853,0.06814303700572073,-0.10704012899392612,-0.019855549789920435,0.08718457920400569
30-39,0.18,0.607,0.18,0.2939914644146784,0.05125056454531489,0.010289354442334253,0.0475677946379466,0.0573742659002322,0.03997780055153066,0.01739646534870154,0.02765501762790973,0.06980330978125923,-0.10704012899392612,-0.017556489177401824,0.0894836398165243
30-39,0.18,0.607,0.21,0.3778732240375774,0.07863282098391404,0.010127347530935249,0.07490916194636194,0.0573742659002322,0.03972801843650109,0.017646247463731113,0.02774887385102318,0.07110815746837658,-0.10704012899392612,-0.015257428564883435,0.09178270042904269
30-39,0.18,0.607,0.24,0.4642068260550478,0.10645787396530673,0.009821710762346614,0.10261099033919097,0.0573742659002322,0.03924208130581397,0.018132184594418232,0.028178005607210708,0.0734731245246785,-0.10704012899392612,-0.012726325495528212,0.09431380349839791
40-49,0.18,0.594,0.0,0.4413412353535834,0.09097500405341738,0.012461294863951755,0.08116666543879088,0.06726351403210296,0.042340924304199445,0.02492258972790351,0.0689245964805018,0.07506962567711166,-0.08152539216243793,-0.030756291657787482,0.050769100504650444
40-49,0.18,0.605,0.03,0.3284106987246911,0.07089566307757152,0.012820479772334303,0.07193647545014548,0.06726351403210296,0.04162255448743435,0.025640959544668607,0.02106656118117048,0.01970825264551667,-0.08152539216243793,-0.0317431985197415,0.049782193642696426
40-49,0.18,0.59,0.06,0.26841363453482653,0.04542973134398233,0.013179664680716907,0.048753593342312496,0.06726351403210296,0.04090418467066914,0.026359329361433814,0.021831170376322,0.03547757804920189,-0.08152539216243793,-0.03273010538169574,0.048795286780742186
40-49,0.18,0.595,0.09,0.20404934013309498,0.02201109220570923,0.013538849589099344,0.022409568314649964,0.06726351403210296,0.04018581485390427,0.02707769917819869,0.023017384734152553,0.04389827003420955,-0.08152539216243793,-0.03371701224364976,0.04780837991878817
40-49,0.18,0.6,0.12,0.2123300073905262,0.02598801175294324,0.013898034497481837,0.016325658968318075,0.06726351403210296,0.03946744503713928,0.027796068994963674,0.02350744562899166,0.049574702470301775,-0.08152539216243793,-0.034703919105604,0.04682147305683393
40-49,0.18,0.59,0.15,0.2692762115979748,0.04273735818454434,0.01425721940586444,0.035671744401660654,0.06726351403210296,0.038749075220374074,0.02851443881172888,0.023293775992741045,0.05264120646259784,-0.08152539216243793,-0.035690825967558126,0.0458345661948798
40-49,0.18,0.585,0.18,0.35242191632075437,0.06915407232480628,0.015383054704209698,0.06111263258698809,0.06726351403210296,0.0380307054036092,0.029232808628493756,0.023541452801388425,0.05438236157976165,-0.08152539216243793,-0.036677732829512366,0.04484765933292556
40-49,0.18,0.585,0.21,0.43699686279184496,0.09657407455998002,0.015568085910298679,0.08889394524105065,0.06726351403210296,0.0373123355868441,0.029951178445258853,0.023643180835073756,0.05483928157925257,-0.08152539216243793,-0.037664639691466384,0.04386075247097154
40-49,0.18,0.585,0.24,0.5227324271729855,0.12410983559865779,0.015506413258979168,0.11629049983080393,0.06726351403210296,0.03625068751414462,0.031012826517958336,0.023600847442411872,0.05668404963130583,-0.08152539216243793,-0.03804412957721515,0.04348126258522278
50-59,0.18,0.641,0.0,0.39205851730609176,0.08642166835993781,0.010175120753812605,0.07438333589294248,0.06460245427369793,0.04425221276607272,0.02035024150762521,0.04600434762063256,0.06247594004964882,-0.08676449919114704,-0.0310765338997665,0.05568796529138054
50-59,0.18,0.642,0.03,0.2944910803977751,0.06597674522408399,0.010461534173992038,0.06522205644100339,0.06460245427369793,0.043679385925713854,0.020923068347984075,0.016697305171793457,0.016933133420787352,-0.08676449919114704,-0.03277319593848993,0.05399130325265711
50-59,0.18,0.631,0.06,0.2267203787721615,0.04005292315463283,0.010747947594171636,0.04186402738724208,0.06460245427369793,0.043106559085354657,0.021495895188343273,0.016958773540560076,0.02494636324914733,-0.08676449919114704,-0.03446985797721347,0.05229464121393357
50-59,0.18,0.632,0.09,0.16678998268382741,0.01941827479013559,0.011034361014351068,0.017758676589742617,0.06460245427369793,0.04253373224499579,0.022068722028702137,0.017720045146669368,0.029972097414093454,-0.08676449919114704,-0.03616652001593734,0.050597979175209695
50-59,0.18,0.632,0.12,0.17620059770413254,0.02357946766520979,0.0113207744345305,0.01622424885841132,0.06460245427369793,0.04196090540463693,0.022641548869061,0.018579558659989764,0.03117021105866949,-0.08676449919114704,-0.03786318205466055,0.04890131713648649
50-59,0.18,0.622,0.15,0.2494272305811994,0.046526523880410633,0.01218893912126573,0.039342681584787514,0.06460245427369793,0.041388078564278064,0.023214375709419866,0.01879361593733363,0.033369199774815964,-0.08676449919114704,-0.03955984409338453,0.047204655097762505
50-59,0.18,0.622,0.18,0.333860534849447,0.0740396025573777,0.012506736893831472,0.06686572400311526,0.06460245427369793,0.04081525172391909,0.02378720254977884,0.018644033898274282,0.03417161550727832,-0.08676449919114704,-0.04125650613210796,0.045507993059039076
50-59,0.18,0.622,0.21,0.41953922251188297,0.10163914284610365,0.012824534666397103,0.09488735706928653,0.06460245427369793,0.04024242488356011,0.024360029390137816,0.01895257238477143,0.035433776919806335,-0.08676449919114704,-0.04295316817083161,0.043811331020315425
50-59,0.18,0.622,0.24,0.5034924683594622,0.12910548593341198,0.013053157424272821,0.12198265418808363,0.06460245427369793,0.03951010538583877,0.02509234888785916,0.0192769292160344,0.03574814979581247,-0.08676449919114704,-0.04453148828949083,0.04223301090165621
60-69,0.18,0.692,0.0,0.609170479993145,0.14195416153082685,0.01210611962874264,0.1260333365511735,0.07344799848794936,0.04923575923046408,0.02421223925748528,0.07209715667070372,0.09197390934390036,-0.1256311610215025,-0.03937879196316296,0.08625236905833955
60-69,0.18,0.685,0.03,0.4836198703764793,0.12091677319442165,0.012135380287840447,0.11728385629134502,0.07344799848794936,0.04917723791226847,0.024270760575680894,0.025526456863419155,0.024033310217279676,-0.1256311610215025,-0.042023261523186695,0.08360789949831582
60-69,0.18,0.694,0.06,0.40724075797399806,0.09382245897513394,0.012164640946938254,0.0940602337816928,0.07344799848794936,0.04911871659407285,0.02432928189387651,0.025961509971494313,0.02576819745345023,-0.1256311610215025,-0.044667731083210316,0.0809634299382922
60-69,0.18,0.68,0.09,0.33352700767944654,0.06604828082401742,0.012193901606036117,0.06798828063517841,0.07344799848794936,0.04906019527587713,0.024387803212072234,0.026472627372438853,0.03661693597230657,-0.1256311610215025,-0.047312200643233715,0.0783189603782688
60-69,0.18,0.671,0.12,0.254908735665056,0.038394510268977215,0.01244999914639533,0.040870649357940624,0.07344799848794936,0.0490016739576814,0.02444632453026796,0.02701110882581459,0.041376321731154374,-0.1256311610215025,-0.049956670203257336,0.07567449081824518
60-69,0.18,0.678,0.15,0.2059189764258187,0.022660895148094086,0.012252422924231843,0.021457322903976173,0.07344799848794936,0.048943152639485676,0.024504845848463686,0.027305677065401594,0.04495330911067613,-0.1256311610215025,-0.05260113976328096,0.07303002125822156
60-69,0.18,0.679,0.18,0.22655301341136622,0.031593030855574515,0.012281683583329539,0.023998965969403468,0.07344799848794936,0.048884631321290284,0.024563367166659078,0.02725435744977303,0.045939090108533906,-0.1256311610215025,-0.05524560932330447,0.07038555169819805
60-69,0.18,0.675,0.21,0.28888365599010113,0.05014967871563219,0.012310944242427402,0.046945520962792996,0.07344799848794936,0.04882611000309456,0.024621888484854804,0.027217641337926375,0.04963869458396341,-0.1256311610215025,-0.05789007888332809,0.06774108213817442
60-69,0.18,0.675,0.24,0.3725782121821054,0.07776032013642387,0.01234020490152532,0.07488281903468713,0.07344799848794936,0.04876758868489872,0.02468040980305064,0.027327641683833583,0.05092739930528554,-0.1256311610215025,-0.06053454844335171,0.0650966125781508
70-79,0.18,0.751,0.0,0.5668996577457934,0.12661249413240683,0.012910072425504793,0.11284999057472646,0.0786145418861075,0.05279439703509792,0.025820144851009585,0.0736350057447406,0.08654312503248589,-0.12891993567140259,-0.04236234484544299,0.0865575908259596
70-79,0.18,0.739,0.03,0.4495329172854208,0.10696692186912082,0.012261398066707674,0.10500919767727139,0.0786145418861075,0.054091745752692155,0.024522796133415348,0.02932317296434544,0.026953066596086473,-0.12891993567140259,-0.04033953150970604,0.08858040416169655
70-79,0.18,0.756,0.06,0.3718169557634805,0.08064831082982579,0.011612723707910333,0.08362065713476365,0.0786145418861075,0.05538909447028684,0.023225447415820666,0.030268901691551574,0.02591743933529233,-0.12891993567140259,-0.038316718173969644,0.09060321749743294
70-79,0.18,0.736,0.09,0.29683313698741653,0.053629360526683795,0.010964049349113103,0.05896741094068105,0.0786145418861075,0.0566864431878813,0.021928098698226206,0.031626166723598255,0.034470823771463634,-0.12891993567140259,-0.036293904838232804,0.09262603083316978
70-79,0.18,0.74,0.12,0.22381988702744807,0.029471925823221844,0.010315374990315873,0.032844206312697764,0.0786145418861075,0.05798379190547576,0.020630749980631746,0.03207210048374204,0.04058842378975158,-0.12891993567140259,-0.034271091502495965,0.09464884416890662
70-79,0.18,0.74,0.15,0.2000136871277467,0.023160847368068525,0.009666700631518754,0.022383747180640807,0.0786145418861075,0.059281140623069994,0.01933340126303751,0.032824266155770776,0.04363732529041348,-0.12891993567140259,-0.03224827816675935,0.09667165750464324
70-79,0.18,0.74,0.18,0.2349593918896657,0.03678554852940718,0.009018026272721469,0.030714367588178176,0.0786145418861075,0.060578489340664565,0.018036052545442938,0.03295804072855179,0.04721750870929801,-0.12891993567140259,-0.03022546483102284,0.09869447084037974
70-79,0.18,0.739,0.21,0.3057282820604744,0.06155844074097168,0.008369351913924239,0.053686825059509447,0.0786145418861075,0.061875838058259025,0.016738703827848478,0.03296422394172351,0.04939604136078037,-0.12891993567140259,-0.02820265149528589,0.1007172841761167
70-79,0.18,0.738,0.24,0.3886886981654155,0.08873845815411528,0.00896583366002407,0.08091238977014867,0.0786145418861075,0.06317318677585348,0.015441355110254018,0.03333839337306041,0.05217439130931548,-0.12891993567140259,-0.026179838159549496,0.10274009751185309
80-89,0.18,0.899,0.0,0.7995697933277689,0.20927499646214773,0.015862819518600857,0.19119166158577108,0.0865611292410422,0.05483549020384049,0.031725639037201714,0.04010735593379349,0.044846077943899554,-0.21020642647712207,-0.046354485352018804,0.16385194112510326
80-89,0.18,0.896,0.03,0.71260100659287,0.18942875245401847,0.015486797414004827,0.18375615460525507,0.0865611292410422,0.05558753441303255,0.030973594828009654,0.015792403236999757,0.010067259654002127,-0.21020642647712207,-0.04372676153093202,0.16647966494619004
80-89,0.18,0.916,0.06,0.6455018765265857,0.16330559013632967,0.015110775309408853,0.1623417578033746,0.0865611292410422,0.056339578622224495,0.030221550618817705,0.01624192106864211,0.020648638490611142,-0.21020642647712207,-0.04109903770984502,0.16910738876727704
80-89,0.18,0.896,0.09,0.5708809447542949,0.13694010474795973,0.014734753204812767,0.13743789694886258,0.0865611292410422,0.057091622831416666,0.029469506409625534,0.01731473361042556,0.02608423217110996,-0.21020642647712207,-0.03847131388875791,0.17173511258836416
80-89,0.18,0.891,0.12,0.49287070460100657,0.10996403081998621,0.014358731100216793,0.11164577044942788,0.0865611292410422,0.057843667040608615,0.028717462200433586,0.017849369736772237,0.030172122586075517,-0.21020642647712207,-0.035843590067671016,0.17436283640945105
80-89,0.18,0.891,0.15,0.4127490770798312,0.08328376575166085,0.013982708995620707,0.08551241516681686,0.0865611292410422,0.058595711249800786,0.027965417991241415,0.018259244234085936,0.031194152348387905,-0.21020642647712207,-0.033215866246584236,0.17699056023053783
80-89,0.18,0.891,0.18,0.3386556852701277,0.05932962862827807,0.013606686891024677,0.05927189246958423,0.0865611292410422,0.059347755458992846,0.027213373782049355,0.01849864859928964,0.033240691847051,-0.21020642647712207,-0.030588142425497344,0.17961828405162472
80-89,0.18,0.896,0.21,0.2955421058771107,0.04573098677628125,0.013230664786428648,0.044541683800669106,0.0865611292410422,0.060099799668184906,0.026461329572857295,0.018926172354705024,0.0335064955463689,-0.21020642647712207,-0.027960418604409898,0.18224600787271217
80-89,0.18,0.892,0.24,0.2788227303949182,0.04043547829616942,0.012854642681832618,0.03820485455147695,0.0865611292410422,0.060851843877376965,0.025709285363665235,0.018926172354705024,0.03591672541240594,-0.21020642647712207,-0.02533269478332323,0.18487373169379884
20-29,0.19,0.574,0.0,0.4044972955532026,0.0964458380377592,0.0015544894641909002,0.08291666388266704,0.04374684900583592,0.0420742408607202,0.001672608145115717,0.06957154590779194,0.10494799780770668,-0.06449539092603063,-0.029543434659118795,0.03495195626691183
20-29,0.19,0.574,0.03,0.26055653441098603,0.07548179669959793,0.0014675666238102014,0.07276506234356157,0.04374684900583592,0.04194047424880165,0.001806374757034268,0.01651060265405231,0.017300738323086356,-0.06449539092603063,-0.028298827577235453,0.036196563348795174
20-29,0.19,0.573,0.06,0.18903023670524138,0.04828220327138304,0.002380643783429559,0.04942083902516237,0.04374684900583592,0.04180670763688321,0.001940141368952708,0.018324846520503237,0.021174273286169547,-0.06449539092603063,-0.02705422049535211,0.037441170430678516
20-29,0.19,0.572,0.09,0.12659092013637716,0.022948424224126532,0.0032937209430488057,0.024625239606356968,0.04374684900583592,0.04167294102496477,0.002073907980871148,0.019063053270659443,0.03484080429394271,-0.06449539092603063,-0.025809613413468768,0.03868577751256186
20-29,0.19,0.574,0.12,0.11123781425233148,0.01885762115692037,0.0012067981026681052,0.01897874104473188,0.04374684900583592,0.04153917441304622,0.002207674592789699,0.019437077969694922,0.037351667159179376,-0.06449539092603063,-0.024565006331585648,0.03993038459444498
20-29,0.19,0.575,0.15,0.18043648512872112,0.04261763855983206,0.001170720602354014,0.03988574942471918,0.04374684900583592,0.04140540780112789,0.002341441204708028,0.019641792178922972,0.037568654615560186,-0.06449539092603063,-0.023320399249702195,0.04117499167632843
20-29,0.19,0.575,0.18,0.265330528513132,0.07035410534957098,0.001237603908313234,0.06756691786082436,0.04374684900583592,0.04127164118920945,0.002475207816626468,0.02005492458225659,0.03866321936347338,-0.06449539092603063,-0.022075792167818853,0.042419598758211774
20-29,0.19,0.575,0.21,0.35106561552843685,0.0980823635447268,0.001304487214272454,0.09601070174039501,0.04374684900583592,0.04113787457729101,0.002608974428544908,0.020014994379214786,0.04018628635109649,-0.06449539092603063,-0.020831185085935622,0.043664205840095005
20-29,0.19,0.571,0.24,0.43840087451740717,0.1251391482736455,0.0032171893055820133,0.12283817199030862,0.04374684900583592,0.04045284577271313,0.0032940032331227886,0.020760539492026685,0.04034650317826288,-0.06449539092603063,-0.018007895835281063,0.046487495090749564
30-39,0.19,0.622,0.0,0.5013550395783838,0.11065834078113096,0.006796761516992378,0.09797499092724765,0.0573742659002322,0.043780742866247446,0.013593523033984756,0.09018647348688158,0.10360356095995531,-0.10704012899392612,-0.033092566899875164,0.07394756209405096
30-39,0.19,0.623,0.03,0.3585556573190304,0.09057386003946354,0.006921652574507164,0.08852731658019049,0.0573742659002322,0.04353096075121787,0.013843305149014329,0.02651791847034751,0.02004012040140506,-0.10704012899392612,-0.030793506287356776,0.07624662270656934
30-39,0.19,0.616,0.06,0.29950861074048796,0.06400095869199539,0.007046543632021951,0.06536527710616857,0.0573742659002322,0.0432811786361883,0.014093087264043902,0.02599230655405553,0.04163944046852953,-0.10704012899392612,-0.028494445674838165,0.07854568331908796
30-39,0.19,0.61,0.09,0.2348147999051786,0.037213231299141405,0.007171434689536682,0.03914200837361934,0.0573742659002322,0.04303139652115884,0.014342869379073364,0.02688494002225034,0.05941875306937269,-0.10704012899392612,-0.026195385062319443,0.08084474393160668
30-39,0.19,0.609,0.12,0.18968149227358297,0.021620982090985903,0.007296325747051524,0.021066770305744664,0.0573742659002322,0.042781614406129154,0.014592651494103048,0.027210292170426947,0.06293827477641681,-0.10704012899392612,-0.023896324449801054,0.08314380454412507
30-39,0.19,0.61,0.15,0.20970866479375525,0.02759111091031922,0.007421216804566255,0.02379386745260803,0.0573742659002322,0.04253183229109969,0.01484243360913251,0.027705595102794633,0.06798901447007064,-0.10704012899392612,-0.021597263837282332,0.08544286515664379
30-39,0.19,0.61,0.18,0.2874231198926547,0.05277687090243591,0.007546107862081097,0.049102550722014214,0.0573742659002322,0.04228205017607001,0.015092215724162195,0.027835229476330853,0.06884944535043473,-0.10704012899392612,-0.01929820322476372,0.0877419257691624
30-39,0.19,0.61,0.21,0.3726891537064312,0.08024588905348806,0.007670998919595828,0.07645558045966583,0.0573742659002322,0.042032268061040545,0.015341997839191657,0.02774887385102318,0.07110815746837658,-0.10704012899392612,-0.016999142612245333,0.09004098638168079
30-39,0.19,0.605,0.24,0.45919504215237905,0.10631696210942748,0.010263027211276254,0.10283480861662808,0.0573742659002322,0.04153387073099857,0.015840395169233634,0.02797856322258164,0.07251192805328428,-0.10704012899392612,-0.014455181375437443,0.09258494761848868
40-49,0.19,0.598,0.0,0.4313239106070811,0.09045833738091742,0.011285158077724011,0.07966666547212424,0.06726351403210296,0.04469319787665493,0.022570316155448022,0.0689245964805018,0.07506962567711166,-0.08152539216243793,-0.0324649745276645,0.04906041763477342
40-49,0.19,0.604,0.03,0.31967062484999614,0.07075779655538705,0.011644342986106504,0.07103801049432706,0.06726351403210296,0.04397482805988995,0.023288685972213008,0.021517434791349987,0.01929849098583492,-0.08152539216243793,-0.03345188138961874,0.048073510772819184
40-49,0.19,0.588,0.06,0.2584974387109591,0.044861066234145736,0.012003527894489108,0.04820506833755119,0.06726351403210296,0.04325645824312474,0.024007055788978215,0.02161018278497429,0.03462977089063778,-0.08152539216243793,-0.03443878825157276,0.047086603910865166
40-49,0.19,0.593,0.09,0.194300015736296,0.021385320260230073,0.0123627128028716,0.022145709977337724,0.06726351403210296,0.042538088426359755,0.0247254256057432,0.023017384734152553,0.042898362389286016,-0.08152539216243793,-0.035425695113527,0.046099697048910926
40-49,0.19,0.598,0.12,0.2030128255857446,0.02546485062299004,0.012721897711254093,0.016364060838613092,0.06726351403210296,0.04181971860959477,0.025443795422508186,0.023456342425877037,0.04850841129859888,-0.08152539216243793,-0.03641260197548113,0.0451127901869568
40-49,0.19,0.589,0.15,0.260820173490508,0.04246032969260169,0.013081082619636641,0.03587294868288641,0.06726351403210296,0.04110134879282967,0.026162165239273283,0.023370922104187484,0.051764183761671925,-0.08152539216243793,-0.03739950883743537,0.04412588332500256
40-49,0.19,0.588,0.18,0.34602546075770185,0.06992377703908556,0.013440267528019134,0.06284823275770463,0.06726351403210296,0.04038297897606469,0.02688053505603827,0.02337092210418748,0.053623818114474024,-0.08152539216243793,-0.03838641569938961,0.04313897646304832
40-49,0.19,0.584,0.21,0.43099901967979526,0.09667396384226305,0.014936083209565743,0.08912501491615933,0.06726351403210296,0.03966460915929959,0.027598904872803365,0.023643180835073756,0.05479532412874812,-0.08152539216243793,-0.03937332256134363,0.0421520696010943
40-49,0.19,0.584,0.24,0.5157895384811746,0.12410375327125786,0.014814476072524896,0.1164083700299718,0.06726351403210296,0.038591805534432644,0.028671708497670312,0.023600847442411872,0.05594236035005379,-0.08152539216243793,-0.03974899702423618,0.04177639513820175
50-59,0.19,0.635,0.0,0.3817215299986937,0.08591500168910449,0.008945892621421647,0.0728666692479425,0.06460245427369793,0.046710669030854635,0.017891785242843294,0.04600434762063256,0.06247594004964882,-0.08676449919114704,-0.03280300800530933,0.05396149118583771
50-59,0.19,0.64,0.03,0.285311601170807,0.06571735906360421,0.00923230604160119,0.06422591770633211,0.06460245427369793,0.04613784219049555,0.01846461208320238,0.016697305171793457,0.017123025619978655,-0.08676449919114704,-0.03449967004403276,0.05226482914711428
50-59,0.19,0.629,0.06,0.21785653878481379,0.03953033453866703,0.009518719461780623,0.041502778969872166,0.06460245427369793,0.045565015350136684,0.019037438923561245,0.01680476123008002,0.025515135433048147,-0.08676449919114704,-0.03619633208275619,0.05056816710839085
50-59,0.19,0.63,0.09,0.15766445884747107,0.01891121060245493,0.00980513288196011,0.017602146292020948,0.06460245427369793,0.04499218850977771,0.01961026576392022,0.017584083712266628,0.029865567913639222,-0.08676449919114704,-0.03789299412147962,0.04887150506966742
50-59,0.19,0.63,0.12,0.16742756834193465,0.0230963487885783,0.010091546302139653,0.016224444570207237,0.06460245427369793,0.04441936166941862,0.020183092604279307,0.018579558659989764,0.03117021105866949,-0.08676449919114704,-0.03958965616020349,0.04717484303094355
50-59,0.19,0.625,0.15,0.24368956022504754,0.047152725461881456,0.010377959722319086,0.04141419098063206,0.06460245427369793,0.04384653482905976,0.02075591944463817,0.01889973544788394,0.033176996019654736,-0.08676449919114704,-0.04128631819892692,0.04547818099222012
50-59,0.19,0.625,0.18,0.32785491442382975,0.07486515923817288,0.010664373142498518,0.06854129643710416,0.06460245427369793,0.043273707988700894,0.021328746284997036,0.018644033898274282,0.03377288529050328,-0.08676449919114704,-0.04298298023765046,0.04378151895349658
50-59,0.19,0.625,0.21,0.4131478546855257,0.10233134048037268,0.010950786562678005,0.09636189048102718,0.06460245427369793,0.04270088114834192,0.02190157312535601,0.018644033898274282,0.035433776919806335,-0.08676449919114704,-0.04467964227637411,0.04208485691477293
50-59,0.19,0.625,0.24,0.4975449602989096,0.12980647191739114,0.011302198663630914,0.12378653348380564,0.06460245427369793,0.0419980569464361,0.022604397327261827,0.0192769292160344,0.035433776919806335,-0.08676449919114704,-0.04629052438849002,0.04047397480265702
60-69,0.19,0.686,0.0,0.5976009258335795,0.14141249487332685,0.010738459650118659,0.12430000324450684,0.07344799848794936,0.051971079187712044,0.021476919300237318,0.07209715667070372,0.09197390934390036,-0.1256311610215025,-0.04156650262778305,0.08406465839371946
60-69,0.19,0.673,0.03,0.4750670317539649,0.12063477880496659,0.010767720309216466,0.1161222354424107,0.07344799848794936,0.05191255786951643,0.021535440618432933,0.02594609797252756,0.026321094202179356,-0.1256311610215025,-0.044210972187806674,0.08142018883369584
60-69,0.19,0.672,0.06,0.3964473190783202,0.0935883133805017,0.010796980968314274,0.09353310743453798,0.07344799848794936,0.051854036551320815,0.021593961936628547,0.025830214865540678,0.02446221576227303,-0.1256311610215025,-0.046855441747830295,0.07877571927367222
60-69,0.19,0.673,0.09,0.3232675170717768,0.06597776457296016,0.010826241627412136,0.06748079236479747,0.07344799848794936,0.05179551523312509,0.021652483254824273,0.026555602045519485,0.03541750979388583,-0.1256311610215025,-0.049499911307853806,0.07613124971364871
60-69,0.19,0.674,0.12,0.2455504262038704,0.03892154599333176,0.01085550228651,0.04039943445457075,0.07344799848794936,0.05173699391492936,0.02171100457302,0.027217641337926375,0.04025916044827559,-0.1256311610215025,-0.05214438086787743,0.07348678015362509
60-69,0.19,0.675,0.15,0.1972771150561607,0.02232792696827518,0.010884762945607751,0.02173085117060138,0.07344799848794936,0.05167847259673386,0.021769525891215502,0.027305677065401594,0.04562455479234836,-0.1256311610215025,-0.05478885042790094,0.07084231059360158
60-69,0.19,0.673,0.18,0.21713309159558555,0.03115840942028189,0.010914023604705614,0.023992832118633112,0.07344799848794936,0.051619951278538134,0.021828047209411228,0.02725435744977303,0.04621688003316534,-0.1256311610215025,-0.05743331998792467,0.06819784103357784
60-69,0.19,0.673,0.21,0.27901673260186505,0.050293130226975444,0.010943284263803421,0.047037067101606024,0.07344799848794936,0.05156142996034252,0.021886568527606842,0.027217641337926375,0.04764871456818114,-0.1256311610215025,-0.06007778954794818,0.06555337147355433
60-69,0.19,0.674,0.24,0.3648224753834775,0.07822411575654817,0.01097254492290134,0.07526906750764754,0.07344799848794936,0.05150290864214668,0.02194508984580268,0.027356900409220317,0.05048564152311029,-0.1256311610215025,-0.0627222591079718,0.06290890191353071
70-79,0.19,0.75,0.0,0.5545288923659797,0.1260374941532402,0.011443561396752122,0.11101665722639313,0.0786145418861075,0.05572741909260326,0.022887122793504244,0.0736350057447406,0.08654312503248589,-0.12891993567140259,-0.04471580844796741,0.08420412722343518
70-79,0.19,0.753,0.03,0.4390736594419488,0.10671978127779866,0.010794887037954892,0.10361966255620718,0.0786145418861075,0.05702476781019772,0.021589774075909784,0.029377843462639365,0.027999273641736527,-0.12891993567140259,-0.042692995112231014,0.08622694055917157
70-79,0.19,0.754,0.06,0.3600584131001686,0.08050222346668147,0.010146212679157607,0.08289380674762652,0.0786145418861075,0.05832211652779229,0.020292425358315214,0.029943306470782437,0.024331722180153493,-0.12891993567140259,-0.04067018177649395,0.08824975389490863
70-79,0.19,0.739,0.09,0.2854245707104624,0.05367976119120514,0.009497538320360488,0.058443242799147144,0.0786145418861075,0.05961946524538653,0.018995076640720976,0.03146767264398232,0.0324461299694528,-0.12891993567140259,-0.038647368440757335,0.09027256723064525
70-79,0.19,0.739,0.12,0.21309666488840567,0.029295938658982057,0.008848863961563258,0.03286753201665247,0.0786145418861075,0.06091681396298099,0.017697727923126516,0.03203466293625152,0.039270526899584456,-0.12891993567140259,-0.03662455510502083,0.09229538056638176
70-79,0.19,0.738,0.15,0.1884830684348076,0.022620228685361742,0.008200189602766028,0.022112561367953254,0.0786145418861075,0.06221416268057545,0.016400379205532056,0.032824266155770776,0.04258297403482626,-0.12891993567140259,-0.0346017417692841,0.09431819390211849
70-79,0.19,0.738,0.18,0.22538274846529113,0.03680206652930068,0.007551515243968798,0.03088961912254995,0.0786145418861075,0.0635115113981699,0.015103030487937597,0.032824266155770776,0.046776693243970484,-0.12891993567140259,-0.03257892843354748,0.0963410072378551
70-79,0.19,0.737,0.21,0.298447710964741,0.06165073732793379,0.007853320068905767,0.05439283750852136,0.0786145418861075,0.06480886011576426,0.013805681770343248,0.03296422394172351,0.04848310401012577,-0.12891993567140259,-0.030556115097810754,0.09836382057359183
70-79,0.19,0.737,0.24,0.3804454063082378,0.08922316233069,0.007864226486427595,0.08148541878641781,0.0786145418861075,0.06610620883335883,0.012508333052748677,0.03333839337306041,0.050670251490966815,-0.12891993567140259,-0.028533301762073915,0.10038663390932867
80-89,0.19,0.903,0.0,0.7868867327205722,0.2087416631596477,0.01433961145738294,0.18935832824743773,0.0865611292410422,0.05788190632627632,0.02867922291476588,0.04010735593379349,0.044846077943899554,-0.21020642647712207,-0.04892973453824179,0.16127669193888028
80-89,0.19,0.909,0.03,0.702299189455438,0.18924006339614155,0.01396358935278702,0.18231289645458035,0.0865611292410422,0.05863395053546816,0.02792717870557404,0.015549919613940146,0.011964755126521074,-0.21020642647712207,-0.04630201071715545,0.16390441575996662
80-89,0.19,0.904,0.06,0.6327863336919894,0.16312923270994503,0.01358756724819099,0.16149042991305337,0.0865611292410422,0.05938599474466022,0.02717513449638198,0.015728954192825422,0.018686030504298522,-0.21020642647712207,-0.043674286896068115,0.16653213958105395
80-89,0.19,0.899,0.09,0.5594141242855598,0.13678147434567073,0.01321154514359496,0.1369872608705847,0.0865611292410422,0.06013803895385228,0.02642309028718992,0.0172336879396141,0.024917112055628975,-0.21020642647712207,-0.041046563074981446,0.16915986340214062
80-89,0.19,0.889,0.12,0.48130504476308755,0.10986292140634488,0.012835523038998986,0.11123091204053738,0.0865611292410422,0.06089008316304423,0.025671046077997972,0.017770762504743586,0.028670498156917017,-0.21020642647712207,-0.03841883925389444,0.17178758722322762
80-89,0.19,0.888,0.15,0.4015907026890861,0.08312312705794983,0.0124595009344029,0.08522528653112871,0.0865611292410422,0.0616421273722364,0.0249190018688058,0.01813835714721707,0.030252200134604133,-0.21020642647712207,-0.03579111543280733,0.17441531104431474
80-89,0.19,0.889,0.18,0.32757152957967683,0.05903586000631477,0.012083478829806926,0.05875112847666406,0.0865611292410422,0.06239417158142835,0.024166957659613852,0.018368451213970124,0.03307043171760835,-0.21020642647712207,-0.03316339161172066,0.1770430348654014
80-89,0.19,0.894,0.21,0.28559308807522743,0.04565128697071154,0.01170745672521084,0.044604065337112475,0.0865611292410422,0.06314621579062052,0.02341491345042168,0.018788294228055953,0.0335064955463689,-0.21020642647712207,-0.030535667790633436,0.17967075868648863
80-89,0.19,0.89,0.24,0.2680201036525528,0.04033090966797225,0.011331434620614811,0.03781876186963714,0.0865611292410422,0.06389825999981258,0.022662869241229622,0.018926172354705024,0.035350943892047904,-0.21020642647712207,-0.027907943969546545,0.18229848250757552
20-29,0.2,0.573,0.0,0.3985214562388659,0.09593750470942587,0.0011083837144470476,0.0814999972493337,0.04374684900583592,0.04428867459023189,0.0005418255843959718,0.06957154590779194,0.10494799780770668,-0.06449539092603063,-0.03109835227275648,0.03339703865327415
20-29,0.2,0.573,0.03,0.2553894838054942,0.07528799179824747,0.0010214608740663489,0.07191409846453765,0.04374684900583592,0.04415490797831334,0.00040805897247742084,0.016462077633154305,0.017531882401343436,-0.06449539092603063,-0.02985374519087336,0.03464164573515727
20-29,0.2,0.576,0.06,0.183324077941282,0.04808652550905583,0.0020654619663142415,0.04886077141342659,0.04374684900583592,0.04402114136639479,0.00027429236055886985,0.018149380154704995,0.020752658099179807,-0.06449539092603063,-0.028609138108990018,0.03588625281704061
20-29,0.2,0.571,0.09,0.12093771523074737,0.023062178231660766,0.0028476151933050087,0.0244845574465746,0.04374684900583592,0.04388737475447635,0.00014052574864042988,0.01924058211177613,0.03393268454178842,-0.06449539092603063,-0.027364531027106676,0.03713085989892395
20-29,0.2,0.572,0.12,0.1077014312232471,0.01895952631274315,0.0017606923529242535,0.01901956744799387,0.04374684900583592,0.04375360814255791,6.759136721989911e-06,0.01924058211177613,0.037351667159179376,-0.06449539092603063,-0.026119923945223222,0.038375466980807404
20-29,0.2,0.573,0.15,0.17463126009174235,0.042546899238668515,0.0006737695125434984,0.039936058047163846,0.04374684900583592,0.04361984153063947,0.00012700747519645006,0.01954993606127651,0.03775981739393415,-0.06449539092603063,-0.02487531686333988,0.03962007406269075
20-29,0.2,0.574,0.18,0.25941260320376036,0.070697432104312,0.00041315332783709025,0.0678025403374635,0.04374684900583592,0.04348607491872092,0.00026077408711500105,0.01993489403031778,0.03824496870195513,-0.06449539092603063,-0.02363070978145665,0.04086468114457398
20-29,0.2,0.574,0.21,0.3456721216045595,0.09854475438766827,0.0005000761682177335,0.0962644383952842,0.04374684900583592,0.04335230830680248,0.000394540699033441,0.02005492458225659,0.03996554180225839,-0.06449539092603063,-0.022386102699573418,0.04210928822645721
20-29,0.2,0.574,0.24,0.43399052111419156,0.12663822890629614,0.0011775989394105513,0.12436486705616127,0.04374684900583592,0.04267351739425729,0.0010733316115786318,0.020760539492026685,0.04034650317826288,-0.06449539092603063,-0.01966663887103426,0.04482875205499637
30-39,0.2,0.611,0.0,0.4914735289479256,0.11012500745863094,0.005644636704722761,0.09650832432724767,0.0573742659002322,0.04608499249078668,0.011289273409445522,0.09018647348688158,0.10360356095995531,-0.10704012899392612,-0.03483428094723706,0.07220584804668906
30-39,0.2,0.611,0.03,0.3511963945323787,0.09029344430245947,0.005769527762237492,0.08765337155501256,0.0573742659002322,0.04583521037575722,0.011539055524474984,0.027040710049848867,0.02158984747906124,-0.10704012899392612,-0.03253522033471856,0.07450490865920756
30-39,0.2,0.614,0.06,0.2907110328023381,0.06391231036024056,0.0058944188197522784,0.06488814714617036,0.0573742659002322,0.045585428260727645,0.011788837639504557,0.025961509971494302,0.04060000628465899,-0.10704012899392612,-0.03023615972219984,0.07680396927172628
30-39,0.2,0.609,0.09,0.22589429928273916,0.037047214511910516,0.006019309877267065,0.03870038627330885,0.0573742659002322,0.04533564614569807,0.01203861975453413,0.026765649627834516,0.05843338991603794,-0.10704012899392612,-0.02793709910968134,0.07910302988424478
30-39,0.2,0.613,0.12,0.18042818022305013,0.02118001558020318,0.006144200934781852,0.020854342753548676,0.0573742659002322,0.0450858640306685,0.012288401869563703,0.027393429869222257,0.061735150855469365,-0.10704012899392612,-0.02563803849716273,0.08140209049676339
30-39,0.2,0.608,0.15,0.20052589574986418,0.027377880007395536,0.0063489444108991155,0.023605784687938242,0.0573742659002322,0.04483608191563904,0.012538183984593165,0.027705595102794633,0.06614934523657671,-0.10704012899392612,-0.02333897788464423,0.08370115110928189
30-39,0.2,0.608,0.18,0.2798918348141871,0.052741046156669906,0.006393983049811369,0.04922000484707264,0.0573742659002322,0.044586299800609464,0.012787966099622738,0.027835229476330853,0.0685442289150545,-0.10704012899392612,-0.02103991727212562,0.0860002117218005
30-39,0.2,0.608,0.21,0.365325120557013,0.08022863265648467,0.006518874107326211,0.07671293295038349,0.0573742659002322,0.04433651768557978,0.013037748214652423,0.02774887385102318,0.07078989685414874,-0.10704012899392612,-0.01874085665960712,0.088299272334319
30-39,0.2,0.609,0.24,0.45203535446548226,0.10812131406708367,0.0067553155233505136,0.10451326340434135,0.0573742659002322,0.043863634853531175,0.013510631046701027,0.028121166405396452,0.07199852330616519,-0.10704012899392612,-0.01628775257573245,0.09075237641819367
40-49,0.2,0.592,0.0,0.42130658586057873,0.08994167070841741,0.010109021291496267,0.07816666550545757,0.06726351403210296,0.04704547144911042,0.020218042582992535,0.0689245964805018,0.07506962567711166,-0.08152539216243793,-0.034173657397541524,0.0473517347648964
40-49,0.2,0.597,0.03,0.3105177300120774,0.07055564126052585,0.010468206199878816,0.07004970810761639,0.06726351403210296,0.046327101632345324,0.02093641239975763,0.021913466179497916,0.01866608282486918,-0.08152539216243793,-0.035160564259495763,0.04636482790294216
40-49,0.2,0.587,0.06,0.2480417577389509,0.044308976575134856,0.010827391108261364,0.0474931670739997,0.06726351403210296,0.04560873181558023,0.021654782216522728,0.021757757237362473,0.03299057598158011,-0.08152539216243793,-0.03614747112144989,0.045377921040988034
40-49,0.2,0.592,0.09,0.18572696487309617,0.0213011954922438,0.011186576016643857,0.021808988690691717,0.06726351403210296,0.04489036199881524,0.022373152033287713,0.02298260211551336,0.042142765994051416,-0.08152539216243793,-0.03713437798340402,0.044391014179033905
40-49,0.2,0.597,0.12,0.1934269248334582,0.02512664748510137,0.01154576092502635,0.01638409585536584,0.06726351403210296,0.04417199218205026,0.0230915218500527,0.023456342425877037,0.046581027220697464,-0.08152539216243793,-0.03812128484535826,0.043404107317079665
40-49,0.2,0.587,0.15,0.25233639290313625,0.04218764254092541,0.011904945833408842,0.03607693339996082,0.06726351403210296,0.04345362236528527,0.023809891666817684,0.02370232056149775,0.05066538536845495,-0.08152539216243793,-0.03910819170731217,0.04241720045512576
40-49,0.2,0.587,0.18,0.33890542343324753,0.06980790984955228,0.01226413074179139,0.06348888217344169,0.06726351403210296,0.042735252548520175,0.02452826148358278,0.02337092210418748,0.05356387021275516,-0.08152539216243793,-0.04009509856926652,0.04143029359317141
40-49,0.2,0.587,0.21,0.4238523034537115,0.09727446216177357,0.012623315650173883,0.0906450396095713,0.06726351403210296,0.04201688273175519,0.025246631300347766,0.02342221168036868,0.05479532412874812,-0.08152539216243793,-0.04108200543122076,0.04044338673121717
40-49,0.2,0.587,0.24,0.5101033584792104,0.12465882806375335,0.013150125131493495,0.11831914280852474,0.06726351403210296,0.040963263769115965,0.02630025026298699,0.023643180835073756,0.0556534480711028,-0.08152539216243793,-0.04150886302902168,0.040016529133416245
50-59,0.2,0.634,0.0,0.3713845426912964,0.08540833501827116,0.0077166644890308,0.07135000260294246,0.06460245427369793,0.04916912529563633,0.0154333289780616,0.04600434762063256,0.06247594004964882,-0.08676449919114704,-0.034529482110851384,0.052235017080295654
50-59,0.2,0.634,0.03,0.2767998571800717,0.06548087102870673,0.008003077909210288,0.06330294128525182,0.06460245427369793,0.048596298455277354,0.016006155818420575,0.01712308383440321,0.017760767606066746,-0.08676449919114704,-0.036226144149574924,0.050538355041572114
50-59,0.2,0.627,0.06,0.20885692858547492,0.03901953491375655,0.00828949132938972,0.041005369262102,0.06460245427369793,0.04802347161491849,0.01657898265877944,0.01680476123008002,0.025950316871692577,-0.08676449919114704,-0.0379228061882988,0.04884169300284824
50-59,0.2,0.628,0.09,0.14824982301528888,0.018488446633852927,0.008575904749569152,0.01728938648629924,0.06460245427369793,0.047450644774559625,0.017151809499138304,0.01716974082506782,0.029542648813738377,-0.08676449919114704,-0.039619468227022225,0.04714503096412481
50-59,0.2,0.628,0.12,0.15808964207952073,0.02241355569659728,0.008862318169748695,0.016183719752569898,0.06460245427369793,0.04687781793420054,0.01772463633949739,0.018330302779823376,0.03117021105866949,-0.08676449919114704,-0.041316130265745876,0.04544836892540116
50-59,0.2,0.623,0.15,0.23494470380864635,0.046901921013855215,0.009148731589928183,0.04165398120773373,0.06460245427369793,0.04630499109384156,0.018297463179856366,0.01889973544788394,0.032275595450695645,-0.08676449919114704,-0.04301279230446953,0.04375170688667751
50-59,0.2,0.623,0.18,0.31992404714300077,0.07470724234310296,0.00943514501010756,0.0687332502671464,0.06460245427369793,0.04573216425348281,0.01887029002021512,0.018644033898274282,0.03377288529050328,-0.08676449919114704,-0.04470945434319307,0.04205504484795397
50-59,0.2,0.624,0.21,0.40495735796537863,0.10226790558257215,0.009721558430287103,0.0964801510421759,0.06460245427369793,0.045159337413123724,0.019443116860574206,0.018644033898274282,0.034933910033188235,-0.08676449919114704,-0.04640611638191705,0.04035838280922999
50-59,0.2,0.623,0.24,0.4900397907053249,0.12979468750157686,0.01007965961290841,0.12406918736492388,0.06460245427369793,0.04444313504788111,0.02015931922581682,0.0192769292160344,0.035433776919806335,-0.08676449919114704,-0.048006605743447395,0.03875789344769964
60-69,0.2,0.68,0.0,0.5860313716740138,0.14087082821582683,0.009370799671494678,0.12256666993784016,0.07344799848794936,0.054706399144960005,0.018741599342989357,0.07209715667070372,0.09197390934390036,-0.1256311610215025,-0.043754213292403255,0.08187694772909926
60-69,0.2,0.687,0.03,0.4674946311997609,0.12029422698713096,0.009400060330592486,0.11485284758075108,0.07344799848794936,0.05464787782676439,0.01880012066118497,0.026870057685088784,0.029879759035172954,-0.1256311610215025,-0.046398682852426876,0.07923247816907564
60-69,0.2,0.685,0.06,0.3840637050962913,0.09337785740769684,0.009429320989690293,0.09299773197289173,0.07344799848794936,0.054589356508568776,0.018858641979380586,0.026404545063303,0.020513410247932906,-0.1256311610215025,-0.04904315241245072,0.0765880086090518
60-69,0.2,0.681,0.09,0.31275221321761526,0.06594705651550518,0.009458581648788211,0.06709667642529549,0.07344799848794936,0.05453083519037294,0.018917163297576423,0.026313494636782828,0.033823069050575506,-0.1256311610215025,-0.05168762197247412,0.0739435390490284
60-69,0.2,0.672,0.12,0.2346324701092297,0.038628945713458276,0.009487842307885963,0.0398849588522032,0.07344799848794936,0.054472313872177436,0.018975684615771926,0.026810445725500325,0.03911010099705699,-0.1256311610215025,-0.05433209153249752,0.071299069489005
60-69,0.2,0.673,0.15,0.18630652901470898,0.021767592761124943,0.009517102966983826,0.021792849498968463,0.07344799848794936,0.05441379255398171,0.01903420593396765,0.026773120849090393,0.04443422104639619,-0.1256311610215025,-0.05697656109252114,0.06865459992898137
60-69,0.2,0.676,0.18,0.2069818940100845,0.030890251334547703,0.009546363626081633,0.02379938112925667,0.07344799848794936,0.054355271235786096,0.019092727252163266,0.02725435744977303,0.045325489517488916,-0.1256311610215025,-0.05962103065254476,0.06601013036895775
60-69,0.2,0.672,0.21,0.2706838558237439,0.050704862585651045,0.009575624285179496,0.047482033343736046,0.07344799848794936,0.05429674991759037,0.019151248570358992,0.02725435744977303,0.04649301022734491,-0.1256311610215025,-0.06226550021256827,0.06336566080893424
60-69,0.2,0.672,0.24,0.35685731693693223,0.07849954070209839,0.009604884944277248,0.07552972330750961,0.07344799848794936,0.054238228599394867,0.019209769888554495,0.027356900409220317,0.05045393939029933,-0.1256311610215025,-0.06490996977259178,0.06072119124891073
70-79,0.2,0.744,0.0,0.5421581269861655,0.12546249417407354,0.009977050367999396,0.1091833238780598,0.0786145418861075,0.05866044115010871,0.019954100735998792,0.0736350057447406,0.08654312503248589,-0.12891993567140259,-0.04706927205049205,0.08185066362091054
70-79,0.2,0.746,0.03,0.4291425596122216,0.10638872933954277,0.009328376009202166,0.10224049331324499,0.0786145418861075,0.05995778986770317,0.018656752018404332,0.029723366527985927,0.029765732082031128,-0.12891993567140259,-0.045046458714755544,0.08387347695664704
70-79,0.2,0.738,0.06,0.3480121112870803,0.08031008067866191,0.008679701650404936,0.08199092294705716,0.0786145418861075,0.06125513858529763,0.017359403300809872,0.0298496298235137,0.02256523946055577,-0.12891993567140259,-0.04302364537901848,0.0858962902923841
70-79,0.2,0.737,0.09,0.27393574879109533,0.053544610467303376,0.008031027291607706,0.05766654295853348,0.0786145418861075,0.06255248730289209,0.016062054583215413,0.03119951946777422,0.031219047343188824,-0.12891993567140259,-0.041000832043281976,0.08791910362812061
70-79,0.2,0.737,0.12,0.20233158276355478,0.029191149401463345,0.007382352932810532,0.03273749089300217,0.0786145418861075,0.06384983602048644,0.014764705865621064,0.03203466293625152,0.037886486348896874,-0.12891993567140259,-0.03897801870754536,0.08994191696385723
70-79,0.2,0.736,0.15,0.1775845898372693,0.022493335812808313,0.0067336785740133576,0.0218692059935023,0.0786145418861075,0.06514718473808079,0.013467357148026715,0.032561327676863816,0.041406392480986445,-0.12891993567140259,-0.03695520537180863,0.09196473029959396
70-79,0.2,0.736,0.18,0.21683129746518032,0.03672211378431264,0.00674080647778752,0.03124465210745836,0.0786145418861075,0.06644453345567536,0.012170008430432144,0.032824266155770776,0.04588235864791906,-0.12891993567140259,-0.0349323920360719,0.09398754363533068
70-79,0.2,0.739,0.21,0.29115533113155856,0.06302412996174778,0.005436329856418787,0.05604083581501503,0.0786145418861075,0.06774188217326993,0.010872659712837573,0.03288514024091852,0.04800412918841225,-0.12891993567140259,-0.032909578700335396,0.09601035697106719
70-79,0.2,0.74,0.24,0.372260257674187,0.09092601674428111,0.004787655497621668,0.0831804274844201,0.0786145418861075,0.06903923089086417,0.009575310995243336,0.03333839337306041,0.049765832602991215,-0.12891993567140259,-0.030886765364598445,0.09803317030680414
80-89,0.2,0.897,0.0,0.7742036721133773,0.20820832985714777,0.012816403396165299,0.18752499490910443,0.0865611292410422,0.0609283224487116,0.025632806792330598,0.04010735593379349,0.044846077943899554,-0.21020642647712207,-0.051504983724465436,0.15870144275265663
80-89,0.2,0.893,0.03,0.6914738241664277,0.18898517016531896,0.012440381291569214,0.18085500801179824,0.0865611292410422,0.061680366657903773,0.024880762583138427,0.015303594349041025,0.01336279900882653,-0.21020642647712207,-0.048877259903378545,0.16132916657374352
80-89,0.2,0.892,0.06,0.6195952627456627,0.16294655871875924,0.012064359186973184,0.16063116788163123,0.0865611292410422,0.06243241086709583,0.024128718373946367,0.015931101656822117,0.0156400651700736,-0.21020642647712207,-0.04624953608229199,0.16395689039483008
80-89,0.2,0.906,0.09,0.5488208534694836,0.13669409419578182,0.011688337082377098,0.13643929393334028,0.0865611292410422,0.063184455076288,0.023376674164754196,0.017058722109231997,0.024917112055628975,-0.21020642647712207,-0.04362181226120465,0.16658461421591741
80-89,0.2,0.907,0.12,0.469889520834485,0.10983073985691261,0.011312314977781124,0.11062963792879904,0.0865611292410422,0.06393649928547995,0.022624629955562248,0.017770762504743586,0.027381396751401412,-0.21020642647712207,-0.04099408844011754,0.16921233803700453
80-89,0.2,0.887,0.15,0.3913155712073344,0.08292268970252753,0.010936292873185094,0.08503434521479093,0.0865611292410422,0.06468854349467201,0.021872585746370188,0.01813835714721707,0.030385193746995127,-0.21020642647712207,-0.03836636461903031,0.17184006185809175
80-89,0.2,0.887,0.18,0.3170233235198594,0.0587333731217146,0.011001206385651885,0.05831786408268599,0.0865611292410422,0.06544058770386385,0.02112054153717835,0.018368451213970124,0.03225872709507215,-0.21020642647712207,-0.035738640797943755,0.1744677856791783
80-89,0.2,0.892,0.21,0.27554457822180645,0.04579594297234012,0.010184248663993034,0.04425930788265706,0.0865611292410422,0.06619263191305613,0.020368497327986068,0.01876699230031282,0.033240691847051,-0.21020642647712207,-0.033110916976856974,0.1770955095002651
80-89,0.2,0.887,0.24,0.2598518793482876,0.04008430531967107,0.011501361993826231,0.03769029361437972,0.0865611292410422,0.06694467612224808,0.01961645311879412,0.018926172354705024,0.03381793381551262,-0.21020642647712207,-0.030483193155769972,0.1797232333213521
20-29,0.21,0.572,0.0,0.40066775288949275,0.09542917138109254,0.0013781296569537194,0.08008333061600036,0.04374684900583592,0.04650310831974336,0.0027562593139074387,0.06957154590779194,0.10494799780770668,-0.06449539092603063,-0.03265326988639439,0.03184212103963624
20-29,0.21,0.572,0.03,0.25929139427723297,0.07507442809835363,0.0013112463509944994,0.07093860203564543,0.04374684900583592,0.04636934170782492,0.0026224927019889988,0.0168226038412607,0.01820463198387074,-0.06449539092603063,-0.031408662804511156,0.03308672812151947
20-29,0.21,0.57,0.06,0.18726686644501447,0.04795704341998615,0.002488432283941855,0.04820677887018276,0.04374684900583592,0.04623557509590637,0.0024887260900704478,0.018149380154704995,0.02071221347817547,-0.06449539092603063,-0.030164055722627814,0.03433133520340281
20-29,0.21,0.569,0.09,0.12259920384066397,0.022836803204595607,0.003401509443561157,0.024284934862926,0.04374684900583592,0.04610180848398804,0.002354959478152119,0.018947295321496405,0.030346788657400644,-0.06449539092603063,-0.028919448640744583,0.035575942285286044
20-29,0.21,0.57,0.12,0.11217092318577968,0.018983032936994847,0.0023145866031805684,0.0192430697834443,0.04374684900583592,0.04596804187206949,0.002221192866233568,0.01924058211177613,0.03608640025578259,-0.06449539092603063,-0.02767484155886102,0.03682054936716961
20-29,0.21,0.571,0.15,0.1789320249054782,0.04242961436666538,0.0012276637627998133,0.04003187376188371,0.04374684900583592,0.04583427526015105,0.002087426254315128,0.019437077969694922,0.037567885705230966,-0.06449539092603063,-0.02643023447697801,0.03806515644905262
20-29,0.21,0.572,0.18,0.26334724346222804,0.07061475293306324,0.000976829821198344,0.06770320108891094,0.04374684900583592,0.04570050864823261,0.001953659642396688,0.019834313701260237,0.038411946462181885,-0.06449539092603063,-0.025185627395094445,0.03930976353093618
20-29,0.21,0.573,0.21,0.349523103202076,0.09878065086392708,0.000946181917961586,0.09628944028131527,0.04374684900583592,0.04556674203631417,0.001819893030478248,0.02005492458225659,0.03996554180225839,-0.06449539092603063,-0.023941020313211325,0.0405543706128193
20-29,0.21,0.568,0.24,0.4325828920769776,0.12489159263601052,0.003310637220732493,0.12281204027084651,0.04374684900583592,0.044833176176752976,0.0010863271709170563,0.02063492185592181,0.040026711215041436,-0.06449539092603063,-0.021070417279754894,0.04342497364627573
30-39,0.21,0.61,0.0,0.4815920183174671,0.10959167413613094,0.004492511892453088,0.09504165772724765,0.0573742659002322,0.048389242115326025,0.008985023784906176,0.09018647348688158,0.10360356095995531,-0.10704012899392612,-0.03657599499459896,0.07046413399932716
30-39,0.21,0.61,0.03,0.3418722638822714,0.09003838896356545,0.004617402949967875,0.08669981191315156,0.0573742659002322,0.04813946000029645,0.00923480589993575,0.0276839303567972,0.02047799001442889,-0.10704012899392612,-0.03427693438208046,0.07276319461184566
30-39,0.21,0.618,0.06,0.2812886819722713,0.06364594324806849,0.004742294007482606,0.0644123514585515,0.0573742659002322,0.04788967788526699,0.009484588014965212,0.025737132707432622,0.03932873308383965,-0.10704012899392612,-0.03197787376956174,0.07506225522436438
30-39,0.21,0.612,0.09,0.218378744294523,0.03755203908603574,0.004867185064997448,0.03827505965187381,0.0573742659002322,0.047639895770237306,0.009734370129994896,0.026765649627834516,0.05743112307660678,-0.10704012899392612,-0.02967881315704335,0.07736131583688277
30-39,0.21,0.611,0.12,0.17167575243627234,0.02097556721254388,0.004992076122512179,0.020731649009750313,0.0573742659002322,0.047390113655207844,0.009984152245024358,0.027269030052423905,0.06065453750373184,-0.10704012899392612,-0.027379752544524738,0.07966037644940138
30-39,0.21,0.607,0.15,0.19275734447746912,0.027179233476533997,0.005797735939481963,0.0234109776139043,0.0573742659002322,0.04714033154017827,0.010233934360053931,0.02734227496021496,0.0650180834211167,-0.10704012899392612,-0.025080691932006016,0.0819594370619201
30-39,0.21,0.607,0.18,0.2738820830393204,0.05292062299928321,0.00563572902808307,0.04949985027406994,0.0573742659002322,0.0468905494251487,0.010483716475083504,0.027835229476330853,0.0684264754714344,-0.10704012899392612,-0.022781631319487516,0.0842584976744386
30-39,0.21,0.607,0.21,0.35866284315238317,0.08061871436560314,0.0054737221166840655,0.07719159228594404,0.0573742659002322,0.046640767310119124,0.010733498590113077,0.02765501762790973,0.06980330978125923,-0.10704012899392612,-0.020482570706969017,0.0865575582869571
30-39,0.21,0.607,0.24,0.44349015441862705,0.10795610481575257,0.005609332654224197,0.104460708625201,0.0573742659002322,0.04615560059178381,0.011218665308448394,0.02774887385102318,0.07110815746837658,-0.10704012899392612,-0.018017388154799585,0.08902274083912654
40-49,0.21,0.601,0.0,0.41128926111407593,0.08942500403591738,0.008932884505268468,0.07666666553879091,0.06726351403210296,0.04939774502156602,0.017865769010536936,0.0689245964805018,0.07506962567711166,-0.08152539216243793,-0.035882340267418655,0.04564305189501927
40-49,0.21,0.591,0.03,0.30154276078187914,0.07025268198466413,0.009292069413651016,0.06890236217994544,0.06726351403210296,0.04867937520480092,0.018584138827302032,0.022498888861452668,0.01862551661560897,-0.08152539216243793,-0.036869247129372895,0.04465614503306503
40-49,0.21,0.585,0.06,0.23867832566007677,0.0439846624501431,0.009746921777654571,0.04696094326538791,0.06726351403210296,0.04796100538803594,0.019302508644067018,0.02116128540519217,0.03220165920744746,-0.08152539216243793,-0.0378561539913268,0.043669238171111124
40-49,0.21,0.591,0.09,0.17682220887082334,0.02103798937161309,0.010010439230416168,0.021393166313635414,0.06726351403210296,0.04724263557127062,0.020020878460832336,0.023121418641597214,0.04141218171116925,-0.08152539216243793,-0.038843060853281264,0.04268233130915666
40-49,0.21,0.595,0.12,0.184650167849383,0.024697159125395107,0.010369624138798605,0.016649593957714565,0.06726351403210296,0.046524265754505745,0.02073924827759721,0.023285188425262934,0.045762747311539294,-0.08152539216243793,-0.03982996771523528,0.041695424447202645
40-49,0.21,0.586,0.15,0.24529629942698594,0.0421713913985382,0.010728809047181098,0.0366969772255192,0.06726351403210296,0.04580589593774076,0.021457618094362196,0.02370232056149775,0.05047386059232373,-0.08152539216243793,-0.04081687457718952,0.040708517585248405
40-49,0.21,0.585,0.18,0.33005945715865664,0.0695258667393244,0.011087993955563646,0.0634101224366256,0.06726351403210296,0.04508752612097566,0.022175987911127293,0.023293775992741045,0.05265646244374171,-0.08152539216243793,-0.04180378143914365,0.039721610723294276
40-49,0.21,0.586,0.21,0.41647904101728517,0.09730891771657879,0.011447178863946195,0.09093695884959992,0.06726351403210296,0.044369156304210566,0.02289435772789239,0.023541452801388425,0.05438236157976165,-0.08152539216243793,-0.04279068830109767,0.03873470386134026
40-49,0.21,0.586,0.24,0.5025028449158832,0.12473327206519302,0.011978524483389763,0.11866961951296646,0.06726351403210296,0.04330646506532343,0.023957048966779526,0.023643180835073756,0.05479532412874812,-0.08152539216243793,-0.043215588730061705,0.03830980343237622
50-59,0.21,0.633,0.0,0.3610475553838992,0.08490166834743781,0.006487436356640008,0.06983333595794246,0.06460245427369793,0.05162758156041791,0.012974872713280017,0.04600434762063256,0.06247594004964882,-0.08676449919114704,-0.036255956216394214,0.050508542974752824
50-59,0.21,0.628,0.03,0.269550918396105,0.06526557103095768,0.006773849776819385,0.06206762056253673,0.06460245427369793,0.05105475472005916,0.01354769955363877,0.01721627137332589,0.020663934920088393,-0.08676449919114704,-0.03795261825511753,0.048811880936029506
50-59,0.21,0.626,0.06,0.19868812012755968,0.03880387627481131,0.007060263196998873,0.04036199877878788,0.06460245427369793,0.050481927879700184,0.014120526393997745,0.017099707599839257,0.02403750812387987,-0.08676449919114704,-0.039649280293841294,0.047115218897305744
50-59,0.21,0.626,0.09,0.1390518562828472,0.018089088799608428,0.007346676617178305,0.01698346973786624,0.06460245427369793,0.04990910103934132,0.01469335323435661,0.01716974082506782,0.029160852820686384,-0.08676449919114704,-0.04134594233256472,0.045418556858582315
50-59,0.21,0.626,0.12,0.14908637558969987,0.02194238214397015,0.007633090037357737,0.016219358736924816,0.06460245427369793,0.049336274198982455,0.015266180074715474,0.018330302779823376,0.030784116327749366,-0.08676449919114704,-0.043042604371288595,0.04372189481985844
50-59,0.21,0.622,0.15,0.22651841141680917,0.046750697760793214,0.00791950345753728,0.04191823463826738,0.06460245427369793,0.04876344735862337,0.01583900691507456,0.01889973544788394,0.03150077945667474,-0.08676449919114704,-0.04473926641001236,0.04202523278113468
50-59,0.21,0.622,0.18,0.31208424572321114,0.07472286454040782,0.008205916877716712,0.06889716489071368,0.06460245427369793,0.048190620518264504,0.016411833755433425,0.01879361593733363,0.033369199774815964,-0.08676449919114704,-0.046435928448735786,0.04032857074241125
50-59,0.21,0.622,0.21,0.39623732794085204,0.10216425838352852,0.0084923302978962,0.09634612363089999,0.06460245427369793,0.04761779367790553,0.0169846605957924,0.018644033898274282,0.03417161550727832,-0.08676449919114704,-0.048132590487459326,0.03863190870368771
50-59,0.21,0.622,0.24,0.4823652863147595,0.12978157591682113,0.008852960822903044,0.12437444537547514,0.06460245427369793,0.04689653262789184,0.01770592164580609,0.01895257238477143,0.035433776919806335,-0.08676449919114704,-0.049731278047213556,0.03703322114393348
60-69,0.21,0.679,0.0,0.5744618175144478,0.1403291615583268,0.008003139692870642,0.12083333663117346,0.07344799848794936,0.05744171910220808,0.016006279385741284,0.07209715667070372,0.09197390934390036,-0.1256311610215025,-0.04594192395702368,0.07968923706447884
60-69,0.21,0.67,0.03,0.4603213146459719,0.1200646266575622,0.008032400351968505,0.11357950212593461,0.07344799848794936,0.05738319778401235,0.01606480070393701,0.027863955210988958,0.03363331681532465,-0.1256311610215025,-0.048586393517046966,0.07704476750445555
60-69,0.21,0.674,0.06,0.37172395891138,0.09327521966829991,0.008061661011066312,0.09217700123988853,0.07344799848794936,0.05732467646581674,0.016123322022132625,0.026176325181354217,0.017251086922278232,-0.1256311610215025,-0.05123086307707059,0.07440029794443193
60-69,0.21,0.679,0.09,0.3022575060190401,0.0658454654022696,0.00809092167016412,0.06658726222490062,0.07344799848794936,0.05726615514762112,0.01618184334032824,0.026653329998332264,0.03222421449779651,-0.1256311610215025,-0.05387533263709421,0.0717558283844083
60-69,0.21,0.67,0.12,0.22483303166014984,0.03826357091389209,0.008120182329262038,0.039507856374548955,0.07344799848794936,0.057207633829425286,0.016240364658524076,0.026810445725500325,0.039191835884530825,-0.1256311610215025,-0.05651980219711783,0.06911135882438468
60-69,0.21,0.672,0.15,0.17583554423323355,0.021335566292951552,0.00814944298835979,0.021450991874718106,0.07344799848794936,0.05714911251122978,0.01629888597671958,0.026810445725500325,0.043726422218150866,-0.1256311610215025,-0.05916427175714134,0.06646688926436117
60-69,0.21,0.674,0.18,0.19766946688010806,0.030436040570032352,0.008178703647457708,0.024122603258395197,0.07344799848794936,0.057090591193033946,0.016357407294915416,0.027305677065401594,0.045325489517488916,-0.1256311610215025,-0.06180874131716496,0.06382241970433755
60-69,0.21,0.67,0.21,0.2631233168154227,0.05088021596338424,0.008653928292418733,0.047847187235229495,0.07344799848794936,0.05703206987483844,0.01641592861311092,0.02725435744977303,0.045939090108533906,-0.1256311610215025,-0.06445321087718858,0.06117795014431393
60-69,0.21,0.67,0.24,0.34864513319822,0.07852593372118119,0.00900749797802386,0.07577980281628499,0.07344799848794936,0.05697354855664272,0.016474449931306645,0.027217641337926375,0.0488098350745011,-0.1256311610215025,-0.0670976804372122,0.05853348058429031
70-79,0.21,0.743,0.0,0.5297873616063516,0.12488749419490686,0.008510539339246725,0.10734999052972645,0.0786145418861075,0.06159346320761405,0.01702107867849345,0.0736350057447406,0.08654312503248589,-0.12891993567140259,-0.04942273565301669,0.0794972000183859
70-79,0.21,0.74,0.03,0.4198852936003143,0.10605505072044477,0.00786186498044944,0.1007256367498298,0.0786145418861075,0.06289081192520862,0.01572372996089888,0.030197943202004463,0.0325325207831539,-0.12891993567140259,-0.04739992231727985,0.08152001335412273
70-79,0.21,0.746,0.06,0.3363168874168053,0.0800588624118663,0.007213190621652266,0.0810784058046952,0.0786145418861075,0.06418816064280297,0.014426381243304531,0.030083224571192474,0.02121905880053713,-0.12891993567140259,-0.045377108981543235,0.08354282668985935
70-79,0.21,0.735,0.09,0.26322261416140824,0.0535992930210875,0.006564516262855036,0.05717233728338037,0.0786145418861075,0.06548550936039743,0.013129032525710072,0.030954909297441234,0.030127638138137403,-0.12891993567140259,-0.04335429564580662,0.08556564002559597
70-79,0.21,0.735,0.12,0.19212438296767634,0.029155936118282537,0.005915841904057861,0.032594006423297905,0.0786145418861075,0.06678285807799178,0.011831683808115723,0.03203466293625152,0.03707867743334295,-0.12891993567140259,-0.04133148231006978,0.08758845336133281
70-79,0.21,0.739,0.15,0.1695885988428339,0.02241251103594221,0.0052671675452606315,0.023755079102783423,0.0786145418861075,0.06808020679558624,0.010534335090521263,0.03241963060654576,0.04105714722541608,-0.12891993567140259,-0.03930866897433327,0.08961126669706931
70-79,0.21,0.739,0.18,0.2056592329251145,0.037294299512398245,0.004618493186463346,0.03099754719905079,0.0786145418861075,0.06937755551318081,0.009236986372926692,0.032824266155770776,0.04405529932853367,-0.12891993567140259,-0.03728585563859643,0.09163408003280615
70-79,0.21,0.738,0.21,0.2823127211072691,0.06345156066861134,0.003969818827666116,0.05628431156566462,0.0786145418861075,0.07067490423077527,0.007939637655332232,0.03295804072855179,0.04721750870929801,-0.12891993567140259,-0.035263042302859815,0.09365689336854277
70-79,0.21,0.737,0.24,0.3619735684482732,0.09067837494083288,0.0036610121392345873,0.08306122964942621,0.0786145418861075,0.07197225294836962,0.0066422889377378835,0.03296422394172351,0.04872926415507296,-0.12891993567140259,-0.0332402289671232,0.09567970670427939
80-89,0.21,0.901,0.0,0.7615206115061812,0.20767499655464772,0.011293195334947492,0.1856916615707711,0.0865611292410422,0.06397473857114722,0.022586390669894985,0.04010735593379349,0.044846077943899554,-0.21020642647712207,-0.05408023291068853,0.15612619356643354
80-89,0.21,0.896,0.03,0.6812538352639224,0.18877527298125435,0.010917173230351407,0.17938287778089332,0.0865611292410422,0.06472678278033939,0.021834346460702814,0.015433729296576392,0.015216037524324722,-0.21020642647712207,-0.05145250908960175,0.15875391738752032
80-89,0.21,0.895,0.06,0.6084806732999932,0.16282278975237502,0.010541151125755432,0.159546669666051,0.0865611292410422,0.06547882698953134,0.021082302251510865,0.015472556349873165,0.015946438530094923,-0.21020642647712207,-0.04882478526851475,0.16138164120860732
80-89,0.21,0.904,0.09,0.5376321364686707,0.13645537873359634,0.010165129021159347,0.13570524428723804,0.0865611292410422,0.0662308711987235,0.020330258042318694,0.017011760637864633,0.024689518681237286,-0.21020642647712207,-0.04619706144742752,0.16400936502969454
80-89,0.21,0.89,0.12,0.45915270187875346,0.10998490555657159,0.009789106916563373,0.10992740588057263,0.0865611292410422,0.06698291540791546,0.019578213833126745,0.017770762504743586,0.026634919894120368,-0.21020642647712207,-0.043569337626340965,0.1666370888507811
80-89,0.21,0.889,0.15,0.3803727129698693,0.08281036055095076,0.009413084811967287,0.08446372100220649,0.0865611292410422,0.06773495961710763,0.018826169623934574,0.017849369736772237,0.030091831943472546,-0.21020642647712207,-0.04094161380525407,0.169264812671868
80-89,0.21,0.89,0.18,0.30877699287072147,0.05930179405626191,0.009037062707371368,0.05984245225658056,0.0865611292410422,0.06848700382629946,0.018074125414742737,0.018259244234085936,0.032007760022809535,-0.21020642647712207,-0.03831388998416685,0.17189253649295522
80-89,0.21,0.9,0.21,0.26547685808680643,0.04577570444976374,0.008661040602775283,0.0441492973071837,0.0865611292410422,0.06923904803549163,0.017322081205550566,0.01849864859928964,0.033240691847051,-0.21020642647712207,-0.03568616616307996,0.1745202603140421
80-89,0.21,0.89,0.24,0.2512550177856455,0.04163260067516276,0.008285018498179197,0.039399751575333354,0.0865611292410422,0.0699910922446838,0.016570036996358395,0.018926172354705024,0.0335064955463689,-0.21020642647712207,-0.033058442341992955,0.1771479841351291
20-29,0.22,0.572,0.0,0.40448899138461836,0.0949208380527592,0.002485346521709564,0.07866666398266704,0.04374684900583592,0.04871754204925505,0.004970693043419128,0.06957154590779194,0.10494799780770668,-0.06449539092603063,-0.03420818750003218,0.030287203425998444
20-29,0.22,0.57,0.03,0.2656019763357315,0.07474755435895103,0.0024184632157502883,0.06989309549543142,0.04374684900583592,0.048583775437336496,0.004836926431500577,0.01685823241030919,0.02052123199436172,-0.06449539092603063,-0.03296358041814895,0.031531810507881675
20-29,0.22,0.573,0.06,0.1891667964687653,0.047833574021718346,0.002351579909791013,0.04761254968905129,0.04374684900583592,0.048450008825417945,0.004703159819582026,0.01782694589659147,0.019560055909058995,-0.06449539092603063,-0.03171897333626561,0.03277641758976502
20-29,0.22,0.568,0.09,0.12545539048515245,0.02287394573525458,0.0029554036938174155,0.02420680050002243,0.04374684900583592,0.048316242213499505,0.004569393207663586,0.01885205559083676,0.030026427664437853,-0.06449539092603063,-0.030474366254382268,0.03402102467164836
20-29,0.22,0.568,0.12,0.11807425346438014,0.019094340800655286,0.0028684808534366613,0.019595892668563163,0.04374684900583592,0.048182475601581065,0.004435626595745146,0.019302849530574488,0.03628484212329683,-0.06449539092603063,-0.029229759172498926,0.0352656317535317
20-29,0.22,0.57,0.15,0.18549534299921183,0.0426726933290576,0.002150929991913353,0.040416092162650734,0.04374684900583592,0.048048708989662625,0.004301859983826706,0.019437077969694922,0.03730958071101945,-0.06449539092603063,-0.027985152090615695,0.03651023883541493
20-29,0.22,0.571,0.18,0.2707434701887588,0.0710224912661703,0.002084046685954133,0.06823591284317126,0.04374684900583592,0.047914942377744185,0.004168093371908266,0.019641792178922972,0.03826491617164804,-0.06449539092603063,-0.026740545008732464,0.03775484591729816
20-29,0.22,0.571,0.21,0.3547073101158468,0.098710807948613,0.0020168036677646883,0.09593298053357635,0.04374684900583592,0.047780456341365296,0.004033607335529377,0.02005492458225659,0.03929942151671018,-0.06449539092603063,-0.02549593792684912,0.038999452999181505
20-29,0.22,0.566,0.24,0.43740345979034184,0.12485906617986718,0.0038508625341485136,0.12281321546146019,0.04374684900583592,0.047019951776603564,0.003273102770767644,0.020014994379214786,0.04018628635109649,-0.06449539092603063,-0.022587513300490025,0.0419078776255406
30-39,0.22,0.615,0.0,0.4717105076870083,0.10905834081363094,0.00334038708018336,0.09357499112724767,0.0573742659002322,0.05069349173986548,0.00668077416036672,0.09018647348688158,0.10360356095995531,-0.10704012899392612,-0.038317709041960635,0.06872241995196549
30-39,0.22,0.609,0.03,0.333638033112178,0.08979827108618085,0.0034652781376981467,0.08568527714236734,0.0573742659002322,0.05044370962483591,0.0069305562753962935,0.028432375911977486,0.020790649165533814,-0.10704012899392612,-0.036018648429442135,0.07102148056448399
30-39,0.22,0.611,0.06,0.2724398870908749,0.06351553911044959,0.003590169195212989,0.0638097975043444,0.0573742659002322,0.050193927509806224,0.007180338390425978,0.02570603042089537,0.03849979425287346,-0.10704012899392612,-0.033719587816923746,0.07332054117700237
30-39,0.22,0.611,0.09,0.20831069768322252,0.03733011410981662,0.0037150602527277754,0.037916295812681744,0.0573742659002322,0.04994414539477665,0.007430120505455551,0.026765649627834516,0.0548747824976578,-0.10704012899392612,-0.031420527204405024,0.0756196017895211
30-39,0.22,0.61,0.12,0.16387546157831184,0.02092534946669792,0.003839951310242562,0.020449826575668194,0.0573742659002322,0.04969436327974708,0.007679902620485124,0.027269030052423905,0.060561396774760794,-0.10704012899392612,-0.029121466591886525,0.0779186624020396
30-39,0.22,0.61,0.15,0.1856089685092681,0.027941529673521488,0.003964842367757293,0.024162456368524265,0.0573742659002322,0.049444581164717616,0.007929684735514586,0.027261694738221945,0.06411882728587542,-0.10704012899392612,-0.026822405979367914,0.0802177230145582
30-39,0.22,0.605,0.18,0.26933315761458204,0.05268351772260243,0.006084520556665918,0.049820031139789916,0.0573742659002322,0.04919479904968793,0.00817946685054427,0.027763285108214374,0.06814303700572073,-0.10704012899392612,-0.024523345366849414,0.0825167836270767
30-39,0.22,0.605,0.21,0.3534250817179302,0.08046916387961459,0.005922513645266969,0.0770245689261297,0.0573742659002322,0.04894501693465869,0.00842924896557351,0.027835229476330853,0.06884944535043473,-0.10704012899392612,-0.022224284754330803,0.08481584423959532
30-39,0.22,0.605,0.24,0.43829646915420495,0.10789486509105153,0.005618100256044312,0.10438776042688734,0.0573742659002322,0.048447390016968406,0.008926875883263796,0.02774887385102318,0.07110815746837658,-0.10704012899392612,-0.019746244034709037,0.08729388495921708
40-49,0.22,0.595,0.0,0.40127193636757386,0.08890833736341741,0.00775674771904078,0.07516666557212424,0.06726351403210296,0.051750018594021396,0.01551349543808156,0.0689245964805018,0.07506962567711166,-0.08152539216243793,-0.0375910231372959,0.04393436902514203
40-49,0.22,0.589,0.03,0.2928509359890824,0.06997676566121189,0.008115932627423272,0.06785128308274462,0.06726351403210296,0.05103164877725641,0.016231865254846545,0.022649503305812228,0.019051878167561567,-0.08152539216243793,-0.038577929999249805,0.04294746216318812
40-49,0.22,0.588,0.06,0.22741035608965007,0.04403129308806636,0.008475117535805765,0.046380365006587376,0.06726351403210296,0.050313278960491425,0.01695023507161153,0.021104501889407365,0.028099079896110955,-0.08152539216243793,-0.039564836861203934,0.04196055530123399
40-49,0.22,0.589,0.09,0.16871864650519167,0.02084323040835493,0.008834302444188369,0.02102378894170868,0.06726351403210296,0.04959490914372622,0.017668604888376738,0.022965191050805547,0.04170209926189358,-0.08152539216243793,-0.04055174372315806,0.040973648439279864
40-49,0.22,0.593,0.12,0.1764752522275587,0.024347402425765004,0.009193487352570862,0.01697557962132439,0.06726351403210296,0.04887653932696123,0.018386974705141723,0.023285188425262934,0.04533955204308835,-0.08152539216243793,-0.04153865058511241,0.03998674157732551
40-49,0.22,0.584,0.15,0.23658437176963548,0.04181798352911823,0.009670012695188857,0.03661554446488977,0.06726351403210296,0.04815816951019625,0.01910534452190671,0.02370232056149775,0.049574702470301775,-0.08152539216243793,-0.04252555744706632,0.038999834715371606
40-49,0.22,0.584,0.18,0.32301025719668963,0.06956073174844372,0.009911857169335903,0.06387828141790204,0.06726351403210296,0.04743979969343115,0.019823714338671805,0.023293775992741045,0.052518999074879814,-0.08152539216243793,-0.04351246430902067,0.038012927853417255
40-49,0.22,0.584,0.21,0.40845120587860606,0.09729708442650256,0.01027104207771845,0.09107095467347519,0.06726351403210296,0.046721429876666054,0.0205420841554369,0.02337092210418748,0.053623818114474024,-0.08152539216243793,-0.0444993711709748,0.03702602099146313
40-49,0.22,0.584,0.24,0.49490829764897204,0.12467186373555622,0.010810509124767387,0.11862925208186224,0.06726351403210296,0.04564249578256818,0.021621018249534774,0.023643180835073756,0.05479532412874812,-0.08152539216243793,-0.04490867282925792,0.03661671933318
50-59,0.22,0.627,0.0,0.35077723996381827,0.08439500167660449,0.005258208224248995,0.06838334120025975,0.06460245427369793,0.05408603782519994,0.01051641644849799,0.04600434762063256,0.06247594004964882,-0.08676449919114704,-0.03798243032193649,0.04878206886921055
50-59,0.22,0.621,0.03,0.2598213056921049,0.06499976874009213,0.005544621644428482,0.06093719767479524,0.06460245427369793,0.053513210984840964,0.011089243288856965,0.01751570723664907,0.020116847126144314,-0.08676449919114704,-0.03967909236066025,0.04708540683048679
50-59,0.22,0.624,0.06,0.18805803935001164,0.03858664966962796,0.00583103506460797,0.039668390086053794,0.06460245427369793,0.05294038414448199,0.01166207012921594,0.017099707599839257,0.021777466052258235,-0.08676449919114704,-0.04137575439938379,0.04538874479176325
50-59,0.22,0.624,0.09,0.12951807702399792,0.01768806290059418,0.006117448484787402,0.016704547128346587,0.06460245427369793,0.052367557304123125,0.012234896969574804,0.01716974082506782,0.028299762779926404,-0.08676449919114704,-0.04307241643810755,0.043692082753039485
50-59,0.22,0.625,0.12,0.14036707567971682,0.021423125923619005,0.006403861904966834,0.01670021352501183,0.06460245427369793,0.05179473046376426,0.012807723809933669,0.018165902124584965,0.030420843515725972,-0.08676449919114704,-0.04476907847683098,0.041995420714316056
50-59,0.22,0.62,0.15,0.21909300366561738,0.046416755134691526,0.007216119537621191,0.042076099429007884,0.06460245427369793,0.051221903623405396,0.013380550650292533,0.018579558659989764,0.03150077945667474,-0.08676449919114704,-0.046465740515554854,0.04029875867559218
50-59,0.22,0.62,0.18,0.304942680162067,0.07449258053153594,0.007533917310186877,0.06885563778304703,0.06460245427369793,0.05064907678304631,0.01395337749065162,0.01889973544788394,0.033369199774815964,-0.08676449919114704,-0.04816240255427828,0.038602096636868755
50-59,0.22,0.621,0.21,0.38881293888536617,0.10234987418469263,0.007263102165505186,0.09665653795639889,0.06460245427369793,0.050076249942687556,0.014526204331010373,0.018644033898274282,0.03377288529050328,-0.08676449919114704,-0.04985906459300182,0.036905434598145215
50-59,0.22,0.62,0.24,0.4746243235792349,0.1296367417817842,0.008080176112155169,0.12414485341199333,0.06460245427369793,0.04934105005652978,0.01526140421716815,0.018644033898274282,0.03516203206486054,-0.08676449919114704,-0.051447359402170934,0.035317139788976104
60-69,0.22,0.678,0.0,0.5628922633548823,0.13978749490082684,0.0066354797142466615,0.1191000033245068,0.07344799848794936,0.06017703905945604,0.013270959428493323,0.07209715667070372,0.09197390934390036,-0.1256311610215025,-0.04812963462164377,0.07750152639985874
60-69,0.22,0.673,0.03,0.4522419394147769,0.11980889646442283,0.006664740373344469,0.11235776361508261,0.07344799848794936,0.060118517741260424,0.013329480746688938,0.028234730386529256,0.036595081636744575,-0.1256311610215025,-0.05077410418166728,0.07485705683983523
60-69,0.22,0.672,0.06,0.35967561072381504,0.09310123694070167,0.006694001032442387,0.09148111126947149,0.07344799848794936,0.06005999642306459,0.013388002064884774,0.02509980079602224,0.014966629547095739,-0.1256311610215025,-0.05341857374169068,0.07221258727981184
60-69,0.22,0.672,0.09,0.29139210778533753,0.06570968253791423,0.006723261691540083,0.0660379046463867,0.07344799848794936,0.060001475104869195,0.013446523383080167,0.025930676813380685,0.03098386676965931,-0.1256311610215025,-0.05606304330171441,0.0695681177197881
60-69,0.22,0.673,0.12,0.2156929093293954,0.03890091042842006,0.006752522350637946,0.038680693554869174,0.07344799848794936,0.05994295378667347,0.013505044701275892,0.026472627372438853,0.03830404678359713,-0.1256311610215025,-0.05870751286173792,0.06692364815976459
60-69,0.22,0.669,0.15,0.16430087006961078,0.020663981835163946,0.00699452895094449,0.021003579750060047,0.07344799848794936,0.059884432468477744,0.013563566019471618,0.02701110882581459,0.041703716860730745,-0.1256311610215025,-0.06135198242176143,0.06427917859974108
60-69,0.22,0.671,0.18,0.18840466158301722,0.0300217353607652,0.006811043668833672,0.024479031895244457,0.07344799848794936,0.05982591115028202,0.013622087337667343,0.027305677065401594,0.04527250821414689,-0.1256311610215025,-0.06399645198178505,0.06163470903971746
60-69,0.22,0.668,0.21,0.25756481315631397,0.050834397417227895,0.008701668322154632,0.04809406574613923,0.07344799848794936,0.059767389832086515,0.013680608655862847,0.02725435744977303,0.04621688003316534,-0.1256311610215025,-0.06664092154180867,0.05899023947969384
60-69,0.22,0.668,0.24,0.34211908395000223,0.07866521893648828,0.00905523800775987,0.07576811103837217,0.07344799848794936,0.05970886851389079,0.013739129974058573,0.027217641337926375,0.04764871456818114,-0.1256311610215025,-0.0692853911018323,0.05634576991967022
70-79,0.22,0.742,0.0,0.5174165962265382,0.1243124942157402,0.00704402831049411,0.10551665718139312,0.0786145418861075,0.06452648526511928,0.01408805662098822,0.0736350057447406,0.08654312503248589,-0.12891993567140259,-0.05177619925554111,0.07714373641586147
70-79,0.22,0.733,0.03,0.4086908365229253,0.1057163538363835,0.0063953539516967695,0.09923671689816839,0.0786145418861075,0.06582383398271396,0.012790707903393539,0.030403036310361495,0.03287484353163877,-0.12891993567140259,-0.049753385919804494,0.07916654975159809
70-79,0.22,0.735,0.06,0.32469760997262004,0.07980569855821787,0.0057466795928995396,0.08013323712423996,0.0786145418861075,0.06712118270030842,0.011493359185799079,0.030023324266309978,0.020218527026077904,-0.12891993567140259,-0.047730572584067765,0.08118936308733482
70-79,0.22,0.737,0.09,0.2519593961680394,0.05336339710425489,0.00509800523410231,0.056375533442768855,0.0786145418861075,0.06841853141790288,0.01019601046820462,0.030662785418366898,0.02951280039626083,-0.12891993567140259,-0.04570775924833115,0.08321217642307144
70-79,0.22,0.733,0.12,0.18344010979638367,0.02908034710472972,0.005515779295550971,0.032171912352612374,0.0786145418861075,0.06971588013549723,0.00889866175061027,0.03195957480363019,0.03598678173396296,-0.12891993567140259,-0.04368494591259442,0.08523498975880817
70-79,0.22,0.737,0.15,0.15949088463379976,0.022169170980971303,0.00380065651650785,0.02396961839916863,0.0786145418861075,0.0710132288530918,0.0076013130330157,0.032246433115383145,0.04058842378975158,-0.12891993567140259,-0.04166213257685791,0.08725780309454467
70-79,0.22,0.736,0.18,0.19530619737416158,0.036923271753235704,0.00315198215771062,0.03133369278221101,0.0786145418861075,0.07231057757068626,0.00630396431542124,0.0329095739881284,0.04325216938344112,-0.12891993567140259,-0.03963931924112096,0.08928061643028162
70-79,0.22,0.736,0.21,0.2729435979224172,0.06355916380849638,0.0025484985481163402,0.05639453156117039,0.0786145418861075,0.07360792628828072,0.00500661559782678,0.032824266155770776,0.046776693243970484,-0.12891993567140259,-0.037616505905384456,0.09130342976601813
70-79,0.22,0.735,0.24,0.3559757178539072,0.09075615178053446,0.0035594049656381688,0.0837500698472023,0.0786145418861075,0.07490527500587507,0.0037092668802324313,0.03296422394172351,0.04848310401012577,-0.12891993567140259,-0.03559369256964784,0.09332624310175475
80-89,0.22,0.885,0.0,0.7488375508989855,0.20714166325214772,0.009769987273729741,0.18385832823243775,0.0865611292410422,0.06702115469358272,0.019539974547459482,0.04010735593379349,0.044846077943899554,-0.21020642647712207,-0.056655482096911736,0.15355094438021033
80-89,0.22,0.889,0.03,0.6708507439704372,0.1884458469964805,0.009393965169133656,0.17782499461613252,0.0865611292410422,0.06777319890277489,0.01878793033826731,0.01579240323699976,0.017105860903623392,-0.21020642647712207,-0.054027758275824955,0.1561786682012971
80-89,0.22,0.893,0.06,0.5970902544870992,0.16265831035895734,0.00901794306453757,0.15873772082340712,0.0865611292410422,0.06852524311196706,0.01803588612907514,0.015537052487521576,0.01527750707892698,-0.21020642647712207,-0.051400034454738064,0.158806392022384
80-89,0.22,0.897,0.09,0.5260788797606135,0.13632761175769698,0.008641920959941596,0.13508410610415192,0.0865611292410422,0.06927728732115901,0.01728384191988319,0.016822603841260737,0.023624257999893414,-0.21020642647712207,-0.048772310633651395,0.16143411584347067
80-89,0.22,0.898,0.12,0.44864467255905727,0.10997245040342132,0.008265898855345621,0.10936473507424653,0.0865611292410422,0.07002933153035096,0.016531797710691243,0.01731473361042556,0.02675575576605603,-0.21020642647712207,-0.04614458681256395,0.16406183966455812
80-89,0.22,0.888,0.15,0.36996202674465434,0.0827836218205645,0.007889876750749703,0.08382935491967314,0.0865611292410422,0.0707813757395428,0.015779753501499405,0.017849369736772237,0.030172122586075517,-0.21020642647712207,-0.04351686299147717,0.1666895634856449
80-89,0.22,0.887,0.18,0.29708060748871423,0.058936482160419884,0.007513854646153617,0.059505558913676204,0.0865611292410422,0.07153341994873497,0.015027709292307234,0.01813835714721707,0.030960607969313412,-0.21020642647712207,-0.040889139170390276,0.1693172873067318
80-89,0.22,0.898,0.21,0.2554553373792474,0.045764571917900336,0.007137832541557421,0.04412589611695624,0.0865611292410422,0.07228546415792736,0.014275665083114841,0.018368451213970124,0.03307043171760835,-0.21020642647712207,-0.038261415349303385,0.17194501112781868
80-89,0.22,0.888,0.24,0.24139326993581578,0.04157392575830477,0.006761810436961446,0.03950735328640644,0.0865611292410422,0.07303750836711931,0.013523620873922892,0.018788294228055953,0.0335064955463689,-0.21020642647712207,-0.03563369152821616,0.1745727349489059
20-29,0.23,0.571,0.0,0.40831022987974364,0.09441250472442587,0.0035925633864653528,0.07724999734933372,0.04374684900583592,0.050931975778766625,0.0071851267729307056,0.06957154590779194,0.10494799780770668,-0.06449539092603063,-0.03576310511367009,0.028732285812360536
20-29,0.23,0.569,0.03,0.2734303934557841,0.07450328896586048,0.0035256800805060773,0.06896456761311512,0.04374684900583592,0.050798209166848074,0.007051360161012155,0.016917446615845995,0.024469627861903567,-0.06449539092603063,-0.03451849803178686,0.029976892894243767
20-29,0.23,0.572,0.06,0.1937168324273788,0.04764646906054054,0.0034587967745468573,0.04698780857112767,0.04374684900583592,0.050664442554929634,0.006917593549093715,0.01754422982065612,0.01880775357803878,-0.06449539092603063,-0.03327389094990352,0.03122149997612711
20-29,0.23,0.567,0.09,0.12861001019079538,0.022968646917526,0.0033919134685876373,0.024105135850109278,0.04374684900583592,0.050530675943011194,0.006783826937175275,0.01891560202584099,0.027522362555580174,-0.06449539092603063,-0.032029283868020064,0.03246610705801056
20-29,0.23,0.566,0.12,0.12281754345085925,0.019159267309481233,0.003422375103692865,0.01947582546443054,0.04374684900583592,0.05039690933109264,0.006650060325256724,0.01924058211177613,0.03577379055827412,-0.06449539092603063,-0.030784676786136944,0.03371071413989368
20-29,0.23,0.568,0.15,0.19180830999137793,0.04254839033996383,0.0032581468566691973,0.04054675073747005,0.04374684900583592,0.050263142719174314,0.006516293713338395,0.019437077969694922,0.03754470419156441,-0.06449539092603063,-0.02954006970425349,0.034955321221777136
20-29,0.23,0.564,0.18,0.27560423177858784,0.06930562573324815,0.005248529422931469,0.06668349813634221,0.04374684900583592,0.05012937610725576,0.006382527101419844,0.019641792178922972,0.037568654615560186,-0.06449539092603063,-0.02829546262237026,0.03619992830366037
20-29,0.23,0.565,0.21,0.3580552755086227,0.09736121088291064,0.004149845019057408,0.09451036631567694,0.04374684900583592,0.04997208636835049,0.0062252373625145685,0.02005492458225659,0.03824496870195513,-0.06449539092603063,-0.027050855540486918,0.03744453538554371
20-29,0.23,0.565,0.24,0.44148766140127993,0.12528736716483138,0.0034040851358828617,0.12307920995666506,0.04374684900583592,0.04921350658079282,0.005466657574956901,0.02005492458225659,0.03996554180225839,-0.06449539092603063,-0.024132938724228725,0.0403624522018019
30-39,0.23,0.609,0.0,0.4618289970565498,0.10852500749113092,0.0021882622679136876,0.09210832452724764,0.0573742659002322,0.05299774136440483,0.004376524535827375,0.09018647348688158,0.10360356095995531,-0.10704012899392612,-0.04005942308932253,0.06698070590460359
30-39,0.23,0.608,0.03,0.32401437848360976,0.08956762279737518,0.0023433466422438376,0.08473854305465352,0.0573742659002322,0.05274795924937514,0.004626306650857059,0.028872131892189696,0.019260367563504934,-0.10704012899392612,-0.03776036247680403,0.06927976651712209
30-39,0.23,0.61,0.06,0.2636252435119433,0.06341991037850846,0.0024380443829432608,0.06317489026065704,0.0573742659002322,0.05249817713434568,0.0048760887658865215,0.0259538051160133,0.037480875808257326,-0.10704012899392612,-0.03546130186428553,0.07157882712964059
30-39,0.23,0.61,0.09,0.1975634869126736,0.03693727272439979,0.0025629354404580473,0.037737328386172796,0.0573742659002322,0.05224839501931611,0.005125870880916095,0.026290682760247933,0.05194558282571893,-0.10704012899392612,-0.03316224125176692,0.0738778877421592
30-39,0.23,0.609,0.12,0.15542380626928237,0.020753154035757233,0.0026878264979728894,0.02046981734698028,0.0573742659002322,0.05199861290428642,0.005375652995945779,0.027180875629751113,0.05958139594587376,-0.10704012899392612,-0.030863180639248422,0.0761769483546777
30-39,0.23,0.608,0.15,0.1772082006864673,0.02770779825975666,0.0028127175554876205,0.02427093533692315,0.0573742659002322,0.05174883078925696,0.005625435110975241,0.027261694738221945,0.06319401851492673,-0.10704012899392612,-0.02856412002672981,0.07847600896719631
30-39,0.23,0.609,0.18,0.2641123062515033,0.05464331145359054,0.002937608613002407,0.05220620518723434,0.0573742659002322,0.05149904867422739,0.005875217226004814,0.027705595102794633,0.06792968204366323,-0.10704012899392612,-0.02626505941421131,0.08077506957971481
30-39,0.23,0.608,0.21,0.34757715540992845,0.08209316089967202,0.003062499670517138,0.07883335299045398,0.0573742659002322,0.051249266559197926,0.006124999341034276,0.027835229476330853,0.06866178041440502,-0.10704012899392612,-0.02396599880169259,0.08307413019223353
30-39,0.23,0.604,0.24,0.4332276334057231,0.10829017727028595,0.005064603987970484,0.10495814087933787,0.0573742659002322,0.05074553794388892,0.006628727956343283,0.02774887385102318,0.07072151181465983,-0.10704012899392612,-0.021492515751208696,0.08554761324271742
40-49,0.23,0.59,0.0,0.39125461162107084,0.08839167069091741,0.006580610932812925,0.07366666560545755,0.06726351403210296,0.054102292166477106,0.01316122186562585,0.0689245964805018,0.07506962567711166,-0.08152539216243793,-0.0392997060071727,0.04222568615526523
40-49,0.23,0.588,0.03,0.28475516100718856,0.06966297281754254,0.0069397958411955285,0.0667198421484315,0.06726351403210296,0.0533839223497119,0.013879591682391057,0.02286919325205852,0.020435075636189154,-0.08152539216243793,-0.040286612869126937,0.04123877929331099
40-49,0.23,0.587,0.06,0.21890603839404502,0.04390823228504874,0.007298980749578021,0.045691452969134204,0.06726351403210296,0.05266555253294691,0.014597961499156042,0.02093322717595161,0.028099539548706927,-0.08152539216243793,-0.041273519731081065,0.04025187243135686
40-49,0.23,0.588,0.09,0.1608993348852017,0.02085390723776842,0.0076581656579605695,0.021085633237886925,0.06726351403210296,0.05194718271618182,0.015316331315921139,0.022825424421026634,0.04123725282820069,-0.08152539216243793,-0.042260426593035194,0.03926496556940273
40-49,0.23,0.587,0.12,0.16797118481975265,0.023953682422795584,0.008017350566343062,0.016943798285182905,0.06726351403210296,0.05122881289941683,0.016034701132686124,0.023017384734152553,0.04525028166264243,-0.08152539216243793,-0.043247333454989434,0.03827805870744849
40-49,0.23,0.582,0.15,0.23219695249241012,0.04155256064154479,0.010038009994455865,0.03718492357368888,0.06726351403210296,0.050510443082651846,0.01675307094945111,0.023643180835073756,0.04957382315854301,-0.08152539216243793,-0.044234240316943674,0.03729115184549425
40-49,0.23,0.583,0.18,0.31622153399075825,0.06963837577339686,0.009223041200544901,0.06397115839120983,0.06726351403210296,0.04979207326588686,0.017471440766216095,0.023370922104187484,0.051764183761671925,-0.08152539216243793,-0.0452211471788978,0.036304244983540124
40-49,0.23,0.582,0.21,0.40320108874001936,0.09701215185260331,0.010408072406633995,0.09129332081352581,0.06726351403210296,0.049073703449121764,0.018189810582981192,0.02337092210418748,0.05356387021275516,-0.08152539216243793,-0.04620805404085193,0.035317338121585995
40-49,0.23,0.582,0.24,0.48806362563453753,0.12443556215731201,0.01029595302070041,0.11849060803218829,0.06726351403210296,0.04797777428156147,0.019285739750541486,0.02342221168036868,0.05479532412874812,-0.08152539216243793,-0.04660175692845414,0.034923635233983785
50-59,0.23,0.626,0.0,0.3404735860030874,0.08388833500577114,0.0040289800918581475,0.06690000790192642,0.06460245427369793,0.056544494089981634,0.008057960183716295,0.04600434762063256,0.06247594004964882,-0.08676449919114704,-0.03970890442747932,0.04705559476366772
50-59,0.23,0.625,0.03,0.25261035068453885,0.06478940418942367,0.004315393512037524,0.05984324959699814,0.06460245427369793,0.05597166724962288,0.008630787024075048,0.018088670487352035,0.022549150948741537,-0.08676449919114704,-0.04140556646620275,0.04535893272494429
50-59,0.23,0.622,0.06,0.1795273677184714,0.03839692475664065,0.004601806932217012,0.039045905957148186,0.06460245427369793,0.055398840409263905,0.009203613864434024,0.01727425830535136,0.022032098440678664,-0.08676449919114704,-0.0431022285049264,0.04366227068622064
50-59,0.23,0.622,0.09,0.11980072348700041,0.017374841727703604,0.004888220352396444,0.016459674227574977,0.06460245427369793,0.05482601356890504,0.009776440704792888,0.01716974082506782,0.026914361486975284,-0.08676449919114704,-0.04479889054365027,0.041965608647496766
50-59,0.23,0.623,0.12,0.1323519595742127,0.02109704725302787,0.005174633772575987,0.016967417419849657,0.06460245427369793,0.054253186728545955,0.010349267545151974,0.018165902124584965,0.030656609731154007,-0.08676449919114704,-0.04649555258237348,0.04026894660877356
50-59,0.23,0.623,0.15,0.21329859631348919,0.04722780574997233,0.005461047192755475,0.04376619289050226,0.06460245427369793,0.05368035988818698,0.01092209438551095,0.018579558659989764,0.03117021105866949,-0.08676449919114704,-0.04819221462109746,0.038572284570049575
50-59,0.23,0.623,0.18,0.29961818954429076,0.07524738844655039,0.005747460612934907,0.07108712860206595,0.06460245427369793,0.053107533047828115,0.011494921225869814,0.01889973544788394,0.033176996019654736,-0.08676449919114704,-0.04988887665982089,0.03687562253132615
50-59,0.23,0.623,0.21,0.3837306451449224,0.10295018688478585,0.006033874033114395,0.09818060613649911,0.06460245427369793,0.05253470620746914,0.01206774806622879,0.018644033898274282,0.03377288529050328,-0.08676449919114704,-0.05158553869854465,0.035178960492602385
50-59,0.23,0.619,0.24,0.4675925710676724,0.1295647945316255,0.007334328140378044,0.12425761078665336,0.06460245427369793,0.05179437997785741,0.012808074295840521,0.018644033898274282,0.034933910033188235,-0.08676449919114704,-0.05317203170593676,0.033592467485210276
60-69,0.23,0.677,0.0,0.5513227091953171,0.13924582824332685,0.005267819735622736,0.11736667001784014,0.07344799848794936,0.06291235901670389,0.010535639471245473,0.07209715667070372,0.09197390934390036,-0.1256311610215025,-0.05031734528626375,0.07531381573523876
60-69,0.23,0.672,0.03,0.4447548236427925,0.11952018724138311,0.005297080394720544,0.1109313492452726,0.07344799848794936,0.06285383769850827,0.010594160789441087,0.02839013913315675,0.04085094858139773,-0.1256311610215025,-0.05296181484628737,0.07266934617521514
60-69,0.23,0.67,0.06,0.34836942980580693,0.0929907435878273,0.005326341053818295,0.09064638879258803,0.07344799848794936,0.06279531638031277,0.01065268210763659,0.02501999200639358,0.013023056476879739,-0.1256311610215025,-0.05560628440631088,0.07002487661519163
60-69,0.23,0.67,0.09,0.28193293041094375,0.06553155446026082,0.005355601712916158,0.06554176340093389,0.07344799848794936,0.06273679506211705,0.010711203425832316,0.025760434778939557,0.031292171544972686,-0.1256311610215025,-0.0582507539663345,0.06738040705516801
60-69,0.23,0.671,0.12,0.20641325767251603,0.03863148626595396,0.0053848623720139654,0.03869277776082095,0.07344799848794936,0.06267827374392143,0.010769724744027931,0.026472627372438853,0.03830404678359713,-0.1256311610215025,-0.06089522352635801,0.0647359374951445
60-69,0.23,0.672,0.15,0.15477293458032254,0.020880468148115124,0.005414123031111828,0.020827275432757603,0.07344799848794936,0.0626197524257257,0.010828246062223656,0.027107194616927784,0.04083136049655948,-0.1256311610215025,-0.06353969308638163,0.06209146793512088
60-69,0.23,0.673,0.18,0.18136288207195123,0.030594896222697787,0.00544338369020958,0.02477978326456176,0.07344799848794936,0.0625612311075302,0.01088676738041916,0.027305677065401594,0.04562455479234836,-0.1256311610215025,-0.06618416264640514,0.05944699837509737
60-69,0.23,0.671,0.21,0.24983212533524432,0.05270147369752415,0.005472644349307443,0.04977138377757976,0.07344799848794936,0.06250270978933448,0.010945288698614886,0.02725435744977303,0.045325489517488916,-0.1256311610215025,-0.06882863220642887,0.05680252881507364
60-69,0.23,0.672,0.24,0.33452669432097487,0.0807862586895571,0.00550190500840525,0.07790629568227148,0.07344799848794936,0.06244418847113886,0.0110038100168105,0.02725435744977303,0.04649301022734491,-0.1256311610215025,-0.07147310176645238,0.05415805925505013
70-79,0.23,0.741,0.0,0.505045830846724,0.12373749423657353,0.005577517281741384,0.1036833238330598,0.0786145418861075,0.06745950732262473,0.011155034563482769,0.0736350057447406,0.08654312503248589,-0.12891993567140259,-0.05412966285806575,0.07479027281333683
70-79,0.23,0.736,0.03,0.3972310623093672,0.10539922385169662,0.004928842922944043,0.0978197920709114,0.0786145418861075,0.06875685604021942,0.009857685845888087,0.030540867978647218,0.032754745961075145,-0.12891993567140259,-0.052106849522329135,0.07681308614907345
70-79,0.23,0.738,0.06,0.3139654821176491,0.07961423041952387,0.004280168564146758,0.0793066341589831,0.0786145418861075,0.07005420475781399,0.008560337128293516,0.029929924834533057,0.02010058459502481,-0.12891993567140259,-0.050084036186592296,0.07883589948481029
70-79,0.23,0.736,0.09,0.24112410102945533,0.053222716089219566,0.0036314942053495836,0.055700963358288245,0.0786145418861075,0.07135155347540834,0.007262988410699167,0.030662785418366898,0.02885689246174707,-0.12891993567140259,-0.04806122285085579,0.0808587128205468
70-79,0.23,0.735,0.12,0.17358129096597838,0.029728548857655024,0.0029828198465524647,0.033192899688769005,0.0786145418861075,0.07264890219300257,0.005965639693104929,0.03195957480363019,0.035112274055598025,-0.12891993567140259,-0.04603840951511895,0.08288152615628364
70-79,0.23,0.735,0.15,0.14964241164105244,0.02197540588946645,0.0023341454877551793,0.024001992752143948,0.0786145418861075,0.07394625091059714,0.0046682909755103585,0.03203466293625152,0.04058842378975158,-0.12891993567140259,-0.04401559617938233,0.08490433949202025
70-79,0.23,0.734,0.18,0.1860100587643069,0.03642451189287954,0.002435984956998205,0.03177234233179819,0.0786145418861075,0.0752435996281916,0.0033709422579158987,0.032775485483282754,0.04220707635778784,-0.12891993567140259,-0.041992782843645826,0.08692715282775676
70-79,0.23,0.734,0.21,0.2665391970730399,0.06376548430530984,0.002446891374519866,0.05690586502803998,0.0786145418861075,0.07654094834578629,0.002073593540321217,0.032824266155770776,0.04588235864791906,-0.12891993567140259,-0.03996996950790899,0.0889499661634936
70-79,0.23,0.733,0.24,0.34904086554364677,0.09078706688848551,0.0034577977920416947,0.08380978465056262,0.0786145418861075,0.07783829706338063,0.0007762448227268681,0.03288514024091852,0.04800412918841225,-0.12891993567140259,-0.03794715617217237,0.09097277949923022
80-89,0.23,0.884,0.0,0.7361544902917898,0.20660832994964773,0.00824677921251199,0.1820249948941044,0.0865611292410422,0.07006757081601822,0.01649355842502398,0.04010735593379349,0.044846077943899554,-0.21020642647712207,-0.059230731283135385,0.15097569519398668
80-89,0.23,0.892,0.03,0.6604868656307818,0.1882607453017452,0.007870757107915904,0.1763392423336357,0.0865611292410422,0.07081961502521039,0.01574151421583181,0.01579240323699976,0.018806044898522563,-0.21020642647712207,-0.05660300746204838,0.15360341901507368
80-89,0.23,0.886,0.06,0.5855112456492234,0.16247382391352855,0.00749473500331993,0.15775293978544072,0.0865611292410422,0.07157165923440234,0.01498947000663986,0.015537052487521576,0.014687914752006719,-0.21020642647712207,-0.05397528364096127,0.1562311428361608
80-89,0.23,0.895,0.09,0.5144397143850598,0.13621927309842985,0.007118712898723789,0.1343745204298574,0.0865611292410422,0.07232370344359462,0.014237425797447578,0.01631563667161047,0.0227224471545102,-0.21020642647712207,-0.05134755981987427,0.1588588666572478
80-89,0.23,0.896,0.12,0.4378281565379798,0.10978435742739914,0.006742690794127815,0.10898059116807124,0.0865611292410422,0.07307574765278657,0.01348538158825563,0.01731473361042556,0.02639158843406258,-0.21020642647712207,-0.048719835998787375,0.1614865904783347
80-89,0.23,0.885,0.15,0.35880983003836325,0.08266320313952154,0.006366668689531729,0.08328597095671257,0.0865611292410422,0.07382779186197874,0.012733337379063459,0.017770762504743586,0.029444641117586563,-0.21020642647712207,-0.04609211217770015,0.16411431429942192
80-89,0.23,0.885,0.18,0.28643316335652425,0.05853653450194539,0.006311135845828653,0.05933139811654433,0.0865611292410422,0.07457983607117069,0.01198129316987151,0.01813835714721707,0.030252200134604133,-0.21020642647712207,-0.04346438835661337,0.1667420381205087
80-89,0.23,0.89,0.21,0.24455486868768084,0.045672066625124665,0.005614624480339725,0.04380227714170518,0.0865611292410422,0.07533188028036275,0.01122924896067945,0.018368451213970124,0.03225872709507214,-0.21020642647712207,-0.04083666453552681,0.16936976194159525
80-89,0.23,0.886,0.24,0.2328550312303726,0.04170912109670212,0.005811291454003109,0.03954641014987178,0.0865611292410422,0.0760839244895547,0.010477204751487501,0.01876699230031282,0.033240691847051,-0.21020642647712207,-0.038208940714439255,0.1719974857626828
20-29,0.24,0.571,0.0,0.4121314683748686,0.09390417139609254,0.004699780251221086,0.07583333071600037,0.04374684900583592,0.05314640950827809,0.009399560502442172,0.06957154590779194,0.10494799780770668,-0.06449539092603063,-0.037318022727308,0.02717736819872263
20-29,0.24,0.568,0.03,0.2790811116463958,0.07424702057272324,0.004632896945261866,0.06796972026016727,0.04374684900583592,0.05301264289635965,0.009265793890523732,0.017280046296234253,0.02543260213458973,-0.06449539092603063,-0.036073415645424656,0.02842197528060597
20-29,0.24,0.566,0.06,0.19764117000333745,0.047521479230951694,0.004566013639302591,0.04640700119734841,0.04374684900583592,0.0528788762844411,0.009132027278605181,0.017509997144488615,0.016831312460537963,-0.06449539092603063,-0.034828808563541314,0.029666582362489313
20-29,0.24,0.565,0.09,0.1341781918766316,0.022921968256738742,0.004499130333343426,0.023601123891916886,0.04374684900583592,0.05274510967252277,0.008998260666686853,0.018999999999999993,0.027347402813444673,-0.06449539092603063,-0.03358420148165797,0.030911189444372655
20-29,0.24,0.565,0.12,0.12981439447291532,0.019511378423231474,0.004432247027384206,0.019497119414725955,0.04374684900583592,0.05261134306060433,0.008864494054768413,0.019063053270659443,0.03617408037403663,-0.06449539092603063,-0.03233959439977463,0.032155796526256
20-29,0.24,0.566,0.15,0.19768785766697153,0.04243143288543899,0.004365363721424931,0.04055041931127717,0.04374684900583592,0.05247757644868578,0.008730727442849862,0.019437077969694922,0.037351667159179376,-0.06449539092603063,-0.031094987317891398,0.03340040360813923
20-29,0.24,0.562,0.18,0.2806656789490928,0.0692104458325418,0.005802423673187562,0.06668993452717667,0.04374684900583592,0.05234380983676734,0.008596960830931422,0.01954993606127651,0.03775981739393415,-0.06449539092603063,-0.029850380236007834,0.03464501069002279
20-29,0.24,0.564,0.21,0.36309488942794454,0.09767425767268356,0.004217292458580046,0.09474409819085416,0.04374684900583592,0.05218143392299601,0.008434584917160093,0.019834313701260237,0.038411946462181885,-0.06449539092603063,-0.028605773154124714,0.03588961777190591
20-29,0.24,0.564,0.24,0.44671235931586906,0.12547848199649253,0.0038301061895730237,0.12306888284810798,0.04374684900583592,0.05140706138498197,0.0076602123791460475,0.02005492458225659,0.03996554180225839,-0.06449539092603063,-0.025678364147967536,0.03881702677806309
30-39,0.24,0.608,0.0,0.4519474864260916,0.10799167416863095,0.0010361374556440706,0.09064165792724765,0.0573742659002322,0.05530199098894406,0.002072274911288141,0.09018647348688158,0.10360356095995531,-0.10704012899392612,-0.04180113713668465,0.06523899185724147
30-39,0.24,0.611,0.03,0.3162742926160279,0.08925515612815016,0.0022078618291733187,0.08353734421588528,0.0573742659002322,0.0550522088739146,0.0023220570263176032,0.029556725123057823,0.01800523033852205,-0.10704012899392612,-0.03950207652416604,0.06753805246976008
30-39,0.24,0.609,0.06,0.2530448931780485,0.06331977883124237,0.0012859195706735882,0.06255272718246525,0.0573742659002322,0.054802426758885026,0.0025718391413471764,0.0257449024080496,0.034407148579283356,-0.10704012899392612,-0.03720301591164743,0.06983711308227869
30-39,0.24,0.608,0.09,0.18669638401414468,0.03647304388111884,0.0014108106281883748,0.03729849340565158,0.0573742659002322,0.05455264464385545,0.0028216212563767495,0.026076809620810555,0.049219321124027396,-0.10704012899392612,-0.03490395529912871,0.07213617369479741
30-39,0.24,0.607,0.12,0.14706752841064336,0.020298122465500106,0.0015357016857031613,0.02054005504336216,0.0573742659002322,0.05430286252882588,0.0030714033714063227,0.02688494002225034,0.05955431964547715,-0.10704012899392612,-0.03260489468661021,0.07443523430731591
30-39,0.24,0.606,0.15,0.17028213447294838,0.027424662848326592,0.00214411052523078,0.024538629289743468,0.0573742659002322,0.054053080413796306,0.003321185486435896,0.027210292170426947,0.06289982353072839,-0.10704012899392612,-0.03030583407409171,0.07673429491983441
30-39,0.24,0.607,0.18,0.2550445960670882,0.05456275873899222,0.0017854838007327345,0.051983030422789296,0.0573742659002322,0.05380329829876673,0.003570967601465469,0.027705595102794633,0.06614934523657671,-0.10704012899392612,-0.02800677346157321,0.07903335553235291
30-39,0.24,0.607,0.21,0.3410390746645149,0.08234771143596242,0.001910374858247521,0.07931082726514577,0.0573742659002322,0.05355351618373716,0.003820749716495042,0.027835229476330853,0.0684264754714344,-0.10704012899392612,-0.025707712849054487,0.08133241614487163
30-39,0.24,0.607,0.24,0.42681762616317637,0.10998686418589138,0.002151938276665155,0.1068153899339415,0.0573742659002322,0.05307038934690189,0.00430387655333031,0.02765501762790973,0.06980330978125923,-0.10704012899392612,-0.023292580803678686,0.08374754819024743
40-49,0.24,0.589,0.0,0.3812372868745691,0.08787500401841741,0.005404474146585292,0.07216666563879089,0.06726351403210296,0.05645456573893237,0.010808948293170584,0.0689245964805018,0.07506962567711166,-0.08152539216243793,-0.04100838887704983,0.0405170032853881
40-49,0.24,0.587,0.03,0.27616170526138134,0.0693752745347403,0.005763659054967785,0.06558809844341641,0.06726351403210296,0.055736195922167386,0.01152731810993557,0.023078128173662588,0.02109268696798378,-0.08152539216243793,-0.04199529573900396,0.03953009642343397
40-49,0.24,0.585,0.06,0.2089200298480026,0.04366717921873604,0.006122843963350277,0.044954604599674854,0.06726351403210296,0.0550178261054024,0.012245687926700555,0.020566963801203108,0.026632964986376673,-0.08152539216243793,-0.0429822026009582,0.03854318956147973
40-49,0.24,0.586,0.09,0.1520168666448151,0.020779493050828393,0.006482028871732826,0.020664227344065884,0.06726351403210296,0.054299456288637304,0.012964057743465651,0.02258760722166027,0.040291474243978546,-0.08152539216243793,-0.043969109462912215,0.03755628269952571
40-49,0.24,0.591,0.12,0.15903027581616283,0.02367546767395154,0.006841213780115263,0.017057318935441917,0.06726351403210296,0.05358108647187243,0.013682427560230526,0.023017384734152553,0.04389827003420955,-0.08152539216243793,-0.04495601632486668,0.03656937583757125
40-49,0.24,0.585,0.15,0.22509463496864884,0.04316296354475042,0.007200398688497811,0.03909919680104242,0.06726351403210296,0.052862716655107334,0.014400797376995622,0.023456342425877037,0.047791107320367864,-0.08152539216243793,-0.045942923186820694,0.03558246897561723
40-49,0.24,0.581,0.18,0.3112850107528058,0.06951992889289907,0.009591038499812021,0.06432565174435627,0.06726351403210296,0.05214434683834224,0.015119167193760719,0.02370232056149775,0.05066538536845495,-0.08152539216243793,-0.04692983004877471,0.034595562113663214
40-49,0.24,0.585,0.21,0.3968016028852422,0.0983213568793094,0.007918768505262852,0.09296347731398076,0.06726351403210296,0.05142597702157725,0.015837537010525704,0.02337092210418748,0.052793567888059396,-0.08152539216243793,-0.04791673691072895,0.033608655251708974
40-49,0.24,0.581,0.24,0.48181089104260555,0.12448888125082999,0.009662161637588651,0.1187612851122118,0.06726351403210296,0.05032061643970043,0.016942897592402528,0.023541452801388425,0.05438236157976165,-0.08152539216243793,-0.048308482629494054,0.03321690953294387
50-59,0.24,0.625,0.0,0.3302889863574809,0.08338166833493782,0.002859279117029434,0.06541667460359311,0.06460245427369793,0.05900295035476344,0.00559950391893449,0.04600434762063256,0.06247594004964882,-0.08676449919114704,-0.041435378533021594,0.045329120658125444
50-59,0.24,0.623,0.03,0.24321009221314427,0.06450383067033093,0.0030861653796467325,0.058760456872750645,0.06460245427369793,0.058430123514404464,0.006172330759293465,0.018579558659989764,0.0223027836493414,-0.08676449919114704,-0.043132040571745245,0.04363245861940179
50-59,0.24,0.621,0.06,0.16998483865061656,0.03819485075039952,0.0033725787998261647,0.03835061676122542,0.06460245427369793,0.0578572966740456,0.006745157599652329,0.01727425830535136,0.0211839590557199,-0.08676449919114704,-0.04482870261046901,0.04193579658067803
50-59,0.24,0.621,0.09,0.11131074189141787,0.017219942031662043,0.003658992220005597,0.016057250498133446,0.06460245427369793,0.057284469833686735,0.007317984440011194,0.017005881335585067,0.027062572942194142,-0.08676449919114704,-0.04652536464919255,0.04023913454195449
50-59,0.24,0.621,0.12,0.12357663426844553,0.02095015126979919,0.0039454056401850846,0.017029184128024195,0.06460245427369793,0.05671164299332776,0.007890811280370169,0.017720045146669368,0.029972097414093454,-0.08676449919114704,-0.04822202668791631,0.03854247250323073
50-59,0.24,0.622,0.15,0.20614562386186483,0.04742971591085411,0.004231819060364572,0.04416833332659165,0.06460245427369793,0.056138816152968785,0.008463638120729144,0.018275666882497082,0.03117021105866949,-0.08676449919114704,-0.049918688726639626,0.03684581046450741
50-59,0.24,0.621,0.18,0.2910871338923693,0.07513955436101512,0.004518232480543949,0.07125477886866577,0.06460245427369793,0.05556598931261003,0.009036464961087898,0.01889973544788394,0.032275595450695645,-0.08676449919114704,-0.05161535076536339,0.03514914842578365
50-59,0.24,0.622,0.21,0.37659696072322,0.1033038681664814,0.004804645900723492,0.09841718409110449,0.06460245427369793,0.054993162472250945,0.009609291801446984,0.018708286933869722,0.033369199774815964,-0.08676449919114704,-0.05331201280408715,0.03345248638705989
50-59,0.24,0.622,0.24,0.4612811542448443,0.1307925881771405,0.005160061367621649,0.12582652325868474,0.06460245427369793,0.05428233153845463,0.010320122735243298,0.018644033898274282,0.03417161550727832,-0.08676449919114704,-0.05493106780493595,0.031833431386211086
60-69,0.24,0.671,0.0,0.5398864948879675,0.13870416158582682,0.0039001597569987,0.11576667656338986,0.07344799848794936,0.06564767897395196,0.0078003195139974,0.07209715667070372,0.09197390934390036,-0.1256311610215025,-0.05250505595088384,0.07312610507061867
60-69,0.24,0.671,0.03,0.43613565018771394,0.11920153483178764,0.003929420416096507,0.10968437288704651,0.07344799848794936,0.06558915765575635,0.007858840832193015,0.028913664589601894,0.043192591957417904,-0.1256311610215025,-0.05514952551090757,0.07048163551059494
60-69,0.24,0.673,0.06,0.3378983828783315,0.09279359168197637,0.003958681075194315,0.08985200831694752,0.07344799848794936,0.06553063633756073,0.00791736215038863,0.024617067250182315,0.012585706178041785,-0.1256311610215025,-0.05779399507093119,0.06783716595057132
60-69,0.24,0.668,0.09,0.27139842255728397,0.0654156845053437,0.003987941734292233,0.06487119093731641,0.07344799848794936,0.0654721150193649,0.007975883468584466,0.025760434778939557,0.0301197609552267,-0.1256311610215025,-0.0604384646309547,0.06519269639054781
60-69,0.24,0.669,0.12,0.1954523840848799,0.0383865842641396,0.00401720239339004,0.03823992882318006,0.07344799848794936,0.06541359370116928,0.00803440478678008,0.026472627372438853,0.03661693597230657,-0.1256311610215025,-0.06308293419097832,0.06254822683052419
60-69,0.24,0.67,0.15,0.1451440178281047,0.02072727676191561,0.004046463052487792,0.020631555666551726,0.07344799848794936,0.06535507238297378,0.008092926104975584,0.027217641337926375,0.04025916044827559,-0.1256311610215025,-0.06572740375100194,0.05990375727050057
60-69,0.24,0.671,0.18,0.17095214043850107,0.030200538256320752,0.004075723711585655,0.02506967351938405,0.07344799848794936,0.06529655106477805,0.00815144742317131,0.026773120849090393,0.04443422104639619,-0.1256311610215025,-0.06837187331102557,0.05725928771047695
60-69,0.24,0.669,0.21,0.2407927568533058,0.052539990421331687,0.004104984370683518,0.04980786938592477,0.07344799848794936,0.06523802974658233,0.008209968741367035,0.02725435744977303,0.045325489517488916,-0.1256311610215025,-0.07101634287104897,0.05461481815045355
60-69,0.24,0.67,0.24,0.3260465948867335,0.08096369871146417,0.004134245029781325,0.07823964383122278,0.07344799848794936,0.06517950842838671,0.00826849005956265,0.02725435744977303,0.045939090108533906,-0.1256311610215025,-0.07366081243107259,0.05197034859042993
70-79,0.24,0.735,0.0,0.4926750670595291,0.12316249425740686,0.004111006252988547,0.10184999207734648,0.0786145418861075,0.07039252938013041,0.008222012505977094,0.0736350057447406,0.08654312503248589,-0.12891993567140259,-0.056483126460590616,0.07243680921081197
70-79,0.24,0.734,0.03,0.39020294486387397,0.10508844827347782,0.0034623318941913173,0.096366009369583,0.0786145418861075,0.07168987809772487,0.0069246637883826345,0.03078870924363604,0.03850238309830946,-0.12891993567140259,-0.054460313124853554,0.07445962254654903
70-79,0.24,0.736,0.06,0.302751695867476,0.07946413182815247,0.0028136575353940874,0.07862455215170805,0.0786145418861075,0.07298722681531933,0.005627315070788175,0.029889904811036348,0.019001831294678546,-0.12891993567140259,-0.05243749978911705,0.07648243588228554
70-79,0.24,0.734,0.09,0.22979152551445825,0.05290967559370523,0.0021649831765968575,0.055004627793341664,0.0786145418861075,0.07428457553291379,0.004329966353193715,0.030381020549231284,0.028214433193338332,-0.12891993567140259,-0.05041468645338032,0.07850524921802227
70-79,0.24,0.734,0.12,0.16435523789588322,0.03016748855052484,0.0015163088177996276,0.033124191059199205,0.0786145418861075,0.07558192425050825,0.003032617635599255,0.031626166723598255,0.034470823771463634,-0.12891993567140259,-0.0483918731176437,0.08052806255375888
70-79,0.24,0.733,0.15,0.139622587581073,0.02190737623615636,0.001323471365879847,0.023949926749309253,0.0786145418861075,0.07687927296810271,0.0017352689180047953,0.03203466293625152,0.03878050313490944,-0.12891993567140259,-0.046369059781907085,0.0825508758894955
70-79,0.24,0.732,0.18,0.17834168871779993,0.036253125063049674,0.0023343777834016755,0.03181196211859655,0.0786145418861075,0.07817662168569706,0.00043792020041044655,0.032561327676863816,0.041406392480986445,-0.12891993567140259,-0.044346246446170356,0.08457368922523223
70-79,0.24,0.733,0.21,0.2615847816542115,0.06415599170108237,0.0013452842009233912,0.05724843611483558,0.0786145418861075,0.0794739704032914,0.0008594285171839022,0.032824266155770776,0.04473823731049192,-0.12891993567140259,-0.04232343311043352,0.08659650256096907
70-79,0.24,0.731,0.24,0.350659742927261,0.09087975952167032,0.0033561906184452206,0.08382730730704718,0.0786145418861075,0.08077131912088598,0.002156777234778473,0.03295804072855179,0.04721750870929801,-0.12891993567140259,-0.04030061977469701,0.08861931589670557
80-89,0.24,0.888,0.0,0.7234714296845935,0.20607499664714773,0.006723571151294128,0.18019166155577107,0.0865611292410422,0.07311398693845395,0.013447142302588255,0.04010735593379349,0.044846077943899554,-0.21020642647712207,-0.06180598046935826,0.1484004460077638
80-89,0.24,0.885,0.03,0.6502917879876677,0.18804125669677219,0.006347549046698098,0.17482097937608732,0.0865611292410422,0.073866031147646,0.012695098093396195,0.01648635799684092,0.02040370597628579,-0.21020642647712207,-0.059178256648271366,0.1510281698288507
80-89,0.24,0.884,0.06,0.5731665330108715,0.16236160579421216,0.005971526942102123,0.15705688707232837,0.0865611292410422,0.07461807535683795,0.011943053884204247,0.015537052487521576,0.012499697388347778,-0.21020642647712207,-0.056550532827184585,0.15365589364993748
80-89,0.24,0.883,0.09,0.5024152831356722,0.13607258373731582,0.005595504837506038,0.13383382131688204,0.0865611292410422,0.07537011956603012,0.011191009675012076,0.016266530054071162,0.020878794565774107,-0.21020642647712207,-0.05392280900609747,0.1562836174710246
80-89,0.24,0.888,0.12,0.4270421967503874,0.10962847436156375,0.0052194827329100635,0.10851997537322645,0.0865611292410422,0.07612216377522207,0.010438965465820127,0.01731473361042556,0.02608423217110996,-0.21020642647712207,-0.0512950851850108,0.15891134129211126
80-89,0.24,0.888,0.15,0.34828230630852985,0.08283298945940526,0.004843460628313978,0.08278254247147626,0.0865611292410422,0.07687420798441424,0.009686921256627956,0.017770762504743586,0.028670498156917017,-0.21020642647712207,-0.04866736136392358,0.1615390651131985
80-89,0.24,0.883,0.18,0.2789895376972443,0.058469468848559504,0.006081112332554317,0.059118850122718246,0.0865611292410422,0.07762625219360608,0.008934877047436118,0.01813835714721707,0.030385193746995127,-0.21020642647712207,-0.0460396375428368,0.16416678893428527
80-89,0.24,0.893,0.21,0.2336913888109868,0.04549007767905258,0.004091416419121807,0.04332866461515763,0.0865611292410422,0.07837829640279859,0.008182832838243614,0.018259244234085936,0.032007760022809535,-0.21020642647712207,-0.043411913721749906,0.16679451275537216
80-89,0.24,0.888,0.24,0.2262496453376899,0.043079292512296086,0.0037153943145259993,0.0412632920968938,0.0865611292410422,0.0791303406119902,0.007430788629051999,0.01849864859928964,0.033240691847051,-0.21020642647712207,-0.04078418990066257,0.1694222365764595
20-29,0.25,0.565,0.0,0.4159527068699938,0.0933958380677592,0.005806997115976875,0.07441666408266703,0.04374684900583592,0.05536084323778967,0.01161399423195375,0.06957154590779194,0.10494799780770668,-0.06449539092603063,-0.038872940340945794,0.025622450585084833
20-29,0.25,0.562,0.03,0.28593939484055264,0.074020651832862,0.005740113810017711,0.06701897449344449,0.04374684900583592,0.05522707662587134,0.011480227620035421,0.017601136326953412,0.02789480165474548,-0.06449539092603063,-0.03762833325906234,0.026867057666968286
20-29,0.25,0.565,0.06,0.20304622371813172,0.04738407823907658,0.005673230504058491,0.04545245993378055,0.04374684900583592,0.0550933100139529,0.011346461008116981,0.01736087555395751,0.017437160423540606,-0.06449539092603063,-0.03638372617717911,0.028111664748851517
20-29,0.25,0.564,0.09,0.1384449050978148,0.0230628073641016,0.00560634719809916,0.023139601846270008,0.04374684900583592,0.05495954340203424,0.01121269439619832,0.01882020191177554,0.025056581894900176,-0.06449539092603063,-0.03513911909529577,0.02935627183073486
20-29,0.25,0.563,0.12,0.13585105706013692,0.019640199391983165,0.00553946389213994,0.019358315380962332,0.04374684900583592,0.0548257767901158,0.01107892778427988,0.019063053270659443,0.03572508423851254,-0.06449539092603063,-0.03389451201341265,0.03060087891261798
20-29,0.25,0.56,0.15,0.20137940805702917,0.04089153021818658,0.00644324076382452,0.03922413082438612,0.04374684900583592,0.05469201017819736,0.01094516117236144,0.01924058211177613,0.037351667159179376,-0.06449539092603063,-0.032649904931529194,0.03184548599450143
20-29,0.25,0.561,0.18,0.2846967354902342,0.06945617475526417,0.005405697280221555,0.06718322576550964,0.04374684900583592,0.05455824356627903,0.01081139456044311,0.019437077969694922,0.037567885705230966,-0.06449539092603063,-0.03140529784964585,0.033090093076384774
20-29,0.25,0.562,0.21,0.36924774752789097,0.09767516129413589,0.005317673830843639,0.09472152760853518,0.04374684900583592,0.0543821966675232,0.010635347661687278,0.01997498435543817,0.03826491617164804,-0.06449539092603063,-0.03016069076776251,0.03433470015826812
20-29,0.25,0.562,0.24,0.451793071589251,0.125408389206429,0.004923121707964662,0.12261055181061215,0.04374684900583592,0.05359309242176524,0.009846243415929323,0.02005492458225659,0.03929942151671018,-0.06449539092603063,-0.027195460168702557,0.03729993075732807
30-39,0.25,0.608,0.0,0.4444199761402718,0.10745834084613093,0.0005970633891913546,0.08917499132724761,0.0573742659002322,0.057606240613483406,0.000231974713251204,0.09018647348688158,0.10360356095995531,-0.10704012899392612,-0.04354285118404644,0.06349727780987968
30-39,0.25,0.605,0.03,0.31006382802260835,0.08896979544283135,0.0022409296994096994,0.08231780542177287,0.0573742659002322,0.057356458498453944,1.7807401778258125e-05,0.030139674848942838,0.018360047310301192,-0.10704012899392612,-0.041243790571527716,0.0657963384223984
30-39,0.25,0.608,0.06,0.24419934218660286,0.06318013083829983,0.0009210772119893074,0.06183885366275893,0.0573742659002322,0.05710667638342437,0.0002675895168078313,0.025573423705088808,0.031749775704501805,-0.10704012899392612,-0.03894472995900922,0.0680953990349169
30-39,0.25,0.606,0.09,0.17784051776140591,0.036090327637585184,0.0009169158766116903,0.03672074727765431,0.0573742659002322,0.0568568942683948,0.0005173716318374044,0.02602306669091862,0.04728052257915318,-0.10704012899392612,-0.03664566934649072,0.0703944596474354
30-39,0.25,0.605,0.12,0.14199583136907715,0.020049192666414833,0.0017549089652126315,0.020673405733944883,0.0573742659002322,0.05660711215336511,0.0007671537468670886,0.02688494002225034,0.05941875306937269,-0.10704012899392612,-0.03434660873397222,0.0726935202599539
30-39,0.25,0.605,0.15,0.16336706635472892,0.027198837053942385,0.0015929020538137384,0.025003493121092096,0.0573742659002322,0.05635733003833554,0.0010169358618966617,0.027393429869222257,0.061735150855469365,-0.10704012899392612,-0.032047548121453606,0.07499258087247251
30-39,0.25,0.606,0.18,0.2473770342520078,0.05469123849984027,0.0006333589884631174,0.05236242982254922,0.0573742659002322,0.05610754792330597,0.0012667179769262349,0.02734227496021496,0.06511723419685878,-0.10704012899392612,-0.029748487508934995,0.07729164148499112
30-39,0.25,0.606,0.21,0.33393206192985403,0.0824462781047896,0.0007582500459778485,0.07949647970127541,0.0573742659002322,0.055857765808276505,0.001516500091955697,0.027835229476330853,0.06823764730745258,-0.10704012899392612,-0.027449426896416274,0.07959070209750985
30-39,0.25,0.605,0.24,0.41850164469265333,0.10983448411144334,0.0010061762906148353,0.1066847422652865,0.0573742659002322,0.05536191331900253,0.0020123525812296705,0.027835229476330853,0.06891968795875708,-0.10704012899392612,-0.02502614597969466,0.08201398301423146
40-49,0.25,0.588,0.0,0.3712199621280664,0.0873583373459174,0.0042283373603574925,0.07066666567212422,0.06726351403210296,0.05880683931138797,0.008456674720714985,0.0689245964805018,0.07506962567711166,-0.08152539216243793,-0.04271707174692685,0.03880832041551108
40-49,0.25,0.586,0.03,0.2686255016448881,0.06909613060345217,0.004587522268739985,0.06445627795793296,0.06726351403210296,0.058088469494622985,0.00917504453747997,0.023302360395462067,0.023127060375320897,-0.08152539216243793,-0.0437039786088812,0.037821413553556726
40-49,0.25,0.583,0.06,0.2005596472955466,0.04360812995004537,0.005218910974722879,0.04421675627838909,0.06726351403210296,0.05737009967785778,0.009893414354245178,0.02081826121461634,0.02571229757189576,-0.08152539216243793,-0.04469088547083522,0.03683450669160271
40-49,0.25,0.584,0.09,0.14300719301203413,0.020680721219024315,0.005305892085504971,0.02030413503574141,0.06726351403210296,0.056651729861093014,0.010611784171009941,0.022320394261750823,0.03917888791590229,-0.08152539216243793,-0.045677792332789346,0.03584759982964858
40-49,0.25,0.584,0.12,0.14988147068052812,0.02313595889466325,0.0056650769938875745,0.01731396852731208,0.06726351403210296,0.05593336004432781,0.011330153987775149,0.022860446189871254,0.042879634751606506,-0.08152539216243793,-0.046664699194743586,0.03486069296769434
40-49,0.25,0.584,0.15,0.21736206085269855,0.043457481429407155,0.006024261902270067,0.03916913842536721,0.06726351403210296,0.05521499022756282,0.012048523804540134,0.023456342425877037,0.046581027220697464,-0.08152539216243793,-0.047651606056697826,0.0338737861057401
40-49,0.25,0.584,0.18,0.30480591429641457,0.07111961594084708,0.006383446810652615,0.06633772601486655,0.06726351403210296,0.054496620410797725,0.01276689362130523,0.02370232056149775,0.05047386059232373,-0.08152539216243793,-0.048638512918652066,0.03288687924378586
40-49,0.25,0.584,0.21,0.3901658797863885,0.09856344921109644,0.006742631719035164,0.09346896312534987,0.06726351403210296,0.05377825059403263,0.013485263438070327,0.023293775992741045,0.05265646244374171,-0.08152539216243793,-0.049625419780606195,0.03189997238183173
40-49,0.25,0.584,0.24,0.4764407051615782,0.1262108913839855,0.007283354480474347,0.1205524308209149,0.06726351403210296,0.05269680507115426,0.014566708960948693,0.02337092210418748,0.053623818114474024,-0.08152539216243793,-0.05007323195484992,0.03145216020758801
50-59,0.25,0.62,0.0,0.32119961141495834,0.08287500166410447,0.0015705238270762867,0.0652666746385931,0.06460245427369793,0.061461406619545356,0.0031410476541525734,0.04600434762063256,0.06247594004964882,-0.08676449919114704,-0.043161852638564424,0.04360264655258261
50-59,0.25,0.622,0.03,0.23393973427975095,0.06420644361915238,0.0018569372472557188,0.05750084502736458,0.06460245427369793,0.06088857977918649,0.0037138744945114377,0.018514858897653006,0.02286727060434133,-0.08676449919114704,-0.04485851467728785,0.041905984513859185
50-59,0.25,0.619,0.06,0.16079227055686965,0.03799825029542229,0.0021433506674352065,0.03767077781869169,0.06460245427369793,0.060315752938827516,0.004286701334870413,0.01727425830535136,0.020767237828350108,-0.08676449919114704,-0.046555176716011504,0.040209322475135534
50-59,0.25,0.619,0.09,0.1024077650556593,0.0169280665023116,0.002429764087614694,0.01592209348176739,0.06460245427369793,0.05974292609846854,0.004859528175229388,0.017099707599839257,0.02649724684607723,-0.08676449919114704,-0.048251838754735044,0.038512660436411994
50-59,0.25,0.62,0.12,0.11634507193637465,0.02091369735093863,0.0027161775077941264,0.017825394796947835,0.06460245427369793,0.059170099258109676,0.005432355015588253,0.017584083712266628,0.029865567913639222,-0.08676449919114704,-0.049948500793458805,0.03681599839768823
50-59,0.25,0.62,0.15,0.19830972681451048,0.04739662591684978,0.003002590927973614,0.044178285639314196,0.06460245427369793,0.0585972724177507,0.006005181855947228,0.018330302779823376,0.03117021105866949,-0.08676449919114704,-0.051645162832182234,0.0351193363589648
50-59,0.25,0.62,0.18,0.2833612859899447,0.0753480354591417,0.0032890043481531017,0.07150006808623438,0.06460245427369793,0.058024445577391726,0.0065780086963062034,0.01889973544788394,0.03150077945667474,-0.08676449919114704,-0.05334182487090611,0.03342267432024093
50-59,0.25,0.621,0.21,0.3695583595188263,0.10357276370594402,0.0035754177683325894,0.09860511462678462,0.06460245427369793,0.05745161873703275,0.007150835536665179,0.01879361593733363,0.033369199774815964,-0.08676449919114704,-0.055038486909629536,0.0317260122815175
50-59,0.25,0.62,0.24,0.45335066965416526,0.13084315798120627,0.003937522316899034,0.12585820136553058,0.06460245427369793,0.05672740963989986,0.007875044633798067,0.018644033898274282,0.03377288529050328,-0.08676449919114704,-0.05664714915989377,0.030117350031253265
60-69,0.25,0.671,0.0,0.5283788000951826,0.13816249492832683,0.002630099387873286,0.1139000034045068,0.07344799848794936,0.06838299893120003,0.005064999556749328,0.07209715667070372,0.09197390934390036,-0.1256311610215025,-0.05469276661550382,0.0709383944059987
60-69,0.25,0.669,0.03,0.4278346574170864,0.11893974615365234,0.002561760437472471,0.10829332893279607,0.07344799848794936,0.06832447761300442,0.005123520874944942,0.029919893047937157,0.04567712775558465,-0.1256311610215025,-0.05733723617552755,0.06829392484597496
60-69,0.25,0.667,0.06,0.3272879411724754,0.09262873393513749,0.0025910210965703895,0.0889845664438424,0.07344799848794936,0.06826595629480858,0.005182042193140779,0.024681977230359784,0.011661903789690566,-0.1256311610215025,-0.05998170573555117,0.06564945528595134
60-69,0.25,0.671,0.09,0.2587473179136669,0.06524860668664038,0.0026202817556681413,0.06403975142872109,0.07344799848794936,0.06820743497661308,0.0052405635113362825,0.026084478143140962,0.02626023609947174,-0.1256311610215025,-0.06262617529557479,0.06300498572592772
60-69,0.25,0.667,0.12,0.18496765518645317,0.038067207466874815,0.0027841793545473337,0.03768487568084885,0.07344799848794936,0.06814891365841735,0.005299084829532008,0.026555602045519485,0.035485208185946984,-0.1256311610215025,-0.06527064485559841,0.0603605161659041
60-69,0.25,0.668,0.15,0.13497833782911753,0.020527008124966856,0.0026788030738638113,0.020684692873987904,0.07344799848794936,0.06809039234022174,0.005357606147727623,0.026810445725500325,0.03911010099705699,-0.1256311610215025,-0.06791511441562192,0.05771604660588059
60-69,0.25,0.67,0.18,0.16180335488614575,0.030078210508156733,0.0027080637329616186,0.025184550582428116,0.07344799848794936,0.06803187102202612,0.005416127465923237,0.026810445725500325,0.044054511687226745,-0.1256311610215025,-0.07055958397564555,0.05507157704585697
60-69,0.25,0.666,0.21,0.2357525575060445,0.05246667284348887,0.004844888411362713,0.04970554019093721,0.07344799848794936,0.0679733497038304,0.005474648784118963,0.027305677065401594,0.04495330911067613,-0.1256311610215025,-0.07320405353566917,0.052427107485833346
60-69,0.25,0.668,0.24,0.31833926365231735,0.08092615321561783,0.0031984580969678378,0.07849654503477725,0.07344799848794936,0.06791482838563467,0.005533170102314688,0.02725435744977303,0.045939090108533906,-0.1256311610215025,-0.0758485230956929,0.049782637925809614
70-79,0.25,0.734,0.0,0.4803043016997151,0.1225874942782402,0.002644495224235821,0.10001665874901317,0.0786145418861075,0.07332555143763586,0.005288990448471642,0.0736350057447406,0.08654312503248589,-0.12891993567140259,-0.058836590063114924,0.07008334560828766
70-79,0.25,0.733,0.03,0.3795360853238018,0.10478730614848494,0.0019958208654386467,0.09492642680102013,0.0786145418861075,0.07462290015523021,0.003991641730877293,0.03089946059324078,0.039445134667404604,-0.12891993567140259,-0.05681377672737853,0.07210615894402406
70-79,0.25,0.733,0.06,0.2918276910815798,0.07927195301845227,0.0013471465066414723,0.07750199196741277,0.0786145418861075,0.07592024887282456,0.0026942930132829446,0.029889904811036348,0.01896229141594035,-0.12891993567140259,-0.0547909633916418,0.07412897227976079
70-79,0.25,0.732,0.09,0.21896087885535445,0.05274399494461579,0.0006984721478442424,0.054191758577564884,0.0786145418861075,0.07721759759041902,0.0013969442956884848,0.030381020549231284,0.027815787764003286,-0.12891993567140259,-0.05276815005590496,0.07615178561549762
70-79,0.25,0.731,0.12,0.15581388625735726,0.030287789708498762,0.0012109577747616007,0.03249475209122769,0.0786145418861075,0.07851494630801359,9.959557809391395e-05,0.03146767264398232,0.03312661597816168,-0.12891993567140259,-0.05074533672016823,0.07817459895123435
70-79,0.25,0.731,0.15,0.13728951699570968,0.021827753303968078,0.0012218641922833728,0.024313226422664497,0.0786145418861075,0.07981229502560805,0.0011977531395005458,0.03203466293625152,0.037886486348896874,-0.12891993567140259,-0.048722523384431504,0.08019741228697108
70-79,0.25,0.73,0.18,0.18178145160893375,0.03620493725694705,0.0022327706098052014,0.03235810003322757,0.0786145418861075,0.0811096437432024,0.0024951018570948946,0.03241963060654576,0.04105714722541608,-0.12891993567140259,-0.046699710048694776,0.08222022562270781
70-79,0.25,0.73,0.21,0.2676720613742273,0.06396276047564572,0.002243677027327029,0.05718430824125009,0.0786145418861075,0.08240699246079697,0.0037924505746894654,0.032775485483282754,0.04405529932853367,-0.12891993567140259,-0.04467689671295805,0.08424303895844454
70-79,0.25,0.73,0.24,0.3552334071528298,0.09130389831064264,0.0025448996461419626,0.08429509657028426,0.0786145418861075,0.08370434117839143,0.005089799292283925,0.032824266155770776,0.046776693243970484,-0.12891993567140259,-0.04265408337722143,0.08626585229418116
80-89,0.25,0.882,0.0,0.7107883690773982,0.20554166334464774,0.005200363090076432,0.17835832821743772,0.0865611292410422,0.07616040306088934,0.010400726180152864,0.04010735593379349,0.044846077943899554,-0.21020642647712207,-0.06438122965558157,0.1458251968215405
80-89,0.25,0.889,0.03,0.6392601085796308,0.18773893271263256,0.0048243409854803465,0.17325035871064864,0.0865611292410422,0.07691244727008151,0.009648681970960693,0.016727223320085152,0.021478662280180662,-0.21020642647712207,-0.061753505834495015,0.14845292064262705
80-89,0.25,0.882,0.06,0.5618982896394709,0.16231967688406243,0.004448318880884317,0.15611302109722555,0.0865611292410422,0.07766449147927357,0.008896637761768633,0.015511286213593004,0.01190692968811939,-0.21020642647712207,-0.059125782013408124,0.15108064446371394
80-89,0.25,0.886,0.09,0.4912362842656097,0.13597543385653704,0.004072296776288231,0.13310053841263428,0.0865611292410422,0.07841653568846574,0.008144593552576462,0.016266530054071162,0.020254320511914725,-0.21020642647712207,-0.05649805819232068,0.1537083682848014
80-89,0.25,0.886,0.12,0.41522968528119975,0.10944982616238422,0.0036962746716923123,0.10788544877109603,0.0865611292410422,0.07916857989765758,0.0073925493433846245,0.0172336879396141,0.024754758878536492,-0.21020642647712207,-0.0538703343712339,0.15633609210588817
80-89,0.25,0.886,0.15,0.336558046505476,0.08261750815658808,0.0033202525670961713,0.08223913199205606,0.0865611292410422,0.07992062410684986,0.006640505134192343,0.017770762504743586,0.027381396751401412,-0.21020642647712207,-0.05124261055014656,0.1589638159269755
80-89,0.25,0.886,0.18,0.2701837044052542,0.060087663908324374,0.0029442304625001414,0.060451550050598456,0.0865611292410422,0.08067266831604192,0.005888460925000283,0.017849369736772237,0.030091831943472546,-0.21020642647712207,-0.04861488672905978,0.16159153974806229
80-89,0.25,0.885,0.21,0.22426093637084546,0.04553883114000762,0.0025682083579041115,0.04359472585143195,0.0865611292410422,0.08142471252523398,0.005136416715808223,0.01823732436515841,0.032007760022809535,-0.21020642647712207,-0.04598716290797311,0.16421926356914895
80-89,0.25,0.886,0.24,0.2168332114727084,0.04326418719924817,0.002192186253308137,0.04145292331161291,0.0865611292410422,0.08217675673442593,0.004384372506616274,0.018368451213970124,0.03307043171760835,-0.21020642647712207,-0.043359439086886,0.16684698739023607
20-29,0.26,0.569,0.0,0.41977394536511947,0.09288750473942588,0.00691421398073272,0.0729999974493337,0.04374684900583592,0.05757527696730136,0.01382842796146544,0.06957154590779194,0.10494799780770668,-0.06449539092603063,-0.04042785795458348,0.024067532971447148
20-29,0.26,0.566,0.03,0.2939920377475065,0.07376020006787973,0.006847330674773444,0.0660312968776062,0.04374684900583592,0.05744151035538281,0.013694661349546888,0.018005554698481217,0.03203405909723602,-0.06449539092603063,-0.03918325087270025,0.02531214005333038
20-29,0.26,0.569,0.06,0.2076813114414777,0.04727690891648961,0.006780447368814224,0.0446729271232263,0.04374684900583592,0.05730774374346437,0.013560894737628448,0.01745279347267937,0.016541731669658336,-0.06449539092603063,-0.03793864379081702,0.02655674713521361
20-29,0.26,0.558,0.09,0.14105685598069645,0.02240877368738702,0.007170980694842066,0.021275653362173286,0.04374684900583592,0.05717397713154593,0.013427128125710008,0.018477012745571175,0.023438123567446845,-0.06449539092603063,-0.036694036708933675,0.027801354217096952
20-29,0.26,0.561,0.12,0.14198968185063754,0.019788793866810227,0.006646680756895729,0.019608389395110875,0.04374684900583592,0.05704021051962738,0.013293361513791457,0.019063053270659443,0.03484080429394271,-0.06449539092603063,-0.03544942962705033,0.029045961298980294
20-29,0.26,0.558,0.15,0.20556053277844613,0.04059094705023826,0.006997135014080669,0.03934507849678657,0.04374684900583592,0.05690644390770905,0.013159594901873128,0.01924058211177613,0.036702889597561954,-0.06449539092603063,-0.03420482254516699,0.030290568380863636
20-29,0.26,0.559,0.18,0.2906825532221158,0.06935034441419896,0.006512914144977289,0.0672388925219919,0.04374684900583592,0.0567726772957905,0.013025828289954577,0.019437077969694922,0.03741753886843738,-0.06449539092603063,-0.03296021546328376,0.03153517546274687
20-29,0.26,0.56,0.21,0.375649447238623,0.09769648776049872,0.006416877106440899,0.09504068022462513,0.04374684900583592,0.05658060321871772,0.012833754212881798,0.019641792178922972,0.03826491617164804,-0.06449539092603063,-0.03171560838140053,0.0327797825446301
20-29,0.26,0.556,0.24,0.45719333911355964,0.12403786440654739,0.00798132074599417,0.12132521234783712,0.04374684900583592,0.055748566823609846,0.012001717817773927,0.02005492458225659,0.0384338115681379,-0.06449539092603063,-0.028601391494591177,0.03589399943143945
30-39,0.26,0.607,0.0,0.4474018111919179,0.10692500752363096,0.0012681121688952746,0.08770832472724764,0.0573742659002322,0.05991049023802275,0.002536224337790549,0.09018647348688158,0.10360356095995531,-0.10704012899392612,-0.045284565231408336,0.061755563762517784
30-39,0.26,0.604,0.03,0.3139444176696575,0.08868112263443578,0.0016897212279926577,0.08128591123708652,0.0573742659002322,0.05966070812299318,0.002286442222760976,0.03061372241332304,0.021364555949028755,-0.10704012899392612,-0.042985504618889725,0.0640546243750364
30-39,0.26,0.606,0.06,0.24624321130780186,0.06303157097615321,0.0010183300538657014,0.06118967402920322,0.0573742659002322,0.059410926007963605,0.002036660107731403,0.02553429066960736,0.03136646456187412,-0.10704012899392612,-0.040686444006371225,0.0663536849875549
30-39,0.26,0.605,0.09,0.17855173539321556,0.03588679962914436,0.0008934389963509148,0.03609692837651942,0.0573742659002322,0.05916114389293403,0.0017868779927018297,0.026191601707417553,0.04674878203543297,-0.10704012899392612,-0.0383873833938525,0.06865274560007362
30-39,0.26,0.604,0.12,0.14165124882465577,0.019902649182494715,0.0012037004937955897,0.02067002363051676,0.0573742659002322,0.05891136177790457,0.0015370958776723675,0.026825361134568123,0.05939160262104207,-0.10704012899392612,-0.03608832278133389,0.07095180621259223
30-39,0.26,0.603,0.15,0.16322003950477176,0.02692080015367099,0.002041693582396531,0.025152841702198652,0.0573742659002322,0.058661579662874885,0.0012873137626426834,0.027269030052423905,0.06082713476355076,-0.10704012899392612,-0.03378926216881539,0.07325086682511073
30-39,0.26,0.604,0.18,0.2460747313136464,0.05453145636608801,0.0008796866709976925,0.05252964214032719,0.0573742659002322,0.05841179754784542,0.0010375316476132213,0.02734227496021496,0.06411882728587542,-0.10704012899392612,-0.03149020155629678,0.07554992743762934
30-39,0.26,0.604,0.21,0.33190643605972375,0.08223936460946057,0.0007176797595986328,0.0800189639502553,0.0573742659002322,0.05816201543281574,0.0007877495325835371,0.027763285108214374,0.06807199298605175,-0.10704012899392612,-0.029191140943778282,0.07784898805014784
30-39,0.26,0.604,0.24,0.41424547271886875,0.11009624768974446,0.00041883365976658204,0.1070549622744393,0.0573742659002322,0.057660743975802675,0.0002864780755704732,0.027835229476330853,0.0688025771044651,-0.10704012899392612,-0.02676875288291758,0.08027137611100854
40-49,0.26,0.587,0.0,0.36126929753145587,0.08684167067341741,0.003052200574129693,0.06923332585534973,0.06726351403210296,0.06115911288384357,0.006104401148259386,0.0689245964805018,0.07506962567711166,-0.08152539216243793,-0.04442575461680387,0.03709963754563406
40-49,0.26,0.585,0.03,0.26083533968612316,0.06885393271587571,0.003411385482512186,0.06331413462614784,0.06726351403210296,0.060440743067078584,0.006822770965024372,0.023575410919006248,0.024705518136970306,-0.08152539216243793,-0.04541266147875822,0.036112730683679706
40-49,0.26,0.586,0.06,0.19084063805557983,0.04365566685238126,0.0037705703908947896,0.04377216763142024,0.06726351403210296,0.059722373250313376,0.007541140781789579,0.020702656834329234,0.02400124000190971,-0.08152539216243793,-0.04639956834071235,0.03512582382172558
40-49,0.26,0.582,0.09,0.13539695015649802,0.020691408829415687,0.004771939480078924,0.01995181890699989,0.06726351403210296,0.05900400343354839,0.008259510598554565,0.021940829519414236,0.03799235924499978,-0.08152539216243793,-0.04738647520266659,0.03413891695977134
40-49,0.26,0.587,0.12,0.1409487848738577,0.02263399687742366,0.004488940207659831,0.01742184975812286,0.06726351403210296,0.058285633616783294,0.008977880415319661,0.022860446189871254,0.042142765994051416,-0.08152539216243793,-0.04837338206462061,0.03315201009781732
40-49,0.26,0.582,0.15,0.20966022372137152,0.04337387424741957,0.005142001892256998,0.039230040472597615,0.06726351403210296,0.05756726380001842,0.009696250232084536,0.023285188425262934,0.045762747311539294,-0.08152539216243793,-0.04936028892657485,0.03216510323586308
40-49,0.26,0.583,0.18,0.2978028863118791,0.07132361499346408,0.0052073100244248716,0.06651825949212828,0.06726351403210296,0.05684889398325321,0.010414620048849743,0.02370232056149775,0.05033043641606315,-0.08152539216243793,-0.050347195788528976,0.03117819637390895
40-49,0.26,0.583,0.21,0.3835579156555796,0.09892496714034865,0.00556649493280742,0.09372505209751869,0.06726351403210296,0.056130524166488116,0.01113298986561484,0.023293775992741045,0.052518999074879814,-0.08152539216243793,-0.051334102650483215,0.03019128951195471
40-49,0.26,0.583,0.24,0.4699385561671965,0.1264745412483787,0.006111032100213354,0.12102894766776769,0.06726351403210296,0.05504144983167625,0.012222064200426708,0.02337092210418748,0.05356387021275516,-0.08152539216243793,-0.05178151340351311,0.029743878758924813
50-59,0.26,0.619,0.0,0.31090474388255995,0.08236833499327115,0.00034568890885172676,0.06378334134025976,0.06460245427369793,0.06391986288432716,0.000682591389370768,0.04600434762063256,0.06247594004964882,-0.08676449919114704,-0.04488832674410692,0.041876172447040116
50-59,0.26,0.62,0.03,0.2250374254336703,0.06395550218206231,0.001027891136286041,0.056317402301867624,0.06460245427369793,0.0633470360439683,0.0012554182297296324,0.018514858897653006,0.022586790646321388,-0.08676449919114704,-0.04658498878283046,0.04017951040831658
50-59,0.26,0.617,0.06,0.15511684668422757,0.03789859715071438,0.002289906636279593,0.03710748361103942,0.06460245427369793,0.06277420920360932,0.0018282450700886077,0.01727425830535136,0.020957365485265445,-0.08676449919114704,-0.048281650821554,0.03848284836959304
50-59,0.26,0.618,0.09,0.09439419646179176,0.01663330934601991,0.001607704408845334,0.01565248376744377,0.06460245427369793,0.062201382363250346,0.002401071910447583,0.016958773540560076,0.026375477347633312,-0.08676449919114704,-0.04997831286027776,0.036786186330869275
50-59,0.26,0.617,0.12,0.11060264514831167,0.020571877788534303,0.002925502181410966,0.01782827666069779,0.06460245427369793,0.06162855552289137,0.0029738987508065584,0.017320508075688787,0.029865567913639222,-0.08676449919114704,-0.051674974899001413,0.035089524292145624
50-59,0.26,0.618,0.15,0.19116664912304035,0.047227616006832285,0.002243299953976652,0.044529911820012445,0.06460245427369793,0.061055728682532506,0.0035467255911654227,0.018330302779823376,0.030784116327749366,-0.08676449919114704,-0.053371636937725175,0.03339286225342186
50-59,0.26,0.618,0.18,0.2761706443614808,0.07514411204056459,0.0025610977265423385,0.07168170598804284,0.06460245427369793,0.06048290184217364,0.004119552431524287,0.018579558659989764,0.03150077945667474,-0.08676449919114704,-0.055068298976448715,0.03169620021469832
50-59,0.26,0.618,0.21,0.36174612729240646,0.10310307625400265,0.0028788954991080806,0.09856492595974174,0.06460245427369793,0.05991007500181467,0.004692379271883262,0.01889973544788394,0.033176996019654736,-0.08676449919114704,-0.056764961015172255,0.029999538175974783
50-59,0.26,0.618,0.24,0.4464340431989259,0.1307675715707832,0.003107194800037627,0.126071593278241,0.06460245427369793,0.05917199472722057,0.005430459546477362,0.018644033898274282,0.03377288529050328,-0.08676449919114704,-0.05836323051485115,0.028401268676295888
60-69,0.26,0.665,0.0,0.5186529882797268,0.13762082827082683,0.001417640641862783,0.1137000099767232,0.07344799848794936,0.071118318888448,0.0023296795995013664,0.07209715667070372,0.09197390934390036,-0.1256311610215025,-0.05688047728012413,0.06875068374137838
60-69,0.26,0.668,0.03,0.41937978906529405,0.11855896941085561,0.0012287896725320935,0.10684499153563115,0.07344799848794936,0.07105979757025249,0.00238820091769687,0.03054177467011369,0.04851391552946435,-0.1256311610215025,-0.05952494684014786,0.06610621418135465
60-69,0.26,0.665,0.06,0.31876939190028936,0.09253043585205858,0.0021247800130729244,0.08800387063804659,0.07344799848794936,0.07100127625205654,0.0024467222358928176,0.024851559307214482,0.011027239001672155,-0.1256311610215025,-0.062169416400171484,0.06346174462133103
60-69,0.26,0.669,0.09,0.24988272188662186,0.06510854747723246,0.0015216503013218419,0.0633693478897265,0.07344799848794936,0.07094275493386104,0.002505243554088321,0.025961509971494313,0.026743223440714822,-0.1256311610215025,-0.0648138859601951,0.06081727506130741
60-69,0.26,0.665,0.12,0.1775103219457285,0.037836409382582245,0.002831919384283288,0.037249066407377664,0.07344799848794936,0.07088423361566532,0.0025637648722840467,0.02644239020966143,0.0347102290398666,-0.1256311610215025,-0.0674583555202185,0.05817280550128401
60-69,0.26,0.666,0.15,0.12706187925519635,0.02008591436451703,0.002185489069888469,0.02059331624396264,0.07344799848794936,0.0708257122974697,0.0026222861904796613,0.026810445725500325,0.039191835884530825,-0.1256311610215025,-0.07010282508024213,0.05552833594126039
60-69,0.26,0.667,0.18,0.15164375757351178,0.02954992684102033,0.0015390587554936497,0.02526649763856026,0.07344799848794936,0.07076719097927409,0.002680807508675276,0.02686261342460928,0.04291386722261229,-0.1256311610215025,-0.07274729464026586,0.052883866381236655
60-69,0.26,0.669,0.21,0.2281990366885654,0.05412024130465164,0.0013696644134355007,0.051573498700034894,0.07344799848794936,0.07070866966107836,0.0027393288268710014,0.027305677065401594,0.04527250821414689,-0.1256311610215025,-0.07539176420028948,0.050239396821213034
60-69,0.26,0.666,0.24,0.31268551668975103,0.08107297719762444,0.003246198126703903,0.07832786742676513,0.07344799848794936,0.07065014834288286,0.002797850145066505,0.02725435744977303,0.04613025037868316,-0.1256311610215025,-0.07803623376031299,0.047594927261189524
70-79,0.26,0.728,0.0,0.47137568447775735,0.12201249429907352,0.0020657249310778725,0.09984999208734646,0.0786145418861075,0.0762585734951412,0.002355968390966301,0.0736350057447406,0.08654312503248589,-0.12891993567140259,-0.061190053665639454,0.06772988200576313
70-79,0.26,0.731,0.03,0.37169394196665484,0.10440076100863963,0.0009233686514003026,0.0932848451459709,0.0786145418861075,0.07755592221273555,0.0010586196733719522,0.03157232835607358,0.04322568018726462,-0.12891993567140259,-0.05916724032990295,0.06975269534149964
70-79,0.26,0.732,0.06,0.2854237906318512,0.0790110381465882,0.0019124622338784758,0.07633985096997468,0.0786145418861075,0.0788532709303299,0.0002387290442223966,0.029889904811036348,0.018494201650228186,-0.12891993567140259,-0.05714442699416644,0.07177550867723614
70-79,0.26,0.73,0.09,0.2171994151139426,0.052571491589431536,0.0007680388809085947,0.053446404731190666,0.0786145418861075,0.08015061964792469,0.0015360777618171895,0.030381020549231284,0.027148937520771223,-0.12891993567140259,-0.0551216136584296,0.07379832201297298
70-79,0.26,0.729,0.12,0.16013232160623675,0.030493721217044144,0.0014167132397057691,0.03208451165414017,0.0786145418861075,0.08144796836551904,0.0028334264794115382,0.031282813518429466,0.03195119664450877,-0.12891993567140259,-0.053098800322693096,0.07582113534870949
70-79,0.26,0.729,0.15,0.144189857205675,0.021910696453667382,0.002065387598502999,0.02468881199307769,0.0786145418861075,0.0827453170831135,0.004130775197005998,0.03203466293625152,0.03707867743334295,-0.12891993567140259,-0.05107598698695626,0.07784394868444633
70-79,0.26,0.729,0.18,0.18889847096205073,0.03649341727141675,0.0027140619573001734,0.03266206815720294,0.0786145418861075,0.08404266580070785,0.005428123914600347,0.03238259484144034,0.04107627812326313,-0.12891993567140259,-0.04905317365121964,0.07986676202018295
70-79,0.26,0.728,0.21,0.27491239470822604,0.0640019747662248,0.003362736316097459,0.0575186735084904,0.0786145418861075,0.08534001451830242,0.006725472632194918,0.0329095739881284,0.04304823058354293,-0.12891993567140259,-0.04703036031548302,0.08188957535591956
70-79,0.26,0.728,0.24,0.3635906053709775,0.09151609934985834,0.004011410674894689,0.08468794338515395,0.0786145418861075,0.08663736323589688,0.008022821349789377,0.032824266155770776,0.04588235864791906,-0.12891993567140259,-0.04500754697974618,0.0839123886916564
80-89,0.26,0.88,0.0,0.6981053084702018,0.20500833004214772,0.0036771550288585697,0.17652499487910442,0.0865611292410422,0.07920681918332506,0.007354310057717139,0.04010735593379349,0.044846077943899554,-0.21020642647712207,-0.06695647884180511,0.14324994763531695
80-89,0.26,0.882,0.03,0.6284607238711541,0.1874804227679243,0.0033011329242625953,0.1717498346991999,0.0865611292410422,0.07995886339251701,0.006602265848525191,0.017464249196572995,0.022322271504189965,-0.21020642647712207,-0.064328755020718,0.14587767145640407
80-89,0.26,0.885,0.06,0.5506304490019733,0.1620967207119009,0.002925110819666621,0.15514953945610283,0.0865611292410422,0.08071090760170896,0.005850221639333242,0.01566524816273271,0.011703773737773109,-0.21020642647712207,-0.061701031199630996,0.14850539527749107
80-89,0.26,0.884,0.09,0.4805517927592108,0.13572229127134122,0.0025490887150705355,0.132317555935741,0.0865611292410422,0.08146295181090113,0.005098177430141071,0.016217274740226866,0.020804273127475015,-0.21020642647712207,-0.059073307378544215,0.15113311909857785
80-89,0.26,0.884,0.12,0.4051874070525867,0.10939796135453056,0.0021730666104743945,0.10760819593923415,0.0865611292410422,0.08221499602009341,0.004346133220948789,0.0172336879396141,0.024917112055628975,-0.21020642647712207,-0.0564455835574571,0.15376084291966496
80-89,0.26,0.884,0.15,0.3258546541877996,0.08273436863388256,0.0017970445058784201,0.08164493702661384,0.0865611292410422,0.08296704022928536,0.0035940890117568403,0.017770762504743586,0.026634919894120368,-0.21020642647712207,-0.05381785973637032,0.15638856674075174
80-89,0.26,0.884,0.18,0.2600795276108233,0.06009446357454212,0.0014210224012824457,0.06005661660564193,0.0865611292410422,0.08371908443847731,0.0028420448025648914,0.017849369736772237,0.030172122586075517,-0.21020642647712207,-0.05119013591528321,0.15901629056183886
80-89,0.26,0.883,0.21,0.2154777551480825,0.045563655392309346,0.0018711431100927323,0.04370799158559254,0.0865611292410422,0.08447112864766937,0.0020900005933728316,0.01813835714721707,0.030986644268800247,-0.21020642647712207,-0.04856241209419632,0.16164401438292575
80-89,0.26,0.884,0.24,0.20706848542694092,0.04316127095268511,0.0011212209141798768,0.04138138344555731,0.0865611292410422,0.08522317285686154,0.0013379563841806608,0.018368451213970124,0.03225872709507214,-0.21020642647712207,-0.045934688273109536,0.16427173820401253
20-29,0.27,0.564,0.0,0.4235951838602447,0.09237917141109252,0.008021430845488509,0.07158333081600035,0.04374684900583592,0.05978971069681294,0.016042861690977017,0.06957154590779194,0.10494799780770668,-0.06449539092603063,-0.04198277556822139,0.02251261535780924
20-29,0.27,0.56,0.03,0.2999238789000201,0.0733605476105206,0.007954547539529289,0.06484994926816291,0.04374684900583592,0.0596559440848945,0.015909095079058577,0.01827019430657482,0.03406819521390631,-0.06449539092603063,-0.040738168486338155,0.02375722243969247
20-29,0.27,0.557,0.06,0.21423133782255374,0.04721013978351642,0.007887664233570013,0.04422748280051259,0.04374684900583592,0.059522177472975946,0.015775328467140026,0.01731473361042553,0.01779968782397539,-0.06449539092603063,-0.03949356140445481,0.025001829521575814
20-29,0.27,0.556,0.09,0.145826800260334,0.022645385365714928,0.007820780927610738,0.021073194352719055,0.04374684900583592,0.059388410861057395,0.015641561855221475,0.018477012745571175,0.02231737878249377,-0.06449539092603063,-0.03824895432257158,0.026246436603459045
20-29,0.27,0.56,0.12,0.14776499286550387,0.019989293447622236,0.007753897621651573,0.019445030813698277,0.04374684900583592,0.059254644249139066,0.015507795243303146,0.01924058211177613,0.033766583265904,-0.06449539092603063,-0.03700434724068813,0.027491043685342498
20-29,0.27,0.556,0.15,0.21062262754011604,0.04037855267554392,0.007687014315692298,0.03962616956581406,0.04374684900583592,0.059120877637220515,0.015374028631384595,0.01924058211177613,0.036417417308487784,-0.06449539092603063,-0.0357597401588049,0.02873565076722573
20-29,0.27,0.558,0.18,0.29756396209437064,0.06960321375680459,0.007620131009733078,0.0674409595419737,0.04374684900583592,0.058987111025302075,0.015240262019466155,0.019437077969694922,0.03730958071101945,-0.06449539092603063,-0.03451513307692167,0.02998025784910896
20-29,0.27,0.554,0.21,0.38089208003928726,0.0963182037361501,0.00932028668839574,0.0938260926719392,0.04374684900583592,0.05873955062302427,0.014992701617188353,0.019641792178922972,0.037568654615560186,-0.06449539092603063,-0.033270525995038325,0.031224864930992302
20-29,0.27,0.555,0.24,0.4611003122295756,0.12441218017709432,0.007534043619408626,0.12145517087027873,0.04374684900583592,0.05794144242736443,0.014194593421528512,0.01993489403031778,0.038411946462181885,-0.06449539092603063,-0.03014699068027593,0.034348400245754696
30-39,0.27,0.606,0.0,0.45134579830869515,0.10639167420113094,0.0024202369811648916,0.08624165812724766,0.0573742659002322,0.062214739862561985,0.004840473962329783,0.09018647348688158,0.10360356095995531,-0.10704012899392612,-0.04702627927877012,0.060013849715156
30-39,0.27,0.602,0.03,0.320569332250927,0.08839935582723277,0.002295345923650105,0.08020513948087525,0.0573742659002322,0.06196495774753241,0.00459069184730021,0.03154045021872702,0.024593270509871264,-0.10704012899392612,-0.04472721866625151,0.06231291032767461
30-39,0.27,0.605,0.06,0.2507274684343891,0.06279534505093415,0.0021704548661354295,0.060543484080555564,0.0573742659002322,0.06171517563250306,0.004340909732270859,0.025274493071078562,0.030373767712753443,-0.10704012899392612,-0.0424281580537329,0.06461197094019322
30-39,0.27,0.603,0.09,0.1830133705848175,0.03580705250374195,0.0020455638086205874,0.03571471748855398,0.0573742659002322,0.06146539351747338,0.004091127617241175,0.025961509971494302,0.044936869817507996,-0.10704012899392612,-0.04012909744121429,0.06691103155271183
30-39,0.27,0.603,0.12,0.14634390678107662,0.019846901910367122,0.0019206727511058008,0.020615676161454276,0.0573742659002322,0.061215611402443804,0.0038413455022116016,0.026765649627834516,0.05843338991603794,-0.10704012899392612,-0.03783003682869579,0.06921009216523033
30-39,0.27,0.602,0.15,0.16777862776996252,0.027194298707330644,0.0017957816935910142,0.025652538153976057,0.0573742659002322,0.06096582928741423,0.0035915633871820285,0.027269030052423905,0.06060133175883993,-0.10704012899392612,-0.03553097621617729,0.07150915277774883
30-39,0.27,0.602,0.18,0.25192407122089655,0.054579388992489195,0.0016708906360762832,0.052671428002434906,0.0573742659002322,0.06071604717238477,0.0033417812721525664,0.027092434368288097,0.06409366784708616,-0.10704012899392612,-0.03323191560365868,0.07380821339026744
30-39,0.27,0.602,0.21,0.3372901070130635,0.08227398302044553,0.001545999578561441,0.08031148194580322,0.0573742659002322,0.060466265057355084,0.003091999157122882,0.027705595102794633,0.06703339400387573,-0.10704012899392612,-0.03093285499114007,0.07610727400278605
30-39,0.27,0.602,0.24,0.4199087085380214,0.11005968498905574,0.0012890735093935013,0.10711122143805528,0.0573742659002322,0.059952412919019205,0.0025781470187870026,0.027835229476330853,0.06852069441516248,-0.10704012899392612,-0.02849796693010087,0.07854216206382525
40-49,0.27,0.586,0.0,0.35131863945161973,0.08632500400091739,0.0018760637879018938,0.06779999255534974,0.06726351403210296,0.06351138645629917,0.0037521275758037875,0.0689245964805018,0.07506962567711166,-0.08152539216243793,-0.046134437486681,0.035390954675756925
40-49,0.27,0.584,0.03,0.25365026322386974,0.06855432388489305,0.002235248696284442,0.06212328926771107,0.06726351403210296,0.06279301663953407,0.004470497392568884,0.024302263269086667,0.027006253894229244,-0.08152539216243793,-0.04712134434863535,0.034404047813802574
40-49,0.27,0.585,0.06,0.1819176709178734,0.043483664014021775,0.0025944336046671013,0.04295294025565002,0.06726351403210296,0.06207464682276875,0.0051888672093342025,0.02060582441932375,0.023698138078070943,-0.08152539216243793,-0.04810825121058937,0.033417140951848556
40-49,0.27,0.581,0.09,0.1269607675196445,0.020645556405039588,0.004139936779345932,0.01994397985113953,0.06726351403210296,0.06135627700600399,0.005907237026098966,0.021831170376322,0.03547757804920189,-0.08152539216243793,-0.04909515807254361,0.032430234089894316
40-49,0.27,0.586,0.12,0.13346242988557488,0.02257213644100749,0.003312803421432031,0.017412720851645497,0.06726351403210296,0.06063790718923889,0.006625606842864062,0.023121418641597214,0.042142765994051416,-0.08152539216243793,-0.05008206493449774,0.03144332722794019
40-49,0.27,0.581,0.15,0.20396699368092217,0.0436160442262159,0.004509999191524117,0.039606523367578465,0.06726351403210296,0.0599195373724738,0.007343976659629159,0.023285188425262934,0.04555164113930317,-0.08152539216243793,-0.05106897179645198,0.030456420365985948
40-49,0.27,0.581,0.18,0.2911588659609883,0.07117305329128769,0.0046950303976131535,0.06699587758716817,0.06726351403210296,0.05920116755570881,0.008062346476394144,0.02350744562899166,0.049574702470301775,-0.08152539216243793,-0.052055878658405996,0.02946951350403193
40-49,0.27,0.581,0.21,0.3763483913713933,0.09895362835838124,0.004880061603702246,0.09349032832704122,0.06726351403210296,0.05848279773894394,0.008780716293159019,0.023370922104187484,0.051764183761671925,-0.08152539216243793,-0.05304278552036035,0.02848260664207758
40-49,0.27,0.581,0.24,0.4618278694148329,0.1263287007019292,0.004942895492892618,0.12119711761891294,0.06726351403210296,0.05737772304631772,0.009885790985785237,0.02337092210418748,0.052823987438036075,-0.08152539216243793,-0.05347528894609754,0.028050103216340383
50-59,0.27,0.618,0.0,0.31164941548007724,0.0818616683224378,0.0010888938047629027,0.062300008041926445,0.06460245427369793,0.06637831914910897,0.0017758648754110373,0.04600434762063256,0.06247594004964882,-0.08676449919114704,-0.04661480084964953,0.04014969834149751
50-59,0.27,0.619,0.03,0.22566401624838395,0.06370384690155842,0.001771096032197217,0.05513917916698321,0.06460245427369793,0.0658054923087501,0.001203038035052173,0.018878559267062743,0.02415511524608039,-0.08676449919114704,-0.04831146288837318,0.03845303630277386
50-59,0.27,0.616,0.06,0.15031202441602134,0.037712765692764535,0.0015467017403684724,0.03632913962305184,0.06460245427369793,0.06523266546839124,0.0006302111946933087,0.01746997424153798,0.02170592913404705,-0.08676449919114704,-0.05000812492709672,0.03675637426405032
50-59,0.27,0.616,0.09,0.0881767590780099,0.01634371586772393,0.001864499512934159,0.015691472344553075,0.06460245427369793,0.06465983862803215,5.738435433422229e-05,0.016958773540560076,0.02494636324914733,-0.08676449919114704,-0.05170478696582037,0.03505971222532667
50-59,0.27,0.616,0.12,0.10420731977110904,0.020590064417387737,0.0021822972854998457,0.018712209719505473,0.06460245427369793,0.06408701178767329,0.000515442486024642,0.01716974082506782,0.02932515828612595,-0.08676449919114704,-0.05340144900454402,0.033363050186603016
50-59,0.27,0.616,0.15,0.18621826787766008,0.047161486443634146,0.002500095058065588,0.04476287628183619,0.06460245427369793,0.06351418494731431,0.0010882693263836174,0.018330302779823376,0.030498588683700784,-0.08676449919114704,-0.05509811104326745,0.03166638814787959
50-59,0.27,0.616,0.18,0.2707799375504367,0.07500507381318755,0.002817892830631219,0.0716519427780281,0.06460245427369793,0.06294135810695534,0.0016610961667425928,0.018579558659989764,0.03117021105866949,-0.08676449919114704,-0.05679477308199132,0.029969726109155714
50-59,0.27,0.616,0.21,0.3571880086658501,0.10303121420380507,0.0031356906031969056,0.09898547228135224,0.06460245427369793,0.06236853126659647,0.002233923007101457,0.01889973544788394,0.033176996019654736,-0.08676449919114704,-0.058491435120714974,0.028273064070432063
50-59,0.27,0.617,0.24,0.44033519775444074,0.13111680233422,0.002361346828260391,0.12640657430579935,0.06460245427369793,0.06162532464854842,0.0029771296251495105,0.018644033898274282,0.033369199774815964,-0.08676449919114704,-0.06008790281861687,0.02667659637253017
60-69,0.27,0.664,0.0,0.5095701289145341,0.13707916161332684,0.0004653806715987363,0.11200001001672318,0.07344799848794936,0.07385363884569596,0.000405640357746595,0.07209715667070372,0.09197390934390036,-0.1256311610215025,-0.059068187944744444,0.06656297307675807
60-69,0.27,0.666,0.03,0.4149394620768473,0.11829761427174962,0.0011810496427961392,0.10535766853147094,0.07344799848794936,0.07379511752750045,0.00034711903955109147,0.03078311225331185,0.051412060841790834,-0.1256311610215025,-0.061712657504768065,0.06391850351673445
60-69,0.27,0.664,0.06,0.31117776924734364,0.09230666940885845,0.0011725200428089888,0.08711886436120991,0.07344799848794936,0.07373659620930473,0.0002885977213553659,0.02501999200639358,0.011593101396951536,-0.1256311610215025,-0.0643571270647918,0.061274033956710716
60-69,0.27,0.667,0.09,0.24260916572102495,0.06488160777978753,0.0014739102715857766,0.06247368263695239,0.07344799848794936,0.073678074891109,0.00023007640315964029,0.025961509971494313,0.02576819745345023,-0.1256311610215025,-0.0670015966248152,0.05862956439668732
60-69,0.27,0.664,0.12,0.16893421498239208,0.037694942640329576,0.0018796594140192968,0.03692157788827727,0.07344799848794936,0.07361955357291339,0.00017155508496402572,0.026313494636782828,0.033823069050575506,-0.1256311610215025,-0.0696460661848387,0.05598509483666381
60-69,0.27,0.664,0.15,0.1214152536112406,0.020109949797376715,0.0022332290996244786,0.020552794664693712,0.07344799848794936,0.07356103225471777,0.00011303376676841115,0.026472627372438853,0.03917141815150427,-0.1256311610215025,-0.07229053574486233,0.053340625276640186
60-69,0.27,0.665,0.18,0.14429944193317554,0.02919224005004984,0.001586798785229604,0.025420504725044063,0.07344799848794936,0.07350251093652205,5.451244857268556e-05,0.02701110882581459,0.041376321731154374,-0.1256311610215025,-0.07493500530488595,0.050696155716616564
60-69,0.27,0.666,0.21,0.22054859380333713,0.05366220894836336,0.0009403684708347293,0.05145124505958457,0.07344799848794936,0.07344398961832632,4.0088696230400345e-06,0.027305677065401594,0.04562455479234836,-0.1256311610215025,-0.07757947486490957,0.04805168615659294
60-69,0.27,0.664,0.24,0.30631502373569286,0.08102556366101354,0.0032939381564398573,0.07857785971300346,0.07344799848794936,0.07338546830013082,6.253018781854358e-05,0.02725435744977303,0.045325489517488916,-0.1256311610215025,-0.08022394442493308,0.04540721659656943
70-79,0.27,0.727,0.0,0.4620429414944126,0.12143749431990686,0.000964117757481342,0.09801665875901316,0.0786145418861075,0.07919159555264688,0.0005770536665393733,0.0736350057447406,0.08654312503248589,-0.12891993567140259,-0.0635435172681642,0.06537641840323838
70-79,0.27,0.73,0.03,0.374428436817341,0.10400556456542338,0.0020249758249967775,0.0917367207558139,0.0786145418861075,0.08048894427024111,0.001874402384133611,0.03201297777560492,0.045367378253164434,-0.12891993567140259,-0.0615207039324277,0.06739923173897489
70-79,0.27,0.73,0.06,0.2899119225933354,0.07885124520075931,0.0020140694074750054,0.07528520393309583,0.0786145418861075,0.08178629298783557,0.003171751101728071,0.029883346894697613,0.019007203365717373,-0.12891993567140259,-0.05949789059669064,0.06942204507471195
70-79,0.27,0.727,0.09,0.22332947341967738,0.05249121936603521,0.0022345499096612653,0.052505990279782234,0.0786145418861075,0.08308364170543003,0.004469099819322531,0.030268901691551574,0.02591743933529233,-0.12891993567140259,-0.05747507726095413,0.07144485841044845
70-79,0.27,0.727,0.12,0.16751534381064156,0.030740077899616268,0.0028832242684584397,0.03166318728971621,0.0786145418861075,0.08438099042302438,0.005766448536916879,0.03119951946777422,0.030807969920678385,-0.12891993567140259,-0.055452263925217515,0.07346767174618507
70-79,0.27,0.727,0.15,0.1519352623535499,0.021865057212101368,0.003531898627255725,0.02448219385268637,0.0786145418861075,0.08567833914061895,0.00706379725451145,0.03195957480363019,0.03690553818777457,-0.12891993567140259,-0.0534294505894809,0.07549048508192169
70-79,0.27,0.726,0.18,0.19605547568044351,0.03626138148183198,0.0041805729860528995,0.032593582111862786,0.0786145418861075,0.0869756878582133,0.008361145972105799,0.03207210048374204,0.04058842378975158,-0.12891993567140259,-0.05140663725374395,0.07751329841765864
70-79,0.27,0.721,0.21,0.2825228082693327,0.062315213221852565,0.007040462680133974,0.05656738913762779,0.0786145418861075,0.08827303657580787,0.00965849468970037,0.032775485483282754,0.04220707635778784,-0.12891993567140259,-0.04938382391800733,0.07953611175339526
70-79,0.27,0.721,0.24,0.3698794487416264,0.0899079803036967,0.007051369097655802,0.08303214587720538,0.0786145418861075,0.08957038529340222,0.010955843407294719,0.032824266155770776,0.04562007052927773,-0.12891993567140259,-0.047361010582270824,0.08155892508913176
80-89,0.27,0.879,0.0,0.6854222478630067,0.20447499673964775,0.002153946967640874,0.1746916615407711,0.0865611292410422,0.08225323530576045,0.004307893935281748,0.04010735593379349,0.044846077943899554,-0.21020642647712207,-0.0695317280280282,0.14067469844909386
80-89,0.27,0.88,0.03,0.6182455205212293,0.1871385766523001,0.0017779248630447886,0.17016730672271593,0.0865611292410422,0.08300527951495262,0.003555849726089577,0.01843366485536722,0.02412143109388748,-0.21020642647712207,-0.06690400420694131,0.14330242227018075
80-89,0.27,0.882,0.06,0.5377213494850028,0.16198098250159548,0.0014019027584487032,0.15403460765901997,0.0865611292410422,0.0837573237241448,0.0028038055168974063,0.01566524816273271,0.009330932890555055,-0.21020642647712207,-0.06427628038585442,0.14593014609126764
80-89,0.27,0.882,0.09,0.4693607711725014,0.13552088725092065,0.0010258806538526177,0.13141680586717638,0.0865611292410422,0.08450936793333697,0.0020517613077052355,0.01624192106864211,0.020648638490611142,-0.21020642647712207,-0.06164855656476753,0.14855786991235453
80-89,0.27,0.881,0.12,0.3946928859360447,0.10919269355045566,0.0008908861845567939,0.10691269873929489,0.0865611292410422,0.0852614121425288,0.0012997170985133977,0.017058722109231997,0.024917112055628975,-0.21020642647712207,-0.05902083274368064,0.15118559373344143
80-89,0.27,0.882,0.15,0.31529633556931935,0.08278986239427616,0.0002738364446606134,0.08080416021450036,0.0865611292410422,0.08601345635172097,0.0005476728893212268,0.017498571370257645,0.02675575576605603,-0.21020642647712207,-0.05639310892259375,0.15381331755452832
80-89,0.27,0.882,0.18,0.25168282519702706,0.060157243188069906,0.0003910417927312504,0.05951347544383678,0.0865611292410422,0.08676550056091281,0.00020437131987061097,0.017849369736772237,0.030172122586075517,-0.21020642647712207,-0.05376538510150619,0.15644104137561587
80-89,0.27,0.882,0.21,0.20929629331793195,0.04554162650355475,0.0006411195968184513,0.04349245008532249,0.0865611292410422,0.0875175447701051,0.0009564155290628928,0.01813835714721707,0.030252200134604133,-0.21020642647712207,-0.05113766128041952,0.15906876519670254
80-89,0.27,0.882,0.24,0.2061240372068774,0.04300878781934066,0.0008911974009055412,0.04110475410713863,0.0865611292410422,0.08826958897929715,0.0017084597382549527,0.018368451213970124,0.03225872709507215,-0.21020642647712207,-0.048509937459332964,0.1616964890177891
20-29,0.28,0.568,0.0,0.42741642235537,0.09187083808275917,0.009128647710244298,0.07016666418266705,0.04374684900583592,0.062004144426324515,0.018257295420488595,0.06957154590779194,0.10494799780770668,-0.06449539092603063,-0.04353769318185918,0.020957697744171444
20-29,0.28,0.569,0.03,0.30925217190791543,0.0730211876669911,0.009061764404285022,0.06366823778175092,0.04374684900583592,0.061870377814405964,0.018123528808570044,0.01946792233393176,0.039848579990656836,-0.06449539092603063,-0.04229308609997606,0.022202304826054564
20-29,0.28,0.561,0.06,0.21904281572102402,0.047076476423443744,0.008994881098325858,0.04365346623762633,0.04374684900583592,0.061736611202487635,0.017989762196651715,0.017635192088548385,0.01678371470039516,-0.06449539092603063,-0.04104847901809272,0.023446911907937906
20-29,0.28,0.555,0.09,0.152476307742742,0.02301086728398144,0.008927997792366582,0.02095561222516165,0.04374684900583592,0.061602844590569084,0.017855995584733164,0.018477012745571175,0.022026117433569484,-0.06449539092603063,-0.03980387193620949,0.024691518989821137
20-29,0.28,0.554,0.12,0.15011128068004997,0.019351080825746,0.008861114486407362,0.019524661438388963,0.04374684900583592,0.061469077978650644,0.017722228972814724,0.018947295321496405,0.030346788657400644,-0.06449539092603063,-0.038559264854326036,0.02593612607170459
20-29,0.28,0.554,0.15,0.21575346253926087,0.04016992544213721,0.008794231180448142,0.0396409820921669,0.04374684900583592,0.061335311366732204,0.017588462360896284,0.019302849530574488,0.035414179235262,-0.06449539092603063,-0.037314657772442805,0.02718073315358782
20-29,0.28,0.556,0.18,0.30360166645353726,0.06940150559933433,0.008727347874488867,0.06759594359483555,0.04374684900583592,0.06120154475481365,0.017454695748977733,0.019437077969694922,0.037351667159179376,-0.06449539092603063,-0.03607005069055946,0.028425340235471164
20-29,0.28,0.552,0.21,0.3863306170259744,0.09646438100882698,0.00986580763726308,0.09377714434052282,0.04374684900583592,0.0609372377497579,0.01719038874392198,0.01954993606127651,0.03775981739393415,-0.06449539092603063,-0.03482544360867612,0.029669947317354506
20-29,0.28,0.553,0.24,0.466422845398373,0.12445613561726133,0.008189864165604688,0.12143759845840357,0.04374684900583592,0.060126577337045295,0.016379728331209376,0.019834313701260237,0.038411946462181885,-0.06449539092603063,-0.03166469486782242,0.03283069605820821
30-39,0.28,0.605,0.0,0.45528978542547277,0.10585834087863094,0.003572361793434564,0.08477499152724764,0.0573742659002322,0.06451898948710133,0.007144723586869128,0.09018647348688158,0.10360356095995531,-0.10704012899392612,-0.04876799332613191,0.05827213566779421
30-39,0.28,0.606,0.03,0.3277095152266173,0.08805706529960157,0.003447470735919833,0.07914702917349596,0.0573742659002322,0.06426920737207187,0.006894941471839666,0.03287552280953107,0.026910627418073846,-0.10704012899392612,-0.04646893271361319,0.06057119628031293
30-39,0.28,0.603,0.06,0.25620816404313285,0.062651645125266,0.0033225796784050465,0.06005436410670786,0.0573742659002322,0.0640194252570423,0.006645159356810093,0.025274493071078562,0.0300802944756209,-0.10704012899392612,-0.04416987210109502,0.0628702568928311
30-39,0.28,0.602,0.09,0.18732446556942373,0.0356293117822665,0.0031976886208902044,0.035318708985271285,0.0573742659002322,0.06376964314201261,0.006395377241780409,0.02599230655405553,0.043030024854550576,-0.10704012899392612,-0.041870811488576076,0.06516931750535004
30-39,0.28,0.601,0.12,0.15171178416254602,0.01968379288263212,0.003072797563375529,0.020584151366189157,0.0573742659002322,0.06351986102698326,0.006145595126751058,0.026765649627834516,0.05743112307660678,-0.10704012899392612,-0.03957175087605769,0.06746837811786843
30-39,0.28,0.601,0.15,0.17446152593429656,0.027157670426109566,0.0029479065058607423,0.025961323757033684,0.0573742659002322,0.06327007891195369,0.005895813011721485,0.027269030052423905,0.060561396774760794,-0.10704012899392612,-0.03727269026353908,0.06976743873038704
30-39,0.28,0.6,0.18,0.25761561662913623,0.05449578932905832,0.0028230154483459557,0.05280421919684331,0.0573742659002322,0.06302029679692411,0.0056460308966919115,0.027092434368288097,0.06309184541897343,-0.10704012899392612,-0.03497362965102058,0.07206649934290554
30-39,0.28,0.601,0.21,0.3435535253640535,0.08248294092489336,0.002698124390831169,0.0803427007015939,0.0573742659002322,0.06277051468189454,0.005396248781662338,0.027705595102794633,0.06614934523657671,-0.10704012899392612,-0.032674569038501966,0.07436555995542415
30-39,0.28,0.601,0.24,0.42688697485919386,0.11021360879118243,0.002438488838295616,0.10739146411543932,0.0573742659002322,0.062251243576823434,0.004876977676591232,0.027835229476330853,0.0684264754714344,-0.10704012899392612,-0.03024057383442702,0.0767995551594991
40-49,0.28,0.581,0.0,0.34520714162246113,0.0858083373284174,0.0019528404603459393,0.06769999258868308,0.06726351403210296,0.06586366002875454,0.0013998540033484108,0.0689245964805018,0.07506962567711166,-0.08152539216243793,-0.04784312035655813,0.03368227180587979
40-49,0.28,0.583,0.03,0.2455191292612261,0.06829883622280868,0.0010591119100567536,0.060849868593010115,0.06726351403210296,0.06514529021198945,0.0021182238201135073,0.0245316122584717,0.028369692529387813,-0.08152539216243793,-0.04883002721851237,0.03269536494392555
40-49,0.28,0.584,0.06,0.1725087620996877,0.04325828145315028,0.0014182968184393019,0.042323995481327904,0.06726351403210296,0.06442692039522435,0.0028365936368786038,0.020528029618061227,0.022623057962533274,-0.08152539216243793,-0.04981693408046639,0.031708458081971536
40-49,0.28,0.583,0.09,0.1179672076325181,0.020919808400782475,0.001777481726821739,0.02086727743753301,0.06726351403210296,0.06370855057845948,0.003554963453643478,0.02171174797200813,0.03474554832197509,-0.08152539216243793,-0.05080384094242063,0.030721551220017296
40-49,0.28,0.585,0.12,0.12574227239794258,0.022682270748995433,0.002136666635204343,0.01750422439503435,0.06726351403210296,0.06299018076169427,0.004273333270408686,0.023121418641597214,0.04141218171116925,-0.08152539216243793,-0.05179074780437487,0.029734644358063056
40-49,0.28,0.579,0.15,0.19954428409838273,0.04363568297394996,0.00487799649079107,0.039720100167825644,0.06726351403210296,0.062271810944929284,0.004991703087173671,0.02319051530259729,0.04537496906853573,-0.08152539216243793,-0.052777654666329,0.028747737496108927
40-49,0.28,0.579,0.18,0.286714640446462,0.07100027860057878,0.005063027696880218,0.06732305778234168,0.06726351403210296,0.06155344112816452,0.005710072903938435,0.023643180835073756,0.049444034913666474,-0.08152539216243793,-0.05376456152828324,0.027760830634154687
40-49,0.28,0.58,0.21,0.37033144288945163,0.09909686131827361,0.004248058902969254,0.09424103675541833,0.06726351403210296,0.060835071311399314,0.006428442720703642,0.02370232056149775,0.05066538536845495,-0.08152539216243793,-0.05475146839023737,0.02677392377220056
40-49,0.28,0.579,0.24,0.45661927869473473,0.12617679117254282,0.005139970499663582,0.12115793824506187,0.06726351403210296,0.059713763853280866,0.00754975017882209,0.023293775992741045,0.05265646244374171,-0.08152539216243793,-0.05516906448868175,0.026356327673756175
50-59,0.28,0.617,0.0,0.3156945763739223,0.0813550016516045,0.0021171605700964213,0.06081667474359309,0.06460245427369793,0.06883677541389077,0.004234321140192843,0.04600434762063256,0.06247594004964882,-0.08676449919114704,-0.048341274955192026,0.03842322423595501
50-59,0.28,0.613,0.03,0.2324559225774455,0.06344904421671795,0.002485699071891667,0.05385346049317139,0.06460245427369793,0.0682639485735318,0.0036614942998338673,0.018878559267062743,0.027718755632730664,-0.08676449919114704,-0.0500379369939159,0.03672656219723114
50-59,0.28,0.614,0.06,0.15247900102707226,0.037564729144881084,0.001803496844457353,0.0355852059611698,0.06460245427369793,0.06769112173317293,0.003088667459475003,0.016887865466067655,0.01970480052748652,-0.08676449919114704,-0.05173459903263944,0.0350299001585076
50-59,0.28,0.614,0.09,0.09353999797971191,0.01631710719181307,0.002121294617022984,0.015534404658342474,0.06460245427369793,0.06711829489281396,0.0025158406191160276,0.016697305171793457,0.025886861799496667,-0.08676449919114704,-0.05343126107136287,0.03333323811978417
50-59,0.28,0.614,0.12,0.10729242982551254,0.020536078550339367,0.0024390923895886707,0.01909140633982831,0.06460245427369793,0.06654546805245509,0.0019430137787571633,0.01716974082506782,0.029160852820686384,-0.08676449919114704,-0.05512792311008652,0.03163657608106052
50-59,0.28,0.615,0.15,0.18638934906673188,0.04765162515403938,0.0017568901621543564,0.04527155768630562,0.06460245427369793,0.06597264121209623,0.001370186938398299,0.018165902124584965,0.030656609731154007,-0.08676449919114704,-0.05682458514881017,0.029939914042336868
50-59,0.28,0.615,0.18,0.2679678141679196,0.07523692772682561,0.0020746879347200986,0.07202161202384925,0.06460245427369793,0.06539981437173725,0.0007973600980393236,0.018579558659989764,0.03117021105866949,-0.08676449919114704,-0.05852124718753382,0.028243252003613217
50-59,0.28,0.615,0.21,0.35155567514849295,0.10325309110955513,0.0023924857072857297,0.09952224319626445,0.06460245427369793,0.06482698753137828,0.00022453325768034826,0.01889973544788394,0.032275595450695645,-0.08676449919114704,-0.06021790922625747,0.026546589964889566
50-59,0.28,0.615,0.24,0.4353895188486604,0.1311190019205595,0.0026102489955435737,0.12620177777548258,0.06460245427369793,0.06406975293029804,0.0005327013433998884,0.01879361593733363,0.033369199774815964,-0.08676449919114704,-0.06180398417357458,0.02496051501757246
60-69,0.28,0.663,0.0,0.5139207068596722,0.13653749495582684,0.0015704801574972782,0.11030001005672319,0.07344799848794936,0.07658895880294392,0.0031409603149945564,0.07209715667070372,0.09197390934390036,-0.1256311610215025,-0.06125589860936442,0.06437526241213809
60-69,0.28,0.665,0.03,0.4232993872088956,0.11791519506592651,0.002133309613060075,0.10394903126323986,0.07344799848794936,0.07653043748474841,0.003082438996799053,0.031054790290710354,0.05617116698093428,-0.1256311610215025,-0.06390036816938816,0.06173079285211436
60-69,0.28,0.662,0.06,0.31534960848652643,0.0920222267281525,0.0015119588393016636,0.08594600566019178,0.07344799848794936,0.07647191616655269,0.0030239176786033273,0.024931907267595848,0.01206648250319868,-0.1256311610215025,-0.06654483772941167,0.05908632329209085
60-69,0.28,0.666,0.09,0.2470733696020415,0.06465940477164633,0.0024261702418498787,0.06189592524065696,0.07344799848794936,0.07641339484835707,0.0029653963604077127,0.025830214865540678,0.024066574330386094,-0.1256311610215025,-0.0691893072894354,0.056441853732067115
60-69,0.28,0.661,0.12,0.17343642532576994,0.037225900081083854,0.0029273994437553075,0.03637190427614301,0.07344799848794936,0.07635487353016146,0.002906875042212098,0.026653329998332264,0.03222421449779651,-0.1256311610215025,-0.07183377684945891,0.053797384172043605
60-69,0.28,0.662,0.15,0.1251851758384356,0.020070442738250482,0.002280969129360433,0.02003306722825876,0.07344799848794936,0.07629635221196573,0.0028483537240163725,0.026472627372438853,0.03830404678359713,-0.1256311610215025,-0.07447824640948253,0.051152914612019984
60-69,0.28,0.663,0.18,0.1484913687256466,0.02896544524895066,0.0016345388149656137,0.025352283481790628,0.07344799848794936,0.07623783089377012,0.002789832405820758,0.027217641337926375,0.04083136049655948,-0.1256311610215025,-0.07712271596950604,0.048508445051996474
60-69,0.28,0.664,0.21,0.22541795219702526,0.053722320649054044,0.0013656555438125717,0.05160115755370617,0.07344799848794936,0.0761793095755745,0.0027313110876251434,0.026773120849090393,0.04443422104639619,-0.1256311610215025,-0.07976718552952955,0.045863975491972964
60-69,0.28,0.662,0.24,0.3112035357220515,0.08109337564890493,0.003341678186175867,0.07853601635922607,0.07344799848794936,0.07612078825737889,0.002672789769429529,0.027305677065401594,0.045325489517488916,-0.1256311610215025,-0.08241165508955328,0.04321950593194923
70-79,0.28,0.726,0.0,0.46591912663120755,0.12086249434074019,0.0017550378620223572,0.09618332543067985,0.0786145418861075,0.08212461761015222,0.0035100757240447145,0.0736350057447406,0.08654312503248589,-0.12891993567140259,-0.06589698087068863,0.06302295480071396
70-79,0.28,0.728,0.03,0.3777450288361204,0.1036121576587117,0.0024037122208195316,0.09012260093613161,0.0786145418861075,0.08342196632774657,0.004807424441639063,0.03201297777560492,0.04494387778097738,-0.12891993567140259,-0.06387416753495201,0.06504576813645058
70-79,0.28,0.723,0.06,0.2955916374872599,0.07871864288403493,0.0030523865796167615,0.07406397672714114,0.0786145418861075,0.08471931504534103,0.006104773159233523,0.029823051849682213,0.018796512295280624,-0.12891993567140259,-0.0618513541992155,0.06706858147218708
70-79,0.28,0.725,0.09,0.22953222678986984,0.05242292899681113,0.003701060938414047,0.051903449989304774,0.0786145418861075,0.0860166637629356,0.007402121876828094,0.0301098256787249,0.024331722180153493,-0.12891993567140259,-0.05982854086347866,0.06909139480792392
70-79,0.28,0.72,0.12,0.1750282037417335,0.03015768702632083,0.005906136253972183,0.029649880704064047,0.0786145418861075,0.08731401248052983,0.008699470594422332,0.030954909297441234,0.030127638138137403,-0.12891993567140259,-0.05780572752774216,0.07111420814366043
70-79,0.28,0.725,0.15,0.158790034290243,0.021807523215454844,0.004998409656008451,0.02431535693482025,0.0786145418861075,0.0886113611981244,0.009996819312016902,0.03195957480363019,0.03547350695573058,-0.12891993567140259,-0.05578291419200532,0.07313702147939727
70-79,0.28,0.719,0.18,0.2041664772490739,0.03474645873480456,0.0069279490890157835,0.03298071752798759,0.0786145418861075,0.08990870991571887,0.011294168029611362,0.03203466293625152,0.04058842378975158,-0.12891993567140259,-0.0537601008562687,0.07515983481513389
70-79,0.28,0.718,0.21,0.2885287006745425,0.062086639500720596,0.007938855506537557,0.05666355692872527,0.0786145418861075,0.09120605863331332,0.012591516747205822,0.032561327676863816,0.041406392480986445,-0.12891993567140259,-0.051737287520532305,0.07718264815087028
70-79,0.28,0.719,0.24,0.37431541356760734,0.09000125418369664,0.006949761924059439,0.08338067747655764,0.0786145418861075,0.09250340735090756,0.01388886546480006,0.032824266155770776,0.04405529932853367,-0.12891993567140259,-0.049714474184795354,0.07920546148660723
80-89,0.28,0.878,0.0,0.6727988123528317,0.20394166343714773,0.0006605514549336,0.17285832820243777,0.0865611292410422,0.08529965142819607,0.0012614778128461346,0.04010735593379349,0.044846077943899554,-0.21020642647712207,-0.07210697721425163,0.13809944926287043
80-89,0.28,0.878,0.03,0.6090787014106913,0.186793768350488,0.0009106292590208009,0.16849052507072246,0.0865611292410422,0.08605169563738813,0.0005094336036540748,0.018798936140111775,0.02610567009679717,-0.21020642647712207,-0.06947925339316463,0.14072717308395744
80-89,0.28,0.881,0.06,0.5306290864468373,0.1616857730412399,0.0018392929368918898,0.15281902991152999,0.0865611292410422,0.08680373984658041,0.00024261060553820712,0.015537052487521576,0.0088899371972605,-0.21020642647712207,-0.0668515295720774,0.14335489690504466
80-89,0.28,0.879,0.09,0.4629019999843209,0.13533781873610162,0.0004973274073650225,0.13067804415213155,0.0865611292410422,0.08755578405577225,0.000994654814730045,0.016043690348545137,0.018729138079987363,-0.21020642647712207,-0.06422380575099074,0.14598262072613133
80-89,0.28,0.879,0.12,0.3935898203809829,0.1089821730090792,0.0008733495119609969,0.10620977182439374,0.0865611292410422,0.0883078282649642,0.0017466990239219937,0.017011760637864633,0.024689518681237286,-0.21020642647712207,-0.061596081929903845,0.14861034454721822
80-89,0.28,0.88,0.15,0.31974382095006526,0.08260101356577768,0.0012493716165571933,0.08051186339733558,0.0865611292410422,0.08905987247415659,0.0024987432331143866,0.01731473361042556,0.02675575576605603,-0.21020642647712207,-0.05896835810881651,0.15123806836830556
80-89,0.28,0.88,0.18,0.25858270256494076,0.06012276723463437,0.0016253937211532232,0.059149495630842853,0.0865611292410422,0.08981191668334865,0.0032507874423064465,0.017770762504743586,0.029444641117586563,-0.21020642647712207,-0.05634063428772973,0.15386579218939234
80-89,0.28,0.88,0.21,0.2171936617449866,0.0455521647175858,0.0020014158257491976,0.04309938446884515,0.0865611292410422,0.0905639608925406,0.004002831651498395,0.01813835714721707,0.030385193746995127,-0.21020642647712207,-0.05371291046664284,0.15649351601047923
80-89,0.28,0.88,0.24,0.21430983180439447,0.04299475404414181,0.002377437930345283,0.04113994404199748,0.0865611292410422,0.09131600510173277,0.004754875860690566,0.018259244234085936,0.032007760022809535,-0.21020642647712207,-0.051085186645555836,0.15912123983156623
20-29,0.29,0.563,0.0,0.4312376608504953,0.09136250475442587,0.010235864575000087,0.06874999754933372,0.04374684900583592,0.06421857815583609,0.020471729150000173,0.06957154590779194,0.10494799780770668,-0.06449539092603063,-0.0450926107954972,0.019402780130533426
20-29,0.29,0.568,0.03,0.31542517811819076,0.07273322432100494,0.010168981269040811,0.06247318129927371,0.04374684900583592,0.06408481154391754,0.020337962538081622,0.019874606914351764,0.04183001373650967,-0.06449539092603063,-0.04384800371361375,0.02064738721241688
20-29,0.29,0.555,0.06,0.22401992996876696,0.04683456419785709,0.010102097963081647,0.043145019513491874,0.04374684900583592,0.06395104493199921,0.020204195926163293,0.01756701454431001,0.016448917913788007,-0.06449539092603063,-0.04260339663173052,0.02189199429430011
20-29,0.29,0.553,0.09,0.15822084913204493,0.0233946970857445,0.010035214657122482,0.020564515617538793,0.04374684900583592,0.06381727832008088,0.020070429314244964,0.018324846520503237,0.02094543706131298,-0.06449539092603063,-0.041358789549847064,0.023136601376183563
20-29,0.29,0.553,0.12,0.1566472447250861,0.019555117718046237,0.009968331351163096,0.019685870523751602,0.04374684900583592,0.06368351170816211,0.01993666270232619,0.01885205559083676,0.030026427664437853,-0.06449539092603063,-0.040114182467963944,0.024381208458066683
20-29,0.29,0.553,0.15,0.223089700072585,0.04035071908324765,0.009901448045203876,0.04012248577528524,0.04374684900583592,0.06354974509624367,0.01980289609040775,0.01924058211177613,0.03577379055827412,-0.06449539092603063,-0.03886957538608049,0.025625815539950136
20-29,0.29,0.549,0.18,0.30927476750677263,0.06826222055037187,0.01157189492446864,0.06591663051938186,0.04374684900583592,0.06341597848432534,0.019669129478489422,0.01924058211177613,0.037351667159179376,-0.06449539092603063,-0.03762496830419726,0.026870422621833367
20-29,0.29,0.55,0.21,0.39183438469305043,0.09669436946368845,0.010411121654944566,0.09392486774951576,0.04374684900583592,0.06313451101412026,0.019387662008284345,0.019437077969694922,0.037567885705230966,-0.06449539092603063,-0.036380361222313806,0.02811502970371682
20-29,0.29,0.551,0.24,0.47329539609766647,0.12481933308635844,0.009281909522214637,0.12152118084463026,0.04374684900583592,0.062310668050265194,0.018563819044429275,0.019834313701260237,0.03826491617164804,-0.06449539092603063,-0.03318239905536913,0.0313129918706615
30-39,0.29,0.605,0.0,0.4592337725422504,0.10532500755613096,0.004724486605704237,0.08330832492724766,0.0573742659002322,0.06682323911164068,0.009448973211408473,0.09018647348688158,0.10360356095995531,-0.10704012899392612,-0.05050970737349392,0.0565304216204322
30-39,0.29,0.6,0.03,0.33522622518844386,0.08774836829811339,0.00459959554818945,0.07796386546938892,0.0573742659002322,0.0665734569966111,0.0091991910963789,0.0341643088617346,0.029838033126115215,-0.10704012899392612,-0.048210646760975195,0.058829482232950925
30-39,0.29,0.597,0.06,0.2605582704335704,0.06247735473033504,0.004474704490674664,0.059355076130711816,0.0573742659002322,0.06632367488158153,0.008949408981349327,0.025596874809241797,0.028426246376203026,-0.10704012899392612,-0.045911586148456585,0.061128542845469536
30-39,0.29,0.601,0.09,0.1912942842507843,0.03551686788025043,0.0043498134331599325,0.034724827556199024,0.0573742659002322,0.06607389276655207,0.008699626866319865,0.02599230655405553,0.040778381591466704,-0.10704012899392612,-0.043612525535938085,0.06342760345798804
30-39,0.29,0.6,0.12,0.15714441074721372,0.019746883748742318,0.0042249223756452015,0.020555272247940865,0.0573742659002322,0.0658241106515226,0.008449844751290403,0.026765649627834516,0.055908461221830824,-0.10704012899392612,-0.041313464923419585,0.06572666407050654
30-39,0.29,0.599,0.15,0.1800939171831405,0.027105146321208674,0.004100031318130359,0.025990370534141587,0.0573742659002322,0.06557432853649292,0.008200062636260719,0.027180875629751113,0.059594929482890066,-0.10704012899392612,-0.039014404310900974,0.06802572468302515
30-39,0.29,0.594,0.18,0.2644944766837499,0.05304241382566749,0.006226061256746407,0.051709455526145275,0.0573742659002322,0.06532454642146324,0.007950280521231035,0.027298351598585548,0.06282285043618145,-0.10704012899392612,-0.036715343698382474,0.07032478529554365
30-39,0.29,0.595,0.21,0.34711350981003963,0.0809387191363482,0.005064054345347402,0.07904194142947794,0.0573742659002322,0.06507476430643389,0.0077004984062016835,0.02734227496021496,0.06511723419685878,-0.10704012899392612,-0.03441628308586364,0.07262384590806248
30-39,0.29,0.595,0.24,0.431084663260098,0.10865097735895898,0.004727534019065338,0.10624187199445308,0.0573742659002322,0.0645143692985447,0.007140103398312503,0.027835229476330853,0.06814303700572073,-0.10704012899392612,-0.03191745211186503,0.07512267688206109
40-49,0.29,0.58,0.0,0.3401544299900434,0.08529167065591739,0.0013208377596129472,0.06626665928868307,0.06726351403210296,0.06821593360121014,0.000952419569107188,0.0689245964805018,0.07506962567711166,-0.08152539216243793,-0.049551803226435265,0.03197358893600266
40-49,0.29,0.581,0.03,0.23864070338143198,0.0679637790578884,0.0005058689657020388,0.05964373211221735,0.06726351403210296,0.06749756378444505,0.00023404975234209147,0.024750757564163544,0.028623368555674187,-0.08152539216243793,-0.050538710088389394,0.030986682074048533
40-49,0.29,0.582,0.06,0.16378543857113348,0.04301837788686727,0.00030909982820898074,0.04150894313906837,0.06726351403210296,0.06677919396767995,0.000484320064423005,0.020528029618061227,0.02251858834801659,-0.08152539216243793,-0.051525616950343744,0.029999775212094182
40-49,0.29,0.582,0.09,0.11019995489090349,0.021128319249402318,0.0006013449405939952,0.02041252237664935,0.06726351403210296,0.06606082415091497,0.0012026898811879905,0.021498837177856833,0.03456011826056269,-0.08152539216243793,-0.05251252381229754,0.029012868350140386
40-49,0.29,0.583,0.12,0.11836069452154678,0.022613906186504308,0.000960529848976488,0.01770532512491115,0.06726351403210296,0.06534245433414998,0.001921059697952976,0.022965191050805547,0.04156705604309171,-0.08152539216243793,-0.05349943067425178,0.028025961488186146
40-49,0.29,0.583,0.15,0.19202078634466135,0.045530602915568305,0.0013197147573589807,0.04168151198792689,0.06726351403210296,0.064624084517385,0.0026394295147179614,0.022860446189871254,0.044226390973267186,-0.08152539216243793,-0.05448633753620613,0.027039054626231795
40-49,0.29,0.582,0.18,0.2785573830501097,0.07269468896928252,0.001678899665741529,0.06912369363019553,0.06726351403210296,0.0639057147006199,0.003357799331483058,0.023456342425877037,0.04763960711052268,-0.08152539216243793,-0.05547324439816015,0.026052147764277778
40-49,0.29,0.583,0.21,0.36588518459322006,0.10069273896087838,0.002038084574124077,0.0962983332761463,0.06726351403210296,0.0631873448838548,0.004076169148248154,0.02370232056149775,0.05047386059232373,-0.08152539216243793,-0.0564601512601145,0.025065240902323427
40-49,0.29,0.578,0.24,0.45122410016222825,0.12648039656623647,0.004505496760832006,0.12164339304229932,0.06726351403210296,0.06205812822860879,0.005205385803494167,0.023293775992741045,0.052518999074879814,-0.08152539216243793,-0.05687734593734495,0.02464804622509298
50-59,0.29,0.616,0.0,0.3201416600018824,0.08084833498077115,0.0033463887024873795,0.05933334144525976,0.06460245427369793,0.07129523167867269,0.006692777404974759,0.04600434762063256,0.06247594004964882,-0.08676449919114704,-0.05006774906073452,0.036696750130412514
50-59,0.29,0.611,0.03,0.2384465614426088,0.06315573854259698,0.0030599752823078363,0.052575393817301995,0.06460245427369793,0.0707224048383136,0.006119950564615673,0.018899735447883936,0.030666598799202208,-0.08676449919114704,-0.051764411099458174,0.035000088091688863
50-59,0.29,0.613,0.06,0.15857018608281062,0.03734804133320507,0.002773561862128404,0.03478443927634828,0.06460245427369793,0.07014957799795474,0.005547123724256808,0.017146428199482262,0.020732296472399162,-0.08676449919114704,-0.053461073138181936,0.0333034260529651
50-59,0.29,0.612,0.09,0.0988707251988437,0.016201186253255163,0.0024871484419489165,0.015619027157359133,0.06460245427369793,0.06957675115759576,0.004974296883897833,0.01680476123008002,0.02616315101957377,-0.08676449919114704,-0.055157735176905365,0.03160676401424167
50-59,0.29,0.612,0.12,0.11235717320683691,0.020418144962066294,0.0026958874936776067,0.01943469248473199,0.06460245427369793,0.0690039243172369,0.004401470043538969,0.01716974082506782,0.029105439756167705,-0.08676449919114704,-0.056854397215629016,0.029910101975518022
50-59,0.29,0.613,0.15,0.19186143152918345,0.04771865438221851,0.0020136852662432925,0.04561069748104347,0.06460245427369793,0.06843109747687781,0.0038286432031798823,0.018165902124584965,0.030656609731154007,-0.08676449919114704,-0.058551059254352666,0.02821343993679437
50-59,0.29,0.613,0.18,0.2727845351414559,0.07509324681010343,0.002331483038808979,0.07227875650822072,0.06460245427369793,0.06785827063651895,0.003255816362821018,0.018275666882497082,0.03117021105866949,-0.08676449919114704,-0.06024772129307643,0.02651677789807061
50-59,0.29,0.613,0.21,0.35585518340698924,0.1031391970366161,0.0026492808113746658,0.09934889303686405,0.06460245427369793,0.06728544379616008,0.0026829895224621536,0.01889973544788394,0.03187794525392086,-0.08676449919114704,-0.06194438333179997,0.02482011585934707
50-59,0.29,0.614,0.24,0.4369331331731766,0.13133786621483534,0.001864320927650931,0.12640209388330415,0.06460245427369793,0.06652292265939508,0.0019204683856971494,0.01889973544788394,0.033369199774815964,-0.08676449919114704,-0.06352865647734007,0.023235842713806965
60-69,0.29,0.662,0.0,0.5187964057902612,0.13599582829832682,0.0029381401361213144,0.10860001009672315,0.07344799848794936,0.07932427876019199,0.005876280272242629,0.07209715667070372,0.09197390934390036,-0.1256311610215025,-0.06344360927398474,0.06218755174751778
60-69,0.29,0.659,0.03,0.43022183443290196,0.11759425108153065,0.002908879477023507,0.10247933747834864,0.07344799848794936,0.07926575744199638,0.005817758954047014,0.031597468253010366,0.059221617674629606,-0.1256311610215025,-0.06608807883400836,0.059543082187494156
60-69,0.29,0.66,0.06,0.32342294540188793,0.09189196192629065,0.0028796188179257,0.08497958404236357,0.07344799848794936,0.07920723612380076,0.0057592376358514,0.024931907267595848,0.014254823744964357,-0.1256311610215025,-0.06873254839403187,0.056898612627470646
60-69,0.29,0.663,0.09,0.2505312438492152,0.06444765316637611,0.002850358158827837,0.06147289526951213,0.07344799848794936,0.07914871480560504,0.005700716317655674,0.025534290669607385,0.02230694958975787,-0.1256311610215025,-0.07137701795405571,0.0542541430674468
60-69,0.29,0.659,0.12,0.1763944643140181,0.03709125893808806,0.0029751394734913728,0.03577501670170321,0.07344799848794936,0.07909019348740942,0.0056421949994600595,0.025892083732291588,0.03113840072964568,-0.1256311610215025,-0.07402148751407911,0.051609673507423404
60-69,0.29,0.66,0.15,0.1316533600570757,0.02026030737703869,0.0027918368406322225,0.020144763279239142,0.07344799848794936,0.0790316721692138,0.005583673681264445,0.026472627372438853,0.03834579507586194,-0.1256311610215025,-0.07666595707410262,0.04896520394739989
60-69,0.29,0.661,0.18,0.15505115207803863,0.028666128804909305,0.0027625761815343597,0.025778445631087544,0.07344799848794936,0.07897315085101808,0.005525152363068719,0.027180875629751126,0.04025916044827559,-0.1256311610215025,-0.07931042663412624,0.04632073438737627
60-69,0.29,0.658,0.21,0.23411484430877555,0.05252518365578775,0.005035848530306752,0.05069434501183192,0.07344799848794936,0.07891462953282247,0.005466631044873105,0.026810445725500325,0.044054511687226745,-0.1256311610215025,-0.08195489619414975,0.04367626482735276
60-69,0.29,0.659,0.24,0.3175841670633905,0.08090559987795957,0.004389418215911878,0.07855214223975275,0.07344799848794936,0.07885610821462674,0.005408109726677379,0.027305677065401594,0.04495330911067613,-0.1256311610215025,-0.0845993657541736,0.04103179526732892
70-79,0.29,0.725,0.0,0.4711464936164253,0.12028749436157349,0.0032215488907749723,0.0943499921023465,0.0786145418861075,0.08505763966765745,0.006443097781549945,0.0736350057447406,0.08654312503248589,-0.12891993567140259,-0.06825044447321349,0.060669491198189096
70-79,0.29,0.727,0.03,0.385057663046946,0.10322477261144089,0.0038702232495721467,0.08843297198289203,0.0786145418861075,0.0863549883852518,0.007740446499144293,0.032255708735995474,0.046870501123013476,-0.12891993567140259,-0.06622763113747665,0.06269230453392594
70-79,0.29,0.721,0.06,0.30218165742063396,0.07857215213453134,0.004518897608369377,0.07290768245892677,0.0786145418861075,0.08765233710284626,0.009037795216738753,0.02986334926694002,0.018541107922056838,-0.12891993567140259,-0.06420481780174003,0.06471511786966255
70-79,0.29,0.719,0.09,0.235927772039664,0.052171339161140584,0.0051675719671667175,0.05079649090593156,0.0786145418861075,0.08894968582044094,0.010335143934333435,0.029896514887243993,0.02420057435130561,-0.12891993567140259,-0.062182004466003415,0.06673793120539917
70-79,0.29,0.718,0.12,0.1794168062085091,0.0302357044905976,0.005816246325963892,0.02939174012986745,0.0786145418861075,0.09024703453803529,0.011632492651927784,0.030662785418366898,0.02951280039626083,-0.12891993567140259,-0.060159191130266465,0.06876074454113612
70-79,0.29,0.718,0.15,0.165174188495885,0.02179904916367833,0.006464920684761122,0.022792336076951785,0.0786145418861075,0.09154438325562975,0.012929841369522244,0.03192826994418635,0.035112274055598025,-0.12891993567140259,-0.05813637779453007,0.07078355787687252
70-79,0.29,0.718,0.18,0.20921813681199597,0.035123966798370036,0.007113595043558241,0.03298433133144629,0.0786145418861075,0.09284173197322398,0.014227190087116481,0.03203466293625152,0.03878050313490944,-0.12891993567140259,-0.05611356445879334,0.07280637121260924
70-79,0.29,0.716,0.21,0.29388121922133204,0.06206087091061654,0.007837248332941138,0.05732593126537324,0.0786145418861075,0.09413908069081856,0.015524538804711052,0.03241963060654576,0.04105714722541608,-0.12891993567140259,-0.054090751123056724,0.07482918454834586
70-79,0.29,0.717,0.24,0.38275215091645115,0.09023881965379366,0.008410943761152812,0.08370193553928128,0.0786145418861075,0.09543642940841313,0.016821887522305623,0.0329095739881284,0.04325216938344112,-0.12891993567140259,-0.05206793778732011,0.07685199788408248
80-89,0.29,0.877,0.0,0.6707657565061513,0.2034083301346477,0.0008924691547947394,0.1710249948641044,0.0865611292410422,0.08834606755063168,0.0017849383095894789,0.04010735593379349,0.044846077943899554,-0.21020642647712207,-0.07468222640047484,0.13552420007664723
80-89,0.29,0.877,0.03,0.6129006402181963,0.18649864483639486,0.0012684912593907138,0.16687274688025755,0.0865611292410422,0.08909811175982363,0.0025369825187814277,0.019753480705941438,0.028006579708533822,-0.21020642647712207,-0.07205450257938761,0.13815192389773445
80-89,0.29,0.878,0.06,0.5339518163854509,0.1615531816492507,0.0016445133639867437,0.15176363410598068,0.0865611292410422,0.08985015596901569,0.0032890267279734875,0.015842979517754874,0.008131116144620828,-0.21020642647712207,-0.06942677875830083,0.14077964771882123
80-89,0.29,0.878,0.09,0.46901649136498336,0.13513964157560399,0.00202053546858294,0.12964639027868163,0.0865611292410422,0.09060220017820808,0.00404107093716588,0.015728954192825422,0.01766838018960857,-0.21020642647712207,-0.06679905493721405,0.143407371539908
80-89,0.29,0.877,0.12,0.40052789845010583,0.10887465748166497,0.00239655757317897,0.1056843284523842,0.0865611292410422,0.09135424438740014,0.00479311514635794,0.016822603841260737,0.023726445112584864,-0.21020642647712207,-0.0641713311161266,0.14603509536099546
80-89,0.29,0.878,0.15,0.3273917608330349,0.08245465941640984,0.0027725796777749445,0.08023020100728528,0.0865611292410422,0.09210628859659209,0.005545159355549889,0.01731473361042556,0.02639158843406258,-0.21020642647712207,-0.061543607295039826,0.14866281918208224
80-89,0.29,0.873,0.18,0.2648622820659833,0.05858173702356777,0.004930994766182417,0.05692629885756234,0.0865611292410422,0.09285833280578415,0.006297203564741949,0.017770762504743586,0.028810793995030257,-0.21020642647712207,-0.05891588347395316,0.1512905430031689
80-89,0.29,0.878,0.21,0.22490888313706445,0.045486305604119606,0.00352462388696706,0.04281540307496826,0.0865611292410422,0.09361037701497632,0.00704924777393412,0.017849369736772237,0.030091831943472546,-0.21020642647712207,-0.05628815965286571,0.15391826682425636
80-89,0.29,0.877,0.24,0.22215838238463265,0.04303594491252166,0.0039006459915629232,0.041081326113976635,0.0865611292410422,0.09436242122416805,0.0078012919831258465,0.01813835714721707,0.031194152348387905,-0.21020642647712207,-0.05366043583177926,0.1565459906453428
20-29,0.3,0.562,0.0,0.4350588993456206,0.09085417142609253,0.011343081439755875,0.06733333091600038,0.04374684900583592,0.06643301188534767,0.02268616287951175,0.06957154590779194,0.10494799780770668,-0.06449539092603063,-0.046647528409134886,0.01784786251689574
20-29,0.3,0.552,0.03,0.3216364071783191,0.07238695591610311,0.011276198133796655,0.06123052430734844,0.04374684900583592,0.06629924527342923,0.02255239626759331,0.020576685836159306,0.0438844292242801,-0.06449539092603063,-0.045402921327251655,0.01909246959877897
20-29,0.3,0.558,0.06,0.22820735248769994,0.04674070352294914,0.011209314827837435,0.04249562557389181,0.04374684900583592,0.06616547866151079,0.02241862965567487,0.017567014544310006,0.01480887261141956,-0.06449539092603063,-0.044158314245368424,0.020337076680662203
20-29,0.3,0.552,0.09,0.1646566269467278,0.023698993397246435,0.011142431521878216,0.020369446428591825,0.04374684900583592,0.06603171204959235,0.02228486304375643,0.018149380154704995,0.020752658099179807,-0.06449539092603063,-0.04291370716348486,0.021581683762545767
20-29,0.3,0.551,0.12,0.16186086184944282,0.019714440329759206,0.01107554821591894,0.01960229237286955,0.04374684900583592,0.0658979454376738,0.02215109643183788,0.01885205559083676,0.028325065353354068,-0.06449539092603063,-0.04166910008160152,0.02282629084442911
20-29,0.3,0.551,0.15,0.22982000732908434,0.04042806579411604,0.01100866490995972,0.04023207488365866,0.04374684900583592,0.06576417882575536,0.02201732981991944,0.019063053270659443,0.03617408037403663,-0.06449539092603063,-0.04042449299971829,0.02407089792631234
20-29,0.3,0.548,0.18,0.3133011937591247,0.06847530806158755,0.011125789174724787,0.06636895519317672,0.04374684900583592,0.06563041221383681,0.02188356320800089,0.01924058211177613,0.037351667159179376,-0.06449539092603063,-0.039179885917835056,0.02531550500819557
20-29,0.3,0.548,0.21,0.39702278114494016,0.09679598782517201,0.010956301293555737,0.0939271487163255,0.04374684900583592,0.06533151552130256,0.021584666515466644,0.019437077969694922,0.03741753886843738,-0.06449539092603063,-0.03793527882982928,0.02656011209620135
20-29,0.3,0.55,0.24,0.48068789823101987,0.1252200652616331,0.010377947643836094,0.1220186504552954,0.04374684900583592,0.06450274429350811,0.020755895287672188,0.019641792178922972,0.03826491617164804,-0.06449539092603063,-0.03472799824105388,0.029767392684976746
30-39,0.3,0.604,0.0,0.4631777596590286,0.10479167423363094,0.00587661141797402,0.08184165832724766,0.0573742659002322,0.06912748873618024,0.01175322283594804,0.09018647348688158,0.10360356095995531,-0.10704012899392612,-0.052251421420855704,0.054788707573070417
30-39,0.3,0.599,0.03,0.3426381243379917,0.08740583158170545,0.005751720360459123,0.07659305364431525,0.0573742659002322,0.06887770662115045,0.011503440720918245,0.03468140712254907,0.03348058634645195,-0.10704012899392612,-0.04995236080833698,0.05708776818558914
30-39,0.3,0.595,0.06,0.2651612162688728,0.06234517745948607,0.005626829302944392,0.058871032948538425,0.0573742659002322,0.06862792450612099,0.011253658605888783,0.02557342370508879,0.026940578042166118,-0.10704012899392612,-0.04765330019581859,0.05938682879810753
30-39,0.3,0.599,0.09,0.1972205112521981,0.035472628586045406,0.005501938245429605,0.03441139255563171,0.0573742659002322,0.06837814239109141,0.01100387649085921,0.025961509971494302,0.04060000628465899,-0.10704012899392612,-0.04535423958329987,0.06168588941062625
30-39,0.3,0.599,0.12,0.16102999260532616,0.01955844371339329,0.0053770471879148185,0.02061593575972472,0.0573742659002322,0.06812836027606184,0.010754094375829637,0.026728262195660945,0.052899356916945736,-0.10704012899392612,-0.04305517897078137,0.06398495002314475
30-39,0.3,0.593,0.15,0.18414174418765558,0.02591022441123611,0.005836859696728258,0.02495973904597787,0.0573742659002322,0.06787857816103227,0.010504312260800064,0.02688494002225034,0.05955431964547715,-0.10704012899392612,-0.04075611835826287,0.06628401063566325
30-39,0.3,0.592,0.18,0.26893121219633254,0.05304470522527803,0.006674852785329366,0.05183918999531811,0.0573742659002322,0.06762879604600269,0.01025453014577049,0.027393429869222257,0.061735150855469365,-0.10704012899392612,-0.03845705774574415,0.06858307124818197
30-39,0.3,0.593,0.21,0.35106004707693106,0.08068840190655016,0.0055128458739303055,0.07916726454479896,0.0573742659002322,0.06737901393097323,0.010004748030741029,0.02734227496021496,0.06411882728587542,-0.10704012899392612,-0.03615799713322565,0.07088213186070047
30-39,0.3,0.592,0.24,0.4372303718853177,0.10812821438843673,0.006163145416714255,0.10651048045101225,0.0573742659002322,0.0667986843641396,0.009424418463907402,0.027763285108214374,0.06807199298605175,-0.10704012899392612,-0.033629338583755275,0.07341079041017085
40-49,0.3,0.579,0.0,0.3426281573948212,0.08477500398341739,0.0016523465707812268,0.06483332598868308,0.06726351403210296,0.07056820717366541,0.0033046931415624536,0.0689245964805018,0.07506962567711166,-0.08152539216243793,-0.051260486096312285,0.03026490606612564
40-49,0.3,0.58,0.03,0.24314405812245596,0.06770700735947655,0.0012931616623987896,0.05843778651120218,0.06726351403210296,0.06984983735690053,0.002586323324797579,0.025031979546172513,0.028930396458371758,-0.08152539216243793,-0.052247392958266525,0.0292779992041714
40-49,0.3,0.581,0.06,0.16636356689332157,0.04288901984864421,0.0009411025289418062,0.04086406794767272,0.06726351403210296,0.06913146754013544,0.0018679535080324827,0.02060582441932375,0.022303549172260875,-0.08152539216243793,-0.053234299820220654,0.028291092342217272
40-49,0.3,0.581,0.09,0.1089351687941145,0.021242145119521525,0.0007560713228528249,0.0201917115518989,0.06726351403210296,0.06841309772337034,0.0011495836912673862,0.021757757237362473,0.03299057598158011,-0.08152539216243793,-0.05422120668217467,0.027304185480263254
40-49,0.3,0.582,0.12,0.11697989305016562,0.023124797615622965,0.0015710401167637889,0.017645542063542796,0.06726351403210296,0.06769472790660536,0.0004312138745024008,0.022825424421026634,0.04145095454367193,-0.08152539216243793,-0.05520811354412891,0.026317278618309015
40-49,0.3,0.581,0.15,0.18444532323807186,0.04547652063845044,0.00038600891067475107,0.04138096442347416,0.06726351403210296,0.06697635808984037,0.0002871559422625847,0.023017384734152553,0.04389827003420955,-0.08152539216243793,-0.05619502040608304,0.025330371756354886
40-49,0.3,0.581,0.18,0.27087730459830484,0.07293731084715822,0.0005027628795137851,0.06923629777484393,0.06726351403210296,0.06625798827307539,0.0010055257590275701,0.023456342425877037,0.046581027220697464,-0.08152539216243793,-0.05718192726803728,0.024343464894400646
40-49,0.3,0.582,0.21,0.35910486276340525,0.10088791204938641,0.0010159464984966227,0.09641122741514602,0.06726351403210296,0.06553961845631029,0.0017238955757926666,0.02370232056149775,0.05033043641606315,-0.08152539216243793,-0.05816883412999152,0.023356558032446406
40-49,0.3,0.581,0.24,0.4448065706563132,0.1281740188345809,0.001413777093288271,0.1231807247811396,0.06726351403210296,0.06443595984552641,0.002827554186576542,0.023370922104187484,0.052518999074879814,-0.08152539216243793,-0.05864365101032387,0.022881741152114055
50-59,0.3,0.615,0.0,0.32458874362984214,0.0803416683099378,0.004575616834878282,0.057850008146926445,0.06460245427369793,0.0737536879434545,0.009151233669756564,0.04600434762063256,0.06247594004964882,-0.08676449919114704,-0.05179422316627724,0.034970276024869795
50-59,0.3,0.61,0.03,0.24399714798762548,0.06283114141530548,0.004289203414698739,0.05124459959924103,0.06460245427369793,0.07318086110309541,0.008578406829397478,0.019068298298484863,0.0313366565650695,-0.08676449919114704,-0.053490885205001004,0.03327361398614603
50-59,0.3,0.611,0.06,0.16486839668532458,0.03716381124445575,0.004002789994519307,0.03411489745783197,0.06460245427369793,0.07260803426273654,0.008005579989038614,0.017355114519933327,0.02111645536619065,-0.08676449919114704,-0.055187547243724655,0.03157695194742238
50-59,0.3,0.61,0.09,0.10579446942263335,0.01639619260961675,0.0037163765743398747,0.015368634011376467,0.06460245427369793,0.07203520742237768,0.007432753148679749,0.01680476123008002,0.025950316871692577,-0.08676449919114704,-0.056884209282448306,0.02988028990869873
50-59,0.3,0.61,0.12,0.1175822006895482,0.02026646590309505,0.003429963154160387,0.020148550586354508,0.06460245427369793,0.0714623805820187,0.006859926308320774,0.01716974082506782,0.027586882656018143,-0.08676449919114704,-0.05858087132117207,0.02818362786997497
50-59,0.3,0.611,0.15,0.19773193692526056,0.04768457641436447,0.0031435497339808993,0.045540648600928546,0.06460245427369793,0.07088955374165973,0.006287099467961799,0.017720045146669368,0.029972097414093454,-0.08676449919114704,-0.060277533359895386,0.026486965831251652
50-59,0.3,0.612,0.18,0.2791357163539462,0.07538428432626473,0.0028571363138014116,0.0724839441865623,0.06460245427369793,0.07031672690130075,0.005714272627602823,0.018330302779823376,0.03117021105866949,-0.08676449919114704,-0.06197419539861859,0.024790303792528445
50-59,0.3,0.612,0.21,0.36033402248199753,0.1032068516305584,0.0025707228936219795,0.09980720749819676,0.06460245427369793,0.06974390006094189,0.005141445787243959,0.018579558659989764,0.03150077945667474,-0.08676449919114704,-0.06367085743734247,0.023093641753804572
50-59,0.3,0.611,0.24,0.443107703865507,0.13092719433097916,0.0031075818041905734,0.12661302444304845,0.06460245427369793,0.06895766644195878,0.004355212168260847,0.01889973544788394,0.033176996019654736,-0.08676449919114704,-0.06523614688348944,0.021528352307657594
60-69,0.3,0.661,0.0,0.5236721047208499,0.13545416164082685,0.00430580011474524,0.10690001013672319,0.07344799848794936,0.08205959871743984,0.00861160022949048,0.07209715667070372,0.09197390934390036,-0.1256311610215025,-0.06563131993860483,0.05999984108289769
60-69,0.3,0.657,0.03,0.4365451087947334,0.11727930382083801,0.004276539455647432,0.10095486058500559,0.07344799848794936,0.08200107739924423,0.008553078911294865,0.03188730154779482,0.06011988023940169,-0.1256311610215025,-0.06827578949862845,0.057355371522874066
60-69,0.3,0.658,0.06,0.3299606881506023,0.0916355015361024,0.0042472787965496805,0.08387351175340896,0.07344799848794936,0.08194255608104872,0.008494557593099361,0.02485960578931208,0.014966629547095758,-0.1256311610215025,-0.07092025905865196,0.054710901962850556
60-69,0.3,0.657,0.09,0.25622138792403365,0.06421470542863185,0.004218018137451873,0.06087992992375085,0.07344799848794936,0.08188403476285311,0.008436036274903747,0.026404545063303,0.020513410247932906,-0.1256311610215025,-0.07356472861867569,0.05206643240282682
60-69,0.3,0.657,0.12,0.1828564813929543,0.03692091234936405,0.0041887574783540105,0.035177275065201984,0.07344799848794936,0.08182551344465738,0.008377514956708021,0.025760434778939557,0.031292171544972686,-0.1256311610215025,-0.0762091981786992,0.04942196284280331
60-69,0.3,0.658,0.15,0.13844579532511112,0.020559954240130407,0.004159496819256203,0.01997551694316881,0.07344799848794936,0.08176699212646177,0.008318993638512406,0.026472627372438853,0.03661693597230657,-0.1256311610215025,-0.07885366773872282,0.04677749328277969
60-69,0.3,0.659,0.18,0.16194976230971125,0.028687740174658784,0.00413023616015834,0.026021810458211742,0.07344799848794936,0.08170847080826604,0.00826047232031668,0.026810445725500325,0.03911010099705699,-0.1256311610215025,-0.08149813729874644,0.04413302372275607
60-69,0.3,0.656,0.21,0.23861508934743472,0.052604338236647154,0.005083588560042762,0.05084648807986556,0.07344799848794936,0.08164994949007054,0.008201951002121177,0.02686261342460928,0.04291386722261229,-0.1256311610215025,-0.08414260685877006,0.04148855416273245
60-69,0.3,0.657,0.24,0.32296096038323513,0.08085991915214696,0.004437158245647832,0.07876170537580668,0.07344799848794936,0.0815914281718747,0.00814342968392534,0.027305677065401594,0.04527250821414689,-0.1256311610215025,-0.08678707641879357,0.03884408460270894
70-79,0.3,0.724,0.0,0.47637386060164355,0.11971249438240684,0.004688059919527643,0.09251665877401317,0.0786145418861075,0.08799066172516279,0.009376119839055286,0.0736350057447406,0.08654312503248589,-0.12891993567140259,-0.07060390807573802,0.058316027595664566
70-79,0.3,0.72,0.03,0.39406348249595236,0.10285208383803651,0.005336734278324873,0.08685119241028028,0.0786145418861075,0.08928801044275725,0.010673468556649746,0.03262561487637244,0.05078693209148446,-0.12891993567140259,-0.06858109474000129,0.060338840931401294
70-79,0.3,0.72,0.06,0.30971198040866565,0.07840677981733382,0.005985408637122158,0.07166246673351499,0.0786145418861075,0.09058535916035182,0.011970817274244316,0.02972237590501888,0.019829200931274816,-0.12891993567140259,-0.06655828140426479,0.0623616542671378
70-79,0.3,0.722,0.09,0.24177849666020973,0.05198387413928947,0.006634082995919333,0.05006138899822251,0.0786145418861075,0.09188270787794617,0.013268165991838665,0.0298496298235137,0.02256523946055577,-0.12891993567140259,-0.06453546806852817,0.06438446760287442
70-79,0.3,0.716,0.12,0.18749750475412338,0.030372438306814485,0.007282757354716618,0.029028968508678938,0.0786145418861075,0.09318005659554074,0.014565514709433236,0.030662785418366898,0.029458536746239338,-0.12891993567140259,-0.06251265473279133,0.06640728093861126
70-79,0.3,0.716,0.15,0.1726665733954098,0.021732050795318203,0.007931431713513903,0.02284015676470617,0.0786145418861075,0.09447740531313531,0.015862863427027807,0.031626166723598255,0.034470823771463634,-0.12891993567140259,-0.06048984139705482,0.06843009427434776
70-79,0.3,0.716,0.18,0.21725011120792806,0.03532205256436115,0.008580106072311022,0.0330799465130201,0.0786145418861075,0.09577475403072955,0.017160212144622045,0.03203466293625152,0.037886486348896874,-0.12891993567140259,-0.058467028061318094,0.07045290761008449
70-79,0.3,0.715,0.21,0.3035364289323988,0.06235370665434473,0.009228780431108363,0.058338896787436235,0.0786145418861075,0.09707210274832423,0.018457560862216726,0.03238259484144034,0.04107627812326313,-0.12891993567140259,-0.05644421472558103,0.07247572094582155
70-79,0.3,0.71,0.24,0.38980613946901443,0.08853945857530984,0.01174654757686644,0.08240136841910765,0.0786145418861075,0.09836945146591858,0.019754909579811075,0.032824266155770776,0.04304823058354293,-0.12891993567140259,-0.05442140138984464,0.07449853428155795
80-89,0.3,0.876,0.0,0.6763611926335691,0.2028749968321477,0.002415677216012546,0.16919166152577106,0.0865611292410422,0.09139248367306729,0.004831354432025092,0.04010735593379349,0.044846077943899554,-0.21020642647712207,-0.07725747558669793,0.13294895089042413
80-89,0.3,0.875,0.03,0.6198342383720155,0.18614430565673895,0.002791699320608687,0.16527932393303418,0.0865611292410422,0.09214452788225957,0.005583398641217374,0.019753480705941438,0.028993597561336917,-0.21020642647712207,-0.07462975176561104,0.13557667471151102
80-89,0.3,0.876,0.06,0.5408068454838134,0.16137229358415323,0.003167721425204495,0.15076447213952965,0.0865611292410422,0.09289657209145119,0.00633544285040899,0.015433729296576392,0.008031324457750167,-0.21020642647712207,-0.07200202794452415,0.13820439853259792
80-89,0.3,0.876,0.09,0.4749816927068825,0.134982340124565,0.003543743529800636,0.12885092098456133,0.0865611292410422,0.09364861630064347,0.007087487059601272,0.015931101656822117,0.0156400651700736,-0.21020642647712207,-0.06937430412343737,0.1408321223536847
80-89,0.3,0.875,0.12,0.40698533016941346,0.10875486399558792,0.003919765634396666,0.10474571674364809,0.0865611292410422,0.09440066050983553,0.007839531268793332,0.016822603841260737,0.02258003755184825,-0.21020642647712207,-0.06674658030235026,0.1434598461747718
80-89,0.3,0.876,0.15,0.33475290161439153,0.08231684397516774,0.00429578773899264,0.07960205379759026,0.0865611292410422,0.09515270471902748,0.00859157547798528,0.01731473361042556,0.02608423217110996,-0.21020642647712207,-0.06411885648126325,0.1460875699958588
80-89,0.3,0.871,0.18,0.2690059969165912,0.058890485456414364,0.004700971252907971,0.05653559185343219,0.0865611292410422,0.09590474892821976,0.009343619687177562,0.017770762504743586,0.027381396751401412,-0.21020642647712207,-0.061491132660176695,0.14871529381694537
80-89,0.3,0.875,0.21,0.23335899802895724,0.04548678041327252,0.005047831948184811,0.042708914295852385,0.0865611292410422,0.09665679313741182,0.010095663896369622,0.017849369736772237,0.030172122586075517,-0.21020642647712207,-0.05886340883908936,0.1513430176380327
80-89,0.3,0.87,0.24,0.22912470178324607,0.042444508925242305,0.006201126861082429,0.03988699996013145,0.0865611292410422,0.097408837346604,0.010847708105561793,0.01813835714721707,0.030252200134604133,-0.21020642647712207,-0.05623568501800236,0.1539707414591197
20-29,0.31,0.566,0.0,0.4388801378407458,0.0903458380977592,0.012450298304511664,0.06591666428266703,0.04374684900583592,0.06864744561485925,0.02490059660902333,0.06957154590779194,0.10494799780770668,-0.06449539092603063,-0.048202446022772794,0.016292944903257833
20-29,0.31,0.551,0.03,0.3275985725930669,0.07204305473189657,0.012383414998552444,0.05998910440253712,0.04374684900583592,0.06851367900294081,0.02476682999710489,0.02103806074713158,0.04575926715409454,-0.06449539092603063,-0.04695783894088956,0.017537551985141064
20-29,0.31,0.552,0.06,0.2326556966511234,0.04652492278668077,0.012316531692593224,0.041556682209866795,0.04374684900583592,0.06837991239102237,0.02463306338518645,0.017187204542915037,0.014481115565496055,-0.06449539092603063,-0.04571323185900611,0.018782159067024518
20-29,0.31,0.551,0.09,0.17154685933743288,0.023981315279381916,0.012249648386634004,0.020126241509968685,0.04374684900583592,0.06824614577910393,0.02449929677326801,0.018149380154704995,0.021171620445755865,-0.06449539092603063,-0.04446862477712288,0.02002676614890775
20-29,0.31,0.55,0.12,0.16755811731177828,0.020006681524139487,0.012182765080674729,0.019650462924588958,0.04374684900583592,0.06811237916718538,0.024365530161349458,0.01891560202584099,0.0266960753789916,-0.06449539092603063,-0.043224017695239425,0.021271373230791202
20-29,0.31,0.544,0.15,0.2358541115555582,0.03960417162827752,0.013766606265361636,0.03859277046772469,0.04374684900583592,0.06797861255526705,0.02423176354943113,0.019063053270659443,0.03586098198425948,-0.06449539092603063,-0.041979410613356194,0.022515980312674433
20-29,0.31,0.546,0.18,0.3189020815346194,0.06845698734129957,0.012048998468756289,0.06649185819200999,0.04374684900583592,0.0678448459433485,0.024097996937512578,0.01924058211177613,0.03685575992392667,-0.06449539092603063,-0.04073480353147274,0.023760587394557886
20-29,0.31,0.547,0.21,0.4039419535957589,0.09716996978223935,0.011895933048152174,0.09427426505254279,0.04374684900583592,0.06753871510214027,0.023791866096304348,0.019437077969694922,0.03730958071101945,-0.06449539092603063,-0.039489686239181365,0.02500570468684926
20-29,0.31,0.548,0.24,0.48707237799257097,0.12547475211897932,0.011469597282649013,0.12224548088322919,0.04374684900583592,0.06668604357113395,0.022939194565298027,0.019641792178922972,0.037568654615560186,-0.06449539092603063,-0.03624570242860059,0.028249688497430037
30-39,0.31,0.603,0.0,0.4671217467758054,0.10425834091113094,0.007028736230243582,0.08037499172724762,0.0573742659002322,0.07143173836071937,0.014057472460487164,0.09018647348688158,0.10360356095995531,-0.10704012899392612,-0.05399313546821749,0.05304699352570863
30-39,0.31,0.603,0.03,0.35187636558466096,0.08713278561068492,0.006903845172728795,0.07538765481002445,0.0573742659002322,0.07118195624568979,0.01380769034545759,0.03561460374621621,0.038875004145638783,-0.10704012899392612,-0.0516940748556991,0.05534605413822702
30-39,0.31,0.594,0.06,0.27158146475980977,0.06208552058917635,0.006778954115214009,0.05790603648733359,0.0573742659002322,0.07093217413066022,0.013557908230428017,0.025775957790157816,0.028708539760098795,-0.10704012899392612,-0.04939501424318038,0.05764511475074574
30-39,0.31,0.597,0.09,0.20191585371719442,0.03520896977974429,0.006654063057699333,0.03391638680742559,0.0573742659002322,0.07068239201563087,0.013308126115398666,0.025737132707432622,0.03973671841273585,-0.10704012899392612,-0.04709595363066188,0.05994417536326424
30-39,0.31,0.597,0.12,0.16629924738488822,0.019436941074859986,0.006529172000184491,0.020475149457122754,0.0573742659002322,0.07043260990060118,0.013058344000368982,0.026510375327407156,0.05194558282571893,-0.10704012899392612,-0.04479689301814305,0.06224323597578307
30-39,0.31,0.591,0.15,0.18911207079245407,0.025645822014970315,0.006404280942669649,0.025150957214187142,0.0573742659002322,0.0701828277855715,0.012808561885339298,0.02688494002225034,0.05955431964547716,-0.10704012899392612,-0.04249783240562466,0.06454229658830146
30-39,0.31,0.59,0.18,0.2726671977618049,0.05270047430120404,0.00712364431391227,0.05192886323585657,0.0573742659002322,0.06993304567054204,0.012558779770309836,0.0272836947644559,0.06082713476355076,-0.10704012899392612,-0.04019877179310605,0.06684135720082007
30-39,0.31,0.591,0.21,0.3566842921721035,0.080775598013414,0.006154498827640131,0.07928566107754946,0.0573742659002322,0.06968326355551246,0.012308997655280263,0.027092434368288097,0.06411882728587542,-0.10704012899392612,-0.037899711180587436,0.06914041781333868
30-39,0.31,0.591,0.24,0.441345258815168,0.10855774151624242,0.005861143753182918,0.10701894053586376,0.0573742659002322,0.06909655340659804,0.011722287506365836,0.027705595102794633,0.06703339400387573,-0.10704012899392612,-0.03537561030025482,0.0716645186936713
40-49,0.31,0.578,0.0,0.34679114074971906,0.08425833731091739,0.0028284833570090817,0.06339999268868307,0.06726351403210296,0.07292048074612112,0.005656966714018163,0.0689245964805018,0.07506962567711166,-0.08152539216243793,-0.05296916896618942,0.02855622319624851
40-49,0.31,0.579,0.03,0.24922168971752795,0.06739687741480987,0.0024692984486265335,0.0571622878205428,0.06726351403210296,0.07220211092935602,0.004938596897253067,0.0252467819731545,0.030578848407273845,-0.08152539216243793,-0.05395607582814366,0.02756931633429427
40-49,0.31,0.58,0.06,0.16996193017290454,0.04263636906095991,0.0021101135402440963,0.03998064083077749,0.06726351403210296,0.07148374111259115,0.0042202270804881925,0.020644611887851005,0.020106615555642797,-0.08152539216243793,-0.054942982690097675,0.02658240947234025
40-49,0.31,0.579,0.09,0.11403359238394417,0.02130106452123249,0.001750928631861548,0.01963554695319364,0.06726351403210296,0.07076537129582605,0.003501857263723096,0.021480223462524758,0.03220180961767646,-0.08152539216243793,-0.055929889552051804,0.025595502610386123
40-49,0.31,0.58,0.12,0.12087814631822542,0.023124116601584352,0.0013917437234789998,0.0178481508268257,0.06726351403210296,0.07004700147906096,0.0027834874469579995,0.02270242277819702,0.04123725282820069,-0.08152539216243793,-0.05691679641400593,0.024608595748431994
40-49,0.31,0.579,0.15,0.18814729129128643,0.045422317638476345,0.001032558815096507,0.04161193174349478,0.06726351403210296,0.06932863166229597,0.002065117630193014,0.022860446189871254,0.042879634751606506,-0.08152539216243793,-0.05790370327596028,0.023621688886477643
40-49,0.31,0.579,0.18,0.2707904448354924,0.07285567549424435,0.0006733739067139588,0.06941550020430316,0.06726351403210296,0.06861026184553087,0.0013467478134279176,0.023285188425262934,0.045762747311539294,-0.08152539216243793,-0.05889061013791441,0.022634782024523514
40-49,0.31,0.58,0.21,0.35528322352895414,0.10079905356216512,0.0006479491992296138,0.09668830608872118,0.06726351403210296,0.06789189202876589,0.0006283779966629321,0.02370232056149775,0.049574702470301775,-0.08152539216243793,-0.05987751699986854,0.021647875162569385
40-49,0.31,0.58,0.24,0.43822131472923326,0.12854205302457006,0.0007338294268441903,0.12335006162596444,0.06726351403210296,0.0667804379714283,0.0004830760606746587,0.023575410919006248,0.05102968759163345,-0.08152539216243793,-0.06035193245898696,0.02117345970345097
50-59,0.31,0.614,0.0,0.32903582725780156,0.07983500163910448,0.005804844967269129,0.05636667484859309,0.06460245427369793,0.07621214420823619,0.011609689934538259,0.04600434762063256,0.06247594004964882,-0.08676449919114704,-0.05352069727181974,0.0332438019193273
50-59,0.31,0.614,0.03,0.24878072320026662,0.06251544442543334,0.005518431547089697,0.049868881319301894,0.06460245427369793,0.07563931736787732,0.011036863094179394,0.019068298298484863,0.03113257283755539,-0.08676449919114704,-0.05521735931054361,0.031547139880603425
50-59,0.31,0.609,0.06,0.17070303724952773,0.03723814517964803,0.005232018126910154,0.033373532649137026,0.06460245427369793,0.07506649052751824,0.010464036253820308,0.017355114519933327,0.02042790501226272,-0.08676449919114704,-0.05691402134926704,0.029850477841879997
50-59,0.31,0.608,0.09,0.11159985938839348,0.016605028218998324,0.004945604706730722,0.015099735866393885,0.06460245427369793,0.07449366368715937,0.009891209413461444,0.017099707599839257,0.02403750812387987,-0.08676449919114704,-0.05861068338799069,0.028153815803156346
50-59,0.31,0.608,0.12,0.12413963708372244,0.02007399141060385,0.00465919128655129,0.020540417982919352,0.06460245427369793,0.07392083684680051,0.00931838257310258,0.01716974082506782,0.027062572942194142,-0.08676449919114704,-0.060307345426714454,0.026457153764432584
50-59,0.31,0.609,0.15,0.20485992389946003,0.047689549586734575,0.0043727778663718575,0.045937060774021675,0.06460245427369793,0.07334801000644164,0.008745555732743715,0.01743559577416271,0.029865567913639222,-0.08676449919114704,-0.06200400746543788,0.024760491725709155
50-59,0.31,0.609,0.18,0.28480156420983954,0.07486151955276601,0.00408636444619237,0.07254114236968319,0.06460245427369793,0.07277518316608267,0.00817272889238474,0.018330302779823376,0.030784116327749366,-0.08676449919114704,-0.06370066950416142,0.023063829686985615
50-59,0.31,0.61,0.21,0.3671108763402591,0.10306983684944264,0.003799951026012882,0.09991434065072997,0.06460245427369793,0.0722023563257237,0.007599902052025764,0.018579558659989764,0.03150077945667474,-0.08676449919114704,-0.06539733154288485,0.021367167648262186
50-59,0.31,0.609,0.24,0.4482045404732315,0.13082807368430746,0.003399584462045635,0.12686520385548472,0.06460245427369793,0.0714016231977892,0.00679916892409127,0.01889973544788394,0.033176996019654736,-0.08676449919114704,-0.06695222823844704,0.019812270952699995
60-69,0.31,0.66,0.0,0.5285478036514393,0.13491249498332683,0.005673460093369331,0.10520001017672316,0.07344799848794936,0.08479491867468802,0.011346920186738663,0.07209715667070372,0.09197390934390036,-0.1256311610215025,-0.06781903060322503,0.057812130418277485
60-69,0.31,0.656,0.03,0.4432926457089788,0.11695056323260493,0.005644199434271524,0.09950371857638518,0.07344799848794936,0.08473639735649241,0.011288398868543048,0.03260061349115991,0.06124050946881486,-0.1256311610215025,-0.07046350016324865,0.055167660858253864
60-69,0.31,0.662,0.06,0.33697916784331094,0.09145302812104786,0.005614938775173661,0.08271443212942979,0.07344799848794936,0.08467787603829668,0.011229877550347322,0.02522696969514965,0.015899685531481425,-0.1256311610215025,-0.07310796972327216,0.052523191298230354
60-69,0.31,0.66,0.09,0.2607552188604497,0.06407237517133454,0.0055856781160757984,0.06005082706703432,0.07344799848794936,0.08461935472010096,0.011171356232151597,0.025853433040894176,0.018198901065723694,-0.1256311610215025,-0.07575243928329578,0.04987872173820673
60-69,0.31,0.655,0.12,0.18981701322195307,0.036795684856483483,0.005556417456977936,0.034729229674373384,0.07344799848794936,0.08456083340190523,0.011112834913955871,0.025760434778939557,0.031292171544972686,-0.1256311610215025,-0.07839690884331929,0.04723425217818322
60-69,0.31,0.656,0.15,0.145949466936386,0.02064139378626329,0.005527156797880239,0.019714281696899056,0.07344799848794936,0.08450231208370984,0.011054313595760479,0.026555602045519485,0.0364856136031724,-0.1256311610215025,-0.08104137840334302,0.04458978261815949
60-69,0.31,0.652,0.18,0.1694951268494766,0.027191909694777527,0.0067777589041736475,0.02627877705576241,0.07344799848794936,0.08444379076551412,0.010995792277564753,0.026810445725500325,0.039191835884530825,-0.1256311610215025,-0.08368584796336631,0.0419453130581362
60-69,0.31,0.653,0.21,0.2442153702521988,0.05217005793742936,0.006131328589778773,0.051129502346061007,0.07344799848794936,0.08438526944731839,0.010937270959369028,0.02701110882581459,0.041703716860730745,-0.1256311610215025,-0.08633031752339004,0.03930084349811247
60-69,0.31,0.654,0.24,0.32875397200197387,0.08042691375023889,0.005484898275383843,0.078734494908466,0.07344799848794936,0.08432674812912277,0.010878749641173413,0.027305677065401594,0.04482856232359005,-0.1256311610215025,-0.08897478708341366,0.03665637393808885
70-79,0.31,0.723,0.0,0.4816012275868624,0.11913749440324017,0.0061545709482804245,0.09068332544567982,0.0786145418861075,0.09092368378266835,0.012309141896560849,0.0736350057447406,0.08654312503248589,-0.12891993567140259,-0.07295737167826266,0.055962563993139924
70-79,0.31,0.713,0.03,0.4008450480528878,0.10249717909293773,0.006803245307077599,0.08530989121059597,0.0786145418861075,0.0922210325002627,0.013606490614155198,0.03296134668821381,0.0516590788501663,-0.12891993567140259,-0.07093455834252593,0.05798537732887665
70-79,0.31,0.724,0.06,0.31672252731056905,0.07814651944491391,0.007451919665874829,0.07040224374676873,0.0786145418861075,0.09351838121785716,0.014903839331749658,0.029816647173431136,0.02054047390113951,-0.12891993567140259,-0.0689117450067892,0.06000819066461338
70-79,0.31,0.716,0.09,0.24844715096225647,0.05178213154371324,0.008100594024672114,0.04920863970834499,0.0786145418861075,0.09481572993545173,0.01620118804934423,0.03013636342694318,0.0219930017398576,-0.12891993567140259,-0.06688893167105259,0.06203100400035
70-79,0.31,0.714,0.12,0.19435132236458905,0.03034634325642449,0.008749268383469455,0.028175509161407875,0.0786145418861075,0.09611307865304641,0.01749853676693891,0.030662785418366898,0.02885689246174707,-0.12891993567140259,-0.06486611833531575,0.06405381733608684
70-79,0.31,0.714,0.15,0.17976254090447577,0.02171391843202164,0.009397942742266574,0.02284909161326476,0.0786145418861075,0.09741042737064065,0.018795885484533148,0.03146767264398232,0.03312661597816168,-0.12891993567140259,-0.06284330499957913,0.06607663067182346
70-79,0.31,0.709,0.18,0.22340182138651093,0.033699557462281995,0.010623127568226365,0.033718782376216026,0.0786145418861075,0.09870777608823511,0.020093234202127608,0.03203466293625152,0.03707867743334295,-0.12891993567140259,-0.060820491663842624,0.06809944400755996
70-79,0.31,0.708,0.21,0.3085130996280441,0.06068159207932705,0.011634033985748138,0.057005582922620125,0.0786145418861075,0.10000512480582957,0.021390582919722068,0.032246433115383145,0.04058842378975158,-0.12891993567140259,-0.058797678328105785,0.0701222573432968
70-79,0.31,0.707,0.24,0.39596840024813795,0.08820332919943685,0.012644940403270022,0.08281668008835058,0.0786145418861075,0.10130247352342403,0.022687931637316527,0.032775485483282754,0.04220707635778784,-0.12891993567140259,-0.05677486499236928,0.07214507067903331
80-89,0.31,0.87,0.0,0.6819566287609866,0.20234166352964775,0.003938885277230297,0.1673583281874378,0.0865611292410422,0.0944388997955028,0.007877770554460595,0.04010735593379349,0.044846077943899554,-0.21020642647712207,-0.07983272477292125,0.13037370170420082
80-89,0.31,0.869,0.03,0.628821435373214,0.1858394889196207,0.004314907381826327,0.16370427273088953,0.0865611292410422,0.09519094400469486,0.008629814763652655,0.02041078146470636,0.032123991197933445,-0.21020642647712207,-0.07720500095183436,0.1330014255252877
80-89,0.31,0.874,0.06,0.5476704939375251,0.16105946861864712,0.004690929486422357,0.1497583344535022,0.0865611292410422,0.09594298821388692,0.009381858972844714,0.015433729296576392,0.008031324457750167,-0.21020642647712207,-0.07457727713074747,0.1356291493463746
80-89,0.31,0.874,0.09,0.4819542098370556,0.13481915237090142,0.005066951591018332,0.12767328371141803,0.0865611292410422,0.09669503242307886,0.010133903182036663,0.015433729296576392,0.015946438530094923,-0.21020642647712207,-0.07194955330966057,0.1382568731674615
80-89,0.31,0.872,0.12,0.4137444355452681,0.10861594893155843,0.005442973695614417,0.10419396497093768,0.0865611292410422,0.09744707663227103,0.010885947391228834,0.01631563667161047,0.021709017272779626,-0.21020642647712207,-0.0693218294885738,0.14088459698854827
80-89,0.31,0.869,0.15,0.34134655863656727,0.08213394856007465,0.0058189958002105024,0.07893344412031256,0.0865611292410422,0.0981991208414632,0.011637991600421005,0.0172336879396141,0.024981757896835176,-0.21020642647712207,-0.06669410566748635,0.14351232080963572
80-89,0.31,0.869,0.18,0.2773740408765642,0.05934821304770227,0.006195017904806588,0.05611092502167744,0.0865611292410422,0.09895116505065538,0.012390035809613176,0.017770762504743586,0.026634919894120368,-0.21020642647712207,-0.06406638184639957,0.1461400446307225
80-89,0.31,0.869,0.21,0.2415414938529595,0.04547415508735638,0.006571040009402618,0.04242122470093592,0.0865611292410422,0.09970320925984744,0.013142080018805236,0.017849369736772237,0.030172122586075517,-0.21020642647712207,-0.061438658025312676,0.1487677684518094
80-89,0.31,0.868,0.24,0.23628778131460662,0.042652701685550826,0.006947062113998703,0.039692803516727014,0.0865611292410422,0.10045525346903961,0.013894124227997406,0.01813835714721707,0.030252200134604133,-0.21020642647712207,-0.05881093420422567,0.1513954922728964
20-29,0.32,0.561,0.0,0.44270137633587137,0.08983750476942584,0.013557515169267509,0.0644999976493337,0.04374684900583592,0.07086187934437094,0.027115030338535018,0.06957154590779194,0.10494799780770668,-0.06449539092603063,-0.0497573636364107,0.014738027289619926
20-29,0.32,0.56,0.03,0.3344181306696143,0.07174398475097093,0.013490631863308178,0.05874369940969797,0.04374684900583592,0.07072811273245228,0.026981263726616356,0.0225698914485648,0.047949421681289565,-0.06449539092603063,-0.04851275655452736,0.015982634371503268
20-29,0.32,0.551,0.06,0.23764254776257218,0.04625851313614375,0.013423748557348958,0.040508638410474467,0.04374684900583592,0.07059434612053384,0.026847497114697916,0.016917446615846,0.01507847741926242,-0.06449539092603063,-0.04726814947264402,0.01722724145338661
20-29,0.32,0.554,0.09,0.17697882703142087,0.023925491318327042,0.013356865251389738,0.020468641548623195,0.04374684900583592,0.0704605795086154,0.026713730502779476,0.018094197965093657,0.019803933628587872,-0.06449539092603063,-0.046023542390760785,0.01847184853526984
20-29,0.32,0.549,0.12,0.1753836046184098,0.02046750550501697,0.013289981945430518,0.019769035921420902,0.04374684900583592,0.07032681289669696,0.026579963890861036,0.018999999999999993,0.027347402813444673,-0.06449539092603063,-0.04477893530887733,0.019716455617153295
20-29,0.32,0.543,0.15,0.23980447794546822,0.04003797226970649,0.013320500515617784,0.03929274228638854,0.04374684900583592,0.07019304628477852,0.026446197278942596,0.019063053270659443,0.03484080429394271,-0.06449539092603063,-0.04353432822699399,0.020961062699036637
20-29,0.32,0.544,0.18,0.3249875789612289,0.06854390566309962,0.013156215333512022,0.06672596694100251,0.04374684900583592,0.07005927967285996,0.026312430667024045,0.01924058211177613,0.03608640025578259,-0.06449539092603063,-0.04228972114511065,0.02220566978091998
20-29,0.32,0.546,0.21,0.4114593279646096,0.0974998519914174,0.012999416655722518,0.09472323259954459,0.04374684900583592,0.06974568231728095,0.025998833311445035,0.019437077969694922,0.03754470419156441,-0.06449539092603063,-0.041044093648533564,0.023451297277497063
20-29,0.32,0.541,0.24,0.49343766667424477,0.12480750686723083,0.014165222842125513,0.12053102082053564,0.04374684900583592,0.06882109427271788,0.025074245266881956,0.01954993606127651,0.03775981739393415,-0.06449539092603063,-0.03762393162545585,0.026871459300574774
30-39,0.32,0.603,0.0,0.47106573389258327,0.10372500758863093,0.00818086104251331,0.07890832512724766,0.0573742659002322,0.07373598798525882,0.01636172208502662,0.09018647348688158,0.10360356095995531,-0.10704012899392612,-0.0557348495155795,0.05130527947834662
30-39,0.32,0.591,0.03,0.358473883671443,0.08670630739502974,0.008055969984998523,0.07423831473013309,0.0573742659002322,0.07348620587022925,0.016111939969997047,0.036033317915507,0.04142585368105262,-0.10704012899392612,-0.05343578890306089,0.05360434009086523
30-39,0.32,0.593,0.06,0.2747204137154723,0.061813232323440645,0.007931078927483737,0.056969734710199116,0.0573742659002322,0.07323642375519968,0.015862157854967474,0.025667099563448873,0.02630445444789208,-0.10704012899392612,-0.05113672829054228,0.05590340070338384
30-39,0.32,0.596,0.09,0.20713367016283776,0.03500768375560438,0.00780618786996895,0.03344257458261476,0.0573742659002322,0.0729866416401701,0.0156123757399379,0.02570603042089537,0.039246627079702924,-0.10704012899392612,-0.048837667678023555,0.058202461315902565
30-39,0.32,0.595,0.12,0.17025822003072708,0.019354622423626473,0.007681296812454164,0.02038291817321806,0.0573742659002322,0.07273685952514053,0.015362593624908327,0.026076809620810555,0.049219321124027396,-0.10704012899392612,-0.046538607065505055,0.060501521928421065
30-39,0.32,0.59,0.15,0.1966485325141601,0.026045053848747127,0.007556405754939377,0.025615217277762486,0.0573742659002322,0.07248707741011096,0.015112811509878754,0.02688494002225034,0.059282876483876076,-0.10704012899392612,-0.04423954645298667,0.06280058254093945
30-39,0.32,0.588,0.18,0.2778355371880945,0.05268266808353867,0.007572435842495173,0.05219894160395305,0.0573742659002322,0.07223729529508138,0.014863029394849181,0.027269030052423905,0.06065453750373184,-0.10704012899392612,-0.041940485840467834,0.06509964315345829
30-39,0.32,0.589,0.21,0.3626173046933667,0.080734232308936,0.007306623639909859,0.0794330610392353,0.0573742659002322,0.07198751318005192,0.014613247279819719,0.027261694738221945,0.06319401851492673,-0.10704012899392612,-0.039641425227949334,0.06739870376597679
30-39,0.32,0.589,0.24,0.4464975383063988,0.10840312311079447,0.007006699820356843,0.10670237098039849,0.0573742659002322,0.07138766554094589,0.014013399640713686,0.027705595102794633,0.06614934523657671,-0.10704012899392612,-0.037104466180164275,0.06993566281376185
40-49,0.32,0.577,0.0,0.350954124104616,0.0837416706384174,0.00400462014323677,0.0619666593886831,0.06726351403210296,0.0752727543185765,0.00800924028647354,0.0689245964805018,0.07506962567711166,-0.08152539216243793,-0.05467785183606644,0.02684754032637149
40-49,0.32,0.573,0.03,0.25448350545026077,0.06705787590858749,0.0036454352348542773,0.0558928637357907,0.06726351403210296,0.07455438450181151,0.007290870469708555,0.025779837082495285,0.03099626877442327,-0.08152539216243793,-0.05566475869802057,0.02586063346441736
40-49,0.32,0.578,0.06,0.17510831895532422,0.04237937287104178,0.0032862503264717846,0.039189985743148026,0.06726351403210296,0.07383601468504652,0.006572500652943569,0.020528029618061227,0.019946185402154062,-0.08152539216243793,-0.056651665559974806,0.02487372660246312
40-49,0.32,0.573,0.09,0.11905292923041952,0.02074091730330167,0.003979923275681252,0.018388563101690836,0.06726351403210296,0.07311764486828143,0.005854130836178473,0.02116128540519217,0.03061610088091013,-0.08152539216243793,-0.057638572421929046,0.02388681974050888
40-49,0.32,0.574,0.12,0.12543845974833034,0.021673463914630854,0.003164954481770288,0.018252713403248317,0.06726351403210296,0.07239927505151644,0.005135761019413487,0.02258760722166027,0.040291474243978546,-0.08152539216243793,-0.05862547928388295,0.022899912878554973
40-49,0.32,0.573,0.15,0.1950837716123034,0.04400532350518165,0.004349985687859437,0.04045612442987392,0.06726351403210296,0.07168090523475146,0.004417391202648502,0.022860446189871254,0.042898362389286016,-0.08152539216243793,-0.059612386145837304,0.021913006016600622
40-49,0.32,0.578,0.18,0.2780232968763169,0.07310787924198728,0.0018495106929417027,0.06948797743325573,0.06726351403210296,0.07096253541798636,0.0036990213858834053,0.023285188425262934,0.045797837066857784,-0.08152539216243793,-0.060599293007791544,0.020926099154646383
40-49,0.32,0.578,0.21,0.3610700959417769,0.1005614262243388,0.00149032578455921,0.09722031059687952,0.06726351403210296,0.07024416560122138,0.00298065156911842,0.02350744562899166,0.04939527640159415,-0.08152539216243793,-0.06158619986974556,0.019939192292692365
40-49,0.32,0.578,0.24,0.4407830238399486,0.12834046041031483,0.0009264823731441885,0.12382308843314711,0.06726351403210296,0.06911647877839133,0.001852964746288377,0.02370232056149775,0.05066538536845495,-0.08152539216243793,-0.06204570800157139,0.01947968416086654
50-59,0.32,0.613,0.0,0.3334829108857611,0.07932833496827116,0.0070340730996599765,0.05488334155025978,0.06460245427369793,0.07867060047301788,0.014068146199319953,0.04600434762063256,0.06247594004964882,-0.08676449919114704,-0.055247171377362236,0.0315173278137848
50-59,0.32,0.602,0.03,0.25474637241225584,0.06223064253855824,0.006747659679480489,0.04866748460574407,0.06460245427369793,0.0780977736326589,0.013495319358960978,0.019214577799160734,0.032092252412222216,-0.08676449919114704,-0.05694383341608589,0.02982066577506115
50-59,0.32,0.603,0.06,0.17555442502624619,0.03709182676770746,0.006461246259301112,0.03235648417949316,0.06460245427369793,0.07752494679230015,0.012922492518602224,0.017538529014715018,0.019262059085452775,-0.08676449919114704,-0.05864049545480976,0.028124003736337277
50-59,0.32,0.606,0.09,0.11908199313162685,0.01689739982737622,0.0061748328391216245,0.015053376124911663,0.06460245427369793,0.07695211995194118,0.012349665678243249,0.017099707599839257,0.02403750812387987,-0.08676449919114704,-0.06033715749353319,0.02642734169761385
50-59,0.32,0.602,0.12,0.13109436370440958,0.019000360328190212,0.007466272805944252,0.019624879471210926,0.06460245427369793,0.07637929311158242,0.011776838837884496,0.017005881335585067,0.027062572942194142,-0.08676449919114704,-0.06203381953225673,0.02473067965889031
50-59,0.32,0.602,0.15,0.21151081404473188,0.04599672202721544,0.0077840705785099384,0.044723270460114845,0.06460245427369793,0.07580646627122334,0.01120401199752541,0.017320508075688787,0.029865567913639222,-0.08676449919114704,-0.06373048157098049,0.023034017620166547
50-59,0.32,0.603,0.18,0.29151945542062263,0.0734781005487775,0.007101868351075624,0.07141232172784935,0.06460245427369793,0.07523363943086447,0.010631185157166545,0.018330302779823376,0.0309137803912819,-0.08676449919114704,-0.06542714360970392,0.021337355581443118
50-59,0.32,0.603,0.21,0.3734287562230435,0.1012775923383456,0.007419666123641311,0.09833991165577756,0.06460245427369793,0.07466081259050561,0.01005835831680768,0.018579558659989764,0.03117021105866949,-0.08676449919114704,-0.06712380564842779,0.019640693542719245
50-59,0.32,0.608,0.24,0.4554584431738152,0.1310332945247618,0.004626169326594098,0.12745637419052983,0.06460245427369793,0.07385479292688613,0.009252338653188197,0.01889973544788394,0.032275595450695645,-0.08676449919114704,-0.06867690054221309,0.018087598648933945
60-69,0.32,0.659,0.0,0.5334235025820281,0.13437082832582684,0.007041120071993312,0.10350001021672318,0.07344799848794936,0.08753023863193599,0.014082240143986624,0.07209715667070372,0.09197390934390036,-0.1256311610215025,-0.07000674126784534,0.05562441975365717
60-69,0.32,0.65,0.03,0.4503123633487831,0.11658036338657939,0.007011859412895505,0.09792407059403313,0.07344799848794936,0.08747171731374037,0.01402371882579101,0.03295451410656813,0.0632455532033676,-0.1256311610215025,-0.07265121082786896,0.05297995019363355
60-69,0.32,0.65,0.06,0.3438088895713929,0.0911769212986796,0.006982598753797642,0.08145263490857041,0.07344799848794936,0.08741319599554465,0.013965197507595284,0.025099800796022243,0.01729739864835171,-0.1256311610215025,-0.07529568038789247,0.05033548063361004
60-69,0.32,0.653,0.09,0.267081621463079,0.06403792830000886,0.006953338094699779,0.05937170210694894,0.07344799848794936,0.08735467467734892,0.013906676189399558,0.025760434778939557,0.017481418706729698,-0.1256311610215025,-0.0779401499479161,0.04769101107358642
60-69,0.32,0.653,0.12,0.19566566509428876,0.03665285888518265,0.006924077435602027,0.03408380922603075,0.07344799848794936,0.08729615335915342,0.013848154871204055,0.025760434778939557,0.0301197609552267,-0.1256311610215025,-0.0805846195079396,0.04504654151356291
60-69,0.32,0.654,0.15,0.1528346572344003,0.020820941750228344,0.006894816776504165,0.01952018781391805,0.07344799848794936,0.08723763204095769,0.01378963355300833,0.026381811916545816,0.035349681752457104,-0.1256311610215025,-0.08322908906796322,0.04240207195353929
60-69,0.32,0.65,0.18,0.1740612106354619,0.026965972164665793,0.006865556117406357,0.02637767571942586,0.07344799848794936,0.08717911072276208,0.013731112234812715,0.02644995274097855,0.039191835884530825,-0.1256311610215025,-0.08587355862798685,0.03975760239351567
60-69,0.32,0.651,0.21,0.250266460472063,0.05202430720758702,0.00683629545830855,0.05155423491393954,0.07344799848794936,0.08712058940456646,0.0136725909166171,0.027107194616927784,0.04108527716834825,-0.1256311610215025,-0.08851802818801036,0.03711313283349216
60-69,0.32,0.652,0.24,0.3359822760083436,0.080497532637944,0.006807034799210743,0.07881560990948176,0.07344799848794936,0.08706206808637085,0.013614069598421485,0.026773120849090393,0.04443422104639619,-0.1256311610215025,-0.09116249774803398,0.034468663273468536
70-79,0.32,0.722,0.0,0.4868285945720814,0.11856249442407354,0.007621081977033206,0.0888499921173465,0.0786145418861075,0.09385670584017392,0.015242163954066412,0.0736350057447406,0.08654312503248589,-0.12891993567140259,-0.07531083528078719,0.053609100390615394
70-79,0.32,0.717,0.03,0.4084248242417605,0.10217032771997406,0.008269756335830325,0.08368874343301963,0.0786145418861075,0.09515405455776815,0.01653951267166065,0.03327537190627061,0.05364163062545008,-0.12891993567140259,-0.07328802194505069,0.0556319137263519
70-79,0.32,0.712,0.06,0.32377924516165435,0.07787791749396059,0.00891843069462761,0.06933909501079864,0.0786145418861075,0.09645140327536272,0.01783686138925522,0.02962161474464378,0.021265655809766457,-0.12891993567140259,-0.07126520860931385,0.05765472706208874
70-79,0.32,0.709,0.09,0.25390826848409176,0.05139458961775942,0.009567105053424785,0.048212748870486134,0.0786145418861075,0.09774875199295707,0.01913421010684957,0.030023324266309978,0.020763550433235623,-0.12891993567140259,-0.06924239527357723,0.05967754039782536
70-79,0.32,0.712,0.12,0.20139638933480447,0.0303533078721581,0.01021577941222207,0.027618673514145913,0.0786145418861075,0.09904610071055164,0.02043155882444414,0.030381020549231284,0.028214433193338332,-0.12891993567140259,-0.0672195819378405,0.061700353733562086
70-79,0.32,0.711,0.15,0.18719579911128315,0.021713230313385828,0.010864453771019356,0.022675819854766337,0.0786145418861075,0.10034344942814621,0.02172890754203871,0.031282813518429466,0.0324461299694528,-0.12891993567140259,-0.06519676860210388,0.0637231670692987
70-79,0.32,0.706,0.18,0.2301358614483932,0.033520641811123464,0.011521520394630003,0.03373618987322857,0.0786145418861075,0.10164079814574045,0.02302625625963295,0.03203466293625152,0.03707867743334295,-0.12891993567140259,-0.06317395526636727,0.06574598040503532
70-79,0.32,0.705,0.21,0.31568452167115724,0.060686046475233346,0.01253242681215172,0.05719951739629958,0.0786145418861075,0.10293814686333502,0.02432360497722752,0.03203466293625152,0.04058842378975158,-0.12891993567140259,-0.06115114193063065,0.06776879374077194
70-79,0.32,0.705,0.24,0.40198700304158697,0.08856383522866251,0.012810476847410934,0.0832131115314974,0.0786145418861075,0.10423549558092937,0.02562095369482187,0.032561327676863816,0.041406392480986445,-0.12891993567140259,-0.0591283285948937,0.06979160707650889
80-89,0.32,0.869,0.0,0.6875520648884044,0.20180833022714778,0.005462093338448104,0.16552499484910446,0.0865611292410422,0.09748531591793841,0.010924186676896208,0.04010735593379349,0.044846077943899554,-0.21020642647712207,-0.08240797395914468,0.1277984525179774
80-89,0.32,0.867,0.03,0.6351653034083176,0.1854406861176548,0.005838115443044134,0.1620747659587389,0.0865611292410422,0.09823736012713047,0.011676230886088268,0.02096187014557625,0.032123991197933445,-0.21020642647712207,-0.07978025013805767,0.1304261763390644
80-89,0.32,0.867,0.06,0.5551077811161867,0.16091471400277277,0.006214137547640108,0.14870507548275536,0.0865611292410422,0.09898940433632242,0.012428275095280217,0.015562776101968455,0.008324785668030868,-0.21020642647712207,-0.07715252631697078,0.13305390016015128
80-89,0.32,0.867,0.09,0.4891422857202494,0.13475321570307514,0.006590159652236249,0.12698008192124036,0.0865611292410422,0.0997414485455147,0.013180319304472499,0.015472556349873165,0.01527750707892698,-0.21020642647712207,-0.074524802495884,0.13568162398123806
80-89,0.32,0.87,0.12,0.42082488900160386,0.10847177968070518,0.006966181756832279,0.10371454119725233,0.0865611292410422,0.10049349275470676,0.013932363513664558,0.016266530054071162,0.020878794565774107,-0.21020642647712207,-0.07189707867479656,0.1383093478023255
80-89,0.32,0.866,0.15,0.3493249661064081,0.08202573019612855,0.007342203861428254,0.07868133662819972,0.0865611292410422,0.10124553696389871,0.014684407722856507,0.0172336879396141,0.024917112055628975,-0.21020642647712207,-0.06926935485371011,0.14093707162341196
80-89,0.32,0.862,0.18,0.28593888828529773,0.058902692282846225,0.009240924226359304,0.054025981368702236,0.0865611292410422,0.10199758117309099,0.01543645193204879,0.017770762504743586,0.026634919894120368,-0.21020642647712207,-0.06664163103262288,0.14356479544449918
80-89,0.32,0.866,0.21,0.24916087241322066,0.04553067243657677,0.008094248070620369,0.042078757100715215,0.0865611292410422,0.10274962538228294,0.016188496141240738,0.017770762504743586,0.029362361262481863,-0.21020642647712207,-0.06401390721153599,0.14619251926558607
80-89,0.32,0.866,0.24,0.24519135542509027,0.04303219211323477,0.00847027017521651,0.039242215491798536,0.0865611292410422,0.10350166959147522,0.01694054035043302,0.01813835714721707,0.030385193746995127,-0.21020642647712207,-0.06138618339044899,0.14882024308667308
20-29,0.33,0.565,0.0,0.4465226148309968,0.08932917144109255,0.014664732034023298,0.0630833310160004,0.04374684900583592,0.07307631307388252,0.029329464068046596,0.06957154590779194,0.10494799780770668,-0.06449539092603063,-0.051312281250048386,0.01318310967598224
20-29,0.33,0.554,0.03,0.3388056337276857,0.07135814432844548,0.014597848728064022,0.05746210501832195,0.04374684900583592,0.07294254646196396,0.029195697456128045,0.022790348834539557,0.04805072543646999,-0.06449539092603063,-0.050067674168165155,0.014427716757865472
20-29,0.33,0.55,0.06,0.2426317356631619,0.046028870347916834,0.014530965422104858,0.039908839292403235,0.04374684900583592,0.07280877985004564,0.029061930844209716,0.01707044229069649,0.014701414716013873,-0.06449539092603063,-0.04882306708628181,0.015672323839748814
20-29,0.33,0.553,0.09,0.18297813068595015,0.024166607107513678,0.014464082116145527,0.02004767616355163,0.04374684900583592,0.07267501323812697,0.028928164232291054,0.01782694589659147,0.019560055909058995,-0.06449539092603063,-0.04757846000439847,0.016916930921632156
20-29,0.33,0.543,0.12,0.18163213324627295,0.0209435651937577,0.014397198810186307,0.019983106232342857,0.04374684900583592,0.07254124662620853,0.028794397620372614,0.01882020191177554,0.02590429107804032,-0.06449539092603063,-0.04633385292251513,0.0181615380035155
20-29,0.33,0.541,0.15,0.24653523024841004,0.040238840059570145,0.014330315504227031,0.03947322655621274,0.04374684900583592,0.07240748001428998,0.028660631008454063,0.01924058211177613,0.03484080429394271,-0.06449539092603063,-0.045089245840631786,0.01940614508539884
20-29,0.33,0.542,0.18,0.3316048714810429,0.06857426507461634,0.014263432198267922,0.06684800374262222,0.04374684900583592,0.07227371340237176,0.028526864396535845,0.019302849530574488,0.03628484212329683,-0.06449539092603063,-0.043844638758748444,0.020650752167282183
20-29,0.33,0.539,0.21,0.4172919886706439,0.09674716887610249,0.01556966845518093,0.0931666110185715,0.04374684900583592,0.07188455905078994,0.028137710044954023,0.019437077969694922,0.037351667159179376,-0.06449539092603063,-0.042559416744568535,0.021935974181462092
20-29,0.33,0.54,0.24,0.49757984283433626,0.1252014143769356,0.013716706706747073,0.12098839666837664,0.04374684900583592,0.07101149185888644,0.027264642853050525,0.019437077969694922,0.037567885705230966,-0.06449539092603063,-0.03916953081114061,0.02532586011489002
30-39,0.33,0.602,0.0,0.47500972100936056,0.10319167426613093,0.009332985854782927,0.07744165852724764,0.0573742659002322,0.07604023760979806,0.018665971709565854,0.09018647348688158,0.10360356095995531,-0.10704012899392612,-0.057476563562941285,0.049563565430984835
30-39,0.33,0.595,0.03,0.36543718831403904,0.08632680655881364,0.00920809479726814,0.07296286206008636,0.0573742659002322,0.07579045549476848,0.01841618959453628,0.03700270260399904,0.04414018205312159,-0.10704012899392612,-0.055177502950422674,0.051862626043503446
30-39,0.33,0.596,0.06,0.27950655260028956,0.06159659113765038,0.009083203739753354,0.05608570845159307,0.0573742659002322,0.07554067337973891,0.018166407479506708,0.026563132345414336,0.02520860213088391,-0.10704012899392612,-0.052878442337904064,0.05416168665602206
30-39,0.33,0.595,0.09,0.21214173532627992,0.0348774717113589,0.008958312682238567,0.03279386809289279,0.0573742659002322,0.07529089126470934,0.017916625364477134,0.02570603042089537,0.03849979425287346,-0.10704012899392612,-0.050579381725385564,0.056460747268540556
30-39,0.33,0.594,0.12,0.17633641456839014,0.0193695159072333,0.008833421624723836,0.02009163902936022,0.0573742659002322,0.07504110914967987,0.017666843249447672,0.02602306669091862,0.04907163821399494,-0.10704012899392612,-0.04828032111286695,0.05875980788105917
30-39,0.33,0.588,0.15,0.2033928607121932,0.02602427477297234,0.00870853056720905,0.025831311734261803,0.0573742659002322,0.0747913270346503,0.0174170611344181,0.026825361134568123,0.05944589111740528,-0.10704012899392612,-0.04598126050034845,0.06105886849357767
30-39,0.33,0.583,0.18,0.28586634045630654,0.05168466678793178,0.01102122737107819,0.051224949215702885,0.0573742659002322,0.07454154491962073,0.017167279019388526,0.027269030052423905,0.060561396774760794,-0.10704012899392612,-0.04368219988782984,0.06335792910609628
30-39,0.33,0.587,0.21,0.3690999579256563,0.08065466098641304,0.008458748452179532,0.07972212309736347,0.0573742659002322,0.07429176280459127,0.016917496904359064,0.027261694738221945,0.06302790312483314,-0.10704012899392612,-0.04138313927531112,0.065656989718615
30-39,0.33,0.583,0.24,0.45228909853283383,0.10686210430281123,0.010467644612460636,0.10550555074419059,0.0573742659002322,0.07364720053037932,0.016272934630147118,0.02734227496021496,0.06511723419685878,-0.10704012899392612,-0.038763658713711235,0.06827647028021488
40-49,0.33,0.577,0.0,0.3547837741261801,0.08322500396591742,0.0051807569294645694,0.06019999275534974,0.06726351403210296,0.0776250278910321,0.010361513858929139,0.0689245964805018,0.07506962567711166,-0.08152539216243793,-0.05638653470594368,0.025138857456494246
40-49,0.33,0.572,0.03,0.261151446453061,0.06664276758367771,0.004821572021081966,0.05470010199589167,0.06726351403210296,0.07690665807426689,0.009643144042163931,0.026309694030908055,0.03339138999897735,-0.08152539216243793,-0.0573734415678977,0.024151950594540228
40-49,0.33,0.572,0.06,0.1803647908801257,0.04213612379900247,0.0044623871126995285,0.03830817835681997,0.06726351403210296,0.07618828825750201,0.008924774225399057,0.020518284528683168,0.019946185402154062,-0.08152539216243793,-0.05836034842985194,0.023165043732585988
40-49,0.33,0.571,0.09,0.12262555705394883,0.021043924806445437,0.004347920574948316,0.018257962389448084,0.06726351403210296,0.07546991844073714,0.008206404408634183,0.021104501889407365,0.028099079896110955,-0.08152539216243793,-0.05934725529180607,0.02217813687063186
40-49,0.33,0.572,0.12,0.1299216354953342,0.02159831520987201,0.0037440172959344875,0.018331287948892754,0.06726351403210296,0.07475154862397193,0.007488034591868975,0.02258760722166027,0.03911733631745455,-0.08152539216243793,-0.060334162153760085,0.02119123000867784
40-49,0.33,0.571,0.15,0.19946988097708268,0.04381982455356251,0.004717982987126446,0.040705480005520885,0.06726351403210296,0.07403317880720683,0.0067696647751038785,0.02298260211551336,0.042142765994051416,-0.08152539216243793,-0.061321069015714325,0.020204323146723602
40-49,0.33,0.571,0.18,0.2834569497836015,0.07143988729202681,0.0049030141932154825,0.068216944580299,0.06726351403210296,0.07331480899044185,0.006051294958338893,0.023285188425262934,0.04533955204308835,-0.08152539216243793,-0.062307975877668675,0.01921741628476925
40-49,0.33,0.571,0.21,0.3666510832471451,0.09874257271498607,0.005088045399304519,0.0957210135807563,0.06726351403210296,0.07259643917367686,0.005332925141573908,0.023328094650013727,0.04850841129859888,-0.08152539216243793,-0.0632948827396227,0.018230509422815233
40-49,0.33,0.572,0.24,0.4471245071095058,0.12693906572517477,0.00395144902011807,0.12287074499138233,0.06726351403210296,0.07141611095305123,0.0041525969209482705,0.02370232056149775,0.05047386059232373,-0.08152539216243793,-0.06368145991983976,0.01784393224259817
50-59,0.33,0.612,0.0,0.33792999451372147,0.07882166829743784,0.00826330123205099,0.05340000825192646,0.06460245427369793,0.08112905673779991,0.01652660246410198,0.04600434762063256,0.06247594004964882,-0.08676449919114704,-0.056973645482904955,0.029790853708242082
50-59,0.33,0.606,0.03,0.2612826300782052,0.06186750160840852,0.007976887811871447,0.047404048323504554,0.06460245427369793,0.08055622989744082,0.015953775623742894,0.019697715603592226,0.03387979459663874,-0.08676449919114704,-0.058670307521628384,0.028094191669518653
50-59,0.33,0.607,0.06,0.1806450616473749,0.03695711972559483,0.007690474391692015,0.031342468740859684,0.06460245427369793,0.07998340305708196,0.01538094878338403,0.017538529014715018,0.018502480253489686,-0.08676449919114704,-0.06036696956035237,0.02639752963079467
50-59,0.33,0.61,0.09,0.12456220114671084,0.017129847016097217,0.007404060971512527,0.014819971048310177,0.06460245427369793,0.07941057621672298,0.014808121943025054,0.017099707599839257,0.021777466052258235,-0.08676449919114704,-0.06206363159907602,0.02470086759207102
50-59,0.33,0.6,0.12,0.13542207966694475,0.018802666489541913,0.007723067910033077,0.01972618033964769,0.06460245427369793,0.07883774937636423,0.014235295102666301,0.017099707599839257,0.02649724684607723,-0.08676449919114704,-0.06376029363779934,0.0230042055533477
50-59,0.33,0.6,0.15,0.21658741849569882,0.04588822405219725,0.008040865682598708,0.04526017597468812,0.06460245427369793,0.07826492253600525,0.013662468262307326,0.017320508075688787,0.029542648813738377,-0.08676449919114704,-0.06545695567652321,0.021307543514623828
50-59,0.33,0.601,0.18,0.29618686482972423,0.07346514691906116,0.007358663455164449,0.07155865716931432,0.06460245427369793,0.07769209569564628,0.01308964142194835,0.018165902124584965,0.030420843515725972,-0.08676449919114704,-0.06715361771524675,0.019610881475900288
50-59,0.33,0.602,0.21,0.37712942378650177,0.10149857686893637,0.0066764612277301905,0.0985997259466987,0.06460245427369793,0.0771192688552873,0.012516814581589375,0.018579558659989764,0.03117021105866949,-0.08676449919114704,-0.06885027975397018,0.01791421943717686
50-59,0.33,0.601,0.24,0.4605612616673533,0.12927466470517474,0.00783145093939741,0.12558865648546264,0.06460245427369793,0.07625166888312751,0.011649214609429581,0.01889973544788394,0.03187794525392086,-0.08676449919114704,-0.07035002715312866,0.01641447203801838
60-69,0.33,0.658,0.0,0.5382992015126175,0.13382916166832684,0.008408780050617348,0.10180001025672321,0.07344799848794936,0.09026555858918406,0.016817560101234696,0.07209715667070372,0.09197390934390036,-0.1256311610215025,-0.07219445193246532,0.05343670908903719
60-69,0.33,0.649,0.03,0.457615214512189,0.11621128093885214,0.008379519391519485,0.09635452790212455,0.07344799848794936,0.09020703727098833,0.01675903878303897,0.03374018375765014,0.06532380882955313,-0.1256311610215025,-0.07483892149248894,0.05079223952901357
60-69,0.33,0.653,0.06,0.3516535859428508,0.09089811132383638,0.008350258732421678,0.0803859693973578,0.07344799848794936,0.09014851595279272,0.016700517464843356,0.025027984337537026,0.01975854245636554,-0.1256311610215025,-0.07748339105251256,0.04814776996898995
60-69,0.33,0.646,0.09,0.2712812344254164,0.0637997747281391,0.008320998073323871,0.05860499886862047,0.07344799848794936,0.0900899946345971,0.016641996146647742,0.02509980079602224,0.014966629547095739,-0.1256311610215025,-0.08012786061253618,0.04550330040896633
60-69,0.33,0.651,0.12,0.2002175828321262,0.036483414748020325,0.008291737414226008,0.03334365422648344,0.07344799848794936,0.09003147331640138,0.016583474828452016,0.026145745351777577,0.027158792314828706,-0.1256311610215025,-0.0827723301725597,0.04285883084894282
60-69,0.33,0.647,0.15,0.16040678815784928,0.021017873973440755,0.008262476755128256,0.01957599204150477,0.07344799848794936,0.08997295199820587,0.016524953510256513,0.026267851073127367,0.0347102290398666,-0.1256311610215025,-0.0854167997325832,0.04021436128891931
60-69,0.33,0.648,0.18,0.1806394414639242,0.026890048338757994,0.008233216096030338,0.026103226504085014,0.07344799848794936,0.08991443068001004,0.016466432192060676,0.026472627372438853,0.03830404678359713,-0.1256311610215025,-0.08806126929260694,0.03756989172889558
60-69,0.33,0.649,0.21,0.2584803510283039,0.052157042741020385,0.00820395543693253,0.05199353445584352,0.07344799848794936,0.08985590936181442,0.01640791087386506,0.027217641337926375,0.04081176301019104,-0.1256311610215025,-0.09070573885263045,0.03492542216887207
60-69,0.33,0.646,0.24,0.34444718361377613,0.07991365376031576,0.009580378334855866,0.07795921351233485,0.07344799848794936,0.0897973880436187,0.016349389555669336,0.026810445725500325,0.04443422104639619,-0.1256311610215025,-0.09335020841265407,0.032280952608848446
70-79,0.33,0.721,0.0,0.4920559615572996,0.11798749444490686,0.009087593005785877,0.08701665878901317,0.0786145418861075,0.09678972789767926,0.018175186011571753,0.0736350057447406,0.08654312503248589,-0.12891993567140259,-0.07766429888331161,0.051255636788090975
70-79,0.33,0.711,0.03,0.4142678089877925,0.1016994498709897,0.009736267364582996,0.08203945112227912,0.0786145418861075,0.0980870766152735,0.01947253472916599,0.034258581049141874,0.05328393450734433,-0.12891993567140259,-0.07564148554757522,0.05327845012382737
70-79,0.33,0.705,0.06,0.33189930517691524,0.07758258713617011,0.010384941723380281,0.06797088458975736,0.0786145418861075,0.09938442533286806,0.020769883446760562,0.029438750993887253,0.023878539483601746,-0.12891993567140259,-0.07361867221183871,0.055301263459563876
70-79,0.33,0.712,0.09,0.2604377352758471,0.05122730095862337,0.011033616082177511,0.04727486026399671,0.0786145418861075,0.10068177405046252,0.022067232164355022,0.030023324266309978,0.020218527026077904,-0.12891993567140259,-0.07159585887610187,0.057324076795300716
70-79,0.33,0.71,0.12,0.20927531716250083,0.030618252696742714,0.011682290440974852,0.026778330275615086,0.0786145418861075,0.1019791227680572,0.023364580881949704,0.030381020549231284,0.028186008053568284,-0.12891993567140259,-0.06957304554036525,0.05934689013103733
70-79,0.33,0.704,0.15,0.19508828038331416,0.021667075056465656,0.012330964799772026,0.023028158964083556,0.0786145418861075,0.10327647148565156,0.024661929599544052,0.031282813518429466,0.03167513317567845,-0.12891993567140259,-0.06755023220462841,0.06136970346677417
70-79,0.33,0.705,0.18,0.23827739977271736,0.033899290401278724,0.012979639158569312,0.033782981115829,0.0786145418861075,0.10457382020324613,0.025959278317138623,0.03195957480363019,0.03598678173396296,-0.12891993567140259,-0.0655274188688918,0.06339251680251079
70-79,0.33,0.704,0.21,0.3242540665078708,0.06113958068168336,0.013628313517366542,0.057987927078095726,0.0786145418861075,0.10587116892084059,0.027256627034733083,0.03203466293625152,0.03979457727936189,-0.12891993567140259,-0.06350460553315507,0.06541533013824752
70-79,0.33,0.703,0.24,0.4109451413063352,0.08876209463868254,0.014276987876163716,0.0838721555282103,0.0786145418861075,0.10716851763843493,0.028553975752327432,0.03246894591243884,0.04105714722541608,-0.12891993567140259,-0.06148179219741845,0.06743814347398414
80-89,0.33,0.868,0.0,0.6931475010158219,0.2012749969246478,0.006985301399665911,0.1636916615107711,0.0865611292410422,0.10053173204037402,0.013970602799331822,0.04010735593379349,0.044846077943899554,-0.21020642647712207,-0.0849832231453681,0.12522320333175396
80-89,0.33,0.87,0.03,0.642256128532455,0.18495620057055415,0.007361323504261885,0.16053023536318853,0.0865611292410422,0.10128377624956597,0.01472264700852377,0.021591665058535915,0.03318264891347817,-0.21020642647712207,-0.08235549932428088,0.1278509271528412
80-89,0.33,0.865,0.06,0.5619510711767786,0.16066013904468388,0.007737345608857971,0.14741970380380498,0.0865611292410422,0.10203582045875814,0.015474691217715941,0.015562776101968455,0.008514619781322301,-0.21020642647712207,-0.0797277755031941,0.13047865097392797
80-89,0.33,0.875,0.09,0.49629414209938283,0.13454996758486215,0.008113367713453945,0.12601075039722506,0.0865611292410422,0.10278786466795009,0.01622673542690789,0.015537052487521576,0.01527750707892698,-0.21020642647712207,-0.07710005168210698,0.13310637479501508
80-89,0.33,0.868,0.12,0.42801955059824204,0.10840043017593698,0.00848938981805003,0.10302482127307072,0.0865611292410422,0.10353990887714226,0.01697877963610006,0.016266530054071162,0.020254320511914725,-0.21020642647712207,-0.07447232786101987,0.1357340986161022
80-89,0.33,0.864,0.15,0.3571856251134498,0.08199458533752976,0.00886541192264606,0.07819633219687895,0.0865611292410422,0.10429195308633432,0.01773082384529212,0.017058722109231997,0.024917112055628975,-0.21020642647712207,-0.07184460403993309,0.13836182243718897
80-89,0.33,0.86,0.18,0.29189477468154673,0.05934759749679411,0.00924143402724209,0.05377940533018224,0.0865611292410422,0.10504399729552638,0.01848286805448418,0.01731473361042556,0.02675575576605603,-0.21020642647712207,-0.06921688021884631,0.14098954625827576
80-89,0.33,0.864,0.21,0.25664403959241466,0.04544520216291373,0.009617456131838231,0.04175632608565751,0.0865611292410422,0.10579604150471866,0.019234912263676462,0.017770762504743586,0.028670498156917017,-0.21020642647712207,-0.0665891563977592,0.14361727007936287
80-89,0.33,0.859,0.24,0.2520399188041199,0.042475459109239895,0.01051105632125926,0.03772340772712387,0.0865611292410422,0.10654808571391072,0.019986956472868522,0.01803884696980382,0.030385193746995127,-0.21020642647712207,-0.0639614325766723,0.14624499390044976
20-29,0.34,0.56,0.0,0.4503438533261219,0.08882083811275919,0.015771948898779087,0.061666664382667054,0.04374684900583592,0.07529074680339409,0.031543897797558174,0.06957154590779194,0.10494799780770668,-0.06449539092603063,-0.05286719886368629,0.011628192062344334
20-29,0.34,0.553,0.03,0.3448146774465314,0.07099151559328365,0.01570506559281981,0.056290572407444166,0.04374684900583592,0.07515698019147554,0.03141013118563962,0.02302607217916244,0.05010592589328386,-0.06449539092603063,-0.05162259178180284,0.012872799144227787
20-29,0.34,0.549,0.06,0.25013250960891215,0.04603779164815289,0.015638182286860647,0.039097529829595974,0.04374684900583592,0.07502321357955721,0.031276364573721294,0.01683448840921515,0.017578276000948228,-0.06449539092603063,-0.0503779846999195,0.014117406226111129
20-29,0.34,0.551,0.09,0.19025606694396888,0.024592318301043727,0.015571298980901371,0.019528361833482177,0.04374684900583592,0.07488944696763866,0.031142597961802743,0.017657859439920785,0.02059445543470938,-0.06449539092603063,-0.04913337761803627,0.01536201330799436
20-29,0.34,0.541,0.12,0.18733349456518408,0.021349901184133012,0.015504415674942151,0.01988584434178997,0.04374684900583592,0.07475568035572022,0.031008831349884303,0.0185741756210067,0.024376814530003205,-0.06449539092603063,-0.047888770536153036,0.01660662038987759
20-29,0.34,0.54,0.15,0.25221421416841716,0.0405332481300113,0.015437532368982931,0.03976246370445313,0.04374684900583592,0.07462191374380178,0.030875064737965863,0.01924058211177613,0.032902616088287394,-0.06449539092603063,-0.046644163454269694,0.017851227471760933
20-29,0.34,0.54,0.18,0.33776643966293235,0.06871673332723875,0.015370649063023656,0.06688448601730815,0.04374684900583592,0.07448814713188323,0.03074129812604731,0.01924058211177613,0.03577379055827412,-0.06449539092603063,-0.04539955637238635,0.019095834553644275
20-29,0.34,0.538,0.21,0.42122283459147364,0.09706019621030468,0.015171935292563499,0.09334114219514235,0.04374684900583592,0.07409071959096292,0.030343870585126997,0.01924058211177613,0.037351667159179376,-0.06449539092603063,-0.04411280374575721,0.020382587180273415
20-29,0.34,0.538,0.24,0.5035541366332952,0.12527577414777696,0.014721645709146025,0.12093898196485374,0.04374684900583592,0.07319014042412797,0.02944329141829205,0.019437077969694922,0.03741753886843738,-0.06449539092603063,-0.040687234998687094,0.023808155927343533
30-39,0.34,0.601,0.0,0.47895370812613824,0.10265834094363095,0.0104851106670526,0.07597499192724766,0.0573742659002322,0.0783444872343374,0.0209702213341052,0.09018647348688158,0.10360356095995531,-0.10704012899392612,-0.05921827761030307,0.04782185138362305
30-39,0.34,0.584,0.03,0.37234397947412246,0.08595167387706892,0.010360219609537813,0.0718215780516863,0.0573742659002322,0.07809470511930783,0.020720439219075626,0.03814708376796315,0.046471954837405946,-0.10704012899392612,-0.05691921699778457,0.05012091199614155
30-39,0.34,0.595,0.06,0.2829145926143337,0.06141410662939821,0.010235328552022971,0.055079590253783416,0.0573742659002322,0.07784492300427814,0.020470657104045942,0.025853433040894155,0.023417477489338565,-0.10704012899392612,-0.05462015638526596,0.05241997260866016
30-39,0.34,0.593,0.09,0.21824376602049889,0.03500020413937838,0.010110437494508295,0.032173113569294844,0.0573742659002322,0.07759514088924879,0.02022087498901659,0.02570603042089537,0.03849979425287346,-0.10704012899392612,-0.05232109577274713,0.05471903322117899
30-39,0.34,0.592,0.12,0.18136889789430535,0.019396762996023116,0.009985546436993453,0.020083821358025306,0.0573742659002322,0.07734535877421911,0.019971092873986906,0.026214499804497467,0.04695533141546671,-0.10704012899392612,-0.05002203516022874,0.05701809383369738
30-39,0.34,0.582,0.15,0.2081405894599581,0.024820460558378964,0.010632025811059986,0.025755839340665592,0.0573742659002322,0.07709557665918965,0.019721310758957444,0.026765649627834516,0.05843338991603794,-0.10704012899392612,-0.04772297454771013,0.05931715444621599
30-39,0.34,0.581,0.18,0.2896599291493658,0.05147851405328852,0.011470018899661094,0.051098680626300165,0.0573742659002322,0.07684579454416007,0.01947152864392787,0.027180875629751113,0.05963551166633529,-0.10704012899392612,-0.04542391393519163,0.06161621505873449
30-39,0.34,0.585,0.21,0.3753190044103838,0.08053245087335098,0.009610873264449205,0.07984373053274448,0.0573742659002322,0.07659601242913061,0.01922174652889841,0.027298351598585548,0.06282285043618145,-0.10704012899392612,-0.04312485332267313,0.06391527567125299
30-39,0.34,0.581,0.24,0.45673558682878024,0.10658803819816935,0.01090734789489295,0.10555021555196005,0.0573742659002322,0.07593576362256926,0.01856149772233706,0.02734227496021496,0.0650180834211167,-0.10704012899392612,-0.040492514593620355,0.06654761440030577
40-49,0.34,0.576,0.0,0.3589467574810776,0.0827083372934174,0.006356893715692369,0.05876665945534972,0.06726351403210296,0.0799773014634877,0.012713787431384738,0.0689245964805018,0.07506962567711166,-0.08152539216243793,-0.05809521757582059,0.023430174586617336
40-49,0.34,0.571,0.03,0.26586010244970515,0.06624075749545016,0.005997708807309876,0.053491680474724745,0.06726351403210296,0.07925893164672271,0.011995417614619752,0.02670954885429552,0.03324675037587636,-0.08152539216243793,-0.05908212443777472,0.022443267724663207
40-49,0.34,0.57,0.06,0.18598858806862198,0.04196959280832194,0.005638523898927272,0.037515631357533684,0.06726351403210296,0.0785405618299575,0.011277047797854545,0.02081826121461634,0.01990587583719379,-0.08152539216243793,-0.06006903129972885,0.02145636086270908
40-49,0.34,0.569,0.09,0.12921751539620183,0.021386119663441783,0.00527933899054478,0.01795361802108897,0.06726351403210296,0.07782219201319251,0.01055867798108956,0.021076052761368744,0.02821364563211671,-0.08152539216243793,-0.06105593816168309,0.02046945400075484
40-49,0.34,0.57,0.12,0.1357580951617993,0.021561766668025617,0.004920154082162287,0.018572264082564655,0.06726351403210296,0.07710382219642753,0.009840308164324574,0.02219459393636205,0.0380979193297713,-0.08152539216243793,-0.062042845023637216,0.01948254713880071
40-49,0.34,0.57,0.15,0.20418913251367843,0.04404252755221591,0.004560969173779739,0.04094656848101939,0.06726351403210296,0.07638545237966243,0.009121938347559477,0.023121418641597214,0.042142765994051416,-0.08152539216243793,-0.06302975188559146,0.01849564027684647
40-49,0.34,0.57,0.18,0.28723481227725084,0.07173742862526636,0.004271011492482546,0.06855348008588505,0.06726351403210296,0.07566708256289756,0.008403568530794603,0.02319051530259729,0.04517983185234273,-0.08152539216243793,-0.0640166587475457,0.01750873341489223
40-49,0.34,0.57,0.21,0.3704757095638872,0.09920945076006699,0.004456042698571583,0.09616129498246691,0.06726351403210296,0.07494871274613235,0.007685198714029395,0.023456342425877037,0.047672536513215145,-0.08152539216243793,-0.06500356560949971,0.016521826552938212
40-49,0.34,0.57,0.24,0.45182178708769904,0.12687359683939747,0.0043086070618480465,0.12282364150571334,0.06726351403210296,0.07375015428645504,0.006486640254352083,0.02370232056149775,0.05036234375338415,-0.08152539216243793,-0.06537523546242408,0.01615015670001385
50-59,0.34,0.611,0.0,0.34237707814168084,0.07831500162660449,0.009492529364441837,0.051916674953593124,0.06460245427369793,0.0835875130025816,0.018985058728883675,0.04600434762063256,0.06247594004964882,-0.08676449919114704,-0.058700119588447675,0.028064379602699363
50-59,0.34,0.605,0.03,0.26771092199995294,0.06155207061426132,0.00920611594426235,0.04607969784731488,0.06460245427369793,0.08301468616222263,0.0184122318885247,0.01982927129271272,0.035711762961588005,-0.08676449919114704,-0.060396781627171325,0.026367717563975712
50-59,0.34,0.606,0.06,0.18647020641002687,0.03680281878141922,0.008919702524082862,0.03049086745599607,0.06460245427369793,0.08244185932186365,0.017839405048165724,0.017297398648351735,0.01871869738827512,-0.08676449919114704,-0.062093443665894976,0.02467105552525206
50-59,0.34,0.604,0.09,0.13196720233120104,0.01745313988844771,0.00863328910390343,0.014547360867383544,0.06460245427369793,0.08186903248150479,0.01726657820780686,0.01727425830535136,0.021777466052258235,-0.08676449919114704,-0.0637901057046184,0.022974393486528633
50-59,0.34,0.599,0.12,0.14185195753657037,0.01890925050588669,0.008346875683723998,0.0202330442412732,0.06460245427369793,0.08129620564114592,0.016693751367447995,0.017099707599839257,0.026466495359078548,-0.08676449919114704,-0.06548676774334194,0.021277731447805093
50-59,0.34,0.599,0.15,0.22231848920625594,0.04620413117724179,0.008060462263544566,0.04607344679110612,0.06460245427369793,0.08072337880078706,0.01612092452708913,0.01716974082506782,0.02932515828612595,-0.08676449919114704,-0.06718342978206526,0.019581069409081775
50-59,0.34,0.599,0.18,0.30230855356028363,0.07361211141633033,0.007774048843365078,0.07189352746418504,0.06460245427369793,0.08015055196042808,0.015548097686730156,0.018165902124584965,0.030656609731154007,-0.08676449919114704,-0.06888009182078925,0.01788440737035779
50-59,0.34,0.6,0.21,0.3833162075110584,0.10143178378319453,0.007487635423185646,0.09896439933739627,0.06460245427369793,0.07957772512006922,0.014975270846371291,0.018275666882497082,0.03117021105866949,-0.08676449919114704,-0.0705767538595129,0.01618774533163414
50-59,0.34,0.6,0.24,0.4638657729073302,0.12935033910161703,0.007085442775389528,0.12604185861071418,0.06460245427369793,0.07870467841999385,0.014102224146295916,0.01889973544788394,0.03150077945667474,-0.08676449919114704,-0.07207469945689482,0.014689799734252218
60-69,0.34,0.657,0.0,0.5431749004432059,0.13328749501082682,0.009776440029241273,0.1001000102967232,0.07344799848794936,0.09300087854643191,0.019552880058482547,0.07209715667070372,0.09197390934390036,-0.1256311610215025,-0.07438216259708552,0.05124899842441699
60-69,0.34,0.647,0.03,0.46373374134986084,0.11582387410175882,0.009747179370143466,0.09482327645704491,0.07344799848794936,0.0929423572282363,0.019494358740286932,0.03374018375765014,0.06634455516468554,-0.1256311610215025,-0.07702663215710925,0.04860452886439326
60-69,0.34,0.646,0.06,0.3592967863683858,0.09070634183213877,0.009717918711045659,0.07948498664127296,0.07344799848794936,0.09288383591004068,0.019435837422091318,0.02494794580722026,0.02150348808914497,-0.1256311610215025,-0.07967110171713276,0.04596005930436975
60-69,0.34,0.645,0.09,0.2771308825572967,0.06368293822374312,0.009688658051947852,0.057691560083547845,0.07344799848794936,0.09282531459184507,0.019377316103895703,0.025011997121381545,0.014142135623730923,-0.1256311610215025,-0.08231557127715639,0.04331558974434613
60-69,0.34,0.649,0.12,0.20616024996827875,0.036317608396971734,0.0096593973928501,0.0326337548479975,0.07344799848794936,0.09276679327364956,0.0193187947857002,0.025961509971494313,0.026381811916545813,-0.1256311610215025,-0.08496004083717978,0.04067112018432273
60-69,0.34,0.651,0.15,0.16796919594167908,0.021274168867981523,0.009630136733752181,0.019439408360030424,0.07344799848794936,0.09270827195545372,0.019260273467504363,0.026653329998332264,0.033823069050575506,-0.1256311610215025,-0.08760451039720352,0.038026650624299
60-69,0.34,0.646,0.18,0.18900092831274126,0.027215980602543127,0.009600876074654374,0.026153816619742625,0.07344799848794936,0.09264975063725811,0.01920175214930875,0.026472627372438853,0.03830404678359713,-0.1256311610215025,-0.09024897995722703,0.035382181064275486
60-69,0.34,0.647,0.21,0.2670758639060663,0.052498565146153295,0.009571615415556511,0.052661422239187794,0.07344799848794936,0.09259122931906238,0.019143230831113023,0.027217641337926375,0.04025916044827559,-0.1256311610215025,-0.09289344951725054,0.032737711504251976
60-69,0.34,0.644,0.24,0.34899224388146854,0.08018818213428164,0.009628118364591931,0.07807818138945684,0.07344799848794936,0.09253270800086688,0.01908470951291752,0.02686261342460928,0.04287656702675714,-0.1256311610215025,-0.09553791907727427,0.030093241944228244
70-79,0.34,0.72,0.0,0.4972833285425178,0.1174124944657402,0.010554104034538547,0.08518332546067985,0.0786145418861075,0.0997227499551846,0.021108208069077095,0.0736350057447406,0.08654312503248589,-0.12891993567140259,-0.08001776248583636,0.04890217318556622
70-79,0.34,0.71,0.03,0.42158570962021685,0.1012903656928984,0.011202778393335722,0.08039265051888544,0.0786145418861075,0.10102009867277895,0.022405556786671443,0.03438677617196213,0.055294696852284636,-0.12891993567140259,-0.07799494915009975,0.05092498652130284
70-79,0.34,0.708,0.06,0.33923926276536925,0.07729322534250124,0.011851452752133007,0.06658439235338547,0.0786145418861075,0.10231744739037352,0.023702905504266014,0.029438750993887253,0.025337837003973,-0.12891993567140259,-0.07597213581436302,0.05294779985703957
70-79,0.34,0.706,0.09,0.2672898655599083,0.051039993954607205,0.012500127110930237,0.04645582103382743,0.0786145418861075,0.10361479610796798,0.025000254221860474,0.029929924834533057,0.020060904314432606,-0.12891993567140259,-0.0739493224786264,0.054970613192776185
70-79,0.34,0.708,0.12,0.2169137623705446,0.03101401495011675,0.013148801469727578,0.026248413033463203,0.0786145418861075,0.10491214482556266,0.026297602939455156,0.030268901691551574,0.027148937520771223,-0.12891993567140259,-0.07192650914288956,0.056993426528513025
70-79,0.34,0.707,0.15,0.20273487554804379,0.02157006240442056,0.013797475828524752,0.023350098627595905,0.0786145418861075,0.10620949354315701,0.027594951657049505,0.03119951946777422,0.030807969920678385,-0.12891993567140259,-0.06990369580715317,0.05901623986424942
70-79,0.34,0.703,0.18,0.24669974343130965,0.034171322033879785,0.014446150187321871,0.03383551732100922,0.0786145418861075,0.10750684226075125,0.028892300374643742,0.03195957480363019,0.03547350695573058,-0.12891993567140259,-0.06788088247141622,0.06103905319998637
70-79,0.34,0.698,0.21,0.3297659452762901,0.060768837492616426,0.015329212464958775,0.05666339069434887,0.0786145418861075,0.10880419097834593,0.030189649092238424,0.03203466293625152,0.03832581117367658,-0.12891993567140259,-0.06585806913567971,0.06306186653572288
70-79,0.34,0.696,0.24,0.41987743924815435,0.0880468961954819,0.01734011888248055,0.08284121960897857,0.0786145418861075,0.11010153969594039,0.031486997809832884,0.03241963060654576,0.04107627812326313,-0.12891993567140259,-0.06383525579994287,0.06508467987145972
80-89,0.34,0.857,0.0,0.6987429371432391,0.2007416636221478,0.008508509460883606,0.16185832817243778,0.0865611292410422,0.10357814816280941,0.017017018921767213,0.04010735593379349,0.044846077943899554,-0.21020642647712207,-0.08755847233159142,0.12264795414553065
80-89,0.34,0.859,0.03,0.6492823011778245,0.18460515146327588,0.008884531565479692,0.1589583707135095,0.0865611292410422,0.10433019237200158,0.017769063130959384,0.021591665058535915,0.03425558149861696,-0.21020642647712207,-0.0849307485105043,0.12527567796661776
80-89,0.34,0.873,0.06,0.5693298594816668,0.16038217792339848,0.009260553670075722,0.14622458804742064,0.0865611292410422,0.10508223658119364,0.018521107340151444,0.015614096195425479,0.009326260029807949,-0.21020642647712207,-0.0823030246894173,0.12790340178770476
80-89,0.34,0.858,0.09,0.50327765742361,0.13436483797966803,0.009636575774671752,0.12506692130763503,0.0865611292410422,0.1058342807903857,0.019273151549343503,0.015537052487521576,0.015013730483532887,-0.21020642647712207,-0.07967530086833019,0.13053112560879188
80-89,0.34,0.857,0.12,0.43577647097557515,0.10825941831285207,0.010012597879267782,0.10215586484415277,0.0865611292410422,0.10658632499957776,0.020025195758535563,0.016266530054071162,0.020804273127475015,-0.21020642647712207,-0.07704757704724319,0.13315884942987888
80-89,0.34,0.861,0.15,0.3642969522844544,0.08173529896743317,0.010388619983863923,0.07745256092014476,0.0865611292410422,0.10733836920877005,0.020777239967727845,0.017058722109231997,0.024754758878536492,-0.21020642647712207,-0.0744198532261563,0.13578657325096577
80-89,0.34,0.858,0.18,0.3006506230587094,0.05960666388078674,0.010764642088459897,0.05379481036760362,0.0865611292410422,0.108090413417962,0.021529284176919794,0.01731473361042556,0.02639158843406258,-0.21020642647712207,-0.0717921294050694,0.13841429707205266
80-89,0.34,0.857,0.21,0.26473079821571543,0.04534743702963766,0.011140664193055871,0.04143795702617555,0.0865611292410422,0.10884245762715394,0.022281328386111743,0.017770762504743586,0.028810793995030257,-0.21020642647712207,-0.06916440558398262,0.14104202089313944
80-89,0.34,0.857,0.24,0.25968626959187013,0.04264268776821002,0.011516686297652012,0.03782956328303858,0.0865611292410422,0.10959450183634623,0.023033372595304025,0.017849369736772237,0.030172122586075517,-0.21020642647712207,-0.06653668176289551,0.14366974471422655
20-29,0.35,0.564,0.0,0.4541650918212469,0.08831250478442587,0.01687916576353482,0.0602499977493337,0.04374684900583592,0.07750518053290556,0.03375833152706964,0.06957154590779194,0.10494799780770668,-0.06449539092603063,-0.0544221164773242,0.010073274448706426
20-29,0.35,0.557,0.03,0.351079921910535,0.07061398769774538,0.0168122824575756,0.05512522832054944,0.04374684900583592,0.07737141392098712,0.0336245649151512,0.023811761799581284,0.05215689622213742,-0.06449539092603063,-0.05317750939544075,0.01131788153058988
20-29,0.35,0.547,0.06,0.25579995733696353,0.04610155462294429,0.016745399151616436,0.03817153940191793,0.04374684900583592,0.07723764730906879,0.03349079830323287,0.016583123951776975,0.01802763953393545,-0.06449539092603063,-0.051932902313557294,0.012562488612473333
20-29,0.35,0.55,0.09,0.19552247905259276,0.024992930547432242,0.01667851584565716,0.01927843425259157,0.04374684900583592,0.07710388069715024,0.03335703169131432,0.017646529403823278,0.018549400007590654,-0.06449539092603063,-0.05068829523167406,0.013807095694356564
20-29,0.35,0.545,0.12,0.19372647598485548,0.021765070193516402,0.01661163253969794,0.01994651561720437,0.04374684900583592,0.0769701140852318,0.03322326507939588,0.018477012745571175,0.023438123567446845,-0.06449539092603063,-0.04944368814979083,0.015051702776239795
20-29,0.35,0.538,0.15,0.25660942961943056,0.040630314404736925,0.016544749233738776,0.03977248878919462,0.04374684900583592,0.07683634747331347,0.03308949846747755,0.018947295321496405,0.030346788657400644,-0.06449539092603063,-0.0481990810679076,0.016296309858123026
20-29,0.35,0.534,0.18,0.3446351458174589,0.06818023501877582,0.017895260426005755,0.06573682800718267,0.04374684900583592,0.07670258086139481,0.03295573185555889,0.01924058211177613,0.03577379055827412,-0.06449539092603063,-0.04695447398602426,0.017540916940006368
20-29,0.35,0.536,0.21,0.42772837053977497,0.09712744273851881,0.01626926027952985,0.09351377956196734,0.04374684900583592,0.07628536956489562,0.0325385205590597,0.01924058211177613,0.037351667159179376,-0.06449539092603063,-0.04565498133275725,0.018840409593273377
20-29,0.35,0.536,0.24,0.5103802439615792,0.1255134402951308,0.01581019702912906,0.12113787512541863,0.04374684900583592,0.07536724306409404,0.03162039405825812,0.019437077969694922,0.03741753886843738,-0.06449539092603063,-0.042204939186233914,0.022290451739796713
30-39,0.35,0.596,0.0,0.48289769524291576,0.10212500762113094,0.011637235479322272,0.07450832532724765,0.0573742659002322,0.08064873685887675,0.023274470958644544,0.09018647348688158,0.10360356095995531,-0.10704012899392612,-0.06095999165766497,0.04608013733626115
30-39,0.35,0.583,0.03,0.3787664907944679,0.08563172310374156,0.011512344421807486,0.07050456300003072,0.0573742659002322,0.08039895474384717,0.02302468884361497,0.03889472972010472,0.04850966761181574,-0.10704012899392612,-0.05866093104514647,0.04837919794877965
30-39,0.35,0.589,0.06,0.28752523217409764,0.06116944760950274,0.011387453364292699,0.054180285523794725,0.0573742659002322,0.0801491726288176,0.022774906728585398,0.025946097972527535,0.022718290158603938,-0.10704012899392612,-0.05636187043262797,0.05067825856129815
30-39,0.35,0.592,0.09,0.22336502301948208,0.0349598245467502,0.011262562306777912,0.03145368890419089,0.0573742659002322,0.07989939051378803,0.022525124613555825,0.025961509971494302,0.03758830186922918,-0.10704012899392612,-0.05406280982010914,0.052977319173816984
30-39,0.35,0.591,0.12,0.18689465328242502,0.019485416572455016,0.011137671249263126,0.019810319730165782,0.0573742659002322,0.07964960839875845,0.02227534249852625,0.025961509971494302,0.04598349730591917,-0.10704012899392612,-0.051763749207590526,0.055276379786335594
30-39,0.35,0.581,0.15,0.2127457860559348,0.02500499706199098,0.011012780191748395,0.025809083560376655,0.0573742659002322,0.07939982628372899,0.02202556038349679,0.026765649627834516,0.05743112307660678,-0.10704012899392612,-0.04946468859507214,0.05757544039885398
30-39,0.35,0.58,0.18,0.29404556761880385,0.0519071992879985,0.010918810428243941,0.05158673146949803,0.0573742659002322,0.07915004416869953,0.021775778268467327,0.027180875629751113,0.059594929482890066,-0.10704012899392612,-0.047165627982553526,0.059874501011372594
30-39,0.35,0.579,0.21,0.37920571167674877,0.07921187849222679,0.011756803516844883,0.07867488686954417,0.0573742659002322,0.07890026205366985,0.021525996153437643,0.027393429869222257,0.061735150855469365,-0.10704012899392612,-0.044866567370034804,0.062173561623891316
30-39,0.35,0.58,0.24,0.4605090518256775,0.10698004427128846,0.01042914553378027,0.10605378657594992,0.0573742659002322,0.07823255696779274,0.02085829106756054,0.027261694738221945,0.06411882728587542,-0.10704012899392612,-0.042238786310120235,0.06480134268380588
40-49,0.35,0.575,0.0,0.3631097408359746,0.0821916706209174,0.007533030501920057,0.05733332615534975,0.06726351403210296,0.08232957503594307,0.015066061003840114,0.0689245964805018,0.07506962567711166,-0.08152539216243793,-0.05980390044569772,0.021721491716740204
40-49,0.35,0.565,0.03,0.2706851278636585,0.06592698499589814,0.0071738455935375645,0.052259823204249566,0.06726351403210296,0.08161120521917808,0.014347691187075129,0.027037011669191528,0.0331014787441266,-0.08152539216243793,-0.06079080730765174,0.020734584854786187
40-49,0.35,0.569,0.06,0.19160815849954804,0.04175330277798145,0.006814660685155072,0.03657140305890879,0.06726351403210296,0.0808928354024131,0.013629321370310143,0.021123446688454964,0.020191390575080626,-0.08152539216243793,-0.06177771416960609,0.019747677992831836
40-49,0.35,0.567,0.09,0.13614475882775048,0.021722054692484772,0.0064554757767725235,0.01790578377821264,0.06726351403210296,0.080174465585648,0.012910951553545047,0.02080865204668479,0.027956656263828417,-0.08152539216243793,-0.06276462103156011,0.018760771130877818
40-49,0.35,0.568,0.12,0.14160886838169592,0.021469178540280347,0.006096290868390086,0.018907529712596988,0.06726351403210296,0.07945609576888313,0.012192581736780173,0.021940829519414236,0.037028474068346286,-0.08152539216243793,-0.06375152789351435,0.017773864268923578
40-49,0.35,0.569,0.15,0.21141997348141212,0.04432472419259262,0.0057371059600074825,0.04153130438026409,0.06726351403210296,0.07873772595211792,0.011474211920014965,0.023121418641597214,0.04141218171116925,-0.08152539216243793,-0.06473843475546848,0.01678695740696945
40-49,0.35,0.568,0.18,0.2923608441198642,0.07161890377208688,0.00537792105162499,0.06830548130480064,0.06726351403210296,0.07801935613535294,0.01075584210324998,0.022860446189871254,0.044226390973267186,-0.08152539216243793,-0.0657253416174226,0.01580005054501532
40-49,0.35,0.568,0.21,0.37461738206282075,0.09908380693157595,0.0050187361432424415,0.09597012379098728,0.06726351403210296,0.07730098631858784,0.010037472286484883,0.023456342425877037,0.046581027220697464,-0.08152539216243793,-0.06671224847937673,0.014813143683061192
40-49,0.35,0.569,0.24,0.45633376609497683,0.12706451637086646,0.004415123752448902,0.12307133489223758,0.06726351403210296,0.07609376153700076,0.008830247504897804,0.02370232056149775,0.049574702470301775,-0.08152539216243793,-0.06708351691108727,0.014441875251350655
50-59,0.35,0.611,0.0,0.3464908284363074,0.07780833495577114,0.01072175749683274,0.05010000832192646,0.06460245427369793,0.08604596926736341,0.02144351499366548,0.04600434762063256,0.06247594004964882,-0.08676449919114704,-0.06042659369398984,0.0263379054971572
50-59,0.35,0.608,0.03,0.2739476769301228,0.06121919711721001,0.010435344076653308,0.04469133456846486,0.06460245427369793,0.08547314242700454,0.020870688153306616,0.019909796583591724,0.037454232681218606,-0.08676449919114704,-0.06212325573271382,0.024641243458433215
50-59,0.35,0.604,0.06,0.19110266707887782,0.03659978673123951,0.01014893065647382,0.029618693724026163,0.06460245427369793,0.08490031558664557,0.02029786131294764,0.017076299364909262,0.017488694554863665,-0.08676449919114704,-0.06381991777143758,0.022944581419709453
50-59,0.35,0.602,0.09,0.13897924848958818,0.01775849387805651,0.009862517236294333,0.014450079025997023,0.06460245427369793,0.0843274887462866,0.019725034472588665,0.01727425830535136,0.0211839590557199,-0.08676449919114704,-0.0655165798101609,0.021247919380986136
50-59,0.35,0.597,0.12,0.14947839521596462,0.0193280304845342,0.0095761038161149,0.020768373557913684,0.06460245427369793,0.08375466190592773,0.0191522076322298,0.016958773540560076,0.02564018224859668,-0.08676449919114704,-0.06721324184888466,0.019551257342262374
50-59,0.35,0.597,0.15,0.22984216715779954,0.04640821978128502,0.009289690395935413,0.04636842636568365,0.06460245427369793,0.08318183506556875,0.018579380791870825,0.01716974082506782,0.029160852820686384,-0.08676449919114704,-0.06890990388760831,0.017854595303538723
50-59,0.35,0.597,0.18,0.30971727224168955,0.07382438214145412,0.009003276975755925,0.07216990767832915,0.06460245427369793,0.08260900822520978,0.01800655395151185,0.018165902124584965,0.03034200539656031,-0.08676449919114704,-0.07060656592633174,0.016157933264815294
50-59,0.35,0.598,0.21,0.3899927970290655,0.10137194273567968,0.008716863555576493,0.09878960273381043,0.06460245427369793,0.08203618138485091,0.017433727111152986,0.018330302779823376,0.03117021105866949,-0.08676449919114704,-0.0723032279650554,0.014461271226091643
50-59,0.35,0.598,0.24,0.47061053704600536,0.12921206660536377,0.008272810114659412,0.12639074962999677,0.06460245427369793,0.08114807450301675,0.016545620229318825,0.018579558659989764,0.03150077945667474,-0.08676449919114704,-0.07379078081185242,0.012973718379294619
60-69,0.35,0.657,0.0,0.5477172660404621,0.13274582835332682,0.011144100007865365,0.09806667700338988,0.07344799848794936,0.09573619850368009,0.02228820001573073,0.07209715667070372,0.09197390934390036,-0.1256311610215025,-0.0765698732617055,0.04906128775979701
60-69,0.35,0.651,0.03,0.47098733476503113,0.11542638438686485,0.011114839348767447,0.09325901037148203,0.07344799848794936,0.09567767718548426,0.022229678697534894,0.03451376536977671,0.06843390972317746,-0.1256311610215025,-0.07921434282172923,0.04641681819977328
60-69,0.35,0.659,0.06,0.3664828331619343,0.09036422431510481,0.01108557868966964,0.07846195709985666,0.07344799848794936,0.09561915586728864,0.02217115737933928,0.02536138797463575,0.022873565528793268,-0.1256311610215025,-0.08185881238175297,0.04377234863974955
60-69,0.35,0.648,0.09,0.2821219493615692,0.06354166643413053,0.011056318030571777,0.056912379084801366,0.07344799848794936,0.09556063454909292,0.022112636061143554,0.024617067250182315,0.01226376777340468,-0.1256311610215025,-0.08450328194177659,0.041127879079725926
60-69,0.35,0.647,0.12,0.21354389008213528,0.036496974085429595,0.01102705737147397,0.03175556379020152,0.07344799848794936,0.0955021132308973,0.02205411474294794,0.025907527863538015,0.026743223440714822,-0.1256311610215025,-0.08714775150179999,0.03848340951970253
60-69,0.35,0.648,0.15,0.17489260637719606,0.02160026048556965,0.010997796712376218,0.019250744269366165,0.07344799848794936,0.0954435919127018,0.021995593424752435,0.026653329998332264,0.03222421449779651,-0.1256311610215025,-0.0897922210618235,0.03583893995967902
60-69,0.35,0.644,0.18,0.19761009355586417,0.02767017024998402,0.01096853605327841,0.026384159064431794,0.07344799848794936,0.09538507059450618,0.02193707210655682,0.026472627372438853,0.03805259518088087,-0.1256311610215025,-0.09243669062184734,0.033194470399655174
60-69,0.35,0.64,0.21,0.2721028237582918,0.05191159135260237,0.011322288708722705,0.05150266323846905,0.07344799848794936,0.09532654927631024,0.021878550788360873,0.026810445725500325,0.03911010099705699,-0.1256311610215025,-0.09508116018187074,0.030550000839631775
60-69,0.35,0.642,0.24,0.35696337186670135,0.08056004480752442,0.010910014735082685,0.0786642545325364,0.07344799848794936,0.09526802795811473,0.02182002947016537,0.02692953768633986,0.041703716860730745,-0.1256311610215025,-0.09772562974189447,0.027905531279608042
70-79,0.35,0.724,0.0,0.5025002779970675,0.11683749448657355,0.012848739631290296,0.08168332546567984,0.0786145418861075,0.10265577201268994,0.024041230126582436,0.0736350057447406,0.08654312503248589,-0.12891993567140259,-0.08237122608836112,0.04654870958304147
70-79,0.35,0.709,0.03,0.42998534310283926,0.1008470634677981,0.012669289422088503,0.07879581356475907,0.0786145418861075,0.10395312073028451,0.025338578844177007,0.035146128883571555,0.05835162786463021,-0.12891993567140259,-0.08034841275262439,0.0485715229187782
70-79,0.35,0.706,0.06,0.3470250466609881,0.07710664211482626,0.013317963780885733,0.06534161566798874,0.0786145418861075,0.10525046944787897,0.026635927561771466,0.029397960134677676,0.026953066596086473,-0.12891993567140259,-0.07832559941688777,0.050594336254514816
70-79,0.35,0.703,0.09,0.27411219912918683,0.050876839066061816,0.013966638139683019,0.04573791013917764,0.0786145418861075,0.10654781816547354,0.027933276279366037,0.029903203881912078,0.01961985690835798,-0.12891993567140259,-0.07630278608115093,0.052617149590251655
70-79,0.35,0.705,0.12,0.2261954751956485,0.03187102664681428,0.014615312498480248,0.025770711934161195,0.0786145418861075,0.107845166883068,0.029230624996960497,0.030381020549231284,0.026853778627819326,-0.12891993567140259,-0.07427997274541409,0.054639962925988494
70-79,0.35,0.705,0.15,0.21075318391850892,0.021773712231371912,0.015263986857277312,0.023382960994346298,0.0786145418861075,0.10914251560066213,0.030527973714554624,0.030954909297441234,0.030127638138137403,-0.12891993567140259,-0.07225715940967758,0.056662776261725
70-79,0.35,0.695,0.18,0.2538092083593807,0.033345039731271196,0.016216698873840696,0.034065348371701464,0.0786145418861075,0.1104398643182567,0.031825322432149195,0.03192826994418635,0.035112274055598025,-0.12891993567140259,-0.07023434607394097,0.05868558959746162
70-79,0.35,0.695,0.21,0.3379483541921481,0.06100593157161853,0.016561335574871938,0.05695918063658143,0.0786145418861075,0.11173721303585138,0.033122671149743876,0.03203466293625152,0.037886486348896874,-0.12891993567140259,-0.06821153273820435,0.060708402933198236
70-79,0.35,0.694,0.24,0.42574724368870187,0.08820305887826935,0.017238511708884185,0.0834108335623457,0.0786145418861075,0.11303456175344573,0.034420019867338225,0.032246433115383145,0.04107627812326313,-0.12891993567140259,-0.06618871940246751,0.06273121626893507
80-89,0.35,0.856,0.0,0.7043383732706566,0.20020833031964774,0.010031717522101413,0.1600249948341044,0.0865611292410422,0.10662456428524503,0.020063435044202826,0.04010735593379349,0.044846077943899554,-0.21020642647712207,-0.0901337215178144,0.12007270495930766
80-89,0.35,0.867,0.03,0.6557441172350689,0.1842938961834667,0.010407739626697388,0.15728029468471855,0.0865611292410422,0.10737660849443698,0.020815479253394775,0.02230246623133865,0.03413766948328632,-0.21020642647712207,-0.08750599769672762,0.12270042878039444
80-89,0.35,0.871,0.06,0.5762028399156078,0.1602293353925755,0.010783761731293473,0.14481297877594979,0.0865611292410422,0.10812865270362915,0.021567523462586946,0.01567801007781282,0.00941010236995905,-0.21020642647712207,-0.08487827387564018,0.1253281526014819
80-89,0.35,0.866,0.09,0.5089909081564054,0.134243687052443,0.011159783835889503,0.1241281973690168,0.0865611292410422,0.1088806969128212,0.022319567671779006,0.015537052487521576,0.012878851090350188,-0.21020642647712207,-0.08225055005455384,0.12795587642256823
80-89,0.35,0.874,0.12,0.4428486271370844,0.10791098182803288,0.011535805940485588,0.10136711093874086,0.0865611292410422,0.10963274112201338,0.023071611880971177,0.016217274740226866,0.020920239291115982,-0.21020642647712207,-0.07962282623346661,0.13058360024365545
80-89,0.35,0.854,0.15,0.371529052547209,0.08150896728456208,0.011911828045081618,0.07671429936154935,0.0865611292410422,0.11038478533120544,0.023823656090163237,0.017011760637864633,0.024689518681237286,-0.21020642647712207,-0.07699510241237972,0.13321132406474234
80-89,0.35,0.856,0.18,0.30945016114457746,0.06003021856124543,0.012287850149677704,0.05348232021901783,0.0865611292410422,0.11113682954039761,0.024575700299355407,0.01731473361042556,0.02608423217110996,-0.21020642647712207,-0.07436737859129283,0.13583904788582923
80-89,0.35,0.855,0.21,0.272021029619536,0.04541073178961325,0.012663872254273567,0.04117821077201613,0.0865611292410422,0.11188887374958933,0.025327744508547134,0.017770762504743586,0.027381396751401412,-0.21020642647712207,-0.07173965477020561,0.13846677170691646
80-89,0.35,0.855,0.24,0.2687345664490347,0.04294227086339083,0.013039894358869708,0.0377832578790912,0.0865611292410422,0.11264091795878162,0.026079788717739416,0.017849369736772237,0.030172122586075517,-0.21020642647712207,-0.06911193094911883,0.14109449552800324
20-29,0.36,0.563,0.0,0.4579863303163729,0.08780417145609254,0.01798638262829072,0.05883333111600037,0.04374684900583592,0.07971961426241736,0.03597276525658144,0.06957154590779194,0.10494799780770668,-0.06449539092603063,-0.055977034090961886,0.008518356835068741
20-29,0.36,0.551,0.03,0.35717498893190813,0.07023989566058311,0.017919499322331445,0.053959264042513326,0.04374684900583592,0.07958584765049881,0.03583899864466289,0.024228082879171404,0.05421887362055486,-0.06449539092603063,-0.054732427009078655,0.009762963916951972
20-29,0.36,0.546,0.06,0.26199472327027407,0.04630383177043389,0.01785261601637217,0.03729189234099675,0.04374684900583592,0.07945208103858026,0.03570523203274434,0.01649848477891225,0.018637781534682044,-0.06449539092603063,-0.0534878199271952,0.011007570998835425
20-29,0.36,0.549,0.09,0.20106719022998995,0.02542897088866009,0.01778573271041295,0.019053324752364643,0.04374684900583592,0.07931831442666182,0.0355714654208259,0.017509997144488615,0.016831312460537963,-0.06449539092603063,-0.05224321284531208,0.012252178080718545
20-29,0.36,0.543,0.12,0.20032397966339627,0.02228081064650826,0.01771884940445373,0.02009852519335097,0.04374684900583592,0.07918454781474338,0.03543769880890746,0.018477012745571175,0.02231737878249377,-0.06449539092603063,-0.05099860576342863,0.013496785162601999
20-29,0.36,0.532,0.15,0.26199722136149384,0.04009226025327346,0.018536077516642713,0.0384609552247202,0.04374684900583592,0.07905078120282483,0.03530393219698891,0.01885205559083676,0.030080467128565026,-0.06449539092603063,-0.0497539986815454,0.01474139224448523
20-29,0.36,0.532,0.18,0.3504114065736298,0.06833451228627259,0.01844915467626196,0.06584515473097038,0.04374684900583592,0.07891701459090639,0.03517016558507047,0.019063053270659443,0.03617408037403663,-0.06449539092603063,-0.048509391599661944,0.015985999326368683
20-29,0.36,0.534,0.21,0.43421757694076557,0.09714476749679021,0.017366806034074256,0.09355914605458115,0.04374684900583592,0.07848046107398443,0.03473361206814851,0.01924058211177613,0.03762907173410101,-0.06449539092603063,-0.04719153159925227,0.01730385932677836
20-29,0.36,0.535,0.24,0.5174194243653615,0.1258963028583494,0.016904956237926094,0.12131016528470938,0.04374684900583592,0.07755676148168811,0.03380991247585219,0.019437077969694922,0.03730958071101945,-0.06449539092603063,-0.04375062525289186,0.020744765673138765
30-39,0.36,0.595,0.0,0.4868416823596933,0.10159167429863095,0.012789360291591945,0.07304165872724765,0.0573742659002322,0.08295298648341609,0.02557872058318389,0.09018647348688158,0.10360356095995531,-0.10704012899392612,-0.06270170570502687,0.044338423288899254
30-39,0.36,0.582,0.03,0.38551429115530933,0.08524100781945866,0.012664469234077158,0.06918747879209575,0.0573742659002322,0.08270320436838652,0.025328938468154316,0.039486706623875295,0.05127367604338838,-0.10704012899392612,-0.06040264509250837,0.04663748390141775
30-39,0.36,0.583,0.06,0.2905726933452368,0.06089554334831757,0.012539578176562372,0.05316658305854893,0.0573742659002322,0.08245342225335694,0.025079156353124743,0.02604611295375948,0.020160482567086156,-0.10704012899392612,-0.058103584479989645,0.048936544513936475
30-39,0.36,0.591,0.09,0.22712978591230426,0.03508977051121147,0.012414687119047585,0.03097540825549472,0.0573742659002322,0.08220364013832737,0.02482937423809517,0.0257449024080496,0.034407148579283356,-0.10704012899392612,-0.055804523867471034,0.051235605126455086
30-39,0.36,0.59,0.12,0.19238470526794849,0.019569687654290208,0.012289796061532854,0.01943947980654942,0.0573742659002322,0.08195385802329791,0.024579592123065708,0.025961509971494302,0.044936869817507996,-0.10704012899392612,-0.053505463254952645,0.053534665738973475
30-39,0.36,0.579,0.15,0.21908162537369671,0.025097172814228554,0.012164905004018067,0.025885319994819484,0.0573742659002322,0.08170407590826834,0.024329810008036135,0.026765649627834516,0.05689503109936187,-0.10704012899392612,-0.051206402642433924,0.0558337263514922
30-39,0.36,0.578,0.18,0.300836047607969,0.052017269502099575,0.01204001394650328,0.051920018438514404,0.0573742659002322,0.08145429379323876,0.02408002789300656,0.02688494002225034,0.05955431964547715,-0.10704012899392612,-0.04890734202991531,0.05813278696401081
30-39,0.36,0.577,0.21,0.3830152072552473,0.07888137557321839,0.012205595045427897,0.07881061411297736,0.0573742659002322,0.08120451167820919,0.02383024577797699,0.0272836947644559,0.06082713476355076,-0.10704012899392612,-0.04660828141739681,0.06043184757652931
30-39,0.36,0.578,0.24,0.46696109083967563,0.10698085233767934,0.011573167736400436,0.1061757899754815,0.0573742659002322,0.08052060137303307,0.023146335472800872,0.027092434368288097,0.06409366784708616,-0.10704012899392612,-0.04396764219002969,0.06307248680389643
40-49,0.36,0.579,0.0,0.36639408523894507,0.0816750039484174,0.00910318114551767,0.054233326188683074,0.06726351403210296,0.08468184860839867,0.017418334576295713,0.0689245964805018,0.07506962567711166,-0.08152539216243793,-0.06151258331557474,0.020012808846863184
40-49,0.36,0.569,0.03,0.277628685790485,0.06557587433554375,0.008349982379765308,0.05094046787212506,0.06726351403210296,0.08396347879163357,0.016699964759530617,0.028124722220850443,0.03549031781603755,-0.08152539216243793,-0.06249949017752909,0.019025901984908833
40-49,0.36,0.567,0.06,0.19650793373870945,0.041516321996725655,0.00799079747138276,0.035706286061500114,0.06726351403210296,0.08324510897486848,0.01598159494276552,0.02106656118117048,0.01970825264551667,-0.08152539216243793,-0.06348639703948311,0.018038995122954815
40-49,0.36,0.566,0.09,0.14217759389214032,0.022120901533925333,0.007631612563000267,0.017624887740653822,0.06726351403210296,0.08252673915810349,0.015263225126000535,0.020566963801203108,0.026632964986376673,-0.08152539216243793,-0.06447330390143724,0.017052088261000686
40-49,0.36,0.566,0.12,0.14700002622633684,0.021374797085519138,0.00727242765461783,0.019075802052767533,0.06726351403210296,0.08180836934133862,0.01454485530923566,0.021831170376322,0.03547757804920189,-0.08152539216243793,-0.06546021076339137,0.016065181399046558
40-49,0.36,0.563,0.15,0.21591805518348853,0.04287615240422171,0.007821974884927585,0.0404413734282544,0.06726351403210296,0.08108999952457341,0.013826485492470453,0.022965191050805547,0.04156705604309171,-0.08152539216243793,-0.06644711762534561,0.015078274537092318
40-49,0.36,0.562,0.18,0.29939628511355504,0.07022682456467685,0.009007006091016567,0.066757155639239,0.06726351403210296,0.08037162970780853,0.013108115675705578,0.023017384734152553,0.04389827003420955,-0.08152539216243793,-0.06743402448729974,0.014091367675138189
40-49,0.36,0.566,0.21,0.3806094777814242,0.09902875448362525,0.006194513791401568,0.09614411616618228,0.06726351403210296,0.07965254161490609,0.012389027582803136,0.023285188425262934,0.045762747311539294,-0.08152539216243793,-0.06842093134925398,0.013104460813183949
40-49,0.36,0.567,0.24,0.46308609887518615,0.12687795960816628,0.005581947029035028,0.12371672289022972,0.06726351403210296,0.07842740809017301,0.011163894058070056,0.02350744562899166,0.049574702470301775,-0.08152539216243793,-0.06877729245367181,0.012748099708766114
50-59,0.36,0.61,0.0,0.35093791206426705,0.07730166828493781,0.011950985629223643,0.048616675023593105,0.06460245427369793,0.08850442553214521,0.023901971258447285,0.04600434762063256,0.06247594004964882,-0.08676449919114704,-0.06215306779953278,0.024611431391614258
50-59,0.36,0.602,0.03,0.27897030613259016,0.06083480001129552,0.01166457220904421,0.04343357296848934,0.06460245427369793,0.08793159869178635,0.02332914441808842,0.020248456731316606,0.03736903891115146,-0.08676449919114704,-0.06384972983825643,0.022914769352890607
50-59,0.36,0.602,0.06,0.19620640361874198,0.03641182201323016,0.011378158788864723,0.028760777379064278,0.06460245427369793,0.08735877185142737,0.022756317577729446,0.016697305171793457,0.016933133420787352,-0.08676449919114704,-0.06554639187697986,0.02121810731416718
50-59,0.36,0.601,0.09,0.14607018155720058,0.017935584517889642,0.011091745368685235,0.014243080545983444,0.06460245427369793,0.0867859450110684,0.02218349073737047,0.01727425830535136,0.0211839590557199,-0.08676449919114704,-0.06724305391570362,0.019521445275443416
50-59,0.36,0.591,0.12,0.15537673515391687,0.018879841729006447,0.011493453222299665,0.01976346244096111,0.06460245427369793,0.08621311817070942,0.021610663897011495,0.016958773540560076,0.02494636324914733,-0.08676449919114704,-0.06893971595442705,0.017824783236719988
50-59,0.36,0.595,0.15,0.23765166025561726,0.04666601697849494,0.01051891852832637,0.04676013459951036,0.06460245427369793,0.08564029133035067,0.02103783705665274,0.01716974082506782,0.029105439756167705,-0.08676449919114704,-0.0706363779931507,0.016128121197996337
50-59,0.36,0.596,0.18,0.3171394886576063,0.07420602558891781,0.010232505108146939,0.07238544640716617,0.06460245427369793,0.0850674644899918,0.020465010216293877,0.017720045146669368,0.029972097414093454,-0.08676449919114704,-0.07233304003187424,0.014431459159272797
50-59,0.36,0.596,0.21,0.3971362131481281,0.10130315466463713,0.009946091687967396,0.09920385300529895,0.06460245427369793,0.08449463764963272,0.01989218337593479,0.018330302779823376,0.031067533354268893,-0.08676449919114704,-0.07402970207059822,0.012734797120548813
50-59,0.36,0.596,0.24,0.47690024265111564,0.1291219613962706,0.009494387447765207,0.12620814829190183,0.06460245427369793,0.08359122916922834,0.018988774895530414,0.018579558659989764,0.03117021105866949,-0.08676449919114704,-0.07550686216680957,0.011257637024337463
60-69,0.36,0.656,0.0,0.5525929649710509,0.13220416169582683,0.012511759986489346,0.09636667704338986,0.07344799848794936,0.09847151846092805,0.02502351997297869,0.07209715667070372,0.09197390934390036,-0.1256311610215025,-0.07875758392632592,0.04687357709517659
60-69,0.36,0.655,0.03,0.47735473174174214,0.1150502730653567,0.012482499327391428,0.09175208036565506,0.07344799848794936,0.09841299714273222,0.024964998654782855,0.03489985673323026,0.0694665387074957,-0.1256311610215025,-0.08140205348634955,0.04422910753515297
60-69,0.36,0.643,0.06,0.3734969491557629,0.09012938502301648,0.01245323866829362,0.07733437651151655,0.07344799848794936,0.0983544758245366,0.02490647733658724,0.025526456863419155,0.024033310217279676,-0.1256311610215025,-0.08404652304637295,0.04158463797512957
60-69,0.36,0.656,0.09,0.28886468153751105,0.06333830684005116,0.012423978009195868,0.05616134443983456,0.07344799848794936,0.0982959545063411,0.024847956018391737,0.024617067250182315,0.012585706178041785,-0.1256311610215025,-0.08669099260639668,0.038940168415105836
60-69,0.36,0.646,0.12,0.22034921971799099,0.03669289724718243,0.012394717350098006,0.031214293333432657,0.07344799848794936,0.09823743318814537,0.02478943470019601,0.025961509971494313,0.02576819745345023,-0.1256311610215025,-0.08933546216642008,0.03629569885508244
60-69,0.36,0.646,0.15,0.18261822449919712,0.02188853530628629,0.012365456691000198,0.019270821869215176,0.07344799848794936,0.09817891186994976,0.024730913382000397,0.025892083732291588,0.032024990241996926,-0.1256311610215025,-0.09197993172644381,0.033651229295058704
60-69,0.36,0.637,0.18,0.2032191226333996,0.027174536374666696,0.012336196031902336,0.02640216809344405,0.07344799848794936,0.09812039055175403,0.02467239206380467,0.026472627372438853,0.03661693597230657,-0.1256311610215025,-0.09462440128646732,0.031006759735035194
60-69,0.36,0.638,0.21,0.28024721103373723,0.05210118356917655,0.012306935372804473,0.05211520754247579,0.07344799848794936,0.09806186923355831,0.024613870745608946,0.026810445725500325,0.039456304946104595,-0.1256311610215025,-0.09726887084649094,0.028362290175011573
60-69,0.36,0.64,0.24,0.36460043823685384,0.08050963945809896,0.012277674713706666,0.07894786017339582,0.07344799848794936,0.09800334791536269,0.02455534942741333,0.02701110882581459,0.041376321731154374,-0.1256311610215025,-0.09991334040651445,0.025717820614988063
70-79,0.36,0.723,0.0,0.5069978372719737,0.11626249450740685,0.01395034680488677,0.0798499921373465,0.0786145418861075,0.1055887940701955,0.026974252184088,0.0736350057447406,0.08654312503248589,-0.12891993567140259,-0.08472468969088554,0.04419524598051705
70-79,0.36,0.712,0.03,0.4359004447603925,0.10043108398429713,0.014135800450841174,0.0771096492826418,0.0786145418861075,0.10688614278778985,0.028271600901682348,0.035632153674744704,0.05832431085023151,-0.12891993567140259,-0.08270187635514903,0.04621805931625356
70-79,0.36,0.705,0.06,0.35375455792155114,0.07697134998083477,0.014784474809638348,0.06416840450981633,0.0786145418861075,0.1081834915053842,0.029568949619276697,0.02932317296434544,0.026953066596086473,-0.12891993567140259,-0.08067906301941208,0.04824087265199051
70-79,0.36,0.701,0.09,0.28083968445458607,0.05073335463265715,0.01543314916843569,0.045011832805198826,0.0786145418861075,0.10948084022297888,0.03086629833687138,0.029889904811036348,0.019001831294678546,-0.12891993567140259,-0.0786562496836758,0.05026368598772679
70-79,0.36,0.708,0.12,0.23409115848748407,0.03180721085287596,0.016081823527232808,0.026341640440224374,0.0786145418861075,0.11077818894057312,0.032163647054465616,0.030268901691551574,0.02591743933529233,-0.12891993567140259,-0.07663343634793895,0.05228649932346363
70-79,0.36,0.703,0.15,0.21907486477218927,0.021917126218610944,0.01673049788603015,0.023552412379015897,0.0786145418861075,0.1120755376581678,0.0334609957720603,0.030662785418366898,0.02986198902104938,-0.12891993567140259,-0.07461062301220223,0.05430931265920036
70-79,0.36,0.693,0.18,0.2616849288845883,0.03371166999619444,0.017379172244827268,0.034237322734104625,0.0786145418861075,0.11337288637576204,0.034758344489654536,0.031626166723598255,0.034470823771463634,-0.12891993567140259,-0.07258780967646539,0.0563321259949372
70-79,0.36,0.693,0.21,0.346515484183444,0.06127969534378594,0.01802784660362461,0.05737393949832309,0.0786145418861075,0.11467023509335672,0.03605569320724922,0.03203466293625152,0.03707867743334295,-0.12891993567140259,-0.07056499634072877,0.058354939330673816
70-79,0.36,0.692,0.24,0.43464176675867994,0.08859754373342114,0.018676520962421783,0.08381574726651957,0.0786145418861075,0.11596758381095107,0.037353041924843566,0.03207210048374204,0.04058842378975158,-0.12891993567140259,-0.06854218300499204,0.060377752666410545
80-89,0.36,0.859,0.0,0.7099338093980745,0.19967499701714775,0.01155492558331922,0.1581916614957711,0.0865611292410422,0.10967098040768064,0.02310985116663844,0.04010735593379349,0.044846077943899554,-0.21020642647712207,-0.09270897070403727,0.11749745577308479
80-89,0.36,0.856,0.03,0.6621241664607078,0.18401330487497686,0.011930947687915194,0.1555968093995769,0.0865611292410422,0.11042302461687259,0.02386189537583039,0.022561028345356976,0.03413766948328632,-0.21020642647712207,-0.09008124688295083,0.12012517959417124
80-89,0.36,0.854,0.06,0.5832623565044017,0.15998250900088912,0.01230696979251139,0.1433206475347391,0.0865611292410422,0.11117506882606498,0.02461393958502278,0.015792403236999757,0.010067259654002127,-0.21020642647712207,-0.08745352306186371,0.12275290341525835
80-89,0.36,0.858,0.09,0.5162857287228477,0.13410491073774433,0.012682991897107365,0.12348949977060698,0.0865611292410422,0.11192711303525693,0.02536598379421473,0.015537052487521576,0.012499697388347778,-0.21020642647712207,-0.08482579924077693,0.12538062723634513
80-89,0.36,0.868,0.12,0.4499278338388589,0.10773618436551158,0.013059014001703395,0.1004918539309781,0.0865611292410422,0.11267915724444899,0.02611802800340679,0.01624192106864211,0.020648638490611142,-0.21020642647712207,-0.08219807541969038,0.1280083510574317
80-89,0.36,0.852,0.15,0.37918877366486425,0.08140325973007258,0.01343503610629937,0.07618457791573478,0.0865611292410422,0.11343120145364094,0.02687007221259874,0.016822603841260737,0.024689518681237286,-0.21020642647712207,-0.07957035159860293,0.13063607487851914
80-89,0.36,0.848,0.18,0.3174718324090947,0.0605164453930387,0.0143208301732618,0.0510165578244647,0.0865611292410422,0.11418324566283333,0.027622116421791132,0.01731473361042556,0.02608423217110996,-0.21020642647712207,-0.07694262777751604,0.13326379869960603
80-89,0.36,0.849,0.21,0.27979254787256,0.045417064453043596,0.01418708031549154,0.041069726189415866,0.0865611292410422,0.11493528987202528,0.02837416063098308,0.017770762504743586,0.02654393200208354,-0.21020642647712207,-0.07431490395642892,0.13589152252069314
80-89,0.36,0.849,0.24,0.2750868486581134,0.04267147878494681,0.014563102420087515,0.03618168817430695,0.0865611292410422,0.11568733408121723,0.02912620484017503,0.017849369736772237,0.030172122586075517,-0.21020642647712207,-0.07168718013534237,0.1385192463417797
20-29,0.37,0.558,0.0,0.46180756881149787,0.08729583812775919,0.019093599493046454,0.05741666448266702,0.04374684900583592,0.08193404799192883,0.03818719898609291,0.06957154590779194,0.10494799780770668,-0.06449539092603063,-0.05753195170459968,0.006963439221430945
20-29,0.37,0.55,0.03,0.3626077243000284,0.06992010646108732,0.019026716187087234,0.052811957546401604,0.04374684900583592,0.08180028138001039,0.03805343237417447,0.02471032172999774,0.05518411235746843,-0.06449539092603063,-0.05628734462271645,0.008208046303314176
20-29,0.37,0.54,0.06,0.2665757299349477,0.04650734814154475,0.018959832881128014,0.03635326757053004,0.04374684900583592,0.08166651476809195,0.03791966576225603,0.01649848477891225,0.01711515074507278,-0.06449539092603063,-0.05504273754083311,0.009452653385197518
20-29,0.37,0.548,0.09,0.20855624809092985,0.025979397956583397,0.018892949575168794,0.018732570720080305,0.04374684900583592,0.0815327481561735,0.03778589915033759,0.017509997144488615,0.017437160423540606,-0.06449539092603063,-0.05379813045894977,0.01069726046708086
20-29,0.37,0.541,0.12,0.2072663510481373,0.0226020942236912,0.018826066269209463,0.02036220365029438,0.04374684900583592,0.08139898154425484,0.037652132538418925,0.018477012745571175,0.022026117433569484,-0.06449539092603063,-0.052553523377066536,0.011941867548964091
20-29,0.37,0.531,0.15,0.2668592143636531,0.040455140664940964,0.018759182963250298,0.03880068683732569,0.04374684900583592,0.08126521493233652,0.037518365926500596,0.01885205559083676,0.029160669285084744,-0.06449539092603063,-0.051308916295183304,0.013186474630847322
20-29,0.37,0.531,0.18,0.35540284495838803,0.0684831608417556,0.018692299657291023,0.06614672169488173,0.04374684900583592,0.08113144832041796,0.037384599314582045,0.019063053270659443,0.035995608763648636,-0.06449539092603063,-0.05006430921329974,0.014431081712730887
20-29,0.37,0.531,0.21,0.43889632650853566,0.09699936918596835,0.018458476439518423,0.09351530881176762,0.04374684900583592,0.08066380188487277,0.036916952879036846,0.01924058211177613,0.03608640025578259,-0.06449539092603063,-0.048710073166047474,0.015785317759983153
20-29,0.37,0.533,0.24,0.5241008566720733,0.12596867126703154,0.017993528722763552,0.12166341739725837,0.04374684900583592,0.07973390645136302,0.035987057445527104,0.019437077969694922,0.037351667159179376,-0.06449539092603063,-0.045268850726276844,0.019226540199753783
30-39,0.37,0.599,0.0,0.49078566947647084,0.10105834097613092,0.013941485103861617,0.07157499212724767,0.0573742659002322,0.08525723610795544,0.027882970207723234,0.09018647348688158,0.10360356095995531,-0.10704012899392612,-0.06444341975238854,0.04259670924153758
30-39,0.37,0.581,0.03,0.39149263041679216,0.08482997938434642,0.01381659404634683,0.0679384222201565,0.0573742659002322,0.08500745399292586,0.02763318809269366,0.039486706623875295,0.05336985249921357,-0.10704012899392612,-0.06214435913987015,0.04489576985405597
30-39,0.37,0.577,0.06,0.29517337060102217,0.06068581549994029,0.013691702988831989,0.0522867400174298,0.0573742659002322,0.08475767187789618,0.027383405977663977,0.02605379051117126,0.019385571704654086,-0.10704012899392612,-0.05984529852735154,0.04719483046657458
30-39,0.37,0.59,0.09,0.23214381928861572,0.03536276374359897,0.013566811931317313,0.030480105988427153,0.0573742659002322,0.08450788976286683,0.027133623862634626,0.025573423705088808,0.0325028394703587,-0.10704012899392612,-0.05754623791483293,0.04949389107909319
30-39,0.37,0.588,0.12,0.19767255473563305,0.019808340132417245,0.013441920873802526,0.01919128724903819,0.0573742659002322,0.08425810764783725,0.026883841747605053,0.025984610830258704,0.043030024854550576,-0.10704012899392612,-0.05524717730231443,0.05179295169161169
30-39,0.37,0.578,0.15,0.22332560494306256,0.02561540385454376,0.013317029816287684,0.025756935819807886,0.0573742659002322,0.08400832553280757,0.02663405963257537,0.026728262195660945,0.05273139779010393,-0.10704012899392612,-0.05294811668979571,0.05409201230413041
30-39,0.37,0.577,0.18,0.3079909336818999,0.052084811278485174,0.013192138758772953,0.052462500597896596,0.0573742659002322,0.08375854341777811,0.026384277517545907,0.02688494002225034,0.05955431964547716,-0.10704012899392612,-0.05064905607727721,0.05639107291664891
30-39,0.37,0.575,0.21,0.38908301363994025,0.0789680407635477,0.013067247701258167,0.07894549436899315,0.0573742659002322,0.08350876130274854,0.026134495402516333,0.027269030052423905,0.06065453750373184,-0.10704012899392612,-0.04834999546475849,0.05869013352916763
30-39,0.37,0.576,0.24,0.472586023586462,0.10687664388467968,0.012717189939020546,0.10625195738164346,0.0573742659002322,0.0828086457782733,0.02543437987804109,0.027092434368288097,0.06319401851492673,-0.10704012899392612,-0.04569649806993892,0.0613436309239872
40-49,0.37,0.578,0.0,0.36976904087910223,0.0811583372759174,0.009885304074375545,0.05279999288868307,0.06726351403210296,0.08703412218085405,0.01977060814875109,0.0689245964805018,0.07506962567711166,-0.08152539216243793,-0.06322126618545176,0.018304125976986163
40-49,0.37,0.563,0.03,0.28335873604933814,0.06518553278059094,0.009526119165993052,0.049650304912586506,0.06726351403210296,0.08631575236408906,0.019052238331986104,0.029192464781172534,0.03634015121368963,-0.08152539216243793,-0.06420817304740611,0.017317219115031812
40-49,0.37,0.561,0.06,0.20171461256112447,0.04135901278993117,0.00916693425761056,0.03492991360229033,0.06726351403210296,0.08559738254732407,0.01833386851522112,0.021142374511865947,0.019215070018808022,-0.08152539216243793,-0.06519507990936013,0.016330312253077794
40-49,0.37,0.569,0.09,0.14920801114598214,0.02260941477771254,0.008807749349228067,0.017334355320509698,0.06726351403210296,0.08487901273055909,0.017615498698456133,0.02081826121461634,0.026084464292786543,-0.08152539216243793,-0.06618198677131437,0.015343405391123555
40-49,0.37,0.559,0.12,0.15327051769224806,0.01970949501612589,0.010004940978105503,0.019543228080625242,0.06726351403210296,0.0841606429137941,0.016897128881691148,0.02171174797200813,0.03474554832197509,-0.08152539216243793,-0.0671688936332685,0.014356498529169426
40-49,0.37,0.562,0.15,0.22174512226719909,0.04312524221457344,0.00808937953246297,0.04092667606953707,0.06726351403210296,0.0834422730970289,0.01617875906492594,0.022825424421026634,0.04170209926189358,-0.08152539216243793,-0.06815580049522263,0.013369591667215297
40-49,0.37,0.56,0.18,0.30359537175191337,0.07015715090087833,0.00937500339028352,0.06692466431331176,0.06726351403210296,0.08272390328026402,0.015460389248161066,0.022860446189871254,0.042879634751606506,-0.08152539216243793,-0.06914270735717687,0.012382684805261057
40-49,0.37,0.56,0.21,0.38721390484200247,0.09759123392468189,0.009556024221272885,0.09461147468909838,0.06726351403210296,0.08199751271329947,0.014733998681196514,0.023285188425262934,0.045797837066857784,-0.08152539216243793,-0.070129614219131,0.011395777943306928
40-49,0.37,0.565,0.24,0.46976362056024223,0.12669749379146464,0.00674877030562121,0.12411047231559606,0.06726351403210296,0.08076105464334538,0.01349754061124242,0.023643180835073756,0.04957382315854301,-0.08152539216243793,-0.07047106799625602,0.011054324166181906
50-59,0.37,0.609,0.0,0.3553849956922268,0.07679500161410449,0.013180213761614545,0.04713334172525977,0.06460245427369793,0.09096288179692702,0.02636042752322909,0.04600434762063256,0.06247594004964882,-0.08676449919114704,-0.0638795419050755,0.02288495728607154
50-59,0.37,0.606,0.03,0.28479626708242833,0.060445149884574764,0.012893800341435113,0.042165709153942056,0.06460245427369793,0.09039005495656816,0.025787600682870226,0.020717142660125715,0.03829574795843491,-0.08676449919114704,-0.06557620394379882,0.02118829524734822
50-59,0.37,0.6,0.06,0.201942409012437,0.036168722230977314,0.012607386921255626,0.027807456261916923,0.06460245427369793,0.08981722811620918,0.02521477384251125,0.016876018487783206,0.017123025619978655,-0.08676449919114704,-0.06727286598252258,0.01949163320862446
50-59,0.37,0.599,0.09,0.15281533740445108,0.018227919929334913,0.012320973501076193,0.01406370980960897,0.06460245427369793,0.08924440127585032,0.024641947002152387,0.01727425830535136,0.020378766379418958,-0.08676449919114704,-0.06896952802124612,0.01779497116990092
50-59,0.37,0.589,0.12,0.1616410362002008,0.018929286610608314,0.01203456008089665,0.020112656900335747,0.06460245427369793,0.08867157443549123,0.0240691201617933,0.016697305171793457,0.025452287632769906,-0.08676449919114704,-0.07066619005996955,0.01609830913117749
50-59,0.37,0.588,0.15,0.2445087672321987,0.04610915111982988,0.013068046098954234,0.04575168188116968,0.06460245427369793,0.08809874759513225,0.023496293321434325,0.01716974082506782,0.028299762779926404,-0.08676449919114704,-0.07236285209869342,0.014401647092453618
50-59,0.37,0.589,0.18,0.3233463077648262,0.07359560470757337,0.01238584387152003,0.07110103287249148,0.06460245427369793,0.08752592075477361,0.022923466481075683,0.017720045146669368,0.029865567913639222,-0.08676449919114704,-0.07405951413741707,0.012704985053729967
50-59,0.37,0.589,0.21,0.4042230585669004,0.10066159239952777,0.012703641644085661,0.09778599180876472,0.06460245427369793,0.08695309391441464,0.022350639640716707,0.018330302779823376,0.030784116327749366,-0.08676449919114704,-0.07575617617614039,0.011008323015006649
50-59,0.37,0.59,0.24,0.4834618960174242,0.1285736962390607,0.011804954746216012,0.1248681520393126,0.06460245427369793,0.08598996653240187,0.021387512258703945,0.018579558659989764,0.03117021105866949,-0.08676449919114704,-0.07718857972653403,0.009575919464613003
60-69,0.37,0.655,0.0,0.5574686639016394,0.13166249503832683,0.013879419965113271,0.09466667708338988,0.07344799848794936,0.1012068384181759,0.027758839930226542,0.07209715667070372,0.09197390934390036,-0.1256311610215025,-0.08094529459094613,0.04468586643055639
60-69,0.37,0.644,0.03,0.48335309312112673,0.11474440651930787,0.01385015930601552,0.09020035532615389,0.07344799848794936,0.1011483170999804,0.02770031861203104,0.03590543134401811,0.0694665387074957,-0.1256311610215025,-0.08358976415096975,0.042041396870532766
60-69,0.37,0.646,0.06,0.38039798670786495,0.08989393352444948,0.013820898646917656,0.07610344912253279,0.07344799848794936,0.10108979578178467,0.027641797293835313,0.02594609797252756,0.025011997121381562,-0.1256311610215025,-0.08623423371099315,0.039396927310509366
60-69,0.37,0.645,0.09,0.29536880859735576,0.06325286014350406,0.01379163798781985,0.055337536326173796,0.07344799848794936,0.10103127446358906,0.0275832759756397,0.024681977230359784,0.012328828005937915,-0.1256311610215025,-0.08887870327101688,0.036752457750485634
60-69,0.37,0.644,0.12,0.22655057282024063,0.0369903930611995,0.013762377328721986,0.03066964930886462,0.07344799848794936,0.10097275314539333,0.027524754657443973,0.025999999999999975,0.023731835158706097,-0.1256311610215025,-0.09152317283104039,0.034107988190462124
60-69,0.37,0.644,0.15,0.19054339379173954,0.022387116546331222,0.013733116669624179,0.019301342539787547,0.07344799848794936,0.10091423182719772,0.027466233339248358,0.025930676813380685,0.03098386676965931,-0.1256311610215025,-0.0941676423910639,0.031463518630438614
60-69,0.37,0.635,0.18,0.21111926899703273,0.027145526065297843,0.013703856010526372,0.026758307310535995,0.07344799848794936,0.1008557105090021,0.027407712021052744,0.026555602045519485,0.0364856136031724,-0.1256311610215025,-0.09681211195108741,0.028819049070415104
60-69,0.37,0.636,0.21,0.28877623454621915,0.052537224856277154,0.013674595351428509,0.05231146807134762,0.07344799848794936,0.10079718919080638,0.027349190702857018,0.026810445725500325,0.039191835884530825,-0.1256311610215025,-0.09945658151111103,0.026174579510391482
60-69,0.37,0.637,0.24,0.3725293906275381,0.08068056195168519,0.013644574692330713,0.079241173401708,0.07344799848794936,0.10073714787261079,0.027289149384661426,0.027107194616927784,0.04083136049655948,-0.1256311610215025,-0.10210105107113487,0.02353010995036764
70-79,0.37,0.722,0.0,0.5114953965468795,0.1156874945282402,0.01505195397848319,0.07801665880901315,0.0786145418861075,0.10852181612770095,0.02990727424159345,0.0736350057447406,0.08654312503248589,-0.12891993567140259,-0.08707815329341051,0.041841782377992076
70-79,0.37,0.716,0.03,0.44328232389866107,0.10003987546593911,0.0156023114795939,0.0755516506417754,0.0786145418861075,0.1098191648452953,0.0312046229591878,0.037331900650000055,0.05920660559201567,-0.12891993567140259,-0.08505533995767345,0.04386459571372914
70-79,0.37,0.713,0.06,0.36020834316724315,0.07670186878261936,0.01625098583839113,0.0627586067436618,0.0786145418861075,0.11111651356288976,0.03250197167678226,0.029220843357359524,0.02727707984926622,-0.12891993567140259,-0.08303252662193694,0.045887409049465644
70-79,0.37,0.699,0.09,0.2878829461802934,0.050836281923341886,0.01689966019718836,0.04392362234345898,0.0786145418861075,0.11241386228048422,0.03379932039437672,0.029889904811036348,0.018621721073602302,-0.12891993567140259,-0.0810097132862001,0.04791022238520248
70-79,0.37,0.706,0.12,0.24187516936327685,0.03231697449125266,0.017548334555985534,0.026017523719206403,0.0786145418861075,0.11371121099807857,0.03509666911197107,0.0301098256787249,0.024527356741406176,-0.12891993567140259,-0.07898689995046326,0.04993303572093932
70-79,0.37,0.701,0.15,0.22809002548553414,0.022324010000715756,0.018197008914782986,0.023804996724856736,0.0786145418861075,0.11500855971567348,0.03639401782956597,0.030662785418366898,0.02951280039626083,-0.12891993567140259,-0.07696408661472698,0.05195584905667561
70-79,0.37,0.691,0.18,0.2695766350717857,0.03391820130721727,0.018845683273580105,0.034448764932356414,0.0786145418861075,0.11630590843326771,0.03769136654716021,0.03146767264398232,0.033318487951226404,-0.12891993567140259,-0.07494127327899003,0.05397866239241256
70-79,0.37,0.686,0.21,0.35560996554314994,0.06078566294046728,0.021024390944169358,0.05618571876919757,0.0786145418861075,0.11760325715086195,0.03898871526475445,0.03203466293625152,0.03707867743334295,-0.12891993567140259,-0.07291845994325341,0.056001475728149175
70-79,0.37,0.69,0.24,0.4439199611803622,0.08887872407675798,0.020143031991174565,0.08433959950338792,0.0786145418861075,0.11890060586845663,0.04028606398234913,0.03203466293625152,0.04058842378975158,-0.12891993567140259,-0.0708956466075168,0.05802428906388579
80-89,0.37,0.868,0.0,0.715529245525492,0.19914166371464775,0.013078133644537027,0.15635832815743778,0.0865611292410422,0.11271739653011625,0.026156267289074053,0.04010735593379349,0.044846077943899554,-0.21020642647712207,-0.09528421989026115,0.11492220658686092
80-89,0.37,0.869,0.03,0.6693800620350858,0.18368511300343243,0.013454155749133001,0.15390755482766463,0.0865611292410422,0.1134694407393082,0.026908311498266002,0.023173260452512955,0.035204311836686444,-0.21020642647712207,-0.09265649606917414,0.11754993040794792
80-89,0.37,0.872,0.06,0.5907986467265938,0.1597460676655589,0.013830177853729086,0.14183891597285078,0.0865611292410422,0.11422148494850037,0.027660355707458173,0.015549919613940146,0.011556206581362482,-0.21020642647712207,-0.09002877224808736,0.1201776542290347
80-89,0.37,0.846,0.09,0.5229769452011692,0.13408887020378807,0.014206199958325061,0.1223803713291986,0.0865611292410422,0.11497352915769232,0.028412399916650122,0.015511286213593004,0.011632861460156194,-0.21020642647712207,-0.08740104842699992,0.12280537805012215
80-89,0.37,0.85,0.12,0.45648271408697355,0.10752582690324472,0.014582222062921146,0.09975801269383804,0.0865611292410422,0.1157255733668845,0.029164444125842293,0.016043690348545137,0.019732792756059242,-0.21020642647712207,-0.08477332460591336,0.1254331018712087
80-89,0.37,0.845,0.15,0.3857307130625536,0.08128497645039622,0.01495824416751712,0.07526659331303408,0.0865611292410422,0.11647761757607644,0.02991648833503424,0.016822603841260737,0.023624257999893414,-0.21020642647712207,-0.08214560078482624,0.12806082569229582
80-89,0.37,0.846,0.18,0.3242540931970136,0.060809129742920034,0.015334266272113373,0.0506049363077142,0.0865611292410422,0.11722966178526895,0.030668532544226745,0.0172336879396141,0.024981757896835176,-0.21020642647712207,-0.07951787696373946,0.1306885495133826
80-89,0.37,0.846,0.21,0.28835799095170256,0.04552879059692931,0.01571028837670929,0.04084803999100867,0.0865611292410422,0.11798170599446078,0.03142057675341858,0.017770762504743586,0.026634919894120368,-0.21020642647712207,-0.07689015314265224,0.13331627333446983
80-89,0.37,0.845,0.24,0.28292388975528926,0.042931954171011796,0.016086310481305377,0.03558725714598254,0.0865611292410422,0.11873375020365295,0.032172620962610754,0.017770762504743586,0.029444641117586563,-0.21020642647712207,-0.07426242932156535,0.13594399715555672
20-29,0.38,0.557,0.0,0.46569546841018994,0.08678750479942587,0.020200816357802298,0.05606665895290019,0.04374684900583592,0.08414848172144052,0.040401632715604596,0.06957154590779194,0.10494799780770668,-0.06449539092603063,-0.0590868693182377,0.005408521607792927
20-29,0.38,0.549,0.03,0.36801301062803626,0.06956431822342932,0.020133933051843078,0.051600414761505294,0.04374684900583592,0.08401471510952208,0.040267866103686156,0.0253495562091331,0.05618973444217101,-0.06449539092603063,-0.05784226223635425,0.00665312868967638
20-29,0.38,0.548,0.06,0.2728129988153609,0.046754308278352294,0.020067049745883803,0.035696794771122746,0.04374684900583592,0.08388094849760352,0.040134099491767605,0.01651060265405231,0.017300738323086356,-0.06449539092603063,-0.056597655154471016,0.00789773577155961
20-29,0.38,0.547,0.09,0.21546214367427427,0.026833833880692208,0.020000166439924527,0.018317503453168515,0.04374684900583592,0.08374718188568497,0.040000332879849054,0.017567014544310013,0.016542507779544514,-0.06449539092603063,-0.05535304807258756,0.009142342853443064
20-29,0.38,0.54,0.12,0.21377579117004664,0.02303113090949046,0.019933283133965307,0.020473964838563518,0.04374684900583592,0.08361341527376653,0.039866566267930614,0.018324846520503237,0.021174273286169547,-0.06449539092603063,-0.05410844099070433,0.010386949935326295
20-29,0.38,0.53,0.15,0.27289191276682245,0.040765763832724275,0.01986639982800603,0.03917594192661192,0.04374684900583592,0.08347964866184798,0.03973279965601206,0.01891560202584099,0.027493805252670627,-0.06449539092603063,-0.0528638339088211,0.011631557017209526
20-29,0.38,0.529,0.18,0.3615309428868072,0.06871728006049008,0.019799516522046867,0.0664181127529858,0.04374684900583592,0.08334588204992965,0.039599033044093734,0.019063053270659443,0.03484080429394271,-0.06449539092603063,-0.05161922682693765,0.01287616409909298
20-29,0.38,0.53,0.21,0.4464315300177736,0.09720862139156461,0.019561476901561736,0.09412244518478967,0.04374684900583592,0.08286980280895939,0.03912295380312347,0.019302849530574488,0.036417417308487784,-0.06449539092603063,-0.050261419350705716,0.01423397157532491
20-29,0.38,0.527,0.24,0.5283900149635354,0.12544131427136135,0.019341479820370544,0.12041394844813214,0.04374684900583592,0.08185831547324318,0.03811146646740726,0.019437077969694922,0.037351667159179376,-0.06449539092603063,-0.046674366754458796,0.01782102417157183
30-39,0.38,0.598,0.0,0.4947296565932487,0.10052500765363093,0.015093609916131345,0.07010832552724762,0.0573742659002322,0.08756148573249489,0.03018721983226269,0.09018647348688158,0.10360356095995531,-0.10704012899392612,-0.06618513379975044,0.04085499519417568
30-39,0.38,0.595,0.03,0.39634675063128094,0.08450360557711065,0.014968718858616503,0.06668966004012768,0.0573742659002322,0.08731170361746521,0.029937437717233006,0.03974921382870355,0.05356592722561018,-0.10704012899392612,-0.06388607318723183,0.04315405580669429
30-39,0.38,0.585,0.06,0.3006403646213667,0.060356046170296176,0.014843827801101717,0.05121297683313333,0.0573742659002322,0.08706192150243564,0.029687655602203433,0.02651791847034751,0.02004012040140506,-0.10704012899392612,-0.06158701257471333,0.04545311641921279
30-39,0.38,0.588,0.09,0.2380843390675436,0.03563502387871645,0.01471893674358693,0.029704827135041783,0.0573742659002322,0.08681213938740606,0.02943787348717386,0.02563591231066291,0.03205312440037738,-0.10704012899392612,-0.05928795196219483,0.04775217703173129
30-39,0.38,0.587,0.12,0.20391085186688115,0.02019839384310784,0.014594045686072143,0.019211247024745266,0.0573742659002322,0.08656235727237649,0.029188091372144287,0.02599230655405553,0.04163944046852953,-0.10704012899392612,-0.05698889134967633,0.05005123764424979
30-39,0.38,0.576,0.15,0.22978858556879844,0.026011448343677003,0.014469154628557301,0.025758658046495308,0.0573742659002322,0.0863125751573468,0.028938309257114603,0.026290682760247933,0.05194558282571893,-0.10704012899392612,-0.0546898307371575,0.052350298256768624
30-39,0.38,0.575,0.18,0.31463768987885443,0.052196879231174845,0.01434426357104257,0.05250947545977286,0.0573742659002322,0.08606279304231734,0.02868852714208514,0.02688494002225034,0.05941875306937269,-0.10704012899392612,-0.052390770124638886,0.054649358869287235
30-39,0.38,0.574,0.21,0.3970031010306053,0.07946511564070202,0.01421937251352784,0.07943401595224099,0.0573742659002322,0.08581301092728788,0.02843874502705568,0.027269030052423905,0.06060133175883993,-0.10704012899392612,-0.0500917095121205,0.05694841948180562
30-39,0.38,0.574,0.24,0.4795210070119249,0.10701759861659435,0.01386109469186736,0.10660669569898647,0.0573742659002322,0.08509645528396692,0.02772218938373472,0.027210292170426947,0.06293827477641681,-0.10704012899392612,-0.04742535394984804,0.05961477504407808
40-49,0.38,0.578,0.0,0.3743435221235347,0.08064167060341738,0.011367186546983488,0.05116666610545754,0.06726351403210296,0.08938639575330976,0.0221228817212068,0.0689245964805018,0.07506962567711166,-0.08152539216243793,-0.064929949055329,0.01659544310710892
40-49,0.38,0.566,0.03,0.28865145307881007,0.06479947432918026,0.01070225595222074,0.04839265558573036,0.06726351403210296,0.08866802593654444,0.02140451190444148,0.029267729669381577,0.037213752300553626,-0.08152539216243793,-0.06591685591728313,0.015608536245154792
40-49,0.38,0.56,0.06,0.20733695329845786,0.0412405889523567,0.010343071043838303,0.033909356149863255,0.06726351403210296,0.08794965611977956,0.020686142087676607,0.021517434791349987,0.01929849098583492,-0.08152539216243793,-0.06690376277923715,0.014621629383200774
40-49,0.38,0.568,0.09,0.1560518637942013,0.022942225907018148,0.009983886135455755,0.01734988750801794,0.06726351403210296,0.08723128630301447,0.01996777227091151,0.02081826121461634,0.025461861895723616,-0.08152539216243793,-0.06789066964119128,0.013634722521246645
40-49,0.38,0.558,0.12,0.15714986126943406,0.019940761744712904,0.009624701227073318,0.01958075694227975,0.06726351403210296,0.08651291648624959,0.019249402454146636,0.02161018278497429,0.03462977089063778,-0.08152539216243793,-0.06887757650314552,0.012647815659292405
40-49,0.38,0.56,0.15,0.22814421762965895,0.04303830070403265,0.009265516318690714,0.041218639278450986,0.06726351403210296,0.08579454666948438,0.018531032637381428,0.022825424421026634,0.04123725282820069,-0.08152539216243793,-0.06986448336509976,0.011660908797338165
40-49,0.38,0.558,0.18,0.3088493891064962,0.07011086938724678,0.00974300068955064,0.0671653586687816,0.06726351403210296,0.0850761768527194,0.017812662820616443,0.023017384734152553,0.042898362389286016,-0.08152539216243793,-0.07085139022705389,0.010674001935384037
40-49,0.38,0.558,0.21,0.3921396415548961,0.0975133676216043,0.009921367889255073,0.09488014171554698,0.06726351403210296,0.08434447902318498,0.017080964991082026,0.023285188425262934,0.04555164113930317,-0.08152539216243793,-0.07183829708900802,0.009687095073429908
40-49,0.38,0.558,0.24,0.47400459368906606,0.12494235146539344,0.00970148406256377,0.1226952437210256,0.06726351403210296,0.08304047887547306,0.0157769648433701,0.023456342425877037,0.04850841129859888,-0.08152539216243793,-0.07209231400844529,0.009433078153992636
50-59,0.38,0.608,0.0,0.36049873391677717,0.07628833494327117,0.014409441894005504,0.046316663023516634,0.06460245427369793,0.09342133806170894,0.028818883788011007,0.04600434762063256,0.06247594004964882,-0.08676449919114704,-0.06560601601061788,0.021158483180529153
50-59,0.38,0.605,0.03,0.29079142019034465,0.06007301682660725,0.014123028473826016,0.04089398739919137,0.06460245427369793,0.09284851122134996,0.028246056947652032,0.021372880011828094,0.039281777338156444,-0.08676449919114704,-0.06730267804934165,0.01946182114180539
50-59,0.38,0.599,0.06,0.20720650119279369,0.0358930496922706,0.013836615053646584,0.0267684999097218,0.06460245427369793,0.0922756843809911,0.027673230107293167,0.016697305171793457,0.017123025619978655,-0.08676449919114704,-0.06899934008806519,0.01776515910308185
50-59,0.38,0.602,0.09,0.160316290718828,0.018568662819187426,0.013550201633467096,0.01364888005657705,0.06460245427369793,0.09170285754063212,0.027100403266934192,0.01727425830535136,0.02076616240574431,-0.08676449919114704,-0.07069600212678862,0.016068497064358422
50-59,0.38,0.586,0.12,0.16926214476711787,0.019179801933835477,0.013263788213287608,0.020188120673486465,0.06460245427369793,0.09113003070027315,0.026527576426575217,0.01680476123008002,0.025515135433048147,-0.08676449919114704,-0.07239266416551227,0.014371835025634772
50-59,0.38,0.586,0.15,0.24931205355826483,0.04629834837363869,0.01332484120304317,0.046216740457975185,0.06460245427369793,0.09055720385991428,0.025954749586216352,0.01716974082506782,0.026914361486975284,-0.08676449919114704,-0.0740893262042357,0.012675172986911343
50-59,0.38,0.587,0.18,0.32941925809385986,0.07387170866473497,0.012690961372928744,0.07159422699840785,0.06460245427369793,0.08998437701955542,0.025381922745857488,0.017584083712266628,0.029865567913639222,-0.08676449919114704,-0.07578598824295968,0.010978510948187359
50-59,0.38,0.588,0.21,0.4092217674873905,0.10106214449416223,0.0124045479527492,0.09839283598013676,0.06460245427369793,0.08941155017919633,0.0248090959054984,0.018165902124584965,0.030498588683700784,-0.08676449919114704,-0.07748265028168322,0.009281848909463819
50-59,0.38,0.588,0.24,0.4886709211653887,0.12866180800470112,0.012052099324342147,0.12495385863161228,0.06460245427369793,0.0884308796358374,0.02382842536213947,0.018579558659989764,0.03117021105866949,-0.08676449919114704,-0.0789046610814913,0.007859838109655737
60-69,0.38,0.659,0.0,0.5622691542418147,0.13112082838082684,0.016009479001305227,0.09136667041784015,0.07344799848794936,0.10394215837542398,0.030494159887474614,0.07209715667070372,0.09197390934390036,-0.1256311610215025,-0.0831330052555661,0.04249815576593641
60-69,0.38,0.652,0.03,0.49054469118882055,0.11429159676253008,0.0152178192846395,0.08858372859849707,0.07344799848794936,0.10388363705722836,0.030435638569279,0.036883600691906396,0.07155417527999325,-0.1256311610215025,-0.08577747481558984,0.039853686205912675
60-69,0.38,0.654,0.06,0.38728945285448113,0.08956539624410637,0.015188558625541637,0.07501113481364795,0.07344799848794936,0.10382511573903264,0.030377117251083274,0.02594609797252756,0.026321094202179356,-0.1256311610215025,-0.08842194437561335,0.037209216645889165
60-69,0.38,0.643,0.09,0.3007266489647394,0.06305827709296093,0.015159297966443774,0.054440097700845604,0.07344799848794936,0.10376659442083691,0.03031859593288755,0.02471436829053089,0.010954451150103291,-0.1256311610215025,-0.09106641393563686,0.034564747085865655
60-69,0.38,0.641,0.12,0.23529908332142224,0.03763734053345807,0.015130037307346023,0.030002339774494385,0.07344799848794936,0.10370807310264141,0.030260074614692045,0.025830214865540678,0.02446221576227303,-0.1256311610215025,-0.09371088349566059,0.03192027752584192
60-69,0.38,0.642,0.15,0.19941300168049422,0.022961453097075837,0.01510077664824816,0.019217137557199688,0.07344799848794936,0.10364955178444568,0.03020155329649632,0.025760434778939557,0.031292171544972686,-0.1256311610215025,-0.0963553530556841,0.029275807965818412
60-69,0.38,0.633,0.18,0.21842270411277476,0.02726899712237954,0.015071515989150353,0.02695684596349075,0.07344799848794936,0.10359103046625007,0.030143031978300705,0.026555602045519485,0.03541750979388583,-0.1256311610215025,-0.09899982261570772,0.02663133840579479
60-69,0.38,0.629,0.21,0.2969589573695016,0.05194943022844602,0.016465508797930795,0.05134846348524722,0.07344799848794936,0.10353250914805456,0.0300845106601052,0.026472627372438853,0.03917141815150427,-0.1256311610215025,-0.10164429217573134,0.02398686884577117
60-69,0.38,0.63,0.24,0.3791832952184633,0.0801949640379539,0.015815038482851873,0.07798868066916213,0.07344799848794936,0.10346590782849074,0.030017909340541382,0.027217641337926375,0.04025916044827559,-0.1256311610215025,-0.10428876173575485,0.02134239928574766
70-79,0.38,0.721,0.0,0.5170594583816868,0.11511249454907352,0.016420148149549396,0.07671665404564158,0.0786145418861075,0.1114548381852063,0.03284029629909879,0.0736350057447406,0.08654312503248589,-0.12891993567140259,-0.08943161689593448,0.0394883187754681
70-79,0.38,0.714,0.03,0.45169407712555226,0.0995650914294181,0.017068822508346626,0.07392916979831309,0.0786145418861075,0.11275218690280076,0.03413764501669325,0.0382161066324328,0.06231460409907429,-0.12891993567140259,-0.08740880356019831,0.041511132111204274
70-79,0.38,0.707,0.06,0.36722031639128894,0.07647706879819044,0.0177174968671438,0.06138933426768789,0.0786145418861075,0.1140495356203951,0.0354349937342876,0.029377843462639365,0.027999273641736527,-0.12891993567140259,-0.08538599022446147,0.043533945446941114
70-79,0.38,0.697,0.09,0.29516913685231716,0.051054528303042565,0.018366171225941197,0.042690610496881665,0.0786145418861075,0.1153468843379899,0.036732342451882394,0.029889904811036348,0.01845106705668743,-0.12891993567140259,-0.08336317688872485,0.04555675878267773
70-79,0.38,0.704,0.12,0.2503220527195523,0.03287624942718706,0.019014845584738316,0.02536514245663842,0.0786145418861075,0.11664423305558413,0.03802969116947663,0.029943306470782437,0.024331722180153493,-0.12891993567140259,-0.08134036355298824,0.04757957211841435
70-79,0.38,0.699,0.15,0.23823157356985253,0.02328813680131353,0.019663519943535546,0.024093286730100655,0.0786145418861075,0.1179415817731786,0.03932703988707109,0.030662785418366898,0.029131872670920416,-0.12891993567140259,-0.0793175502172514,0.04960238545415119
70-79,0.38,0.684,0.18,0.2774468621636107,0.03339600229538529,0.020911877353051056,0.03460759216085396,0.0786145418861075,0.11923893049077317,0.04062438860466566,0.03146767264398232,0.0324461299694528,-0.12891993567140259,-0.07729473688151467,0.051625198789887916
70-79,0.38,0.684,0.21,0.3608802898044624,0.06104519061724274,0.02096086866113006,0.05636197399634842,0.0786145418861075,0.12053627920836762,0.04192173732226012,0.03195957480363019,0.03636124289816922,-0.12891993567140259,-0.07527192354577816,0.05364801212562442
70-79,0.38,0.683,0.24,0.44943248466472,0.08835681125407638,0.021933690188094657,0.08302537669251459,0.0786145418861075,0.12183362792596197,0.04321908603985447,0.03203466293625152,0.039270526899584456,-0.12891993567140259,-0.07324911021004143,0.05567082546136115
80-89,0.38,0.867,0.0,0.7211246816529091,0.19860833041214776,0.014601341705754722,0.15452499481910442,0.0865611292410422,0.11576381265255165,0.029202683411509445,0.04010735593379349,0.044846077943899554,-0.21020642647712207,-0.09785946907648435,0.11234695740063771
80-89,0.38,0.844,0.03,0.6761243094368816,0.18334144948497552,0.014977363810350808,0.15211742953356486,0.0865611292410422,0.11651585686174382,0.029954727620701616,0.023173260452512955,0.03617266338609753,-0.21020642647712207,-0.0952317452553969,0.11497468122172516
80-89,0.38,0.85,0.06,0.5979138359059052,0.15960513088513537,0.015353385914946838,0.14043413123338963,0.0865611292410422,0.11726790107093588,0.030706771829893675,0.015549919613940146,0.011964755126521074,-0.21020642647712207,-0.09260402143431001,0.11760240504281205
80-89,0.38,0.844,0.09,0.5309294075069453,0.13388687795284815,0.015729408019542923,0.12158980215630281,0.0865611292410422,0.11801994528012805,0.031458816039085846,0.015511286213593004,0.012501634673223338,-0.21020642647712207,-0.08997629761322334,0.12023012886389872
80-89,0.38,0.853,0.12,0.46278218106653746,0.10738346951274239,0.01610543012413901,0.09878919815033566,0.0865611292410422,0.11877198948932022,0.03221086024827802,0.015728954192825422,0.018686030504298522,-0.21020642647712207,-0.08734857379213645,0.12285785268498561
80-89,0.38,0.843,0.15,0.39237201844996206,0.08114248463178536,0.016481452228734983,0.07464873452515665,0.0865611292410422,0.11952403369851217,0.032962904457469966,0.01648635799684092,0.02258003755184825,-0.21020642647712207,-0.08472084997104945,0.12548557650607262
80-89,0.38,0.843,0.18,0.3331947689318898,0.06112842482463042,0.01685747433333118,0.05046007018932325,0.0865611292410422,0.12027607790770456,0.03371494866666236,0.0172336879396141,0.024917112055628975,-0.21020642647712207,-0.08209312614996245,0.12811330032715962
80-89,0.38,0.844,0.21,0.2967016833915901,0.045639726994779,0.017233496437926987,0.040519892227737775,0.0865611292410422,0.12102812211689618,0.034466992875853975,0.017498571370257645,0.02675575576605603,-0.21020642647712207,-0.07946540232887578,0.1307410241482463
80-89,0.38,0.844,0.24,0.2919741993780409,0.04340766021692696,0.017609518542523128,0.035771325826655265,0.0865611292410422,0.12178016632608846,0.035219037085046256,0.017770762504743586,0.028670498156917017,-0.21020642647712207,-0.07683767850778844,0.13336874796933362
20-29,0.39,0.557,0.0,0.4697167143757641,0.08641250575810021,0.021308033222558087,0.05458333121600039,0.04374684900583592,0.0863629154509521,0.042616066445116174,0.06957154590779194,0.10494799780770668,-0.06449539092603063,-0.06064178693187516,0.0038536039941554634
20-29,0.39,0.548,0.03,0.3733562894140434,0.06925926920637128,0.02124114991659881,0.05027650588844284,0.04374684900583592,0.08622914883903354,0.04248229983319762,0.02576431640855232,0.057276846186639106,-0.06449539092603063,-0.05939717984999204,0.0050982110760385835
20-29,0.39,0.537,0.06,0.2782504970571237,0.04696003249771059,0.02117426661063959,0.034773504287543555,0.04374684900583592,0.0860953822271151,0.04234853322127918,0.016389020715100677,0.01697481761772086,-0.06449539092603063,-0.05815257276810881,0.006342818157921815
20-29,0.39,0.55,0.09,0.2230734786062237,0.027320713815940832,0.021107383304680316,0.018758199347725407,0.04374684900583592,0.08596161561519655,0.04221476660936063,0.01745279347267937,0.016541731669658336,-0.06449539092603063,-0.05690796568622536,0.007587425239805268
20-29,0.39,0.539,0.12,0.22162944643606328,0.02377465089135416,0.02104049999872115,0.020757635524369544,0.04374684900583592,0.08582784900327822,0.0420809999974423,0.018324846520503237,0.02094543706131298,-0.06449539092603063,-0.05566335860434213,0.008832032321688499
20-29,0.39,0.528,0.15,0.27876983956270607,0.04083173825442257,0.020973616692761876,0.039265645499232484,0.04374684900583592,0.08569408239135967,0.04194723338552375,0.01891560202584099,0.0266960753789916,-0.06449539092603063,-0.054418751522458786,0.010076639403571841
20-29,0.39,0.527,0.18,0.36884278950239874,0.06898552364836438,0.0209067333868026,0.06693890040770385,0.04374684900583592,0.08556031577944112,0.0418134667736052,0.019063053270659443,0.03484080429394271,-0.06449539092603063,-0.053174144440575555,0.011321246485455072
20-29,0.39,0.528,0.21,0.4520347670030467,0.0972586642428776,0.02065863432230186,0.09417755990122274,0.04374684900583592,0.08506411765043964,0.04131726864460372,0.019302849530574488,0.035414179235262,-0.06449539092603063,-0.05179133696393534,0.012704053962095285
20-29,0.39,0.525,0.24,0.5338988505674239,0.12551891471596727,0.02014372579817003,0.12028879492519025,0.04374684900583592,0.08403430060217598,0.04028745159634006,0.01924058211177613,0.037351667159179376,-0.06449539092603063,-0.048192070942005394,0.016303319984025233
30-39,0.39,0.593,0.0,0.498673643710026,0.09999167433113093,0.016245734728400962,0.06864165892724766,0.0573742659002322,0.08986573535703413,0.032491469456801925,0.09018647348688158,0.10360356095995531,-0.10704012899392612,-0.06792684784711223,0.039113281146813894
30-39,0.39,0.594,0.03,0.4010935289171547,0.08408090846869354,0.01612084367088612,0.06548506056325781,0.0573742659002322,0.08961595324200444,0.03224168734177224,0.0403881170643049,0.05356592722561018,-0.10704012899392612,-0.06562778723459395,0.04141234175933217
30-39,0.39,0.579,0.06,0.30639697351151784,0.06008479211313715,0.015995952613371334,0.050375126220982204,0.0573742659002322,0.08936617112697487,0.03199190522674267,0.027003703449712178,0.02059579342161943,-0.10704012899392612,-0.06332872662207523,0.043711402371850894
30-39,0.39,0.582,0.09,0.24369739641208316,0.03590636734723025,0.015871061555856658,0.028863682880181023,0.0573742659002322,0.08911638901194552,0.031742123111713316,0.02553429066960736,0.03136646456187412,-0.10704012899392612,-0.061029666009556505,0.046010462984369616
30-39,0.39,0.585,0.12,0.2097727563364586,0.020428941235776765,0.01574617049834187,0.01878053050500401,0.0573742659002322,0.08886660689691595,0.03149234099668374,0.02599230655405553,0.040778381591466704,-0.10704012899392612,-0.058730605397038005,0.048309523596888115
30-39,0.39,0.57,0.15,0.23732746908059071,0.026450049894191186,0.015621279440827085,0.025943018095480996,0.0573742659002322,0.08861682478188637,0.03124255888165417,0.026290682760247933,0.05194558282571893,-0.10704012899392612,-0.056431544784519394,0.050608584209406726
30-39,0.39,0.569,0.18,0.31931016206300133,0.051760476947231904,0.015713976542575614,0.0511924078115902,0.0573742659002322,0.0883670426668568,0.030992776766624597,0.026825361134568123,0.05939160262104207,-0.10704012899392612,-0.054132484172001005,0.052907644821925115
30-39,0.39,0.569,0.21,0.40193625004657174,0.07902625346970304,0.01555196963117661,0.07843657557572889,0.0573742659002322,0.08811726055182723,0.030742994651595024,0.027269030052423905,0.060561396774760794,-0.10704012899392612,-0.05183342355948228,0.05520670543444384
30-39,0.39,0.572,0.24,0.48640944909822126,0.1072296802769338,0.015004480107114027,0.10668541448419855,0.0573742659002322,0.08738322611446026,0.030008960214228053,0.027298351598585548,0.06282285043618145,-0.10704012899392612,-0.04915420982975749,0.05788591916416863
40-49,0.39,0.577,0.0,0.3778283474390049,0.0801250039309174,0.012237577646831088,0.049666666138790914,0.06726351403210296,0.09173866932576513,0.024475155293662176,0.0689245964805018,0.07506962567711166,-0.08152539216243793,-0.06663863192520592,0.01488676023723201
40-49,0.39,0.56,0.03,0.2943553242295934,0.06445775320727443,0.01187839273844854,0.04708618596180555,0.06726351403210296,0.09102029950900004,0.02375678547689708,0.029863020610782134,0.038235735697783026,-0.08152539216243793,-0.06762553878716027,0.01389985337527766
40-49,0.39,0.558,0.06,0.21186594178625354,0.041033031883682,0.011519207830066047,0.032835108191609196,0.06726351403210296,0.09030192969223505,0.023038415660132094,0.021702534414210682,0.018360025348597122,-0.08152539216243793,-0.0686124456491144,0.012912946513323531
40-49,0.39,0.566,0.09,0.16177797727661433,0.023128213459256607,0.011160022921683554,0.01722764449656054,0.06726351403210296,0.08958355987547006,0.02232004584336711,0.020702656834329234,0.02400124000190971,-0.08152539216243793,-0.06959935251106864,0.011926039651369291
40-49,0.39,0.557,0.12,0.16361275082547977,0.020143545931002725,0.010800838013301062,0.019586459005691243,0.06726351403210296,0.08886519005870508,0.021601676026602123,0.021757757237362473,0.03376068008258892,-0.08152539216243793,-0.07058625937302276,0.010939132789415162
40-49,0.39,0.558,0.15,0.23383699340346253,0.042914674318393645,0.010441653104918569,0.04115070830489426,0.06726351403210296,0.0881468202419401,0.020883306209837138,0.02270242277819702,0.040490333281741085,-0.08152539216243793,-0.07157316623497689,0.009952225927461034
40-49,0.39,0.556,0.18,0.3130844046733628,0.06995151103687586,0.01011099798881765,0.06735088647898028,0.06726351403210296,0.08742845042517522,0.020164936393072264,0.022860446189871254,0.042142765994051416,-0.08152539216243793,-0.07256007309693091,0.008965319065507016
40-49,0.39,0.557,0.21,0.3968252108313054,0.09786655571513259,0.009715561819677865,0.0951776409793844,0.06726351403210296,0.08669463767145869,0.01943112363935573,0.02319051530259729,0.04537496906853573,-0.08152539216243793,-0.07354697995888515,0.007978412203552776
40-49,0.39,0.557,0.24,0.4774308856310443,0.12537696051836938,0.009066332479611416,0.12289057979998808,0.06726351403210296,0.0853834875625592,0.018119973530456246,0.023456342425877037,0.047672536513215145,-0.08152539216243793,-0.07380059545710871,0.007724796705329218
50-59,0.39,0.607,0.0,0.36561248414473735,0.07578166827243782,0.015638670026396462,0.04549999632518328,0.06460245427369793,0.09587979432649085,0.031277340052792924,0.04600434762063256,0.06247594004964882,-0.08676449919114704,-0.06733249011616027,0.019432009074986767
50-59,0.39,0.603,0.03,0.29671289693530944,0.05974018278146637,0.015352256606216919,0.03955027510368708,0.06460245427369793,0.09530696748613177,0.030704513212433837,0.021844907873461057,0.04028323458078914,-0.08676449919114704,-0.06902915215488403,0.017735347036263005
50-59,0.39,0.597,0.06,0.21222531688914872,0.03562891561999694,0.015065843186037375,0.02587131605074981,0.06460245427369793,0.09473414064577268,0.03013168637207475,0.01662528195249634,0.016505064342063697,-0.08676449919114704,-0.07072581419360768,0.016038684997539354
50-59,0.39,0.6,0.09,0.16780337844024598,0.018845778182328854,0.014779429765857943,0.013494584474111912,0.06460245427369793,0.09416131380541382,0.029558859531715886,0.01727425830535136,0.020957365485265445,-0.08676449919114704,-0.07242247623233133,0.014342022958815703
50-59,0.39,0.585,0.12,0.17840506156625544,0.019721625680236284,0.014493016345678567,0.020817628021968043,0.06460245427369793,0.09358848696505506,0.028986032691357133,0.01680476123008002,0.02616315101957377,-0.08676449919114704,-0.07411913827105476,0.012645360920092275
50-59,0.39,0.585,0.15,0.25744320698609136,0.046809918894126445,0.014206602925499134,0.04692410375671679,0.06460245427369793,0.0930156601246962,0.02841320585099827,0.017251086922278277,0.027062572942194142,-0.08676449919114704,-0.07581580030977852,0.010948698881368513
50-59,0.39,0.585,0.18,0.3369319234584539,0.07406046435164576,0.013920189505319591,0.07191741853950985,0.06460245427369793,0.09244283328433711,0.027840379010639182,0.017320508075688787,0.029865567913639222,-0.08676449919114704,-0.07751246234850206,0.009252036842644973
50-59,0.39,0.586,0.21,0.41716868474786184,0.10143122629866719,0.013633776085140104,0.09853932357804857,0.06460245427369793,0.09187000644397814,0.027267552170280207,0.018165902124584965,0.030656609731154007,-0.08676449919114704,-0.07920912438722583,0.007555374803921211
50-59,0.39,0.587,0.24,0.49654721014048975,0.1290480470855993,0.013140193426701696,0.12556067222235792,0.06460245427369793,0.09088284112710132,0.026280386853403392,0.018275666882497082,0.03117021105866949,-0.08676449919114704,-0.08062933338525735,0.006135165805889686
60-69,0.39,0.658,0.0,0.566280719809017,0.13057916172332681,0.016961738971569273,0.08963333711117345,0.07344799848794936,0.10667747833267194,0.033229479844722576,0.07209715667070372,0.09197390934390036,-0.1256311610215025,-0.08532071592018642,0.040310445101316095
60-69,0.39,0.656,0.03,0.4966642228108172,0.11387899058018669,0.01658547926326348,0.08698401702635218,0.07344799848794936,0.10661895701447632,0.03317095852652696,0.03707290115434719,0.07260853944268537,-0.1256311610215025,-0.08796518548021004,0.037665975541292473
60-69,0.39,0.642,0.06,0.39479641557130285,0.08912507202680967,0.016556218604165618,0.07365397208889136,0.07344799848794936,0.1065604356962806,0.033112437208331236,0.02637422984657559,0.0288166618469246,-0.1256311610215025,-0.09060965504023355,0.03502150598126896
60-69,0.39,0.646,0.09,0.30722849979241185,0.06294357309517444,0.016526957945067866,0.05338913792148309,0.07344799848794936,0.1065019143780851,0.03305391589013573,0.024851559307214482,0.011027239001672155,-0.1256311610215025,-0.09325412460025706,0.03237703642124545
60-69,0.39,0.64,0.12,0.2421198563315936,0.03802717596764936,0.016497697285970003,0.02991790782415336,0.07344799848794936,0.10644339305988937,0.03299539457194001,0.025674890457409918,0.02252110121641477,-0.1256311610215025,-0.09589859416028057,0.029732566861221943
60-69,0.39,0.64,0.15,0.20778306317014564,0.023653157570608534,0.016468436626872196,0.018698655479655473,0.07344799848794936,0.10638487174169375,0.03293687325374439,0.025760434778939557,0.031086974764360696,-0.1256311610215025,-0.09854306372030408,0.027088097301198433
60-69,0.39,0.631,0.18,0.22631462721629902,0.027500724406930552,0.016439175967774333,0.02731334877576762,0.07344799848794936,0.10632635042349803,0.032878351935548666,0.02644239020966143,0.0347102290398666,-0.1256311610215025,-0.10118753328032803,0.02444362774117448
60-69,0.39,0.627,0.21,0.30229624724866744,0.05227783350082131,0.01651324882766675,0.05166028303777992,0.07344799848794936,0.10626782910530252,0.03281983061735316,0.026472627372438853,0.03830404678359713,-0.1256311610215025,-0.10383200284035143,0.02179915818115108
60-69,0.39,0.628,0.24,0.3859870554120848,0.08051938902011493,0.016375034648876685,0.0787540032489615,0.07344799848794936,0.10619806778570273,0.03275006929775337,0.027217641337926375,0.03939543120718438,-0.1256311610215025,-0.10647647240037506,0.019154688621127458
70-79,0.39,0.72,0.0,0.5231868253669052,0.11453749456990683,0.017886659178302122,0.07578332071730824,0.0786145418861075,0.11438786024271175,0.035773318356604245,0.0736350057447406,0.08654312503248589,-0.12891993567140259,-0.09178508049845946,0.037134855172943126
70-79,0.39,0.703,0.03,0.4581852941565901,0.09916523759571741,0.018535333537099297,0.07217042334192621,0.0786145418861075,0.1156852089603061,0.03707066707419859,0.03831541212281912,0.06336702828273837,-0.12891993567140259,-0.08976226716272251,0.03915766850868008
70-79,0.39,0.705,0.06,0.3749215864032429,0.07623585380993378,0.019184007895896527,0.05991795099657552,0.0786145418861075,0.11698255767790056,0.03836801579179305,0.029377843462639365,0.029925117625329064,-0.12891993567140259,-0.08773945382698611,0.04118048184441647
70-79,0.39,0.695,0.09,0.30285552681361155,0.05132911240731111,0.019832682254693812,0.04158478103259881,0.0786145418861075,0.11827990639549513,0.039665364509387624,0.029889904811036348,0.018494201650228186,-0.12891993567140259,-0.08571664049124927,0.04320329518015331
70-79,0.39,0.703,0.12,0.25854463852684334,0.03331958737751589,0.020481356613491042,0.02470978486748619,0.0786145418861075,0.11957725511308959,0.040962713226982084,0.0298496298235137,0.024101596243533092,-0.12891993567140259,-0.08369382715551288,0.04522610851588971
70-79,0.39,0.692,0.15,0.24735926856390417,0.023962550383774865,0.021130030972288216,0.024408349795177847,0.0786145418861075,0.12087460383068394,0.04226006194457643,0.03054515361907374,0.028214433193338332,-0.12891993567140259,-0.08167101381977593,0.04724892185162666
70-79,0.39,0.682,0.18,0.2851817561337456,0.033809471902712884,0.021778705331085557,0.03496784230236936,0.0786145418861075,0.12217195254827862,0.043557410662171114,0.031282813518429466,0.03195119664450877,-0.12891993567140259,-0.07964820048403931,0.049271735187363275
70-79,0.39,0.683,0.21,0.37058421898172056,0.061586784183403034,0.022427379689882787,0.057437817726229766,0.0786145418861075,0.12346930126587308,0.044854759379765574,0.03195957480363019,0.03547350695573058,-0.12891993567140259,-0.0776253871483027,0.05129454852309989
70-79,0.39,0.682,0.24,0.4576584676804464,0.08885820307535901,0.023076054048680017,0.08339470692455593,0.0786145418861075,0.12476664998346754,0.046152108097360034,0.03203466293625152,0.03832581117367658,-0.12891993567140259,-0.07560257381256597,0.05331736185883662
80-89,0.39,0.856,0.0,0.7267201177803271,0.19807499710964777,0.016124549766972585,0.1526916614807711,0.0865611292410422,0.11881022877498737,0.03224909953394517,0.04010735593379349,0.044846077943899554,-0.21020642647712207,-0.10043471826270745,0.10977170821441462
80-89,0.39,0.842,0.03,0.6823242784097102,0.18297837850909632,0.016500571871568503,0.15037250693349466,0.0865611292410422,0.11956227298417921,0.03300114374313701,0.023524455360326643,0.03617266338609753,-0.21020642647712207,-0.09780699444162044,0.11239943203550162
80-89,0.39,0.868,0.06,0.6051199636986808,0.15935041431600583,0.016876593976164644,0.1391649299196714,0.0865611292410422,0.12031431719337149,0.03375318795232929,0.015741664460913924,0.012489360127207689,-0.21020642647712207,-0.09517927062053366,0.1150271558565884
80-89,0.39,0.867,0.09,0.5375835153635018,0.13370758311427747,0.017252616080760508,0.1206284783462687,0.0865611292410422,0.12106636140256322,0.034505232161521016,0.01566524816273271,0.011703773737773109,-0.21020642647712207,-0.09255154679944644,0.11765487967767563
80-89,0.39,0.856,0.12,0.4683193832343029,0.10714646596600859,0.017628638185356704,0.09784191932787316,0.0865611292410422,0.12181840561175561,0.03525727637071341,0.015728954192825422,0.01663676652155874,-0.21020642647712207,-0.08992382297835977,0.1202826034987623
80-89,0.39,0.84,0.15,0.39850860167503865,0.08101383704919055,0.018004660289952734,0.07402477597816293,0.0865611292410422,0.12257044982094767,0.03600932057990547,0.01631563667161047,0.020723719590680777,-0.21020642647712207,-0.08729609915727266,0.12291032731984941
80-89,0.39,0.841,0.18,0.3424704070848424,0.06162949190943247,0.01838068239454882,0.050238138101921626,0.0865611292410422,0.12332249403013984,0.03676136478909764,0.0172336879396141,0.024917112055628975,-0.21020642647712207,-0.08466837533618576,0.1255380511409363
80-89,0.39,0.842,0.21,0.3053427916889887,0.04550534848423066,0.01875670449914485,0.04102624035539774,0.0865611292410422,0.1240745382393319,0.0375134089982897,0.01731473361042556,0.02675575576605603,-0.21020642647712207,-0.08204065151509898,0.12816577496202308
80-89,0.39,0.837,0.24,0.29985787264446084,0.044021898904348426,0.019132726603740935,0.03382586376889627,0.0865611292410422,0.12482658244852407,0.03826545320748187,0.017770762504743586,0.028810793995030257,-0.21020642647712207,-0.07941292769401154,0.13079349878311053
20-29,0.4,0.556,0.0,0.47427128620422265,0.08627083909643353,0.022415250087313876,0.05316666458266705,0.04374684900583592,0.08857734918046367,0.04483050017462775,0.06957154590779194,0.10494799780770668,-0.06449539092603063,-0.06219670454551318,0.002298686380517445
20-29,0.4,0.547,0.03,0.37899628589193257,0.06893804824434024,0.022348366781354656,0.04904655492609153,0.04374684900583592,0.08844358256854523,0.04469673356270931,0.026679580206592425,0.058343760426848204,-0.06449539092603063,-0.06095209746362984,0.0035432934624007872
20-29,0.4,0.536,0.06,0.28467111719805743,0.047205211789477224,0.02228148347539538,0.033994867013074935,0.04374684900583592,0.08830981595662668,0.04456296695079076,0.016462077633154305,0.017531882401343436,-0.06449539092603063,-0.0597074903817465,0.004787900544284129
20-29,0.4,0.549,0.09,0.2304835163145799,0.02802254234571257,0.02221460016943616,0.01839445510815904,0.04374684900583592,0.08817604934470824,0.04442920033887232,0.017395401691251613,0.01673406366161482,-0.06449539092603063,-0.058462883299863266,0.0060325076261673605
20-29,0.4,0.537,0.12,0.2299109698012075,0.024714788842748407,0.02214771686347683,0.02113662860609966,0.04374684900583592,0.08804228273278958,0.04429543372695366,0.018149380154704995,0.020752658099179807,-0.06449539092603063,-0.057218276217979924,0.007277114708050703
20-29,0.4,0.522,0.15,0.2862681356330945,0.04106367805827026,0.022751654517667474,0.03817315369358135,0.04374684900583592,0.08790851612087125,0.04416166711503533,0.018999999999999993,0.027347402813444673,-0.06449539092603063,-0.05597366913609669,0.008521721789933934
20-29,0.4,0.526,0.18,0.37553892430426317,0.06931216163577089,0.022013950251558445,0.06731951284318693,0.04374684900583592,0.08777474950895281,0.04402790050311689,0.01924058211177613,0.03393268454178842,-0.06449539092603063,-0.05472906205421324,0.009766328871817387
20-29,0.4,0.521,0.21,0.45862081248650377,0.09661081157977441,0.02333397578644908,0.09254926763579807,0.04374684900583592,0.087199423503448,0.043452574497612084,0.01924058211177613,0.03577379055827412,-0.06449539092603063,-0.05319064233226711,0.011304748593763514
20-29,0.4,0.524,0.24,0.5410630063208357,0.1257795774154501,0.02123870540710804,0.12074836462486223,0.04374684900583592,0.086224259820052,0.04247741081421608,0.01924058211177613,0.037351667159179376,-0.06449539092603063,-0.049738538937421084,0.014756851988609543
30-39,0.4,0.597,0.0,0.5026176308268033,0.09945834100863093,0.01739785954067058,0.06717499232724765,0.0573742659002322,0.09216998498157336,0.03479571908134116,0.09018647348688158,0.10360356095995531,-0.10704012899392612,-0.06966856189447412,0.037371567099452
30-39,0.4,0.583,0.03,0.40564559115935933,0.08369503865674038,0.017272968483155793,0.0640316990678244,0.0573742659002322,0.09192020286654379,0.034545936966311586,0.040987803063838354,0.05356592722561018,-0.10704012899392612,-0.06736950128195562,0.039670627711970496
30-39,0.4,0.577,0.06,0.3121491434445425,0.05979521469628801,0.017148077425641062,0.049465086782777445,0.0573742659002322,0.09167042075151433,0.034296154851282123,0.027040710049848867,0.02158984747906124,-0.10704012899392612,-0.06507044066943712,0.041969688324488996
30-39,0.4,0.58,0.09,0.24885989085256643,0.03602925235836528,0.01702318636812633,0.02832811680744024,0.0573742659002322,0.09142063863648486,0.03404637273625266,0.02553429066960736,0.02999975806744272,-0.10704012899392612,-0.0627713800569184,0.04426874893700772
30-39,0.4,0.583,0.12,0.21659611457656186,0.020714553979127054,0.01689829531061149,0.018704522668015856,0.0573742659002322,0.09117085652145518,0.03379659062122298,0.025961509971494302,0.04060000628465899,-0.10704012899392612,-0.0604723194443999,0.04656780954952622
30-39,0.4,0.568,0.15,0.24302781446142152,0.02705351418733281,0.016773404253096758,0.026110747374238352,0.0573742659002322,0.09092107440642572,0.033546808506193515,0.026076809620810555,0.049219321124027396,-0.10704012899392612,-0.0581732588318814,0.04886687016204472
30-39,0.4,0.567,0.18,0.3257045222993855,0.05204394817831179,0.016648513195582026,0.051726196824683206,0.0573742659002322,0.09067129229139625,0.03329702639116405,0.026765649627834516,0.05843338991603794,-0.10704012899392612,-0.05587419821936268,0.05116593077456344
30-39,0.4,0.567,0.21,0.40746658122469737,0.07912828151251391,0.01652362213806724,0.07838496595986866,0.0573742659002322,0.09042151017636668,0.03304724427613448,0.027180875629751113,0.05963551166633529,-0.10704012899392612,-0.05357513760684429,0.05346499138708183
30-39,0.4,0.566,0.24,0.4908752703437952,0.10687918343382921,0.016520663569991656,0.10551058374377022,0.0573742659002322,0.08962938232948958,0.03225511642925738,0.027393429869222257,0.061735150855469365,-0.10704012899392612,-0.05081340236330445,0.05622672663062167
40-49,0.4,0.576,0.0,0.3822580052489093,0.0796083372584174,0.013413714433058888,0.048500007293797796,0.06726351403210296,0.09409094289822073,0.026827428866117775,0.0689245964805018,0.07506962567711166,-0.08152539216243793,-0.06834731479508305,0.013178077367354879
40-49,0.4,0.559,0.03,0.2991936641943981,0.06409167038120889,0.01305452952467634,0.045901276685679636,0.06726351403210296,0.09337257308145563,0.02610905904935268,0.029863020610782134,0.038403422222001854,-0.08152539216243793,-0.06933422165703729,0.01219117050540064
40-49,0.4,0.562,0.06,0.21753473691873593,0.04083627836263427,0.012695344616293847,0.03193275137644186,0.06726351403210296,0.09265420326469065,0.025390689232587693,0.021913466179497916,0.01866608282486918,-0.08152539216243793,-0.07032112851899153,0.0112042636434464
40-49,0.4,0.565,0.09,0.16821451558432401,0.023381069766993452,0.012336159707911354,0.016804562839280807,0.06726351403210296,0.09193583344792566,0.024672319415822708,0.02060582441932375,0.023698138078070943,-0.08152539216243793,-0.07130803538094554,0.010217356781492382
40-49,0.4,0.555,0.12,0.17039510052324955,0.020401000160201885,0.011976974799528806,0.019801828320922078,0.06726351403210296,0.09121746363116057,0.02395394959905761,0.021757757237362473,0.03299057598158011,-0.08152539216243793,-0.07229494224289967,0.009230449919538253
40-49,0.4,0.551,0.15,0.2408508337454293,0.04204544616698399,0.013293964081995735,0.04012755862467454,0.06726351403210296,0.09049909381439558,0.023235579782292626,0.02258760722166027,0.040291474243978546,-0.08152539216243793,-0.07328184910485391,0.008243543057584013
40-49,0.4,0.555,0.18,0.32037704560898894,0.07004532852544879,0.011258604982763765,0.06782222405930603,0.06726351403210296,0.08978072399763048,0.02251720996552753,0.02298260211551336,0.042142765994051416,-0.08152539216243793,-0.07426875596680793,0.007256636195629995
40-49,0.4,0.555,0.21,0.40325061667314444,0.09782024128867685,0.010888964020218161,0.09516899847258475,0.06726351403210296,0.08904144207253928,0.021777928040436323,0.023017384734152553,0.04537496906853573,-0.08152539216243793,-0.07525566282876228,0.006269729333675644
40-49,0.4,0.555,0.24,0.4826917259380862,0.1252303030159937,0.01022591219663671,0.12270394980713073,0.06726351403210296,0.08771533842537638,0.02045182439327342,0.023456342425877037,0.046581027220697464,-0.08152539216243793,-0.07549437099969303,0.006031021162744898
50-59,0.4,0.601,0.0,0.3707262343726963,0.07527500160160447,0.016867898158787253,0.044683329626849934,0.06460245427369793,0.09833825059127244,0.03373579631757451,0.04600434762063256,0.06247594004964882,-0.08676449919114704,-0.06905896422170288,0.01770553496944416
50-59,0.4,0.597,0.03,0.3016805173161575,0.05940285643050266,0.016581484738607766,0.0381304185533492,0.06460245427369793,0.09776542375091346,0.03316296947721553,0.022081666603768858,0.04028323458078914,-0.08676449919114704,-0.07075562626042653,0.016008872930720508
50-59,0.4,0.596,0.06,0.2190006393520064,0.03542374701456197,0.01629507131842839,0.02492254706756118,0.06460245427369793,0.09719259691055471,0.03259014263685678,0.01712308383440321,0.017760767606066746,-0.08676449919114704,-0.07245228829914996,0.01431221089199708
50-59,0.4,0.599,0.09,0.17480433255639802,0.019114848724588695,0.0160086578982489,0.013030727725774497,0.06460245427369793,0.09661977007019573,0.0320173157964978,0.01746997424153798,0.020804114210487196,-0.08676449919114704,-0.07414895033787361,0.012615548853273428
50-59,0.4,0.583,0.12,0.18662656395532476,0.020164426221224784,0.01572224447806947,0.02136940467201152,0.06460245427369793,0.09604694322983687,0.03144448895613894,0.01680476123008002,0.025950316871692577,-0.08676449919114704,-0.07584561237659737,0.010918886814549666
50-59,0.4,0.583,0.15,0.2646176802110881,0.04676433309105417,0.015435831057889982,0.047368601113245284,0.06460245427369793,0.09547411638947789,0.030871662115779963,0.017005881335585067,0.027062572942194142,-0.08676449919114704,-0.07754227441532113,0.009222224775825905
50-59,0.4,0.583,0.18,0.34451444144534893,0.074225855651949,0.015149417637710494,0.07254297660807457,0.06460245427369793,0.09490128954911892,0.030298835275420988,0.01716974082506782,0.029542648813738377,-0.08676449919114704,-0.07923893645404445,0.007525562737102587
50-59,0.4,0.584,0.21,0.4248219919129813,0.10172905687584373,0.014863004217531062,0.09865321932085479,0.06460245427369793,0.09432846270876005,0.029726008435062123,0.018165902124584965,0.030656609731154007,-0.08676449919114704,-0.08093559849276821,0.005828900698378825
50-59,0.4,0.585,0.24,0.5037269479276524,0.12924439747643252,0.01436032959395811,0.12542859461439185,0.06460245427369793,0.09332311346161415,0.02872065918791622,0.018330302779823376,0.03117021105866949,-0.08676449919114704,-0.08234541474021462,0.00441908445093242
60-69,0.4,0.657,0.0,0.5704290940267396,0.13003749506582685,0.01798239990098527,0.0879000105367232,0.07344799848794936,0.1094127982899199,0.03596479980197054,0.07209715667070372,0.09197390934390036,-0.1256311610215025,-0.08750842658480651,0.038122734436696004
60-69,0.4,0.645,0.03,0.5026620647296036,0.11338543795243303,0.01795313924188746,0.08541465118236367,0.07344799848794936,0.10935427697172428,0.03590627848377492,0.037271973384837,0.07366953237261656,-0.1256311610215025,-0.09015289614483002,0.035478264876672494
60-69,0.4,0.64,0.06,0.4018375127520232,0.08888429260843517,0.017923878582789654,0.07247235909032866,0.07344799848794936,0.10929575565352867,0.03584775716557931,0.026870057685088784,0.029879759035172954,-0.1256311610215025,-0.09279736570485375,0.03283379531664876
60-69,0.4,0.645,0.09,0.31373134553078674,0.06269456758153133,0.017894617923691847,0.05248509378968683,0.07344799848794936,0.10923723433533306,0.035789235847383694,0.02501999200639358,0.011242775458044136,-0.1256311610215025,-0.09544183526487737,0.03018932575662514
60-69,0.4,0.638,0.12,0.24898052223694392,0.038476115212979625,0.01786535726459404,0.029362603956668898,0.07344799848794936,0.10917871301713744,0.03573071452918808,0.026404545063303,0.020513410247932906,-0.1256311610215025,-0.098086304824901,0.02754485619660152
60-69,0.4,0.638,0.15,0.2156593096129622,0.024208215352395923,0.017836096605496177,0.01853116451015896,0.07344799848794936,0.10912019169894172,0.03567219321099235,0.025760434778939557,0.0301197609552267,-0.1256311610215025,-0.1007307743849244,0.02490038663657812
60-69,0.4,0.624,0.18,0.2332984464424143,0.027386729658364223,0.017806835946398314,0.027595943071834245,0.07344799848794936,0.10906167038074599,0.03561367189279663,0.026313494636782828,0.033823069050575506,-0.1256311610215025,-0.10337524394494779,0.02225591707655472
60-69,0.4,0.625,0.21,0.31047167175570345,0.052630407846027134,0.017777575287300618,0.05167819368679553,0.07344799848794936,0.1090031490625506,0.035555150574601235,0.026472627372438853,0.03830404678359713,-0.1256311610215025,-0.10601971350497164,0.019611447516530878
60-69,0.4,0.626,0.24,0.394128387191773,0.08076146043661725,0.01774111462748268,0.0791792354539727,0.07344799848794936,0.10893022774291472,0.03548222925496536,0.026810445725500325,0.03911010099705699,-0.1256311610215025,-0.10866418306499526,0.016966977956507256
70-79,0.4,0.719,0.0,0.5293141923521236,0.11396249459074018,0.01935317020705485,0.07484998738897491,0.0786145418861075,0.1173208823002172,0.0387063404141097,0.0736350057447406,0.08654312503248589,-0.12891993567140259,-0.09413854410098388,0.03478139157041871
70-79,0.4,0.702,0.03,0.46422957206831095,0.09883961353988562,0.020001844565852023,0.07055373135076208,0.0786145418861075,0.11861823101781155,0.040003689131704046,0.038518447608145816,0.06336702828273837,-0.12891993567140259,-0.09211573076524748,0.0368042049061551
70-79,0.4,0.703,0.06,0.38105677605900573,0.07581496492167869,0.020650518924649253,0.058630995781763486,0.0786145418861075,0.11991557973540601,0.041301037849298505,0.029723366527985927,0.029765732082031128,-0.12891993567140259,-0.09009291742951042,0.038827018241892164
70-79,0.4,0.689,0.09,0.31121526766596963,0.05157356158836314,0.021299193283446538,0.04040940635201009,0.0786145418861075,0.12121292845300058,0.042598386566893076,0.029863188292947266,0.0196260351942309,-0.12891993567140259,-0.08807010409377403,0.04084983157762856
70-79,0.4,0.701,0.12,0.26617035528687255,0.03383535968319293,0.02194786764224388,0.024245524331508412,0.0786145418861075,0.12251027717059526,0.04389573528448776,0.0298496298235137,0.02256523946055577,-0.12891993567140259,-0.08604729075803719,0.0428726449133654
70-79,0.4,0.69,0.15,0.2574163048043316,0.024784608271710806,0.022596542001040942,0.02469263652276941,0.0786145418861075,0.12380762588818939,0.045193084002081885,0.030381020549231284,0.028214433193338332,-0.12891993567140259,-0.08402447742230068,0.044895458249101905
70-79,0.4,0.68,0.18,0.29395850957624237,0.034197212060876364,0.023245216359838283,0.03534917415797149,0.0786145418861075,0.12510497460578407,0.04649043271967657,0.03119951946777422,0.031219047343188824,-0.12891993567140259,-0.08200166408656384,0.046918271584838744
70-79,0.4,0.68,0.21,0.37902392303364424,0.06171859283527565,0.023893890718635402,0.057674128877623056,0.0786145418861075,0.1264023233233783,0.047787781437270804,0.03195957480363019,0.035112274055598025,-0.12891993567140259,-0.07997885075082722,0.04894108492057536
70-79,0.4,0.675,0.24,0.4659772405914894,0.08842999292327769,0.025730475840901768,0.08231287195952353,0.0786145418861075,0.12769967204097277,0.049085130154865264,0.03203466293625152,0.037886486348896874,-0.12891993567140259,-0.07795603741509072,0.05096389825631187
80-89,0.4,0.845,0.0,0.7323155539077448,0.19754166380714772,0.01764775782819039,0.1508583281424378,0.0865611292410422,0.12185664489742298,0.03529551565638078,0.04010735593379349,0.044846077943899554,-0.21020642647712207,-0.10300996744893043,0.10719645902819164
80-89,0.4,0.856,0.03,0.6895121479530284,0.18265836351624667,0.01802377993278631,0.1487396703856436,0.0865611292410422,0.12260868910661482,0.03604755986557262,0.0238453349735331,0.03724581031878347,-0.21020642647712207,-0.10038224362784376,0.1098241828492783
80-89,0.4,0.866,0.06,0.6118947285178318,0.15909534442349021,0.018399802037382396,0.13751835434782536,0.0865611292410422,0.12336073331580699,0.03679960407476479,0.015303594349041025,0.01336279900882653,-0.21020642647712207,-0.0977545198067572,0.11245190667036487
80-89,0.4,0.845,0.09,0.5432991429901539,0.13359343370519666,0.018775824141978426,0.11941754223748417,0.0865611292410422,0.12411277752499905,0.03755164828395685,0.01566524816273271,0.009916342381568612,-0.21020642647712207,-0.09512679598566975,0.11507963049145231
80-89,0.4,0.839,0.12,0.47514043291178054,0.10701812153037074,0.019151846246574455,0.09707067408749137,0.0865611292410422,0.12486482173419111,0.03830369249314891,0.015931101656822117,0.0156400651700736,-0.21020642647712207,-0.0924990721645832,0.11770735431253887
80-89,0.4,0.838,0.15,0.40638055291760833,0.08087097562409455,0.019527868351170652,0.07359526107762264,0.0865611292410422,0.1256168659433835,0.039055736702341304,0.016266530054071162,0.020878794565774107,-0.21020642647712207,-0.08987134834349608,0.12033507813362598
80-89,0.4,0.834,0.18,0.35024989589395683,0.06209086569171593,0.01990389045576657,0.04868692619090951,0.0865611292410422,0.12636891015257534,0.03980778091153314,0.017058722109231997,0.024917112055628975,-0.21020642647712207,-0.08724362452240886,0.12296280195471321
80-89,0.4,0.84,0.21,0.313321901092306,0.04564847797138352,0.0202799125603626,0.04049678021265374,0.0865611292410422,0.1271209543617674,0.0405598251207252,0.01731473361042556,0.02639158843406258,-0.21020642647712207,-0.08461590070132241,0.12559052577579966
80-89,0.4,0.835,0.24,0.3088790816754948,0.044625394749010026,0.02065593466495863,0.034216692972578434,0.0865611292410422,0.12787299857095946,0.04131186932991726,0.017770762504743586,0.027381396751401412,-0.21020642647712207,-0.08198817688023508,0.128218249596887
