{
  "schema_version": "true_single_subject_feasibility.subject_eval.v1",
  "age_group": "20-29",
  "user_id": "3875",
  "fit": {
    "scale": 0.5,
    "time_steps": 103,
    "epochs": 8,
    "best_epoch": 5,
    "choice_temperature": 0.05,
    "seed": 0,
    "scales": [
      0.10000000149011612,
      0.30000001192092896,
      0.5
    ],
    "rt_normalization": {
      "log_rt_min": -2.1202635765075684,
      "log_rt_max": 1.2950011491775513,
      "log_rt_range": 3.4152647256851196
    }
  },
  "test_metrics": {
    "pred_mean": 0.501164972782135,
    "pred_median": 0.4399999976158142,
    "pred_skewness": 0.5652641654014587,
    "true_mean": 0.6236205101013184,
    "true_median": 0.609000027179718,
    "true_skewness": 0.8487126231193542,
    "pred_q90": 0.8499999642372131,
    "pred_q95": 0.9799999594688416,
    "pred_q99": 1.0199999809265137,
    "true_q90": 0.7559999823570251,
    "true_q95": 0.8169999718666077,
    "true_q99": 0.970020055770874,
    "skewness_score": 0.5652641654014587,
    "mean_score": 0.8036377429962158,
    "median_score": 0.7224958539009094,
    "coverage_score": 0.7047767639160156,
    "q90_score": 0.8756613967276576,
    "q95_score": 0.8004896043878358,
    "q99_score": 0.948475369289225,
    "quantile_score": 0.8748754568015729,
    "mean_median_score": 0.7630667686462402,
    "rt_shape_score": 0.7154818773269653,
    "rt_score": 0.725610613822937,
    "human_accuracy": 0.9395,
    "model_accuracy": 1.0,
    "response_agreement": 0.9395,
    "pred_error_rt": NaN,
    "pred_correct_rt": 0.501164972782135,
    "human_error_rt": 0.5846611857414246,
    "human_correct_rt": 0.6261292695999146,
    "error_minus_correct_rt": NaN,
    "human_error_minus_correct_rt": -0.04146808385848999,
    "accuracy_score": 0.9356040447046301,
    "human_congruency_rt_gap": 0.03297775983810425,
    "model_congruency_rt_gap": 0.11438781023025513,
    "congruency_score": 0,
    "total_score": 0.6692674160003662,
    "behavior_optimal_score": 0.6911296844482422
  },
  "test_n_trials": 2000,
  "test_n_errors": 121
}