candidate_id,source,seed_id,analysis_group,congruency,rt_bin,n_subjects,n_trials,mean_rt,median_rt,error_rate,error_rate_sem
current__factorial_gap_gate,human,0,older_80_89,0,1,4,472,0.7135494114193273,0.727125,0.02724880107738799,0.011393231938429688
current__factorial_gap_gate,human,0,older_80_89,0,2,4,472,0.8057813516210091,0.804875,0.001937984496124031,0.001937984496124031
current__factorial_gap_gate,human,0,older_80_89,0,3,4,471,0.8894176461802819,0.887375,0.0,0.0
current__factorial_gap_gate,human,0,older_80_89,0,4,4,468,1.150856513755342,1.038875,0.011306160031488979,0.004556024014706369
current__factorial_gap_gate,human,0,older_80_89,1,1,4,469,0.7661385929196219,0.780875,0.09290083636061681,0.029919794558043004
current__factorial_gap_gate,human,0,older_80_89,1,2,4,468,0.8809467603498395,0.881125,0.030114989791288568,0.012854765583692657
current__factorial_gap_gate,human,0,older_80_89,1,3,4,465,0.9811995280889121,0.981,0.01984535040236625,0.007213433961521362
current__factorial_gap_gate,human,0,older_80_89,1,4,4,465,1.282508360353475,1.16225,0.020334373519650374,0.005342406700692999
current__factorial_gap_gate,human,0,young_20_29,0,1,12,472,0.4973445979815323,0.5033333333333333,0.022805121517693618,0.009175655010333046
current__factorial_gap_gate,human,0,young_20_29,0,2,12,472,0.551049728929993,0.5503333333333333,0.016397076039455782,0.006626520394043253
current__factorial_gap_gate,human,0,young_20_29,0,3,12,467,0.6042939719012884,0.602,0.01722962144796682,0.006292699598289082
current__factorial_gap_gate,human,0,young_20_29,0,4,12,463,0.7357254540981127,0.7022499999999999,0.004285679764148664,0.002438235727078484
current__factorial_gap_gate,human,0,young_20_29,1,1,12,472,0.5268698233372492,0.536875,0.13943716601624673,0.019525091727120608
current__factorial_gap_gate,human,0,young_20_29,1,2,12,470,0.597575795707291,0.5970833333333333,0.08234994703293937,0.01683300750672646
current__factorial_gap_gate,human,0,young_20_29,1,3,12,467,0.661532170550705,0.6587500000000001,0.05056809855608927,0.012118627284075653
current__factorial_gap_gate,human,0,young_20_29,1,4,12,461,0.8094435863560462,0.7729166666666667,0.018136383965730057,0.00683317979898138
current__factorial_gap_gate,human,1,older_80_89,0,1,4,472,0.7135494114193273,0.727125,0.02724880107738799,0.011393231938429688
current__factorial_gap_gate,human,1,older_80_89,0,2,4,472,0.8057813516210091,0.804875,0.001937984496124031,0.001937984496124031
current__factorial_gap_gate,human,1,older_80_89,0,3,4,471,0.8894176461802819,0.887375,0.0,0.0
current__factorial_gap_gate,human,1,older_80_89,0,4,4,468,1.150856513755342,1.038875,0.011306160031488979,0.004556024014706369
current__factorial_gap_gate,human,1,older_80_89,1,1,4,469,0.7661385929196219,0.780875,0.09290083636061681,0.029919794558043004
current__factorial_gap_gate,human,1,older_80_89,1,2,4,468,0.8809467603498395,0.881125,0.030114989791288568,0.012854765583692657
current__factorial_gap_gate,human,1,older_80_89,1,3,4,465,0.9811995280889121,0.981,0.01984535040236625,0.007213433961521362
current__factorial_gap_gate,human,1,older_80_89,1,4,4,465,1.282508360353475,1.16225,0.020334373519650374,0.005342406700692999
current__factorial_gap_gate,human,1,young_20_29,0,1,12,472,0.4973445979815323,0.5033333333333333,0.022805121517693618,0.009175655010333046
current__factorial_gap_gate,human,1,young_20_29,0,2,12,472,0.551049728929993,0.5503333333333333,0.016397076039455782,0.006626520394043253
current__factorial_gap_gate,human,1,young_20_29,0,3,12,467,0.6042939719012884,0.602,0.01722962144796682,0.006292699598289082
current__factorial_gap_gate,human,1,young_20_29,0,4,12,463,0.7357254540981127,0.7022499999999999,0.004285679764148664,0.002438235727078484
current__factorial_gap_gate,human,1,young_20_29,1,1,12,472,0.5268698233372492,0.536875,0.13943716601624673,0.019525091727120608
current__factorial_gap_gate,human,1,young_20_29,1,2,12,470,0.597575795707291,0.5970833333333333,0.08234994703293937,0.01683300750672646
current__factorial_gap_gate,human,1,young_20_29,1,3,12,467,0.661532170550705,0.6587500000000001,0.05056809855608927,0.012118627284075653
current__factorial_gap_gate,human,1,young_20_29,1,4,12,461,0.8094435863560462,0.7729166666666667,0.018136383965730057,0.00683317979898138
current__factorial_gap_gate,human,2,older_80_89,0,1,4,472,0.7135494114193273,0.727125,0.02724880107738799,0.011393231938429688
current__factorial_gap_gate,human,2,older_80_89,0,2,4,472,0.8057813516210091,0.804875,0.001937984496124031,0.001937984496124031
current__factorial_gap_gate,human,2,older_80_89,0,3,4,471,0.8894176461802819,0.887375,0.0,0.0
current__factorial_gap_gate,human,2,older_80_89,0,4,4,468,1.150856513755342,1.038875,0.011306160031488979,0.004556024014706369
current__factorial_gap_gate,human,2,older_80_89,1,1,4,469,0.7661385929196219,0.780875,0.09290083636061681,0.029919794558043004
current__factorial_gap_gate,human,2,older_80_89,1,2,4,468,0.8809467603498395,0.881125,0.030114989791288568,0.012854765583692657
current__factorial_gap_gate,human,2,older_80_89,1,3,4,465,0.9811995280889121,0.981,0.01984535040236625,0.007213433961521362
current__factorial_gap_gate,human,2,older_80_89,1,4,4,465,1.282508360353475,1.16225,0.020334373519650374,0.005342406700692999
current__factorial_gap_gate,human,2,young_20_29,0,1,12,472,0.4973445979815323,0.5033333333333333,0.022805121517693618,0.009175655010333046
current__factorial_gap_gate,human,2,young_20_29,0,2,12,472,0.551049728929993,0.5503333333333333,0.016397076039455782,0.006626520394043253
current__factorial_gap_gate,human,2,young_20_29,0,3,12,467,0.6042939719012884,0.602,0.01722962144796682,0.006292699598289082
current__factorial_gap_gate,human,2,young_20_29,0,4,12,463,0.7357254540981127,0.7022499999999999,0.004285679764148664,0.002438235727078484
current__factorial_gap_gate,human,2,young_20_29,1,1,12,472,0.5268698233372492,0.536875,0.13943716601624673,0.019525091727120608
current__factorial_gap_gate,human,2,young_20_29,1,2,12,470,0.597575795707291,0.5970833333333333,0.08234994703293937,0.01683300750672646
current__factorial_gap_gate,human,2,young_20_29,1,3,12,467,0.661532170550705,0.6587500000000001,0.05056809855608927,0.012118627284075653
current__factorial_gap_gate,human,2,young_20_29,1,4,12,461,0.8094435863560462,0.7729166666666667,0.018136383965730057,0.00683317979898138
current__factorial_gap_gate,human,3,older_80_89,0,1,4,472,0.7135494114193273,0.727125,0.02724880107738799,0.011393231938429688
current__factorial_gap_gate,human,3,older_80_89,0,2,4,472,0.8057813516210091,0.804875,0.001937984496124031,0.001937984496124031
current__factorial_gap_gate,human,3,older_80_89,0,3,4,471,0.8894176461802819,0.887375,0.0,0.0
current__factorial_gap_gate,human,3,older_80_89,0,4,4,468,1.150856513755342,1.038875,0.011306160031488979,0.004556024014706369
current__factorial_gap_gate,human,3,older_80_89,1,1,4,469,0.7661385929196219,0.780875,0.09290083636061681,0.029919794558043004
current__factorial_gap_gate,human,3,older_80_89,1,2,4,468,0.8809467603498395,0.881125,0.030114989791288568,0.012854765583692657
current__factorial_gap_gate,human,3,older_80_89,1,3,4,465,0.9811995280889121,0.981,0.01984535040236625,0.007213433961521362
current__factorial_gap_gate,human,3,older_80_89,1,4,4,465,1.282508360353475,1.16225,0.020334373519650374,0.005342406700692999
current__factorial_gap_gate,human,3,young_20_29,0,1,12,472,0.4973445979815323,0.5033333333333333,0.022805121517693618,0.009175655010333046
current__factorial_gap_gate,human,3,young_20_29,0,2,12,472,0.551049728929993,0.5503333333333333,0.016397076039455782,0.006626520394043253
current__factorial_gap_gate,human,3,young_20_29,0,3,12,467,0.6042939719012884,0.602,0.01722962144796682,0.006292699598289082
current__factorial_gap_gate,human,3,young_20_29,0,4,12,463,0.7357254540981127,0.7022499999999999,0.004285679764148664,0.002438235727078484
current__factorial_gap_gate,human,3,young_20_29,1,1,12,472,0.5268698233372492,0.536875,0.13943716601624673,0.019525091727120608
current__factorial_gap_gate,human,3,young_20_29,1,2,12,470,0.597575795707291,0.5970833333333333,0.08234994703293937,0.01683300750672646
current__factorial_gap_gate,human,3,young_20_29,1,3,12,467,0.661532170550705,0.6587500000000001,0.05056809855608927,0.012118627284075653
current__factorial_gap_gate,human,3,young_20_29,1,4,12,461,0.8094435863560462,0.7729166666666667,0.018136383965730057,0.00683317979898138
current__factorial_gap_gate,human,4,older_80_89,0,1,4,472,0.7135494114193273,0.727125,0.02724880107738799,0.011393231938429688
current__factorial_gap_gate,human,4,older_80_89,0,2,4,472,0.8057813516210091,0.804875,0.001937984496124031,0.001937984496124031
current__factorial_gap_gate,human,4,older_80_89,0,3,4,471,0.8894176461802819,0.887375,0.0,0.0
current__factorial_gap_gate,human,4,older_80_89,0,4,4,468,1.150856513755342,1.038875,0.011306160031488979,0.004556024014706369
current__factorial_gap_gate,human,4,older_80_89,1,1,4,469,0.7661385929196219,0.780875,0.09290083636061681,0.029919794558043004
current__factorial_gap_gate,human,4,older_80_89,1,2,4,468,0.8809467603498395,0.881125,0.030114989791288568,0.012854765583692657
current__factorial_gap_gate,human,4,older_80_89,1,3,4,465,0.9811995280889121,0.981,0.01984535040236625,0.007213433961521362
current__factorial_gap_gate,human,4,older_80_89,1,4,4,465,1.282508360353475,1.16225,0.020334373519650374,0.005342406700692999
current__factorial_gap_gate,human,4,young_20_29,0,1,12,472,0.4973445979815323,0.5033333333333333,0.022805121517693618,0.009175655010333046
current__factorial_gap_gate,human,4,young_20_29,0,2,12,472,0.551049728929993,0.5503333333333333,0.016397076039455782,0.006626520394043253
current__factorial_gap_gate,human,4,young_20_29,0,3,12,467,0.6042939719012884,0.602,0.01722962144796682,0.006292699598289082
current__factorial_gap_gate,human,4,young_20_29,0,4,12,463,0.7357254540981127,0.7022499999999999,0.004285679764148664,0.002438235727078484
current__factorial_gap_gate,human,4,young_20_29,1,1,12,472,0.5268698233372492,0.536875,0.13943716601624673,0.019525091727120608
current__factorial_gap_gate,human,4,young_20_29,1,2,12,470,0.597575795707291,0.5970833333333333,0.08234994703293937,0.01683300750672646
current__factorial_gap_gate,human,4,young_20_29,1,3,12,467,0.661532170550705,0.6587500000000001,0.05056809855608927,0.012118627284075653
current__factorial_gap_gate,human,4,young_20_29,1,4,12,461,0.8094435863560462,0.7729166666666667,0.018136383965730057,0.00683317979898138
current__factorial_gap_gate,human,5,older_80_89,0,1,4,472,0.7135494114193273,0.727125,0.02724880107738799,0.011393231938429688
current__factorial_gap_gate,human,5,older_80_89,0,2,4,472,0.8057813516210091,0.804875,0.001937984496124031,0.001937984496124031
current__factorial_gap_gate,human,5,older_80_89,0,3,4,471,0.8894176461802819,0.887375,0.0,0.0
current__factorial_gap_gate,human,5,older_80_89,0,4,4,468,1.150856513755342,1.038875,0.011306160031488979,0.004556024014706369
current__factorial_gap_gate,human,5,older_80_89,1,1,4,469,0.7661385929196219,0.780875,0.09290083636061681,0.029919794558043004
current__factorial_gap_gate,human,5,older_80_89,1,2,4,468,0.8809467603498395,0.881125,0.030114989791288568,0.012854765583692657
current__factorial_gap_gate,human,5,older_80_89,1,3,4,465,0.9811995280889121,0.981,0.01984535040236625,0.007213433961521362
current__factorial_gap_gate,human,5,older_80_89,1,4,4,465,1.282508360353475,1.16225,0.020334373519650374,0.005342406700692999
current__factorial_gap_gate,human,5,young_20_29,0,1,12,472,0.4973445979815323,0.5033333333333333,0.022805121517693618,0.009175655010333046
current__factorial_gap_gate,human,5,young_20_29,0,2,12,472,0.551049728929993,0.5503333333333333,0.016397076039455782,0.006626520394043253
current__factorial_gap_gate,human,5,young_20_29,0,3,12,467,0.6042939719012884,0.602,0.01722962144796682,0.006292699598289082
current__factorial_gap_gate,human,5,young_20_29,0,4,12,463,0.7357254540981127,0.7022499999999999,0.004285679764148664,0.002438235727078484
current__factorial_gap_gate,human,5,young_20_29,1,1,12,472,0.5268698233372492,0.536875,0.13943716601624673,0.019525091727120608
current__factorial_gap_gate,human,5,young_20_29,1,2,12,470,0.597575795707291,0.5970833333333333,0.08234994703293937,0.01683300750672646
current__factorial_gap_gate,human,5,young_20_29,1,3,12,467,0.661532170550705,0.6587500000000001,0.05056809855608927,0.012118627284075653
current__factorial_gap_gate,human,5,young_20_29,1,4,12,461,0.8094435863560462,0.7729166666666667,0.018136383965730057,0.00683317979898138
current__factorial_gap_gate,human,6,older_80_89,0,1,4,472,0.7135494114193273,0.727125,0.02724880107738799,0.011393231938429688
current__factorial_gap_gate,human,6,older_80_89,0,2,4,472,0.8057813516210091,0.804875,0.001937984496124031,0.001937984496124031
current__factorial_gap_gate,human,6,older_80_89,0,3,4,471,0.8894176461802819,0.887375,0.0,0.0
current__factorial_gap_gate,human,6,older_80_89,0,4,4,468,1.150856513755342,1.038875,0.011306160031488979,0.004556024014706369
current__factorial_gap_gate,human,6,older_80_89,1,1,4,469,0.7661385929196219,0.780875,0.09290083636061681,0.029919794558043004
current__factorial_gap_gate,human,6,older_80_89,1,2,4,468,0.8809467603498395,0.881125,0.030114989791288568,0.012854765583692657
current__factorial_gap_gate,human,6,older_80_89,1,3,4,465,0.9811995280889121,0.981,0.01984535040236625,0.007213433961521362
current__factorial_gap_gate,human,6,older_80_89,1,4,4,465,1.282508360353475,1.16225,0.020334373519650374,0.005342406700692999
current__factorial_gap_gate,human,6,young_20_29,0,1,12,472,0.4973445979815323,0.5033333333333333,0.022805121517693618,0.009175655010333046
current__factorial_gap_gate,human,6,young_20_29,0,2,12,472,0.551049728929993,0.5503333333333333,0.016397076039455782,0.006626520394043253
current__factorial_gap_gate,human,6,young_20_29,0,3,12,467,0.6042939719012884,0.602,0.01722962144796682,0.006292699598289082
current__factorial_gap_gate,human,6,young_20_29,0,4,12,463,0.7357254540981127,0.7022499999999999,0.004285679764148664,0.002438235727078484
current__factorial_gap_gate,human,6,young_20_29,1,1,12,472,0.5268698233372492,0.536875,0.13943716601624673,0.019525091727120608
current__factorial_gap_gate,human,6,young_20_29,1,2,12,470,0.597575795707291,0.5970833333333333,0.08234994703293937,0.01683300750672646
current__factorial_gap_gate,human,6,young_20_29,1,3,12,467,0.661532170550705,0.6587500000000001,0.05056809855608927,0.012118627284075653
current__factorial_gap_gate,human,6,young_20_29,1,4,12,461,0.8094435863560462,0.7729166666666667,0.018136383965730057,0.00683317979898138
current__factorial_gap_gate,human,7,older_80_89,0,1,4,472,0.7135494114193273,0.727125,0.02724880107738799,0.011393231938429688
current__factorial_gap_gate,human,7,older_80_89,0,2,4,472,0.8057813516210091,0.804875,0.001937984496124031,0.001937984496124031
current__factorial_gap_gate,human,7,older_80_89,0,3,4,471,0.8894176461802819,0.887375,0.0,0.0
current__factorial_gap_gate,human,7,older_80_89,0,4,4,468,1.150856513755342,1.038875,0.011306160031488979,0.004556024014706369
current__factorial_gap_gate,human,7,older_80_89,1,1,4,469,0.7661385929196219,0.780875,0.09290083636061681,0.029919794558043004
current__factorial_gap_gate,human,7,older_80_89,1,2,4,468,0.8809467603498395,0.881125,0.030114989791288568,0.012854765583692657
current__factorial_gap_gate,human,7,older_80_89,1,3,4,465,0.9811995280889121,0.981,0.01984535040236625,0.007213433961521362
current__factorial_gap_gate,human,7,older_80_89,1,4,4,465,1.282508360353475,1.16225,0.020334373519650374,0.005342406700692999
current__factorial_gap_gate,human,7,young_20_29,0,1,12,472,0.4973445979815323,0.5033333333333333,0.022805121517693618,0.009175655010333046
current__factorial_gap_gate,human,7,young_20_29,0,2,12,472,0.551049728929993,0.5503333333333333,0.016397076039455782,0.006626520394043253
current__factorial_gap_gate,human,7,young_20_29,0,3,12,467,0.6042939719012884,0.602,0.01722962144796682,0.006292699598289082
current__factorial_gap_gate,human,7,young_20_29,0,4,12,463,0.7357254540981127,0.7022499999999999,0.004285679764148664,0.002438235727078484
current__factorial_gap_gate,human,7,young_20_29,1,1,12,472,0.5268698233372492,0.536875,0.13943716601624673,0.019525091727120608
current__factorial_gap_gate,human,7,young_20_29,1,2,12,470,0.597575795707291,0.5970833333333333,0.08234994703293937,0.01683300750672646
current__factorial_gap_gate,human,7,young_20_29,1,3,12,467,0.661532170550705,0.6587500000000001,0.05056809855608927,0.012118627284075653
current__factorial_gap_gate,human,7,young_20_29,1,4,12,461,0.8094435863560462,0.7729166666666667,0.018136383965730057,0.00683317979898138
current__factorial_gap_gate,human,8,older_80_89,0,1,4,472,0.7135494114193273,0.727125,0.02724880107738799,0.011393231938429688
current__factorial_gap_gate,human,8,older_80_89,0,2,4,472,0.8057813516210091,0.804875,0.001937984496124031,0.001937984496124031
current__factorial_gap_gate,human,8,older_80_89,0,3,4,471,0.8894176461802819,0.887375,0.0,0.0
current__factorial_gap_gate,human,8,older_80_89,0,4,4,468,1.150856513755342,1.038875,0.011306160031488979,0.004556024014706369
current__factorial_gap_gate,human,8,older_80_89,1,1,4,469,0.7661385929196219,0.780875,0.09290083636061681,0.029919794558043004
current__factorial_gap_gate,human,8,older_80_89,1,2,4,468,0.8809467603498395,0.881125,0.030114989791288568,0.012854765583692657
current__factorial_gap_gate,human,8,older_80_89,1,3,4,465,0.9811995280889121,0.981,0.01984535040236625,0.007213433961521362
current__factorial_gap_gate,human,8,older_80_89,1,4,4,465,1.282508360353475,1.16225,0.020334373519650374,0.005342406700692999
current__factorial_gap_gate,human,8,young_20_29,0,1,12,472,0.4973445979815323,0.5033333333333333,0.022805121517693618,0.009175655010333046
current__factorial_gap_gate,human,8,young_20_29,0,2,12,472,0.551049728929993,0.5503333333333333,0.016397076039455782,0.006626520394043253
current__factorial_gap_gate,human,8,young_20_29,0,3,12,467,0.6042939719012884,0.602,0.01722962144796682,0.006292699598289082
current__factorial_gap_gate,human,8,young_20_29,0,4,12,463,0.7357254540981127,0.7022499999999999,0.004285679764148664,0.002438235727078484
current__factorial_gap_gate,human,8,young_20_29,1,1,12,472,0.5268698233372492,0.536875,0.13943716601624673,0.019525091727120608
current__factorial_gap_gate,human,8,young_20_29,1,2,12,470,0.597575795707291,0.5970833333333333,0.08234994703293937,0.01683300750672646
current__factorial_gap_gate,human,8,young_20_29,1,3,12,467,0.661532170550705,0.6587500000000001,0.05056809855608927,0.012118627284075653
current__factorial_gap_gate,human,8,young_20_29,1,4,12,461,0.8094435863560462,0.7729166666666667,0.018136383965730057,0.00683317979898138
current__factorial_gap_gate,human,9,older_80_89,0,1,4,472,0.7135494114193273,0.727125,0.02724880107738799,0.011393231938429688
current__factorial_gap_gate,human,9,older_80_89,0,2,4,472,0.8057813516210091,0.804875,0.001937984496124031,0.001937984496124031
current__factorial_gap_gate,human,9,older_80_89,0,3,4,471,0.8894176461802819,0.887375,0.0,0.0
current__factorial_gap_gate,human,9,older_80_89,0,4,4,468,1.150856513755342,1.038875,0.011306160031488979,0.004556024014706369
current__factorial_gap_gate,human,9,older_80_89,1,1,4,469,0.7661385929196219,0.780875,0.09290083636061681,0.029919794558043004
current__factorial_gap_gate,human,9,older_80_89,1,2,4,468,0.8809467603498395,0.881125,0.030114989791288568,0.012854765583692657
current__factorial_gap_gate,human,9,older_80_89,1,3,4,465,0.9811995280889121,0.981,0.01984535040236625,0.007213433961521362
current__factorial_gap_gate,human,9,older_80_89,1,4,4,465,1.282508360353475,1.16225,0.020334373519650374,0.005342406700692999
current__factorial_gap_gate,human,9,young_20_29,0,1,12,472,0.4973445979815323,0.5033333333333333,0.022805121517693618,0.009175655010333046
current__factorial_gap_gate,human,9,young_20_29,0,2,12,472,0.551049728929993,0.5503333333333333,0.016397076039455782,0.006626520394043253
current__factorial_gap_gate,human,9,young_20_29,0,3,12,467,0.6042939719012884,0.602,0.01722962144796682,0.006292699598289082
current__factorial_gap_gate,human,9,young_20_29,0,4,12,463,0.7357254540981127,0.7022499999999999,0.004285679764148664,0.002438235727078484
current__factorial_gap_gate,human,9,young_20_29,1,1,12,472,0.5268698233372492,0.536875,0.13943716601624673,0.019525091727120608
current__factorial_gap_gate,human,9,young_20_29,1,2,12,470,0.597575795707291,0.5970833333333333,0.08234994703293937,0.01683300750672646
current__factorial_gap_gate,human,9,young_20_29,1,3,12,467,0.661532170550705,0.6587500000000001,0.05056809855608927,0.012118627284075653
current__factorial_gap_gate,human,9,young_20_29,1,4,12,461,0.8094435863560462,0.7729166666666667,0.018136383965730057,0.00683317979898138
current__factorial_gap_gate,model,0,older_80_89,0,1,4,472,0.51920118119354,0.5454553522900016,0.003875968992248062,0.002237791741045061
current__factorial_gap_gate,model,0,older_80_89,0,2,4,472,0.7329912926083212,0.7350650705428841,0.01071742379450795,0.002170121160513021
current__factorial_gap_gate,model,0,older_80_89,0,3,4,471,0.8834121984384145,0.8853938047055405,0.012489889222835369,0.0036309330196138833
current__factorial_gap_gate,model,0,older_80_89,0,4,4,468,1.1311882980317163,1.0901372444948283,0.00390625,0.0022552744890219755
current__factorial_gap_gate,model,0,older_80_89,1,1,4,469,0.7835111875453953,0.8122538884043093,0.11145140261954828,0.017741027324128276
current__factorial_gap_gate,model,0,older_80_89,1,2,4,468,1.032809320640785,1.0391291331837795,0.05927220944301411,0.017836992559932388
current__factorial_gap_gate,model,0,older_80_89,1,3,4,465,1.203989022824667,1.1998967331055794,0.048416763822132745,0.014405771713053876
current__factorial_gap_gate,model,0,older_80_89,1,4,4,465,1.4723491002905016,1.4312607151476084,0.02602245897987302,0.0035174623893540514
current__factorial_gap_gate,model,0,young_20_29,0,1,12,472,0.4291550219381475,0.4401198004807911,0.018790020623475883,0.006411976498419379
current__factorial_gap_gate,model,0,young_20_29,0,2,12,472,0.5486401857823561,0.550211561303513,0.03922867105753661,0.016839881656368693
current__factorial_gap_gate,model,0,young_20_29,0,3,12,467,0.6289714853916352,0.6290463953707037,0.00719495624088782,0.0038160998606292327
current__factorial_gap_gate,model,0,young_20_29,0,4,12,463,0.747698156551715,0.7360391308815925,0.016561440619454974,0.006520480924095425
current__factorial_gap_gate,model,0,young_20_29,1,1,12,472,0.6174290870447215,0.6355238781409015,0.33034331288249796,0.03735289252792859
current__factorial_gap_gate,model,0,young_20_29,1,2,12,470,0.7799932148967481,0.7812459819740342,0.11136321163873858,0.016694870935448667
current__factorial_gap_gate,model,0,young_20_29,1,3,12,467,0.8901573447795251,0.8908683302354303,0.05764638190040431,0.01574362627294669
current__factorial_gap_gate,model,0,young_20_29,1,4,12,461,1.0536627458894,1.0384440913642794,0.027001313083028066,0.008488092516152162
current__factorial_gap_gate,model,1,older_80_89,0,1,4,472,0.5197656456025818,0.5454556194778143,0.004542151162790697,0.002678229175801222
current__factorial_gap_gate,model,1,older_80_89,0,2,4,472,0.7302898582704058,0.7341262249121661,0.009870582052292734,0.004856527462487307
current__factorial_gap_gate,model,1,older_80_89,0,3,4,471,0.8883626427410893,0.8884013716394434,0.00423728813559322,0.00423728813559322
current__factorial_gap_gate,model,1,older_80_89,0,4,4,468,1.1468446957899185,1.0976654370983336,0.010811333220872694,0.002189736532083434
current__factorial_gap_gate,model,1,older_80_89,1,1,4,469,0.7799557175397054,0.809622373983038,0.1286168518344161,0.009843153839744009
current__factorial_gap_gate,model,1,older_80_89,1,2,4,468,1.0271837075977501,1.028133646060457,0.0548454448571308,0.007641980557164164
current__factorial_gap_gate,model,1,older_80_89,1,3,4,465,1.1969394315004418,1.1938235604163339,0.04874987633664739,0.007626004418064369
current__factorial_gap_gate,model,1,older_80_89,1,4,4,465,1.4646615238042662,1.4302299628113162,0.025587606278271065,0.01168468087793269
current__factorial_gap_gate,model,1,young_20_29,0,1,12,472,0.43504494089264606,0.4501356052823609,0.042362471579403364,0.01134614407910644
current__factorial_gap_gate,model,1,young_20_29,0,2,12,472,0.5471181314459886,0.5480318416206339,0.02372569190947103,0.011509013884465737
current__factorial_gap_gate,model,1,young_20_29,0,3,12,467,0.627321596803068,0.6257589347706637,0.018495907496861565,0.0080285510001329
current__factorial_gap_gate,model,1,young_20_29,0,4,12,463,0.7449760059730514,0.7371421240064233,0.020417787179150815,0.0072931492813677005
current__factorial_gap_gate,model,1,young_20_29,1,1,12,472,0.6188030256839663,0.6364602276663188,0.3038522718675888,0.03154335816148937
current__factorial_gap_gate,model,1,young_20_29,1,2,12,470,0.7810455508106929,0.7821361559706043,0.10088491322722483,0.019060717008857378
current__factorial_gap_gate,model,1,young_20_29,1,3,12,467,0.8913738094683085,0.8907735542370491,0.04549250713963088,0.01272490582222872
current__factorial_gap_gate,model,1,young_20_29,1,4,12,461,1.0474830433472968,1.0282900662031342,0.025491612026699747,0.010647001720005803
current__factorial_gap_gate,model,2,older_80_89,0,1,4,472,0.520322085195251,0.5473007108729402,0.004056628563920641,0.0023467361069714593
current__factorial_gap_gate,model,2,older_80_89,0,2,4,472,0.7327038869578559,0.7337969865414734,0.006175272631717251,0.004029374911363987
current__factorial_gap_gate,model,2,older_80_89,0,3,4,471,0.8924736157521487,0.8905010564652773,0.00814353813559322,0.004709436833291753
current__factorial_gap_gate,model,2,older_80_89,0,4,4,468,1.1387332161885233,1.0912508537352714,0.007216282894736842,0.004966131101281676
current__factorial_gap_gate,model,2,older_80_89,1,1,4,469,0.7846303306433282,0.8147185641271293,0.09591707400956177,0.010267924799668173
current__factorial_gap_gate,model,2,older_80_89,1,2,4,468,1.024241089434104,1.0272315605590914,0.0522389315497545,0.009617835573383296
current__factorial_gap_gate,model,2,older_80_89,1,3,4,465,1.2038582774543691,1.204103523526749,0.04228435909526808,0.0035808481359670984
current__factorial_gap_gate,model,2,older_80_89,1,4,4,465,1.4665189324123697,1.4213716940310999,0.032135084340211784,0.011543872170040579
current__factorial_gap_gate,model,2,young_20_29,0,1,12,472,0.43232742678216723,0.4494166960934158,0.03337289214167396,0.012848827950062041
current__factorial_gap_gate,model,2,young_20_29,0,2,12,472,0.5465288126924414,0.547298288678262,0.02012725512319483,0.007479006642248296
current__factorial_gap_gate,model,2,young_20_29,0,3,12,467,0.6250085855324213,0.623533765868267,0.020624617385981023,0.010092296658183831
current__factorial_gap_gate,model,2,young_20_29,0,4,12,463,0.7421297984665709,0.7252211376778331,0.013128252219161309,0.006128379563464146
current__factorial_gap_gate,model,2,young_20_29,1,1,12,472,0.6146196425114816,0.6277480832155795,0.26582346075392205,0.03188643041281799
current__factorial_gap_gate,model,2,young_20_29,1,2,12,470,0.7829905938242914,0.7827383531587632,0.1273630594518233,0.013763602269283434
current__factorial_gap_gate,model,2,young_20_29,1,3,12,467,0.8959515767401444,0.8948808211180327,0.044018789091158216,0.00825306142923165
current__factorial_gap_gate,model,2,young_20_29,1,4,12,461,1.0518527223738514,1.0347573397174707,0.016809629579765145,0.00639086287867118
current__factorial_gap_gate,model,3,older_80_89,0,1,4,472,0.5146703685181531,0.534580227459909,0.00211864406779661,0.00211864406779661
current__factorial_gap_gate,model,3,older_80_89,0,2,4,472,0.7215573747553887,0.7202020359005181,0.01265540829063198,0.002152633908263163
current__factorial_gap_gate,model,3,older_80_89,0,3,4,471,0.8795415402288291,0.8790842565351216,0.010536764222835369,0.004805072570639728
current__factorial_gap_gate,model,3,older_80_89,0,4,4,468,1.1499001936246267,1.113809459335204,0.008674581084120558,0.0006410644638952322
current__factorial_gap_gate,model,3,older_80_89,1,1,4,469,0.7793625624512864,0.8042624933951383,0.09502479773431044,0.010470096218224832
current__factorial_gap_gate,model,3,older_80_89,1,2,4,468,1.0261581461316207,1.0273135153470698,0.048536553517916685,0.01651779034771835
current__factorial_gap_gate,model,3,older_80_89,1,3,4,465,1.199368234529081,1.2015071327042612,0.036867870401528585,0.008173118685149064
current__factorial_gap_gate,model,3,older_80_89,1,4,4,465,1.494909409480819,1.4505975010977237,0.033481401392828465,0.006762197687541438
current__factorial_gap_gate,model,3,young_20_29,0,1,12,472,0.434141007011315,0.4470588754094326,0.016502928334248438,0.009230806196704201
current__factorial_gap_gate,model,3,young_20_29,0,2,12,472,0.5456272919849664,0.5452349330384226,0.005833204858077667,0.003348460551016638
current__factorial_gap_gate,model,3,young_20_29,0,3,12,467,0.6242231409107909,0.6232693539722926,0.017193868811570725,0.006064956816759897
current__factorial_gap_gate,model,3,young_20_29,0,4,12,463,0.7422502710173707,0.7287861092029111,0.03724583353470914,0.011541404884890399
current__factorial_gap_gate,model,3,young_20_29,1,1,12,472,0.6161517094501608,0.6344090607494348,0.3070485001405731,0.025904917199917173
current__factorial_gap_gate,model,3,young_20_29,1,2,12,470,0.7801945819076934,0.7808103792579373,0.124880453941132,0.015436800250281145
current__factorial_gap_gate,model,3,young_20_29,1,3,12,467,0.8928025497170283,0.8931058660175101,0.051060085409954804,0.011627332045495955
current__factorial_gap_gate,model,3,young_20_29,1,4,12,461,1.0515153499909824,1.0319803159012437,0.02863038336740138,0.010130513737380824
current__factorial_gap_gate,model,4,older_80_89,0,1,4,472,0.5205344738089441,0.5449690802299488,0.006480135658914728,0.0022495072950100134
current__factorial_gap_gate,model,4,older_80_89,0,2,4,472,0.7316712938685465,0.7313854973689329,0.0124747487189594,0.0017932350919421794
current__factorial_gap_gate,model,4,older_80_89,0,3,4,471,0.8872610695237305,0.8858625319238752,0.01382225356392064,0.008629267627288167
current__factorial_gap_gate,model,4,older_80_89,0,4,4,468,1.1446252627524363,1.10157999858016,0.008858208220872694,0.003537566126860449
current__factorial_gap_gate,model,4,older_80_89,1,1,4,469,0.7819325449719923,0.8152888205817231,0.09079662915581291,0.01667405708152014
current__factorial_gap_gate,model,4,older_80_89,1,2,4,468,1.0234457294431722,1.024426881112473,0.06607918214240494,0.01897107765718966
current__factorial_gap_gate,model,4,older_80_89,1,3,4,465,1.2011863646240757,1.2033869007425728,0.04691243750036106,0.002898935024441777
current__factorial_gap_gate,model,4,older_80_89,1,4,4,465,1.4729360520911419,1.4181013233458009,0.037725830042865144,0.013797310506093261
current__factorial_gap_gate,model,4,young_20_29,0,1,12,472,0.4316088131371392,0.44428612153198,0.021113825045923604,0.009177759041328847
current__factorial_gap_gate,model,4,young_20_29,0,2,12,472,0.5478478831737583,0.549429415704619,0.010212565691426779,0.005798666968888802
current__factorial_gap_gate,model,4,young_20_29,0,3,12,467,0.6266036300728356,0.6280154396485458,0.015604973176743512,0.006359505080951629
current__factorial_gap_gate,model,4,young_20_29,0,4,12,463,0.7447199662843379,0.7288374153456253,0.023263798269779132,0.010706362907994921
current__factorial_gap_gate,model,4,young_20_29,1,1,12,472,0.6149926270069722,0.6343204318062433,0.2897151316651904,0.02397010051164532
current__factorial_gap_gate,model,4,young_20_29,1,2,12,470,0.7793501024072272,0.7778799033216884,0.10644042638440254,0.023970717661844956
current__factorial_gap_gate,model,4,young_20_29,1,3,12,467,0.8923109153400438,0.8945257432994822,0.05512381686892275,0.009174079842368814
current__factorial_gap_gate,model,4,young_20_29,1,4,12,461,1.0495372879331766,1.0301085721460963,0.025738776847229795,0.010628266364665196
current__factorial_gap_gate,model,5,older_80_89,0,1,4,472,0.5174897250985231,0.5435658279346547,0.013927210616213374,0.004938016153715974
current__factorial_gap_gate,model,5,older_80_89,0,2,4,472,0.7288877739842676,0.7308047547804711,0.005813953488372093,0.005813953488372093
current__factorial_gap_gate,model,5,older_80_89,0,3,4,471,0.8875623154589488,0.8835128714683511,0.009735343992248062,0.0058493510019082
current__factorial_gap_gate,model,5,older_80_89,0,4,4,468,1.141189798998975,1.0947837440459762,0.010811333220872694,0.002189736532083434
current__factorial_gap_gate,model,5,older_80_89,1,1,4,469,0.7815126222567303,0.810903006675059,0.11586753411741937,0.011759360970745368
current__factorial_gap_gate,model,5,older_80_89,1,2,4,468,1.0264374181970506,1.0283394235965257,0.060729885497122923,0.005489182341289894
current__factorial_gap_gate,model,5,older_80_89,1,3,4,465,1.2069511962285997,1.2080529979565386,0.058812789841624254,0.006622918220889256
current__factorial_gap_gate,model,5,older_80_89,1,4,4,465,1.4659594944622982,1.4313417112711606,0.021409759511787915,0.003565927726405307
current__factorial_gap_gate,model,5,young_20_29,0,1,12,472,0.43370774581284577,0.44857371833156817,0.013813544190876019,0.005369363542930996
current__factorial_gap_gate,model,5,young_20_29,0,2,12,472,0.5460180041620565,0.5459001121884205,0.009635072696369916,0.004721769690325977
current__factorial_gap_gate,model,5,young_20_29,0,3,12,467,0.6276793530414632,0.6269837362003964,0.012550120060001483,0.005711484213082951
current__factorial_gap_gate,model,5,young_20_29,0,4,12,463,0.7473806680430944,0.7343451505250621,0.020491356950687094,0.006393320939467246
current__factorial_gap_gate,model,5,young_20_29,1,1,12,472,0.613592419603377,0.6344043608101699,0.28315906147396064,0.03290520985800747
current__factorial_gap_gate,model,5,young_20_29,1,2,12,470,0.7755217624442269,0.7737336037365802,0.12842673809733496,0.017466399429026332
current__factorial_gap_gate,model,5,young_20_29,1,3,12,467,0.8913139081583105,0.8913997143156084,0.06027908071253988,0.00920631449038359
current__factorial_gap_gate,model,5,young_20_29,1,4,12,461,1.048088894507258,1.0311881789177586,0.026298900756636004,0.008827626580954026
current__factorial_gap_gate,model,6,older_80_89,0,1,4,472,0.5145068353593752,0.5267846844080455,0.010898083366180528,0.005322065619666563
current__factorial_gap_gate,model,6,older_80_89,0,2,4,472,0.7354550588330608,0.7404703952172135,0.006480135658914728,0.0022495072950100134
current__factorial_gap_gate,model,6,older_80_89,0,3,4,471,0.8883371598567538,0.8843570082793331,0.003875968992248062,0.003875968992248062
current__factorial_gap_gate,model,6,older_80_89,0,4,4,468,1.1418374432523177,1.0899507010384817,0.006226629273504274,0.004063628594227774
current__factorial_gap_gate,model,6,older_80_89,1,1,4,469,0.7790643903230643,0.8079422199673703,0.11793268250007846,0.01473440771828309
current__factorial_gap_gate,model,6,older_80_89,1,2,4,468,1.0281110947471575,1.0318392605029287,0.04103208445884157,0.005802162537990029
current__factorial_gap_gate,model,6,older_80_89,1,3,4,465,1.203658030032278,1.2034727387952946,0.04388392650822352,0.005228850750996008
current__factorial_gap_gate,model,6,older_80_89,1,4,4,465,1.4739088715158701,1.425624755021419,0.03420829593344348,0.00798704255992866
current__factorial_gap_gate,model,6,young_20_29,0,1,12,472,0.4348782660478674,0.44657741765090403,0.016075813127001726,0.005867721451929968
current__factorial_gap_gate,model,6,young_20_29,0,2,12,472,0.5479323346004598,0.5489866943330354,0.0364976258423133,0.006255399735274893
current__factorial_gap_gate,model,6,young_20_29,0,3,12,467,0.6259109148164501,0.6255033203555888,0.01372589531680441,0.007407501044481995
current__factorial_gap_gate,model,6,young_20_29,0,4,12,463,0.7423283491994329,0.7283010240910447,0.024988205131745798,0.009219940112380755
current__factorial_gap_gate,model,6,young_20_29,1,1,12,472,0.6164951992009303,0.6309831196293015,0.31501821648751166,0.03514519766193386
current__factorial_gap_gate,model,6,young_20_29,1,2,12,470,0.7792139736458034,0.7807063085643198,0.11835295545782847,0.024518172951171854
current__factorial_gap_gate,model,6,young_20_29,1,3,12,467,0.895744154407449,0.8954142482580832,0.05167610717907093,0.0124873699754735
current__factorial_gap_gate,model,6,young_20_29,1,4,12,461,1.0497043970295679,1.0264322929617242,0.03632990267377874,0.009683425440030723
current__factorial_gap_gate,model,7,older_80_89,0,1,4,472,0.5185405736774242,0.5457554582884119,0.006480135658914728,0.0022495072950100134
current__factorial_gap_gate,model,7,older_80_89,0,2,4,472,0.7262680018843385,0.727230108586816,0.012169885691761924,0.005434490380588975
current__factorial_gap_gate,model,7,older_80_89,0,3,4,471,0.8914540219070682,0.8895737855768462,0.001953125,0.001953125
current__factorial_gap_gate,model,7,older_80_89,0,4,4,468,1.1434597961084423,1.1076916628891775,0.001953125,0.001953125
current__factorial_gap_gate,model,7,older_80_89,1,1,4,469,0.7894233241532957,0.820182402122217,0.1090185054961868,0.00974019969670251
current__factorial_gap_gate,model,7,older_80_89,1,2,4,468,1.0195548107530323,1.0198270692557165,0.07733276420426567,0.01332416772277437
current__factorial_gap_gate,model,7,older_80_89,1,3,4,465,1.1957390770171612,1.1921688377590902,0.038483482457495916,0.01641991218720479
current__factorial_gap_gate,model,7,older_80_89,1,4,4,465,1.4694050328517974,1.4260347290230184,0.023362884511787915,0.0029997164645897134
current__factorial_gap_gate,model,7,young_20_29,0,1,12,472,0.4308826818509482,0.4459151272225226,0.01624181663003862,0.006673767763006154
current__factorial_gap_gate,model,7,young_20_29,0,2,12,472,0.545290439569918,0.546088682196176,0.020896558636138703,0.007159756264695535
current__factorial_gap_gate,model,7,young_20_29,0,3,12,467,0.6258944020111372,0.6240268882114531,0.008112947658402205,0.006606417298641362
current__factorial_gap_gate,model,7,young_20_29,0,4,12,463,0.7452914158309777,0.7276197709936789,0.011056286549707603,0.006465070745734372
current__factorial_gap_gate,model,7,young_20_29,1,1,12,472,0.615444590370292,0.6219798757760621,0.2967687531320876,0.03305780077544243
current__factorial_gap_gate,model,7,young_20_29,1,2,12,470,0.7831481701857786,0.7819973201246196,0.1213887623433539,0.02353664995124544
current__factorial_gap_gate,model,7,young_20_29,1,3,12,467,0.8944387367423893,0.8917921320660179,0.0637945845452005,0.013616681764338143
current__factorial_gap_gate,model,7,young_20_29,1,4,12,461,1.0444853655528485,1.0258745385897523,0.02728355745500881,0.0105167973384869
current__factorial_gap_gate,model,8,older_80_89,0,1,4,472,0.5151808409095577,0.5365253615286485,0.015078915385626068,0.002534623641526859
current__factorial_gap_gate,model,8,older_80_89,0,2,4,472,0.7234135071971047,0.7240146031918783,0.005994613060044672,0.0020054505945977857
current__factorial_gap_gate,model,8,older_80_89,0,3,4,471,0.8894109797953474,0.8867669486729977,0.006841454802259887,0.00416891973521129
current__factorial_gap_gate,model,8,older_80_89,0,4,4,468,1.1501444379628585,1.1023910059930644,0.006721456084120558,0.002312609418840456
current__factorial_gap_gate,model,8,older_80_89,1,1,4,469,0.7884231331491292,0.8156133420796122,0.0997627619940579,0.017659057843155548
current__factorial_gap_gate,model,8,older_80_89,1,2,4,468,1.0331144056461161,1.0336746253201712,0.04028131880548404,0.004187981334593718
current__factorial_gap_gate,model,8,older_80_89,1,3,4,465,1.1995507152956884,1.1994243600159462,0.05156536140750198,0.011756908374022306
current__factorial_gap_gate,model,8,older_80_89,1,4,4,465,1.459051685999594,1.4235368683881193,0.025587606278271065,0.01168468087793269
current__factorial_gap_gate,model,8,young_20_29,0,1,12,472,0.43520171559519844,0.44935325242293156,0.02573341927357758,0.009253500754477714
current__factorial_gap_gate,model,8,young_20_29,0,2,12,472,0.5491012451122549,0.5487542153715951,0.030339963445918782,0.010216541567893223
current__factorial_gap_gate,model,8,young_20_29,0,3,12,467,0.6244863048096541,0.6219153232392162,0.01616413623590657,0.006534710493934324
current__factorial_gap_gate,model,8,young_20_29,0,4,12,463,0.7464352956960015,0.7307574834520468,0.0187952088669792,0.008825207958400293
current__factorial_gap_gate,model,8,young_20_29,1,1,12,472,0.615981017093708,0.6373648365162655,0.3003855365077078,0.028965925932356345
current__factorial_gap_gate,model,8,young_20_29,1,2,12,470,0.7803805908302032,0.7821402172259891,0.12034063428738999,0.017806971471120283
current__factorial_gap_gate,model,8,young_20_29,1,3,12,467,0.8873852135906767,0.8827312824409033,0.06038315196026783,0.011987184692821019
current__factorial_gap_gate,model,8,young_20_29,1,4,12,461,1.0451218084817964,1.0257025659559387,0.03106210354633049,0.007841881013336384
current__factorial_gap_gate,model,9,older_80_89,0,1,4,472,0.5164491538457103,0.5405551302651337,0.01441273321508343,0.005560209043334755
current__factorial_gap_gate,model,9,older_80_89,0,2,4,472,0.7261090338610705,0.7262090714594018,0.006841454802259887,0.00416891973521129
current__factorial_gap_gate,model,9,older_80_89,0,3,4,471,0.8829893983529441,0.878065549028756,0.013611312984496124,0.008008983091139652
current__factorial_gap_gate,model,9,older_80_89,0,4,4,468,1.1244733454789047,1.0894538333329389,0.015396037168241117,0.002775527819412507
current__factorial_gap_gate,model,9,older_80_89,1,1,4,469,0.7842500075364033,0.8146412817409,0.12142634253156745,0.016511246447893604
current__factorial_gap_gate,model,9,older_80_89,1,2,4,468,1.0260937357677902,1.0265507171559336,0.05873472979888575,0.010451017411733508
current__factorial_gap_gate,model,9,older_80_89,1,3,4,465,1.2089087196777633,1.2087417125767423,0.045402198806621566,0.01030697712295371
current__factorial_gap_gate,model,9,older_80_89,1,4,4,465,1.4860498241532194,1.4444928424585881,0.03854939863504543,0.004722316072418472
current__factorial_gap_gate,model,9,young_20_29,0,1,12,472,0.43468102678411685,0.44731676935580755,0.009238047067924192,0.005310728211434555
current__factorial_gap_gate,model,9,young_20_29,0,2,12,472,0.5478867441152249,0.5512277902317629,0.01704935664799995,0.008479916149591258
current__factorial_gap_gate,model,9,young_20_29,0,3,12,467,0.6267506406747438,0.6263258253936632,0.01705482725403387,0.006170279986603719
current__factorial_gap_gate,model,9,young_20_29,0,4,12,463,0.7420023449820455,0.7288551040006741,0.01778623556135518,0.0075360653438609915
current__factorial_gap_gate,model,9,young_20_29,1,1,12,472,0.6187541450526669,0.6360035157529359,0.30896987087298533,0.028086699231934586
current__factorial_gap_gate,model,9,young_20_29,1,2,12,470,0.7790329147408102,0.7760813187525764,0.10406615589697595,0.015006079165218579
current__factorial_gap_gate,model,9,young_20_29,1,3,12,467,0.8948576285428076,0.8936762491411548,0.07133496258278871,0.01904004241373333
current__factorial_gap_gate,model,9,young_20_29,1,4,12,461,1.0569865934500047,1.0404638871723046,0.019273485980025054,0.009161470144591767
current__factorial_joint_first_passage,human,0,older_80_89,0,1,4,472,0.7135494114193273,0.727125,0.02724880107738799,0.011393231938429688
current__factorial_joint_first_passage,human,0,older_80_89,0,2,4,472,0.8057813516210091,0.804875,0.001937984496124031,0.001937984496124031
current__factorial_joint_first_passage,human,0,older_80_89,0,3,4,471,0.8894176461802819,0.887375,0.0,0.0
current__factorial_joint_first_passage,human,0,older_80_89,0,4,4,468,1.150856513755342,1.038875,0.011306160031488979,0.004556024014706369
current__factorial_joint_first_passage,human,0,older_80_89,1,1,4,469,0.7661385929196219,0.780875,0.09290083636061681,0.029919794558043004
current__factorial_joint_first_passage,human,0,older_80_89,1,2,4,468,0.8809467603498395,0.881125,0.030114989791288568,0.012854765583692657
current__factorial_joint_first_passage,human,0,older_80_89,1,3,4,465,0.9811995280889121,0.981,0.01984535040236625,0.007213433961521362
current__factorial_joint_first_passage,human,0,older_80_89,1,4,4,465,1.282508360353475,1.16225,0.020334373519650374,0.005342406700692999
current__factorial_joint_first_passage,human,0,young_20_29,0,1,12,472,0.4973445979815323,0.5033333333333333,0.022805121517693618,0.009175655010333046
current__factorial_joint_first_passage,human,0,young_20_29,0,2,12,472,0.551049728929993,0.5503333333333333,0.016397076039455782,0.006626520394043253
current__factorial_joint_first_passage,human,0,young_20_29,0,3,12,467,0.6042939719012884,0.602,0.01722962144796682,0.006292699598289082
current__factorial_joint_first_passage,human,0,young_20_29,0,4,12,463,0.7357254540981127,0.7022499999999999,0.004285679764148664,0.002438235727078484
current__factorial_joint_first_passage,human,0,young_20_29,1,1,12,472,0.5268698233372492,0.536875,0.13943716601624673,0.019525091727120608
current__factorial_joint_first_passage,human,0,young_20_29,1,2,12,470,0.597575795707291,0.5970833333333333,0.08234994703293937,0.01683300750672646
current__factorial_joint_first_passage,human,0,young_20_29,1,3,12,467,0.661532170550705,0.6587500000000001,0.05056809855608927,0.012118627284075653
current__factorial_joint_first_passage,human,0,young_20_29,1,4,12,461,0.8094435863560462,0.7729166666666667,0.018136383965730057,0.00683317979898138
current__factorial_joint_first_passage,human,1,older_80_89,0,1,4,472,0.7135494114193273,0.727125,0.02724880107738799,0.011393231938429688
current__factorial_joint_first_passage,human,1,older_80_89,0,2,4,472,0.8057813516210091,0.804875,0.001937984496124031,0.001937984496124031
current__factorial_joint_first_passage,human,1,older_80_89,0,3,4,471,0.8894176461802819,0.887375,0.0,0.0
current__factorial_joint_first_passage,human,1,older_80_89,0,4,4,468,1.150856513755342,1.038875,0.011306160031488979,0.004556024014706369
current__factorial_joint_first_passage,human,1,older_80_89,1,1,4,469,0.7661385929196219,0.780875,0.09290083636061681,0.029919794558043004
current__factorial_joint_first_passage,human,1,older_80_89,1,2,4,468,0.8809467603498395,0.881125,0.030114989791288568,0.012854765583692657
current__factorial_joint_first_passage,human,1,older_80_89,1,3,4,465,0.9811995280889121,0.981,0.01984535040236625,0.007213433961521362
current__factorial_joint_first_passage,human,1,older_80_89,1,4,4,465,1.282508360353475,1.16225,0.020334373519650374,0.005342406700692999
current__factorial_joint_first_passage,human,1,young_20_29,0,1,12,472,0.4973445979815323,0.5033333333333333,0.022805121517693618,0.009175655010333046
current__factorial_joint_first_passage,human,1,young_20_29,0,2,12,472,0.551049728929993,0.5503333333333333,0.016397076039455782,0.006626520394043253
current__factorial_joint_first_passage,human,1,young_20_29,0,3,12,467,0.6042939719012884,0.602,0.01722962144796682,0.006292699598289082
current__factorial_joint_first_passage,human,1,young_20_29,0,4,12,463,0.7357254540981127,0.7022499999999999,0.004285679764148664,0.002438235727078484
current__factorial_joint_first_passage,human,1,young_20_29,1,1,12,472,0.5268698233372492,0.536875,0.13943716601624673,0.019525091727120608
current__factorial_joint_first_passage,human,1,young_20_29,1,2,12,470,0.597575795707291,0.5970833333333333,0.08234994703293937,0.01683300750672646
current__factorial_joint_first_passage,human,1,young_20_29,1,3,12,467,0.661532170550705,0.6587500000000001,0.05056809855608927,0.012118627284075653
current__factorial_joint_first_passage,human,1,young_20_29,1,4,12,461,0.8094435863560462,0.7729166666666667,0.018136383965730057,0.00683317979898138
current__factorial_joint_first_passage,human,2,older_80_89,0,1,4,472,0.7135494114193273,0.727125,0.02724880107738799,0.011393231938429688
current__factorial_joint_first_passage,human,2,older_80_89,0,2,4,472,0.8057813516210091,0.804875,0.001937984496124031,0.001937984496124031
current__factorial_joint_first_passage,human,2,older_80_89,0,3,4,471,0.8894176461802819,0.887375,0.0,0.0
current__factorial_joint_first_passage,human,2,older_80_89,0,4,4,468,1.150856513755342,1.038875,0.011306160031488979,0.004556024014706369
current__factorial_joint_first_passage,human,2,older_80_89,1,1,4,469,0.7661385929196219,0.780875,0.09290083636061681,0.029919794558043004
current__factorial_joint_first_passage,human,2,older_80_89,1,2,4,468,0.8809467603498395,0.881125,0.030114989791288568,0.012854765583692657
current__factorial_joint_first_passage,human,2,older_80_89,1,3,4,465,0.9811995280889121,0.981,0.01984535040236625,0.007213433961521362
current__factorial_joint_first_passage,human,2,older_80_89,1,4,4,465,1.282508360353475,1.16225,0.020334373519650374,0.005342406700692999
current__factorial_joint_first_passage,human,2,young_20_29,0,1,12,472,0.4973445979815323,0.5033333333333333,0.022805121517693618,0.009175655010333046
current__factorial_joint_first_passage,human,2,young_20_29,0,2,12,472,0.551049728929993,0.5503333333333333,0.016397076039455782,0.006626520394043253
current__factorial_joint_first_passage,human,2,young_20_29,0,3,12,467,0.6042939719012884,0.602,0.01722962144796682,0.006292699598289082
current__factorial_joint_first_passage,human,2,young_20_29,0,4,12,463,0.7357254540981127,0.7022499999999999,0.004285679764148664,0.002438235727078484
current__factorial_joint_first_passage,human,2,young_20_29,1,1,12,472,0.5268698233372492,0.536875,0.13943716601624673,0.019525091727120608
current__factorial_joint_first_passage,human,2,young_20_29,1,2,12,470,0.597575795707291,0.5970833333333333,0.08234994703293937,0.01683300750672646
current__factorial_joint_first_passage,human,2,young_20_29,1,3,12,467,0.661532170550705,0.6587500000000001,0.05056809855608927,0.012118627284075653
current__factorial_joint_first_passage,human,2,young_20_29,1,4,12,461,0.8094435863560462,0.7729166666666667,0.018136383965730057,0.00683317979898138
current__factorial_joint_first_passage,human,3,older_80_89,0,1,4,472,0.7135494114193273,0.727125,0.02724880107738799,0.011393231938429688
current__factorial_joint_first_passage,human,3,older_80_89,0,2,4,472,0.8057813516210091,0.804875,0.001937984496124031,0.001937984496124031
current__factorial_joint_first_passage,human,3,older_80_89,0,3,4,471,0.8894176461802819,0.887375,0.0,0.0
current__factorial_joint_first_passage,human,3,older_80_89,0,4,4,468,1.150856513755342,1.038875,0.011306160031488979,0.004556024014706369
current__factorial_joint_first_passage,human,3,older_80_89,1,1,4,469,0.7661385929196219,0.780875,0.09290083636061681,0.029919794558043004
current__factorial_joint_first_passage,human,3,older_80_89,1,2,4,468,0.8809467603498395,0.881125,0.030114989791288568,0.012854765583692657
current__factorial_joint_first_passage,human,3,older_80_89,1,3,4,465,0.9811995280889121,0.981,0.01984535040236625,0.007213433961521362
current__factorial_joint_first_passage,human,3,older_80_89,1,4,4,465,1.282508360353475,1.16225,0.020334373519650374,0.005342406700692999
current__factorial_joint_first_passage,human,3,young_20_29,0,1,12,472,0.4973445979815323,0.5033333333333333,0.022805121517693618,0.009175655010333046
current__factorial_joint_first_passage,human,3,young_20_29,0,2,12,472,0.551049728929993,0.5503333333333333,0.016397076039455782,0.006626520394043253
current__factorial_joint_first_passage,human,3,young_20_29,0,3,12,467,0.6042939719012884,0.602,0.01722962144796682,0.006292699598289082
current__factorial_joint_first_passage,human,3,young_20_29,0,4,12,463,0.7357254540981127,0.7022499999999999,0.004285679764148664,0.002438235727078484
current__factorial_joint_first_passage,human,3,young_20_29,1,1,12,472,0.5268698233372492,0.536875,0.13943716601624673,0.019525091727120608
current__factorial_joint_first_passage,human,3,young_20_29,1,2,12,470,0.597575795707291,0.5970833333333333,0.08234994703293937,0.01683300750672646
current__factorial_joint_first_passage,human,3,young_20_29,1,3,12,467,0.661532170550705,0.6587500000000001,0.05056809855608927,0.012118627284075653
current__factorial_joint_first_passage,human,3,young_20_29,1,4,12,461,0.8094435863560462,0.7729166666666667,0.018136383965730057,0.00683317979898138
current__factorial_joint_first_passage,human,4,older_80_89,0,1,4,472,0.7135494114193273,0.727125,0.02724880107738799,0.011393231938429688
current__factorial_joint_first_passage,human,4,older_80_89,0,2,4,472,0.8057813516210091,0.804875,0.001937984496124031,0.001937984496124031
current__factorial_joint_first_passage,human,4,older_80_89,0,3,4,471,0.8894176461802819,0.887375,0.0,0.0
current__factorial_joint_first_passage,human,4,older_80_89,0,4,4,468,1.150856513755342,1.038875,0.011306160031488979,0.004556024014706369
current__factorial_joint_first_passage,human,4,older_80_89,1,1,4,469,0.7661385929196219,0.780875,0.09290083636061681,0.029919794558043004
current__factorial_joint_first_passage,human,4,older_80_89,1,2,4,468,0.8809467603498395,0.881125,0.030114989791288568,0.012854765583692657
current__factorial_joint_first_passage,human,4,older_80_89,1,3,4,465,0.9811995280889121,0.981,0.01984535040236625,0.007213433961521362
current__factorial_joint_first_passage,human,4,older_80_89,1,4,4,465,1.282508360353475,1.16225,0.020334373519650374,0.005342406700692999
current__factorial_joint_first_passage,human,4,young_20_29,0,1,12,472,0.4973445979815323,0.5033333333333333,0.022805121517693618,0.009175655010333046
current__factorial_joint_first_passage,human,4,young_20_29,0,2,12,472,0.551049728929993,0.5503333333333333,0.016397076039455782,0.006626520394043253
current__factorial_joint_first_passage,human,4,young_20_29,0,3,12,467,0.6042939719012884,0.602,0.01722962144796682,0.006292699598289082
current__factorial_joint_first_passage,human,4,young_20_29,0,4,12,463,0.7357254540981127,0.7022499999999999,0.004285679764148664,0.002438235727078484
current__factorial_joint_first_passage,human,4,young_20_29,1,1,12,472,0.5268698233372492,0.536875,0.13943716601624673,0.019525091727120608
current__factorial_joint_first_passage,human,4,young_20_29,1,2,12,470,0.597575795707291,0.5970833333333333,0.08234994703293937,0.01683300750672646
current__factorial_joint_first_passage,human,4,young_20_29,1,3,12,467,0.661532170550705,0.6587500000000001,0.05056809855608927,0.012118627284075653
current__factorial_joint_first_passage,human,4,young_20_29,1,4,12,461,0.8094435863560462,0.7729166666666667,0.018136383965730057,0.00683317979898138
current__factorial_joint_first_passage,human,5,older_80_89,0,1,4,472,0.7135494114193273,0.727125,0.02724880107738799,0.011393231938429688
current__factorial_joint_first_passage,human,5,older_80_89,0,2,4,472,0.8057813516210091,0.804875,0.001937984496124031,0.001937984496124031
current__factorial_joint_first_passage,human,5,older_80_89,0,3,4,471,0.8894176461802819,0.887375,0.0,0.0
current__factorial_joint_first_passage,human,5,older_80_89,0,4,4,468,1.150856513755342,1.038875,0.011306160031488979,0.004556024014706369
current__factorial_joint_first_passage,human,5,older_80_89,1,1,4,469,0.7661385929196219,0.780875,0.09290083636061681,0.029919794558043004
current__factorial_joint_first_passage,human,5,older_80_89,1,2,4,468,0.8809467603498395,0.881125,0.030114989791288568,0.012854765583692657
current__factorial_joint_first_passage,human,5,older_80_89,1,3,4,465,0.9811995280889121,0.981,0.01984535040236625,0.007213433961521362
current__factorial_joint_first_passage,human,5,older_80_89,1,4,4,465,1.282508360353475,1.16225,0.020334373519650374,0.005342406700692999
current__factorial_joint_first_passage,human,5,young_20_29,0,1,12,472,0.4973445979815323,0.5033333333333333,0.022805121517693618,0.009175655010333046
current__factorial_joint_first_passage,human,5,young_20_29,0,2,12,472,0.551049728929993,0.5503333333333333,0.016397076039455782,0.006626520394043253
current__factorial_joint_first_passage,human,5,young_20_29,0,3,12,467,0.6042939719012884,0.602,0.01722962144796682,0.006292699598289082
current__factorial_joint_first_passage,human,5,young_20_29,0,4,12,463,0.7357254540981127,0.7022499999999999,0.004285679764148664,0.002438235727078484
current__factorial_joint_first_passage,human,5,young_20_29,1,1,12,472,0.5268698233372492,0.536875,0.13943716601624673,0.019525091727120608
current__factorial_joint_first_passage,human,5,young_20_29,1,2,12,470,0.597575795707291,0.5970833333333333,0.08234994703293937,0.01683300750672646
current__factorial_joint_first_passage,human,5,young_20_29,1,3,12,467,0.661532170550705,0.6587500000000001,0.05056809855608927,0.012118627284075653
current__factorial_joint_first_passage,human,5,young_20_29,1,4,12,461,0.8094435863560462,0.7729166666666667,0.018136383965730057,0.00683317979898138
current__factorial_joint_first_passage,human,6,older_80_89,0,1,4,472,0.7135494114193273,0.727125,0.02724880107738799,0.011393231938429688
current__factorial_joint_first_passage,human,6,older_80_89,0,2,4,472,0.8057813516210091,0.804875,0.001937984496124031,0.001937984496124031
current__factorial_joint_first_passage,human,6,older_80_89,0,3,4,471,0.8894176461802819,0.887375,0.0,0.0
current__factorial_joint_first_passage,human,6,older_80_89,0,4,4,468,1.150856513755342,1.038875,0.011306160031488979,0.004556024014706369
current__factorial_joint_first_passage,human,6,older_80_89,1,1,4,469,0.7661385929196219,0.780875,0.09290083636061681,0.029919794558043004
current__factorial_joint_first_passage,human,6,older_80_89,1,2,4,468,0.8809467603498395,0.881125,0.030114989791288568,0.012854765583692657
current__factorial_joint_first_passage,human,6,older_80_89,1,3,4,465,0.9811995280889121,0.981,0.01984535040236625,0.007213433961521362
current__factorial_joint_first_passage,human,6,older_80_89,1,4,4,465,1.282508360353475,1.16225,0.020334373519650374,0.005342406700692999
current__factorial_joint_first_passage,human,6,young_20_29,0,1,12,472,0.4973445979815323,0.5033333333333333,0.022805121517693618,0.009175655010333046
current__factorial_joint_first_passage,human,6,young_20_29,0,2,12,472,0.551049728929993,0.5503333333333333,0.016397076039455782,0.006626520394043253
current__factorial_joint_first_passage,human,6,young_20_29,0,3,12,467,0.6042939719012884,0.602,0.01722962144796682,0.006292699598289082
current__factorial_joint_first_passage,human,6,young_20_29,0,4,12,463,0.7357254540981127,0.7022499999999999,0.004285679764148664,0.002438235727078484
current__factorial_joint_first_passage,human,6,young_20_29,1,1,12,472,0.5268698233372492,0.536875,0.13943716601624673,0.019525091727120608
current__factorial_joint_first_passage,human,6,young_20_29,1,2,12,470,0.597575795707291,0.5970833333333333,0.08234994703293937,0.01683300750672646
current__factorial_joint_first_passage,human,6,young_20_29,1,3,12,467,0.661532170550705,0.6587500000000001,0.05056809855608927,0.012118627284075653
current__factorial_joint_first_passage,human,6,young_20_29,1,4,12,461,0.8094435863560462,0.7729166666666667,0.018136383965730057,0.00683317979898138
current__factorial_joint_first_passage,human,7,older_80_89,0,1,4,472,0.7135494114193273,0.727125,0.02724880107738799,0.011393231938429688
current__factorial_joint_first_passage,human,7,older_80_89,0,2,4,472,0.8057813516210091,0.804875,0.001937984496124031,0.001937984496124031
current__factorial_joint_first_passage,human,7,older_80_89,0,3,4,471,0.8894176461802819,0.887375,0.0,0.0
current__factorial_joint_first_passage,human,7,older_80_89,0,4,4,468,1.150856513755342,1.038875,0.011306160031488979,0.004556024014706369
current__factorial_joint_first_passage,human,7,older_80_89,1,1,4,469,0.7661385929196219,0.780875,0.09290083636061681,0.029919794558043004
current__factorial_joint_first_passage,human,7,older_80_89,1,2,4,468,0.8809467603498395,0.881125,0.030114989791288568,0.012854765583692657
current__factorial_joint_first_passage,human,7,older_80_89,1,3,4,465,0.9811995280889121,0.981,0.01984535040236625,0.007213433961521362
current__factorial_joint_first_passage,human,7,older_80_89,1,4,4,465,1.282508360353475,1.16225,0.020334373519650374,0.005342406700692999
current__factorial_joint_first_passage,human,7,young_20_29,0,1,12,472,0.4973445979815323,0.5033333333333333,0.022805121517693618,0.009175655010333046
current__factorial_joint_first_passage,human,7,young_20_29,0,2,12,472,0.551049728929993,0.5503333333333333,0.016397076039455782,0.006626520394043253
current__factorial_joint_first_passage,human,7,young_20_29,0,3,12,467,0.6042939719012884,0.602,0.01722962144796682,0.006292699598289082
current__factorial_joint_first_passage,human,7,young_20_29,0,4,12,463,0.7357254540981127,0.7022499999999999,0.004285679764148664,0.002438235727078484
current__factorial_joint_first_passage,human,7,young_20_29,1,1,12,472,0.5268698233372492,0.536875,0.13943716601624673,0.019525091727120608
current__factorial_joint_first_passage,human,7,young_20_29,1,2,12,470,0.597575795707291,0.5970833333333333,0.08234994703293937,0.01683300750672646
current__factorial_joint_first_passage,human,7,young_20_29,1,3,12,467,0.661532170550705,0.6587500000000001,0.05056809855608927,0.012118627284075653
current__factorial_joint_first_passage,human,7,young_20_29,1,4,12,461,0.8094435863560462,0.7729166666666667,0.018136383965730057,0.00683317979898138
current__factorial_joint_first_passage,human,8,older_80_89,0,1,4,472,0.7135494114193273,0.727125,0.02724880107738799,0.011393231938429688
current__factorial_joint_first_passage,human,8,older_80_89,0,2,4,472,0.8057813516210091,0.804875,0.001937984496124031,0.001937984496124031
current__factorial_joint_first_passage,human,8,older_80_89,0,3,4,471,0.8894176461802819,0.887375,0.0,0.0
current__factorial_joint_first_passage,human,8,older_80_89,0,4,4,468,1.150856513755342,1.038875,0.011306160031488979,0.004556024014706369
current__factorial_joint_first_passage,human,8,older_80_89,1,1,4,469,0.7661385929196219,0.780875,0.09290083636061681,0.029919794558043004
current__factorial_joint_first_passage,human,8,older_80_89,1,2,4,468,0.8809467603498395,0.881125,0.030114989791288568,0.012854765583692657
current__factorial_joint_first_passage,human,8,older_80_89,1,3,4,465,0.9811995280889121,0.981,0.01984535040236625,0.007213433961521362
current__factorial_joint_first_passage,human,8,older_80_89,1,4,4,465,1.282508360353475,1.16225,0.020334373519650374,0.005342406700692999
current__factorial_joint_first_passage,human,8,young_20_29,0,1,12,472,0.4973445979815323,0.5033333333333333,0.022805121517693618,0.009175655010333046
current__factorial_joint_first_passage,human,8,young_20_29,0,2,12,472,0.551049728929993,0.5503333333333333,0.016397076039455782,0.006626520394043253
current__factorial_joint_first_passage,human,8,young_20_29,0,3,12,467,0.6042939719012884,0.602,0.01722962144796682,0.006292699598289082
current__factorial_joint_first_passage,human,8,young_20_29,0,4,12,463,0.7357254540981127,0.7022499999999999,0.004285679764148664,0.002438235727078484
current__factorial_joint_first_passage,human,8,young_20_29,1,1,12,472,0.5268698233372492,0.536875,0.13943716601624673,0.019525091727120608
current__factorial_joint_first_passage,human,8,young_20_29,1,2,12,470,0.597575795707291,0.5970833333333333,0.08234994703293937,0.01683300750672646
current__factorial_joint_first_passage,human,8,young_20_29,1,3,12,467,0.661532170550705,0.6587500000000001,0.05056809855608927,0.012118627284075653
current__factorial_joint_first_passage,human,8,young_20_29,1,4,12,461,0.8094435863560462,0.7729166666666667,0.018136383965730057,0.00683317979898138
current__factorial_joint_first_passage,human,9,older_80_89,0,1,4,472,0.7135494114193273,0.727125,0.02724880107738799,0.011393231938429688
current__factorial_joint_first_passage,human,9,older_80_89,0,2,4,472,0.8057813516210091,0.804875,0.001937984496124031,0.001937984496124031
current__factorial_joint_first_passage,human,9,older_80_89,0,3,4,471,0.8894176461802819,0.887375,0.0,0.0
current__factorial_joint_first_passage,human,9,older_80_89,0,4,4,468,1.150856513755342,1.038875,0.011306160031488979,0.004556024014706369
current__factorial_joint_first_passage,human,9,older_80_89,1,1,4,469,0.7661385929196219,0.780875,0.09290083636061681,0.029919794558043004
current__factorial_joint_first_passage,human,9,older_80_89,1,2,4,468,0.8809467603498395,0.881125,0.030114989791288568,0.012854765583692657
current__factorial_joint_first_passage,human,9,older_80_89,1,3,4,465,0.9811995280889121,0.981,0.01984535040236625,0.007213433961521362
current__factorial_joint_first_passage,human,9,older_80_89,1,4,4,465,1.282508360353475,1.16225,0.020334373519650374,0.005342406700692999
current__factorial_joint_first_passage,human,9,young_20_29,0,1,12,472,0.4973445979815323,0.5033333333333333,0.022805121517693618,0.009175655010333046
current__factorial_joint_first_passage,human,9,young_20_29,0,2,12,472,0.551049728929993,0.5503333333333333,0.016397076039455782,0.006626520394043253
current__factorial_joint_first_passage,human,9,young_20_29,0,3,12,467,0.6042939719012884,0.602,0.01722962144796682,0.006292699598289082
current__factorial_joint_first_passage,human,9,young_20_29,0,4,12,463,0.7357254540981127,0.7022499999999999,0.004285679764148664,0.002438235727078484
current__factorial_joint_first_passage,human,9,young_20_29,1,1,12,472,0.5268698233372492,0.536875,0.13943716601624673,0.019525091727120608
current__factorial_joint_first_passage,human,9,young_20_29,1,2,12,470,0.597575795707291,0.5970833333333333,0.08234994703293937,0.01683300750672646
current__factorial_joint_first_passage,human,9,young_20_29,1,3,12,467,0.661532170550705,0.6587500000000001,0.05056809855608927,0.012118627284075653
current__factorial_joint_first_passage,human,9,young_20_29,1,4,12,461,0.8094435863560462,0.7729166666666667,0.018136383965730057,0.00683317979898138
current__factorial_joint_first_passage,model,0,older_80_89,0,1,4,472,0.51920118119354,0.5454553522900016,0.0,0.0
current__factorial_joint_first_passage,model,0,older_80_89,0,2,4,472,0.7329912926083212,0.7350650705428841,0.0,0.0
current__factorial_joint_first_passage,model,0,older_80_89,0,3,4,471,0.8833601151050812,0.8852659344324397,0.0,0.0
current__factorial_joint_first_passage,model,0,older_80_89,0,4,4,468,1.1311492355317163,1.0901372444948283,0.0,0.0
current__factorial_joint_first_passage,model,0,older_80_89,1,1,4,469,0.7803763613110848,0.8100158119828652,0.09452997092369414,0.008650003638421297
current__factorial_joint_first_passage,model,0,older_80_89,1,2,4,468,1.030616585746973,1.0370952636846036,0.038749253691315294,0.011442265173567234
current__factorial_joint_first_passage,model,0,older_80_89,1,3,4,465,1.2023443582614293,1.197921833430942,0.03535466423865258,0.01288922552809527
current__factorial_joint_first_passage,model,0,older_80_89,1,4,4,465,1.4706625707504668,1.4306409779460951,0.012087020818048423,0.006889167777163159
current__factorial_joint_first_passage,model,0,young_20_29,0,1,12,472,0.4291550219381475,0.4401198004807911,0.0,0.0
current__factorial_joint_first_passage,model,0,young_20_29,0,2,12,472,0.5486401857823561,0.550211561303513,0.0,0.0
current__factorial_joint_first_passage,model,0,young_20_29,0,3,12,467,0.6289714853916352,0.6290463953707037,0.0,0.0
current__factorial_joint_first_passage,model,0,young_20_29,0,4,12,463,0.747698156551715,0.7360391308815925,0.0,0.0
current__factorial_joint_first_passage,model,0,young_20_29,1,1,12,472,0.6067199160324134,0.6257893876730739,0.3576493260962001,0.0329496921357123
current__factorial_joint_first_passage,model,0,young_20_29,1,2,12,470,0.7677217163920776,0.7699444464649275,0.10921752319313094,0.01009514679988254
current__factorial_joint_first_passage,model,0,young_20_29,1,3,12,467,0.8789117267125209,0.8768611458344521,0.06366914437791822,0.014323231040471203
current__factorial_joint_first_passage,model,0,young_20_29,1,4,12,461,1.0454328305086993,1.0307099094825598,0.013212830054935317,0.006133227887491128
current__factorial_joint_first_passage,model,1,older_80_89,0,1,4,472,0.5197656456025818,0.5454556194778143,0.0,0.0
current__factorial_joint_first_passage,model,1,older_80_89,0,2,4,472,0.7302898582704058,0.7341262249121661,0.0,0.0
current__factorial_joint_first_passage,model,1,older_80_89,0,3,4,471,0.888360049005362,0.8884013716394434,0.0,0.0
current__factorial_joint_first_passage,model,1,older_80_89,0,4,4,468,1.1467555954466984,1.0976654370983336,0.0,0.0
current__factorial_joint_first_passage,model,1,older_80_89,1,1,4,469,0.7769760718575598,0.8070294012836114,0.0978096369940579,0.01854268563171567
current__factorial_joint_first_passage,model,1,older_80_89,1,2,4,468,1.025371922503578,1.0262276851056684,0.03310706660898437,0.007353262048389184
current__factorial_joint_first_passage,model,1,older_80_89,1,3,4,465,1.195337370717114,1.191861717506518,0.04070457104883854,0.006773053989701962
current__factorial_joint_first_passage,model,1,older_80_89,1,4,4,465,1.4635586763300135,1.4302299628113162,0.013333696349963316,0.005516463159272038
current__factorial_joint_first_passage,model,1,young_20_29,0,1,12,472,0.43504494089264606,0.4501356052823609,0.0,0.0
current__factorial_joint_first_passage,model,1,young_20_29,0,2,12,472,0.5471181314459886,0.5480318416206339,0.0,0.0
current__factorial_joint_first_passage,model,1,young_20_29,0,3,12,467,0.627321596803068,0.6257589347706637,0.0,0.0
current__factorial_joint_first_passage,model,1,young_20_29,0,4,12,463,0.7449760059730514,0.7371421240064233,0.0,0.0
current__factorial_joint_first_passage,model,1,young_20_29,1,1,12,472,0.6065384293189846,0.6217097152129052,0.35905731408881914,0.030361835241450228
current__factorial_joint_first_passage,model,1,young_20_29,1,2,12,470,0.7674003603827929,0.7669652489047589,0.11563784108062564,0.012529880151982935
current__factorial_joint_first_passage,model,1,young_20_29,1,3,12,467,0.8810229984800048,0.8818745582829036,0.06232656038937445,0.01417836325953121
current__factorial_joint_first_passage,model,1,young_20_29,1,4,12,461,1.0416753308375324,1.0198298358366327,0.0006887052341597796,0.0006887052341597796
current__factorial_joint_first_passage,model,2,older_80_89,0,1,4,472,0.520322085195251,0.5473007108729402,0.0,0.0
current__factorial_joint_first_passage,model,2,older_80_89,0,2,4,472,0.7327038869578559,0.7337969865414734,0.0,0.0
current__factorial_joint_first_passage,model,2,older_80_89,0,3,4,471,0.8924215324188154,0.8905010564652773,0.0,0.0
current__factorial_joint_first_passage,model,2,older_80_89,0,4,4,468,1.1387332161885233,1.0912508537352714,0.0,0.0
current__factorial_joint_first_passage,model,2,older_80_89,1,1,4,469,0.7831900085054122,0.8147185641271293,0.08073494498582473,0.008453594329583458
current__factorial_joint_first_passage,model,2,older_80_89,1,2,4,468,1.0222260849063884,1.0238164742897236,0.04529700777479987,0.008245977956970886
current__factorial_joint_first_passage,model,2,older_80_89,1,3,4,465,1.202410000692109,1.2032333788511966,0.027455802988573145,0.003980532721075212
current__factorial_joint_first_passage,model,2,older_80_89,1,4,4,465,1.4653482870217847,1.4194331771317021,0.009983051350800978,0.004890360955407823
current__factorial_joint_first_passage,model,2,young_20_29,0,1,12,472,0.43232742678216723,0.4494166960934158,0.0,0.0
current__factorial_joint_first_passage,model,2,young_20_29,0,2,12,472,0.5465288126924414,0.547298288678262,0.0,0.0
current__factorial_joint_first_passage,model,2,young_20_29,0,3,12,467,0.6250085855324213,0.623533765868267,0.0,0.0
current__factorial_joint_first_passage,model,2,young_20_29,0,4,12,463,0.7421297984665709,0.7252211376778331,0.0,0.0
current__factorial_joint_first_passage,model,2,young_20_29,1,1,12,472,0.6007946673420994,0.6138836497539656,0.31819369020258004,0.03341135776858984
current__factorial_joint_first_passage,model,2,young_20_29,1,2,12,470,0.7688419366457425,0.7683399596382877,0.16168904099754056,0.01633586759709074
current__factorial_joint_first_passage,model,2,young_20_29,1,3,12,467,0.8844657949743819,0.8838518318121983,0.042720346281916934,0.014269266326579906
current__factorial_joint_first_passage,model,2,young_20_29,1,4,12,461,1.045395567589728,1.0290161501791275,0.012551454393559655,0.005741270264688083
current__factorial_joint_first_passage,model,3,older_80_89,0,1,4,472,0.5146703685181531,0.534580227459909,0.0,0.0
current__factorial_joint_first_passage,model,3,older_80_89,0,2,4,472,0.7215573747553887,0.7202020359005181,0.0,0.0
current__factorial_joint_first_passage,model,3,older_80_89,0,3,4,471,0.8795415402288291,0.8790842565351216,0.0,0.0
current__factorial_joint_first_passage,model,3,older_80_89,0,4,4,468,1.1499001936246267,1.113809459335204,0.0,0.0
current__factorial_joint_first_passage,model,3,older_80_89,1,1,4,469,0.7765212386098577,0.8018305259831708,0.10154748617780289,0.011681838024190821
current__factorial_joint_first_passage,model,3,older_80_89,1,2,4,468,1.023215330110418,1.0249840263193177,0.04273774053342056,0.009717218509123686
current__factorial_joint_first_passage,model,3,older_80_89,1,3,4,465,1.1973186173746133,1.197724253684426,0.01890609564647229,0.005706873096128816
current__factorial_joint_first_passage,model,3,older_80_89,1,4,4,465,1.4931469070184549,1.4453904449394344,0.01890609564647229,0.005706873096128816
current__factorial_joint_first_passage,model,3,young_20_29,0,1,12,472,0.434141007011315,0.4470588754094326,0.0,0.0
current__factorial_joint_first_passage,model,3,young_20_29,0,2,12,472,0.5456272919849664,0.5452349330384226,0.0,0.0
current__factorial_joint_first_passage,model,3,young_20_29,0,3,12,467,0.6242231409107909,0.6232693539722926,0.0,0.0
current__factorial_joint_first_passage,model,3,young_20_29,0,4,12,463,0.7422502710173707,0.7287861092029111,0.0,0.0
current__factorial_joint_first_passage,model,3,young_20_29,1,1,12,472,0.6019234184272301,0.6197414754744284,0.34388324984374136,0.02504473131093951
current__factorial_joint_first_passage,model,3,young_20_29,1,2,12,470,0.768611562112627,0.7710498389605785,0.1415664714561812,0.018351620023180835
current__factorial_joint_first_passage,model,3,young_20_29,1,3,12,467,0.8814635160683101,0.8824813031137934,0.05467751284383019,0.009963549984296424
current__factorial_joint_first_passage,model,3,young_20_29,1,4,12,461,1.0441803359820923,1.0258964061579696,0.021727472681595958,0.007480343274460973
current__factorial_joint_first_passage,model,4,older_80_89,0,1,4,472,0.5205344738089441,0.5449690802299488,0.0,0.0
current__factorial_joint_first_passage,model,4,older_80_89,0,2,4,472,0.7316712938685465,0.7313854973689329,0.0,0.0
current__factorial_joint_first_passage,model,4,older_80_89,0,3,4,471,0.8872089861903971,0.8858625319238752,0.0,0.0
current__factorial_joint_first_passage,model,4,older_80_89,0,4,4,468,1.1446252627524363,1.10157999858016,0.0,0.0
current__factorial_joint_first_passage,model,4,older_80_89,1,1,4,469,0.7793495102617751,0.813556888885822,0.09116388342931718,0.010817619977507093
current__factorial_joint_first_passage,model,4,older_80_89,1,2,4,468,1.0213962721759355,1.0225376204040177,0.03044520665386401,0.013489638218661053
current__factorial_joint_first_passage,model,4,older_80_89,1,3,4,465,1.1993978561195535,1.1987632613952248,0.04100692568933744,0.0033125663545655816
current__factorial_joint_first_passage,model,4,older_80_89,1,4,4,465,1.4707171536939216,1.4142767444637143,0.020101568231841525,0.007506085939597338
current__factorial_joint_first_passage,model,4,young_20_29,0,1,12,472,0.4316088131371392,0.44428612153198,0.0,0.0
current__factorial_joint_first_passage,model,4,young_20_29,0,2,12,472,0.5478478831737583,0.549429415704619,0.0,0.0
current__factorial_joint_first_passage,model,4,young_20_29,0,3,12,467,0.6266036300728356,0.6280154396485458,0.0,0.0
current__factorial_joint_first_passage,model,4,young_20_29,0,4,12,463,0.7447199662843379,0.7288374153456253,0.0,0.0
current__factorial_joint_first_passage,model,4,young_20_29,1,1,12,472,0.6018299094916079,0.618088043317636,0.34356563906914017,0.03083070792653534
current__factorial_joint_first_passage,model,4,young_20_29,1,2,12,470,0.7656687735674695,0.7652855264345715,0.12433637167767432,0.019728984482992696
current__factorial_joint_first_passage,model,4,young_20_29,1,3,12,467,0.8817417417190673,0.8800496675370192,0.057663369451224106,0.010691538959376922
current__factorial_joint_first_passage,model,4,young_20_29,1,4,12,461,1.0448426082155937,1.0245688050052946,0.016232711408150004,0.009575048149288003
current__factorial_joint_first_passage,model,5,older_80_89,0,1,4,472,0.5174897250985231,0.5435658279346547,0.0,0.0
current__factorial_joint_first_passage,model,5,older_80_89,0,2,4,472,0.7288877739842676,0.7308047547804711,0.0,0.0
current__factorial_joint_first_passage,model,5,older_80_89,0,3,4,471,0.8875623154589488,0.8835128714683511,0.0,0.0
current__factorial_joint_first_passage,model,5,older_80_89,0,4,4,468,1.141189798998975,1.0947837440459762,0.0,0.0
current__factorial_joint_first_passage,model,5,older_80_89,1,1,4,469,0.7796810949855812,0.8108012593885416,0.09025638083356871,0.016563543522729835
current__factorial_joint_first_passage,model,5,older_80_89,1,2,4,468,1.0244650848228274,1.0263149705211039,0.04265028832355548,0.011053689547270379
current__factorial_joint_first_passage,model,5,older_80_89,1,3,4,465,1.20361590514711,1.2037425028916573,0.03033280380745923,0.002391365015447032
current__factorial_joint_first_passage,model,5,older_80_89,1,4,4,465,1.4645843695094645,1.4287786943136958,0.00872099688187821,0.0032584141119124405
current__factorial_joint_first_passage,model,5,young_20_29,0,1,12,472,0.43370774581284577,0.44857371833156817,0.0,0.0
current__factorial_joint_first_passage,model,5,young_20_29,0,2,12,472,0.5460180041620565,0.5459001121884205,0.0,0.0
current__factorial_joint_first_passage,model,5,young_20_29,0,3,12,467,0.6276793530414632,0.6269837362003964,0.0,0.0
current__factorial_joint_first_passage,model,5,young_20_29,0,4,12,463,0.7473806680430944,0.7343451505250621,0.0,0.0
current__factorial_joint_first_passage,model,5,young_20_29,1,1,12,472,0.6011344407171834,0.6199295159652022,0.34542408291474364,0.03202166016311312
current__factorial_joint_first_passage,model,5,young_20_29,1,2,12,470,0.7626084921997897,0.7625296508168239,0.13371084924618862,0.01851837324709947
current__factorial_joint_first_passage,model,5,young_20_29,1,3,12,467,0.8811268654206891,0.8812784964821488,0.05451611291178806,0.009559993358705542
current__factorial_joint_first_passage,model,5,young_20_29,1,4,12,461,1.0415305506679744,1.0250505473316005,0.012688138696910628,0.007244522608439462
current__factorial_joint_first_passage,model,6,older_80_89,0,1,4,472,0.5145068353593752,0.5267846844080455,0.0,0.0
current__factorial_joint_first_passage,model,6,older_80_89,0,2,4,472,0.7354550588330608,0.7404703952172135,0.0,0.0
current__factorial_joint_first_passage,model,6,older_80_89,0,3,4,471,0.8883371598567538,0.8843570082793331,0.0,0.0
current__factorial_joint_first_passage,model,6,older_80_89,0,4,4,468,1.1418374432523177,1.0899507010384817,0.0,0.0
current__factorial_joint_first_passage,model,6,older_80_89,1,1,4,469,0.7770577259289008,0.8061308538402536,0.09080726224382513,0.013950297022054482
current__factorial_joint_first_passage,model,6,older_80_89,1,2,4,468,1.025647179518508,1.0301328533161715,0.033309114022777475,0.0075726295524864455
current__factorial_joint_first_passage,model,6,older_80_89,1,3,4,465,1.2016817911980746,1.2028419931992633,0.031008495401528585,0.005614643026331132
current__factorial_joint_first_passage,model,6,older_80_89,1,4,4,465,1.4718454237123417,1.4226333780574598,0.021898782629072043,0.004847400716083345
current__factorial_joint_first_passage,model,6,young_20_29,0,1,12,472,0.4348782660478674,0.44657741765090403,0.0,0.0
current__factorial_joint_first_passage,model,6,young_20_29,0,2,12,472,0.5479323346004598,0.5489866943330354,0.0,0.0
current__factorial_joint_first_passage,model,6,young_20_29,0,3,12,467,0.6259109148164501,0.6255033203555888,0.0,0.0
current__factorial_joint_first_passage,model,6,young_20_29,0,4,12,463,0.7423283491994329,0.7283010240910447,0.0,0.0
current__factorial_joint_first_passage,model,6,young_20_29,1,1,12,472,0.603945692001503,0.6225438873108297,0.353795098226182,0.029771775051152558
current__factorial_joint_first_passage,model,6,young_20_29,1,2,12,470,0.7654530213356185,0.7658953478725588,0.12836452429772152,0.014694360037785362
current__factorial_joint_first_passage,model,6,young_20_29,1,3,12,467,0.8851068201761877,0.8862336807416041,0.055453938103180535,0.00961191055183894
current__factorial_joint_first_passage,model,6,young_20_29,1,4,12,461,1.0423431121306816,1.0195632856544368,0.017000708842814106,0.008612174416810335
current__factorial_joint_first_passage,model,7,older_80_89,0,1,4,472,0.5185405736774242,0.5457554582884119,0.0,0.0
current__factorial_joint_first_passage,model,7,older_80_89,0,2,4,472,0.7262680018843385,0.727230108586816,0.0,0.0
current__factorial_joint_first_passage,model,7,older_80_89,0,3,4,471,0.8914540219070682,0.8895737855768462,0.0,0.0
current__factorial_joint_first_passage,model,7,older_80_89,0,4,4,468,1.1434597961084423,1.1076916628891775,0.0,0.0
current__factorial_joint_first_passage,model,7,older_80_89,1,1,4,469,0.787439309614407,0.8171372004287819,0.08304018375545304,0.00961887192871011
current__factorial_joint_first_passage,model,7,older_80_89,1,2,4,468,1.0180784455430922,1.0182176345321738,0.05855957257945384,0.00806861209071504
current__factorial_joint_first_passage,model,7,older_80_89,1,3,4,465,1.1931884459064628,1.1892133794102118,0.025083204223979062,0.010202387107506572
current__factorial_joint_first_passage,model,7,older_80_89,1,4,4,465,1.467464673214047,1.4257121229454877,0.019425876637772167,0.0017752196266232335
current__factorial_joint_first_passage,model,7,young_20_29,0,1,12,472,0.4308826818509482,0.4459151272225226,0.0,0.0
current__factorial_joint_first_passage,model,7,young_20_29,0,2,12,472,0.545290439569918,0.546088682196176,0.0,0.0
current__factorial_joint_first_passage,model,7,young_20_29,0,3,12,467,0.6258944020111372,0.6240268882114531,0.0,0.0
current__factorial_joint_first_passage,model,7,young_20_29,0,4,12,463,0.7452914158309777,0.7276197709936789,0.0,0.0
current__factorial_joint_first_passage,model,7,young_20_29,1,1,12,472,0.6018832606245955,0.6086732758361088,0.33903035001667564,0.029879153735430115
current__factorial_joint_first_passage,model,7,young_20_29,1,2,12,470,0.7706873623541529,0.7708140370878483,0.1348216205644697,0.013257559052354302
current__factorial_joint_first_passage,model,7,young_20_29,1,3,12,467,0.8828671526730422,0.8847011775521608,0.07808476423869291,0.014639971405133833
current__factorial_joint_first_passage,model,7,young_20_29,1,4,12,461,1.0388586944735232,1.0196031247523736,0.013030615755073959,0.007848195729905777
current__factorial_joint_first_passage,model,8,older_80_89,0,1,4,472,0.5151808409095577,0.5365253615286485,0.0,0.0
current__factorial_joint_first_passage,model,8,older_80_89,0,2,4,472,0.7234135071971047,0.7240146031918783,0.0,0.0
current__factorial_joint_first_passage,model,8,older_80_89,0,3,4,471,0.889358896462014,0.8867669486729977,0.0,0.0
current__factorial_joint_first_passage,model,8,older_80_89,0,4,4,468,1.1501444379628585,1.1023910059930644,0.0,0.0
current__factorial_joint_first_passage,model,8,older_80_89,1,1,4,469,0.7849022654873676,0.8142269803194486,0.09668186356432225,0.006254011284675845
current__factorial_joint_first_passage,model,8,older_80_89,1,2,4,468,1.030404117976167,1.0320781351549433,0.0354491459326946,0.010663864630256469
current__factorial_joint_first_passage,model,8,older_80_89,1,3,4,465,1.1965857137853917,1.1951657115437118,0.03834735122125233,0.003912138312518905
current__factorial_joint_first_passage,model,8,older_80_89,1,4,4,465,1.457332930774596,1.4225741549051865,0.011380571349963316,0.004592392482927105
current__factorial_joint_first_passage,model,8,young_20_29,0,1,12,472,0.43520171559519844,0.44935325242293156,0.0,0.0
current__factorial_joint_first_passage,model,8,young_20_29,0,2,12,472,0.5491012451122549,0.5487542153715951,0.0,0.0
current__factorial_joint_first_passage,model,8,young_20_29,0,3,12,467,0.6244863048096541,0.6219153232392162,0.0,0.0
current__factorial_joint_first_passage,model,8,young_20_29,0,4,12,463,0.7464352956960015,0.7307574834520468,0.0,0.0
current__factorial_joint_first_passage,model,8,young_20_29,1,1,12,472,0.6045139690120506,0.624407769283181,0.3422171069859754,0.0326032483690906
current__factorial_joint_first_passage,model,8,young_20_29,1,2,12,470,0.7680817855913155,0.7694740112067823,0.11340600890354442,0.013742480093392238
current__factorial_joint_first_passage,model,8,young_20_29,1,3,12,467,0.8770876925420147,0.8731150907764714,0.06597234513869611,0.01285478519123528
current__factorial_joint_first_passage,model,8,young_20_29,1,4,12,461,1.039368016852078,1.0196213217568315,0.009877818589939802,0.00559742573541713
current__factorial_joint_first_passage,model,9,older_80_89,0,1,4,472,0.5164491538457103,0.5405551302651337,0.0,0.0
current__factorial_joint_first_passage,model,9,older_80_89,0,2,4,472,0.7260702741711481,0.7262090714594018,0.0,0.0
current__factorial_joint_first_passage,model,9,older_80_89,0,3,4,471,0.8829893983529441,0.878065549028756,0.0,0.0
current__factorial_joint_first_passage,model,9,older_80_89,0,4,4,468,1.1244733454789047,1.0894538333329389,0.0,0.0
current__factorial_joint_first_passage,model,9,older_80_89,1,1,4,469,0.7820253785153326,0.8134870745090549,0.11327686926581511,0.012819811405069562
current__factorial_joint_first_passage,model,9,older_80_89,1,2,4,468,1.023969320509401,1.0238044337076078,0.04649936712144234,0.011180142521937903
current__factorial_joint_first_passage,model,9,older_80_89,1,3,4,465,1.2073151771448116,1.2068564519647829,0.02816225245665825,0.0020314364383151096
current__factorial_joint_first_passage,model,9,older_80_89,1,4,4,465,1.4849508997904928,1.442158822988623,0.025502677988573145,0.0021322409046697116
current__factorial_joint_first_passage,model,9,young_20_29,0,1,12,472,0.43468102678411685,0.44731676935580755,0.0,0.0
current__factorial_joint_first_passage,model,9,young_20_29,0,2,12,472,0.5478867441152249,0.5512277902317629,0.0,0.0
current__factorial_joint_first_passage,model,9,young_20_29,0,3,12,467,0.6267506406747438,0.6263258253936632,0.0,0.0
current__factorial_joint_first_passage,model,9,young_20_29,0,4,12,463,0.7420023449820455,0.7288551040006741,0.0,0.0
current__factorial_joint_first_passage,model,9,young_20_29,1,1,12,472,0.6073991788808,0.625310682934136,0.3278358697063654,0.028264431001967873
current__factorial_joint_first_passage,model,9,young_20_29,1,2,12,470,0.767603175434744,0.7650948636572577,0.11677768207832971,0.01497059832085925
current__factorial_joint_first_passage,model,9,young_20_29,1,3,12,467,0.883414720641051,0.8855140593950025,0.06951981084970683,0.01601364839140336
current__factorial_joint_first_passage,model,9,young_20_29,1,4,12,461,1.0484527888926964,1.0286535998407016,0.0182875002013758,0.006677367331652146
current__snapshot_nonaccum_exploratory,human,0,older_80_89,0,1,4,472,0.7135494114193273,0.727125,0.02724880107738799,0.011393231938429688
current__snapshot_nonaccum_exploratory,human,0,older_80_89,0,2,4,472,0.8057813516210091,0.804875,0.001937984496124031,0.001937984496124031
current__snapshot_nonaccum_exploratory,human,0,older_80_89,0,3,4,471,0.8894176461802819,0.887375,0.0,0.0
current__snapshot_nonaccum_exploratory,human,0,older_80_89,0,4,4,468,1.150856513755342,1.038875,0.011306160031488979,0.004556024014706369
current__snapshot_nonaccum_exploratory,human,0,older_80_89,1,1,4,469,0.7661385929196219,0.780875,0.09290083636061681,0.029919794558043004
current__snapshot_nonaccum_exploratory,human,0,older_80_89,1,2,4,468,0.8809467603498395,0.881125,0.030114989791288568,0.012854765583692657
current__snapshot_nonaccum_exploratory,human,0,older_80_89,1,3,4,465,0.9811995280889121,0.981,0.01984535040236625,0.007213433961521362
current__snapshot_nonaccum_exploratory,human,0,older_80_89,1,4,4,465,1.282508360353475,1.16225,0.020334373519650374,0.005342406700692999
current__snapshot_nonaccum_exploratory,human,0,young_20_29,0,1,12,472,0.4973445979815323,0.5033333333333333,0.022805121517693618,0.009175655010333046
current__snapshot_nonaccum_exploratory,human,0,young_20_29,0,2,12,472,0.551049728929993,0.5503333333333333,0.016397076039455782,0.006626520394043253
current__snapshot_nonaccum_exploratory,human,0,young_20_29,0,3,12,467,0.6042939719012884,0.602,0.01722962144796682,0.006292699598289082
current__snapshot_nonaccum_exploratory,human,0,young_20_29,0,4,12,463,0.7357254540981127,0.7022499999999999,0.004285679764148664,0.002438235727078484
current__snapshot_nonaccum_exploratory,human,0,young_20_29,1,1,12,472,0.5268698233372492,0.536875,0.13943716601624673,0.019525091727120608
current__snapshot_nonaccum_exploratory,human,0,young_20_29,1,2,12,470,0.597575795707291,0.5970833333333333,0.08234994703293937,0.01683300750672646
current__snapshot_nonaccum_exploratory,human,0,young_20_29,1,3,12,467,0.661532170550705,0.6587500000000001,0.05056809855608927,0.012118627284075653
current__snapshot_nonaccum_exploratory,human,0,young_20_29,1,4,12,461,0.8094435863560462,0.7729166666666667,0.018136383965730057,0.00683317979898138
current__snapshot_nonaccum_exploratory,human,1,older_80_89,0,1,4,472,0.7135494114193273,0.727125,0.02724880107738799,0.011393231938429688
current__snapshot_nonaccum_exploratory,human,1,older_80_89,0,2,4,472,0.8057813516210091,0.804875,0.001937984496124031,0.001937984496124031
current__snapshot_nonaccum_exploratory,human,1,older_80_89,0,3,4,471,0.8894176461802819,0.887375,0.0,0.0
current__snapshot_nonaccum_exploratory,human,1,older_80_89,0,4,4,468,1.150856513755342,1.038875,0.011306160031488979,0.004556024014706369
current__snapshot_nonaccum_exploratory,human,1,older_80_89,1,1,4,469,0.7661385929196219,0.780875,0.09290083636061681,0.029919794558043004
current__snapshot_nonaccum_exploratory,human,1,older_80_89,1,2,4,468,0.8809467603498395,0.881125,0.030114989791288568,0.012854765583692657
current__snapshot_nonaccum_exploratory,human,1,older_80_89,1,3,4,465,0.9811995280889121,0.981,0.01984535040236625,0.007213433961521362
current__snapshot_nonaccum_exploratory,human,1,older_80_89,1,4,4,465,1.282508360353475,1.16225,0.020334373519650374,0.005342406700692999
current__snapshot_nonaccum_exploratory,human,1,young_20_29,0,1,12,472,0.4973445979815323,0.5033333333333333,0.022805121517693618,0.009175655010333046
current__snapshot_nonaccum_exploratory,human,1,young_20_29,0,2,12,472,0.551049728929993,0.5503333333333333,0.016397076039455782,0.006626520394043253
current__snapshot_nonaccum_exploratory,human,1,young_20_29,0,3,12,467,0.6042939719012884,0.602,0.01722962144796682,0.006292699598289082
current__snapshot_nonaccum_exploratory,human,1,young_20_29,0,4,12,463,0.7357254540981127,0.7022499999999999,0.004285679764148664,0.002438235727078484
current__snapshot_nonaccum_exploratory,human,1,young_20_29,1,1,12,472,0.5268698233372492,0.536875,0.13943716601624673,0.019525091727120608
current__snapshot_nonaccum_exploratory,human,1,young_20_29,1,2,12,470,0.597575795707291,0.5970833333333333,0.08234994703293937,0.01683300750672646
current__snapshot_nonaccum_exploratory,human,1,young_20_29,1,3,12,467,0.661532170550705,0.6587500000000001,0.05056809855608927,0.012118627284075653
current__snapshot_nonaccum_exploratory,human,1,young_20_29,1,4,12,461,0.8094435863560462,0.7729166666666667,0.018136383965730057,0.00683317979898138
current__snapshot_nonaccum_exploratory,human,2,older_80_89,0,1,4,472,0.7135494114193273,0.727125,0.02724880107738799,0.011393231938429688
current__snapshot_nonaccum_exploratory,human,2,older_80_89,0,2,4,472,0.8057813516210091,0.804875,0.001937984496124031,0.001937984496124031
current__snapshot_nonaccum_exploratory,human,2,older_80_89,0,3,4,471,0.8894176461802819,0.887375,0.0,0.0
current__snapshot_nonaccum_exploratory,human,2,older_80_89,0,4,4,468,1.150856513755342,1.038875,0.011306160031488979,0.004556024014706369
current__snapshot_nonaccum_exploratory,human,2,older_80_89,1,1,4,469,0.7661385929196219,0.780875,0.09290083636061681,0.029919794558043004
current__snapshot_nonaccum_exploratory,human,2,older_80_89,1,2,4,468,0.8809467603498395,0.881125,0.030114989791288568,0.012854765583692657
current__snapshot_nonaccum_exploratory,human,2,older_80_89,1,3,4,465,0.9811995280889121,0.981,0.01984535040236625,0.007213433961521362
current__snapshot_nonaccum_exploratory,human,2,older_80_89,1,4,4,465,1.282508360353475,1.16225,0.020334373519650374,0.005342406700692999
current__snapshot_nonaccum_exploratory,human,2,young_20_29,0,1,12,472,0.4973445979815323,0.5033333333333333,0.022805121517693618,0.009175655010333046
current__snapshot_nonaccum_exploratory,human,2,young_20_29,0,2,12,472,0.551049728929993,0.5503333333333333,0.016397076039455782,0.006626520394043253
current__snapshot_nonaccum_exploratory,human,2,young_20_29,0,3,12,467,0.6042939719012884,0.602,0.01722962144796682,0.006292699598289082
current__snapshot_nonaccum_exploratory,human,2,young_20_29,0,4,12,463,0.7357254540981127,0.7022499999999999,0.004285679764148664,0.002438235727078484
current__snapshot_nonaccum_exploratory,human,2,young_20_29,1,1,12,472,0.5268698233372492,0.536875,0.13943716601624673,0.019525091727120608
current__snapshot_nonaccum_exploratory,human,2,young_20_29,1,2,12,470,0.597575795707291,0.5970833333333333,0.08234994703293937,0.01683300750672646
current__snapshot_nonaccum_exploratory,human,2,young_20_29,1,3,12,467,0.661532170550705,0.6587500000000001,0.05056809855608927,0.012118627284075653
current__snapshot_nonaccum_exploratory,human,2,young_20_29,1,4,12,461,0.8094435863560462,0.7729166666666667,0.018136383965730057,0.00683317979898138
current__snapshot_nonaccum_exploratory,human,3,older_80_89,0,1,4,472,0.7135494114193273,0.727125,0.02724880107738799,0.011393231938429688
current__snapshot_nonaccum_exploratory,human,3,older_80_89,0,2,4,472,0.8057813516210091,0.804875,0.001937984496124031,0.001937984496124031
current__snapshot_nonaccum_exploratory,human,3,older_80_89,0,3,4,471,0.8894176461802819,0.887375,0.0,0.0
current__snapshot_nonaccum_exploratory,human,3,older_80_89,0,4,4,468,1.150856513755342,1.038875,0.011306160031488979,0.004556024014706369
current__snapshot_nonaccum_exploratory,human,3,older_80_89,1,1,4,469,0.7661385929196219,0.780875,0.09290083636061681,0.029919794558043004
current__snapshot_nonaccum_exploratory,human,3,older_80_89,1,2,4,468,0.8809467603498395,0.881125,0.030114989791288568,0.012854765583692657
current__snapshot_nonaccum_exploratory,human,3,older_80_89,1,3,4,465,0.9811995280889121,0.981,0.01984535040236625,0.007213433961521362
current__snapshot_nonaccum_exploratory,human,3,older_80_89,1,4,4,465,1.282508360353475,1.16225,0.020334373519650374,0.005342406700692999
current__snapshot_nonaccum_exploratory,human,3,young_20_29,0,1,12,472,0.4973445979815323,0.5033333333333333,0.022805121517693618,0.009175655010333046
current__snapshot_nonaccum_exploratory,human,3,young_20_29,0,2,12,472,0.551049728929993,0.5503333333333333,0.016397076039455782,0.006626520394043253
current__snapshot_nonaccum_exploratory,human,3,young_20_29,0,3,12,467,0.6042939719012884,0.602,0.01722962144796682,0.006292699598289082
current__snapshot_nonaccum_exploratory,human,3,young_20_29,0,4,12,463,0.7357254540981127,0.7022499999999999,0.004285679764148664,0.002438235727078484
current__snapshot_nonaccum_exploratory,human,3,young_20_29,1,1,12,472,0.5268698233372492,0.536875,0.13943716601624673,0.019525091727120608
current__snapshot_nonaccum_exploratory,human,3,young_20_29,1,2,12,470,0.597575795707291,0.5970833333333333,0.08234994703293937,0.01683300750672646
current__snapshot_nonaccum_exploratory,human,3,young_20_29,1,3,12,467,0.661532170550705,0.6587500000000001,0.05056809855608927,0.012118627284075653
current__snapshot_nonaccum_exploratory,human,3,young_20_29,1,4,12,461,0.8094435863560462,0.7729166666666667,0.018136383965730057,0.00683317979898138
current__snapshot_nonaccum_exploratory,human,4,older_80_89,0,1,4,472,0.7135494114193273,0.727125,0.02724880107738799,0.011393231938429688
current__snapshot_nonaccum_exploratory,human,4,older_80_89,0,2,4,472,0.8057813516210091,0.804875,0.001937984496124031,0.001937984496124031
current__snapshot_nonaccum_exploratory,human,4,older_80_89,0,3,4,471,0.8894176461802819,0.887375,0.0,0.0
current__snapshot_nonaccum_exploratory,human,4,older_80_89,0,4,4,468,1.150856513755342,1.038875,0.011306160031488979,0.004556024014706369
current__snapshot_nonaccum_exploratory,human,4,older_80_89,1,1,4,469,0.7661385929196219,0.780875,0.09290083636061681,0.029919794558043004
current__snapshot_nonaccum_exploratory,human,4,older_80_89,1,2,4,468,0.8809467603498395,0.881125,0.030114989791288568,0.012854765583692657
current__snapshot_nonaccum_exploratory,human,4,older_80_89,1,3,4,465,0.9811995280889121,0.981,0.01984535040236625,0.007213433961521362
current__snapshot_nonaccum_exploratory,human,4,older_80_89,1,4,4,465,1.282508360353475,1.16225,0.020334373519650374,0.005342406700692999
current__snapshot_nonaccum_exploratory,human,4,young_20_29,0,1,12,472,0.4973445979815323,0.5033333333333333,0.022805121517693618,0.009175655010333046
current__snapshot_nonaccum_exploratory,human,4,young_20_29,0,2,12,472,0.551049728929993,0.5503333333333333,0.016397076039455782,0.006626520394043253
current__snapshot_nonaccum_exploratory,human,4,young_20_29,0,3,12,467,0.6042939719012884,0.602,0.01722962144796682,0.006292699598289082
current__snapshot_nonaccum_exploratory,human,4,young_20_29,0,4,12,463,0.7357254540981127,0.7022499999999999,0.004285679764148664,0.002438235727078484
current__snapshot_nonaccum_exploratory,human,4,young_20_29,1,1,12,472,0.5268698233372492,0.536875,0.13943716601624673,0.019525091727120608
current__snapshot_nonaccum_exploratory,human,4,young_20_29,1,2,12,470,0.597575795707291,0.5970833333333333,0.08234994703293937,0.01683300750672646
current__snapshot_nonaccum_exploratory,human,4,young_20_29,1,3,12,467,0.661532170550705,0.6587500000000001,0.05056809855608927,0.012118627284075653
current__snapshot_nonaccum_exploratory,human,4,young_20_29,1,4,12,461,0.8094435863560462,0.7729166666666667,0.018136383965730057,0.00683317979898138
current__snapshot_nonaccum_exploratory,human,5,older_80_89,0,1,4,472,0.7135494114193273,0.727125,0.02724880107738799,0.011393231938429688
current__snapshot_nonaccum_exploratory,human,5,older_80_89,0,2,4,472,0.8057813516210091,0.804875,0.001937984496124031,0.001937984496124031
current__snapshot_nonaccum_exploratory,human,5,older_80_89,0,3,4,471,0.8894176461802819,0.887375,0.0,0.0
current__snapshot_nonaccum_exploratory,human,5,older_80_89,0,4,4,468,1.150856513755342,1.038875,0.011306160031488979,0.004556024014706369
current__snapshot_nonaccum_exploratory,human,5,older_80_89,1,1,4,469,0.7661385929196219,0.780875,0.09290083636061681,0.029919794558043004
current__snapshot_nonaccum_exploratory,human,5,older_80_89,1,2,4,468,0.8809467603498395,0.881125,0.030114989791288568,0.012854765583692657
current__snapshot_nonaccum_exploratory,human,5,older_80_89,1,3,4,465,0.9811995280889121,0.981,0.01984535040236625,0.007213433961521362
current__snapshot_nonaccum_exploratory,human,5,older_80_89,1,4,4,465,1.282508360353475,1.16225,0.020334373519650374,0.005342406700692999
current__snapshot_nonaccum_exploratory,human,5,young_20_29,0,1,12,472,0.4973445979815323,0.5033333333333333,0.022805121517693618,0.009175655010333046
current__snapshot_nonaccum_exploratory,human,5,young_20_29,0,2,12,472,0.551049728929993,0.5503333333333333,0.016397076039455782,0.006626520394043253
current__snapshot_nonaccum_exploratory,human,5,young_20_29,0,3,12,467,0.6042939719012884,0.602,0.01722962144796682,0.006292699598289082
current__snapshot_nonaccum_exploratory,human,5,young_20_29,0,4,12,463,0.7357254540981127,0.7022499999999999,0.004285679764148664,0.002438235727078484
current__snapshot_nonaccum_exploratory,human,5,young_20_29,1,1,12,472,0.5268698233372492,0.536875,0.13943716601624673,0.019525091727120608
current__snapshot_nonaccum_exploratory,human,5,young_20_29,1,2,12,470,0.597575795707291,0.5970833333333333,0.08234994703293937,0.01683300750672646
current__snapshot_nonaccum_exploratory,human,5,young_20_29,1,3,12,467,0.661532170550705,0.6587500000000001,0.05056809855608927,0.012118627284075653
current__snapshot_nonaccum_exploratory,human,5,young_20_29,1,4,12,461,0.8094435863560462,0.7729166666666667,0.018136383965730057,0.00683317979898138
current__snapshot_nonaccum_exploratory,human,6,older_80_89,0,1,4,472,0.7135494114193273,0.727125,0.02724880107738799,0.011393231938429688
current__snapshot_nonaccum_exploratory,human,6,older_80_89,0,2,4,472,0.8057813516210091,0.804875,0.001937984496124031,0.001937984496124031
current__snapshot_nonaccum_exploratory,human,6,older_80_89,0,3,4,471,0.8894176461802819,0.887375,0.0,0.0
current__snapshot_nonaccum_exploratory,human,6,older_80_89,0,4,4,468,1.150856513755342,1.038875,0.011306160031488979,0.004556024014706369
current__snapshot_nonaccum_exploratory,human,6,older_80_89,1,1,4,469,0.7661385929196219,0.780875,0.09290083636061681,0.029919794558043004
current__snapshot_nonaccum_exploratory,human,6,older_80_89,1,2,4,468,0.8809467603498395,0.881125,0.030114989791288568,0.012854765583692657
current__snapshot_nonaccum_exploratory,human,6,older_80_89,1,3,4,465,0.9811995280889121,0.981,0.01984535040236625,0.007213433961521362
current__snapshot_nonaccum_exploratory,human,6,older_80_89,1,4,4,465,1.282508360353475,1.16225,0.020334373519650374,0.005342406700692999
current__snapshot_nonaccum_exploratory,human,6,young_20_29,0,1,12,472,0.4973445979815323,0.5033333333333333,0.022805121517693618,0.009175655010333046
current__snapshot_nonaccum_exploratory,human,6,young_20_29,0,2,12,472,0.551049728929993,0.5503333333333333,0.016397076039455782,0.006626520394043253
current__snapshot_nonaccum_exploratory,human,6,young_20_29,0,3,12,467,0.6042939719012884,0.602,0.01722962144796682,0.006292699598289082
current__snapshot_nonaccum_exploratory,human,6,young_20_29,0,4,12,463,0.7357254540981127,0.7022499999999999,0.004285679764148664,0.002438235727078484
current__snapshot_nonaccum_exploratory,human,6,young_20_29,1,1,12,472,0.5268698233372492,0.536875,0.13943716601624673,0.019525091727120608
current__snapshot_nonaccum_exploratory,human,6,young_20_29,1,2,12,470,0.597575795707291,0.5970833333333333,0.08234994703293937,0.01683300750672646
current__snapshot_nonaccum_exploratory,human,6,young_20_29,1,3,12,467,0.661532170550705,0.6587500000000001,0.05056809855608927,0.012118627284075653
current__snapshot_nonaccum_exploratory,human,6,young_20_29,1,4,12,461,0.8094435863560462,0.7729166666666667,0.018136383965730057,0.00683317979898138
current__snapshot_nonaccum_exploratory,human,7,older_80_89,0,1,4,472,0.7135494114193273,0.727125,0.02724880107738799,0.011393231938429688
current__snapshot_nonaccum_exploratory,human,7,older_80_89,0,2,4,472,0.8057813516210091,0.804875,0.001937984496124031,0.001937984496124031
current__snapshot_nonaccum_exploratory,human,7,older_80_89,0,3,4,471,0.8894176461802819,0.887375,0.0,0.0
current__snapshot_nonaccum_exploratory,human,7,older_80_89,0,4,4,468,1.150856513755342,1.038875,0.011306160031488979,0.004556024014706369
current__snapshot_nonaccum_exploratory,human,7,older_80_89,1,1,4,469,0.7661385929196219,0.780875,0.09290083636061681,0.029919794558043004
current__snapshot_nonaccum_exploratory,human,7,older_80_89,1,2,4,468,0.8809467603498395,0.881125,0.030114989791288568,0.012854765583692657
current__snapshot_nonaccum_exploratory,human,7,older_80_89,1,3,4,465,0.9811995280889121,0.981,0.01984535040236625,0.007213433961521362
current__snapshot_nonaccum_exploratory,human,7,older_80_89,1,4,4,465,1.282508360353475,1.16225,0.020334373519650374,0.005342406700692999
current__snapshot_nonaccum_exploratory,human,7,young_20_29,0,1,12,472,0.4973445979815323,0.5033333333333333,0.022805121517693618,0.009175655010333046
current__snapshot_nonaccum_exploratory,human,7,young_20_29,0,2,12,472,0.551049728929993,0.5503333333333333,0.016397076039455782,0.006626520394043253
current__snapshot_nonaccum_exploratory,human,7,young_20_29,0,3,12,467,0.6042939719012884,0.602,0.01722962144796682,0.006292699598289082
current__snapshot_nonaccum_exploratory,human,7,young_20_29,0,4,12,463,0.7357254540981127,0.7022499999999999,0.004285679764148664,0.002438235727078484
current__snapshot_nonaccum_exploratory,human,7,young_20_29,1,1,12,472,0.5268698233372492,0.536875,0.13943716601624673,0.019525091727120608
current__snapshot_nonaccum_exploratory,human,7,young_20_29,1,2,12,470,0.597575795707291,0.5970833333333333,0.08234994703293937,0.01683300750672646
current__snapshot_nonaccum_exploratory,human,7,young_20_29,1,3,12,467,0.661532170550705,0.6587500000000001,0.05056809855608927,0.012118627284075653
current__snapshot_nonaccum_exploratory,human,7,young_20_29,1,4,12,461,0.8094435863560462,0.7729166666666667,0.018136383965730057,0.00683317979898138
current__snapshot_nonaccum_exploratory,human,8,older_80_89,0,1,4,472,0.7135494114193273,0.727125,0.02724880107738799,0.011393231938429688
current__snapshot_nonaccum_exploratory,human,8,older_80_89,0,2,4,472,0.8057813516210091,0.804875,0.001937984496124031,0.001937984496124031
current__snapshot_nonaccum_exploratory,human,8,older_80_89,0,3,4,471,0.8894176461802819,0.887375,0.0,0.0
current__snapshot_nonaccum_exploratory,human,8,older_80_89,0,4,4,468,1.150856513755342,1.038875,0.011306160031488979,0.004556024014706369
current__snapshot_nonaccum_exploratory,human,8,older_80_89,1,1,4,469,0.7661385929196219,0.780875,0.09290083636061681,0.029919794558043004
current__snapshot_nonaccum_exploratory,human,8,older_80_89,1,2,4,468,0.8809467603498395,0.881125,0.030114989791288568,0.012854765583692657
current__snapshot_nonaccum_exploratory,human,8,older_80_89,1,3,4,465,0.9811995280889121,0.981,0.01984535040236625,0.007213433961521362
current__snapshot_nonaccum_exploratory,human,8,older_80_89,1,4,4,465,1.282508360353475,1.16225,0.020334373519650374,0.005342406700692999
current__snapshot_nonaccum_exploratory,human,8,young_20_29,0,1,12,472,0.4973445979815323,0.5033333333333333,0.022805121517693618,0.009175655010333046
current__snapshot_nonaccum_exploratory,human,8,young_20_29,0,2,12,472,0.551049728929993,0.5503333333333333,0.016397076039455782,0.006626520394043253
current__snapshot_nonaccum_exploratory,human,8,young_20_29,0,3,12,467,0.6042939719012884,0.602,0.01722962144796682,0.006292699598289082
current__snapshot_nonaccum_exploratory,human,8,young_20_29,0,4,12,463,0.7357254540981127,0.7022499999999999,0.004285679764148664,0.002438235727078484
current__snapshot_nonaccum_exploratory,human,8,young_20_29,1,1,12,472,0.5268698233372492,0.536875,0.13943716601624673,0.019525091727120608
current__snapshot_nonaccum_exploratory,human,8,young_20_29,1,2,12,470,0.597575795707291,0.5970833333333333,0.08234994703293937,0.01683300750672646
current__snapshot_nonaccum_exploratory,human,8,young_20_29,1,3,12,467,0.661532170550705,0.6587500000000001,0.05056809855608927,0.012118627284075653
current__snapshot_nonaccum_exploratory,human,8,young_20_29,1,4,12,461,0.8094435863560462,0.7729166666666667,0.018136383965730057,0.00683317979898138
current__snapshot_nonaccum_exploratory,human,9,older_80_89,0,1,4,472,0.7135494114193273,0.727125,0.02724880107738799,0.011393231938429688
current__snapshot_nonaccum_exploratory,human,9,older_80_89,0,2,4,472,0.8057813516210091,0.804875,0.001937984496124031,0.001937984496124031
current__snapshot_nonaccum_exploratory,human,9,older_80_89,0,3,4,471,0.8894176461802819,0.887375,0.0,0.0
current__snapshot_nonaccum_exploratory,human,9,older_80_89,0,4,4,468,1.150856513755342,1.038875,0.011306160031488979,0.004556024014706369
current__snapshot_nonaccum_exploratory,human,9,older_80_89,1,1,4,469,0.7661385929196219,0.780875,0.09290083636061681,0.029919794558043004
current__snapshot_nonaccum_exploratory,human,9,older_80_89,1,2,4,468,0.8809467603498395,0.881125,0.030114989791288568,0.012854765583692657
current__snapshot_nonaccum_exploratory,human,9,older_80_89,1,3,4,465,0.9811995280889121,0.981,0.01984535040236625,0.007213433961521362
current__snapshot_nonaccum_exploratory,human,9,older_80_89,1,4,4,465,1.282508360353475,1.16225,0.020334373519650374,0.005342406700692999
current__snapshot_nonaccum_exploratory,human,9,young_20_29,0,1,12,472,0.4973445979815323,0.5033333333333333,0.022805121517693618,0.009175655010333046
current__snapshot_nonaccum_exploratory,human,9,young_20_29,0,2,12,472,0.551049728929993,0.5503333333333333,0.016397076039455782,0.006626520394043253
current__snapshot_nonaccum_exploratory,human,9,young_20_29,0,3,12,467,0.6042939719012884,0.602,0.01722962144796682,0.006292699598289082
current__snapshot_nonaccum_exploratory,human,9,young_20_29,0,4,12,463,0.7357254540981127,0.7022499999999999,0.004285679764148664,0.002438235727078484
current__snapshot_nonaccum_exploratory,human,9,young_20_29,1,1,12,472,0.5268698233372492,0.536875,0.13943716601624673,0.019525091727120608
current__snapshot_nonaccum_exploratory,human,9,young_20_29,1,2,12,470,0.597575795707291,0.5970833333333333,0.08234994703293937,0.01683300750672646
current__snapshot_nonaccum_exploratory,human,9,young_20_29,1,3,12,467,0.661532170550705,0.6587500000000001,0.05056809855608927,0.012118627284075653
current__snapshot_nonaccum_exploratory,human,9,young_20_29,1,4,12,461,0.8094435863560462,0.7729166666666667,0.018136383965730057,0.00683317979898138
current__snapshot_nonaccum_exploratory,model,0,older_80_89,0,1,4,472,0.6565292645277319,0.6736879764351298,0.004056628563920641,0.0023467361069714593
current__snapshot_nonaccum_exploratory,model,0,older_80_89,0,2,4,472,0.8071876736230599,0.8072503476242833,0.017197559453422676,0.0012588912181678861
current__snapshot_nonaccum_exploratory,model,0,older_80_89,0,3,4,471,0.9385282063218583,0.9312353088212967,0.009264961897253975,0.004306784255094281
current__snapshot_nonaccum_exploratory,model,0,older_80_89,0,4,4,468,1.1689125994507854,1.125911450598722,0.009169407894736841,0.004368175098927112
current__snapshot_nonaccum_exploratory,model,0,older_80_89,1,1,4,469,0.7127689017475092,0.7312315147769195,0.7151162627237444,0.01715652787996276
current__snapshot_nonaccum_exploratory,model,0,older_80_89,1,2,4,468,0.8746803906465612,0.8756449952077946,0.6839327598956795,0.017808585925155905
current__snapshot_nonaccum_exploratory,model,0,older_80_89,1,3,4,465,1.0129964072880329,1.008804530325789,0.6752497683794432,0.0253103824132811
current__snapshot_nonaccum_exploratory,model,0,older_80_89,1,4,4,465,1.281968692409613,1.234907077725508,0.7053739466951375,0.004997028364022043
current__snapshot_nonaccum_exploratory,model,0,young_20_29,0,1,12,472,0.4300618751833771,0.4392089564810564,0.0032051282051282055,0.003205128205128205
current__snapshot_nonaccum_exploratory,model,0,young_20_29,0,2,12,472,0.5304451892512299,0.531205072963072,0.01277513470136421,0.007207149079271966
current__snapshot_nonaccum_exploratory,model,0,young_20_29,0,3,12,467,0.6116523277308658,0.6114329475549781,0.0022038567493112946,0.0016063228360455371
current__snapshot_nonaccum_exploratory,model,0,young_20_29,0,4,12,463,0.7725895371857318,0.7509575465639132,0.0029082692958291045,0.0016450951465968333
current__snapshot_nonaccum_exploratory,model,0,young_20_29,1,1,12,472,0.4719050404736836,0.4796650554851172,0.6704719177012541,0.02876248643329817
current__snapshot_nonaccum_exploratory,model,0,young_20_29,1,2,12,470,0.5825172843369201,0.5830687594716132,0.7066160021805094,0.027697605468843842
current__snapshot_nonaccum_exploratory,model,0,young_20_29,1,3,12,467,0.6749885337882596,0.6735358818369607,0.7292810350739654,0.023446569789152202
current__snapshot_nonaccum_exploratory,model,0,young_20_29,1,4,12,461,0.832610221695707,0.8117727041991758,0.6989019665830343,0.03610858858738663
current__snapshot_nonaccum_exploratory,model,1,older_80_89,0,1,4,472,0.6575651031919468,0.6687190107826245,0.003875968992248062,0.002237791741045061
current__snapshot_nonaccum_exploratory,model,1,older_80_89,0,2,4,472,0.8125700847894177,0.8134656567417748,0.007751937984496124,0.004475583482090122
current__snapshot_nonaccum_exploratory,model,1,older_80_89,0,3,4,471,0.9389345862612699,0.9379371446230373,0.00423728813559322,0.00423728813559322
current__snapshot_nonaccum_exploratory,model,1,older_80_89,0,4,4,468,1.1726060978580723,1.1417628627663432,0.00390625,0.0022552744890219755
current__snapshot_nonaccum_exploratory,model,1,older_80_89,1,1,4,469,0.7172654223978536,0.7315852663886868,0.7248818877237444,0.020331527838856254
current__snapshot_nonaccum_exploratory,model,1,older_80_89,1,2,4,468,0.8806454536690975,0.8806336097186916,0.7079772099969752,0.025662292656606345
current__snapshot_nonaccum_exploratory,model,1,older_80_89,1,3,4,465,1.0143386398321321,1.0098333553797332,0.7239909679717332,0.018200905913912574
current__snapshot_nonaccum_exploratory,model,1,older_80_89,1,4,4,465,1.2771107888358681,1.2354235429400888,0.686494208493163,0.015608258480696077
current__snapshot_nonaccum_exploratory,model,1,young_20_29,0,1,12,472,0.424258081193742,0.43375863461212444,0.007857748166330615,0.005171501914382993
current__snapshot_nonaccum_exploratory,model,1,young_20_29,0,2,12,472,0.5200766675309415,0.5211467121467485,0.0014406358668653748,0.0009728343779218153
current__snapshot_nonaccum_exploratory,model,1,young_20_29,0,3,12,467,0.6085194470201721,0.608545978280996,0.010863855754137884,0.005300554103120215
current__snapshot_nonaccum_exploratory,model,1,young_20_29,0,4,12,463,0.7570652626915391,0.7307540337758379,0.006764615855524947,0.004681644873508658
current__snapshot_nonaccum_exploratory,model,1,young_20_29,1,1,12,472,0.46567065920008893,0.47507729841608376,0.6887961584464848,0.023173948989640494
current__snapshot_nonaccum_exploratory,model,1,young_20_29,1,2,12,470,0.5750165057084703,0.5780042535010885,0.5967068021194415,0.035911243159403985
current__snapshot_nonaccum_exploratory,model,1,young_20_29,1,3,12,467,0.6698611492970766,0.6644871929671178,0.6084852080848338,0.02842770406991825
current__snapshot_nonaccum_exploratory,model,1,young_20_29,1,4,12,461,0.8364310936508591,0.8170545014964944,0.6905807612623449,0.02970275911897529
current__snapshot_nonaccum_exploratory,model,2,older_80_89,0,1,4,472,0.65819870644374,0.6747552703921404,0.007326977401129943,0.004925341184520947
current__snapshot_nonaccum_exploratory,model,2,older_80_89,0,2,4,472,0.8135358632255323,0.8159471791589066,0.003875968992248062,0.003875968992248062
current__snapshot_nonaccum_exploratory,model,2,older_80_89,0,3,4,471,0.9410130725952243,0.940899263346089,0.007146317829457364,0.004914611600580886
current__snapshot_nonaccum_exploratory,model,2,older_80_89,0,4,4,468,1.1682729735723556,1.1351470130595427,0.013442912168241117,0.0033496452431222776
current__snapshot_nonaccum_exploratory,model,2,older_80_89,1,1,4,469,0.7201797012981856,0.7356725088178515,0.7209494554812792,0.017195596029189866
current__snapshot_nonaccum_exploratory,model,2,older_80_89,1,2,4,468,0.8839393851678659,0.8847126060159096,0.677273295822254,0.013430870904480178
current__snapshot_nonaccum_exploratory,model,2,older_80_89,1,3,4,465,1.017216817981303,1.0094197705875019,0.6795185573559656,0.03694636761182301
current__snapshot_nonaccum_exploratory,model,2,older_80_89,1,4,4,465,1.2623144492928173,1.209677483539775,0.7043894013646658,0.015839195203235797
current__snapshot_nonaccum_exploratory,model,2,young_20_29,0,1,12,472,0.42709920282898306,0.43628969710821036,0.001366120218579235,0.001366120218579235
current__snapshot_nonaccum_exploratory,model,2,young_20_29,0,2,12,472,0.5250496699652997,0.525041341293193,0.008700163997536882,0.00492416764996468
current__snapshot_nonaccum_exploratory,model,2,young_20_29,0,3,12,467,0.6073399574173893,0.6040997605395775,0.00719495624088782,0.0038160998606292327
current__snapshot_nonaccum_exploratory,model,2,young_20_29,0,4,12,463,0.7602156725575718,0.7387056602162132,0.012793968392054517,0.009038807841119469
current__snapshot_nonaccum_exploratory,model,2,young_20_29,1,1,12,472,0.4622326087578666,0.46923647031794075,0.6753437686786525,0.019782395563724794
current__snapshot_nonaccum_exploratory,model,2,young_20_29,1,2,12,470,0.5788024499340535,0.5776499456479941,0.6247125242316472,0.02723306415836022
current__snapshot_nonaccum_exploratory,model,2,young_20_29,1,3,12,467,0.6703369423785746,0.6671917423337077,0.6746985361397259,0.02553078943227543
current__snapshot_nonaccum_exploratory,model,2,young_20_29,1,4,12,461,0.8416255877605261,0.8083184500403447,0.6923635185672549,0.025960228869641812
current__snapshot_nonaccum_exploratory,model,3,older_80_89,0,1,4,472,0.6561305040566645,0.6716311746576846,0.005208333333333333,0.005208333333333333
current__snapshot_nonaccum_exploratory,model,3,older_80_89,0,2,4,472,0.8051900899514484,0.8047490640172741,0.007751937984496124,0.005481447916174787
current__snapshot_nonaccum_exploratory,model,3,older_80_89,0,3,4,471,0.9260428712436735,0.9237154037578357,0.001937984496124031,0.001937984496124031
current__snapshot_nonaccum_exploratory,model,3,older_80_89,0,4,4,468,1.1512912910616178,1.1122693412325368,0.015212410031488979,0.0025637899295922408
current__snapshot_nonaccum_exploratory,model,3,older_80_89,1,1,4,469,0.7118296334130422,0.7230094308264144,0.6864498129688039,0.012212336452102106
current__snapshot_nonaccum_exploratory,model,3,older_80_89,1,2,4,468,0.8799256658186921,0.8783932885037761,0.7106753302223583,0.014402247746788548
current__snapshot_nonaccum_exploratory,model,3,older_80_89,1,3,4,465,1.0334015889735713,1.031490062228648,0.7033673169854594,0.021867444527702562
current__snapshot_nonaccum_exploratory,model,3,older_80_89,1,4,4,465,1.2658245392748162,1.232490424641035,0.7281864728720515,0.03705516248229383
current__snapshot_nonaccum_exploratory,model,3,young_20_29,0,1,12,472,0.4286382614523787,0.4383262515290471,0.0043859649122807015,0.0043859649122807015
current__snapshot_nonaccum_exploratory,model,3,young_20_29,0,2,12,472,0.5290009165564784,0.530165499041473,0.003638847491306508,0.002543041726121125
current__snapshot_nonaccum_exploratory,model,3,young_20_29,0,3,12,467,0.6137077912846696,0.6126698925114075,0.008923999351806837,0.005622503341430665
current__snapshot_nonaccum_exploratory,model,3,young_20_29,0,4,12,463,0.7689996806251206,0.7480936369860561,0.0060916179337231965,0.00472654741045198
current__snapshot_nonaccum_exploratory,model,3,young_20_29,1,1,12,472,0.46087165622044973,0.47018804575573353,0.6376469462292693,0.03795527745211621
current__snapshot_nonaccum_exploratory,model,3,young_20_29,1,2,12,470,0.5713235712005954,0.5721319817362774,0.6552026221513191,0.019396769055249886
current__snapshot_nonaccum_exploratory,model,3,young_20_29,1,3,12,467,0.6640942499240575,0.661361342185211,0.6855353485620572,0.033331534619975234
current__snapshot_nonaccum_exploratory,model,3,young_20_29,1,4,12,461,0.8321486008308475,0.8044891430903814,0.7081742473260791,0.018445460344329933
current__snapshot_nonaccum_exploratory,model,4,older_80_89,0,1,4,472,0.6629227612021926,0.6767124556640582,0.007146317829457364,0.004914611600580886
current__snapshot_nonaccum_exploratory,model,4,older_80_89,0,2,4,472,0.817125359412146,0.8180923813067719,0.007932597556168703,0.0054844242303612725
current__snapshot_nonaccum_exploratory,model,4,older_80_89,0,3,4,471,0.9455637079833629,0.9464612765255841,0.005859375,0.005859375
current__snapshot_nonaccum_exploratory,model,4,older_80_89,0,4,4,468,1.1755037725349995,1.140794405073139,0.009949252136752136,0.0073805114026737634
current__snapshot_nonaccum_exploratory,model,4,older_80_89,1,1,4,469,0.7038784308820671,0.7212767591732878,0.6803655739023319,0.023246660781151694
current__snapshot_nonaccum_exploratory,model,4,older_80_89,1,2,4,468,0.8756205002824393,0.8772553504505587,0.6990320299420363,0.01595835504238567
current__snapshot_nonaccum_exploratory,model,4,older_80_89,1,3,4,465,1.01098685970118,1.009223993004362,0.659587511409524,0.03410806976412482
current__snapshot_nonaccum_exploratory,model,4,older_80_89,1,4,4,465,1.258402748528054,1.213251727036989,0.6709174665368773,0.006949684817548865
current__snapshot_nonaccum_exploratory,model,4,young_20_29,0,1,12,472,0.4146127666982835,0.42113428049902796,0.001366120218579235,0.001366120218579235
current__snapshot_nonaccum_exploratory,model,4,young_20_29,0,2,12,472,0.5246201661302082,0.5267980649011355,0.0043859649122807015,0.0043859649122807015
current__snapshot_nonaccum_exploratory,model,4,young_20_29,0,3,12,467,0.6089316183079416,0.6065072351264403,0.009427074144942484,0.004897976916152823
current__snapshot_nonaccum_exploratory,model,4,young_20_29,0,4,12,463,0.7544446731200174,0.7291607682151905,0.008862548934319269,0.005478582864727468
current__snapshot_nonaccum_exploratory,model,4,young_20_29,1,1,12,472,0.47075808851643747,0.4807599102400797,0.6834588183967568,0.02299934006066404
current__snapshot_nonaccum_exploratory,model,4,young_20_29,1,2,12,470,0.5791368524719539,0.5788553238019946,0.7141961196409224,0.024883449342471862
current__snapshot_nonaccum_exploratory,model,4,young_20_29,1,3,12,467,0.6694248410857359,0.6637181367271047,0.6405710316107328,0.02446842857309146
current__snapshot_nonaccum_exploratory,model,4,young_20_29,1,4,12,461,0.8439555567172605,0.8117596887170019,0.6815478575115385,0.03515949824076796
current__snapshot_nonaccum_exploratory,model,5,older_80_89,0,1,4,472,0.6562536141279167,0.6723050395070074,0.003875968992248062,0.003875968992248062
current__snapshot_nonaccum_exploratory,model,5,older_80_89,0,2,4,472,0.8077651268339938,0.8102654735351705,0.004056628563920641,0.0023467361069714593
current__snapshot_nonaccum_exploratory,model,5,older_80_89,0,3,4,471,0.9367799502024997,0.9377405718803702,0.008779439298383918,0.0035066489379523935
current__snapshot_nonaccum_exploratory,model,5,older_80_89,0,4,4,468,1.1702329653668202,1.1279345570701746,0.008674581084120558,0.0032532275801941597
current__snapshot_nonaccum_exploratory,model,5,older_80_89,1,1,4,469,0.7101479459154647,0.7237147551790025,0.6836195521974285,0.009929393935173165
current__snapshot_nonaccum_exploratory,model,5,older_80_89,1,2,4,468,0.8755521311363127,0.8755286819427137,0.7457368352906625,0.015636024522026837
current__snapshot_nonaccum_exploratory,model,5,older_80_89,1,3,4,465,1.0284220687077763,1.028432483182315,0.6742423972312408,0.03306715087184581
current__snapshot_nonaccum_exploratory,model,5,older_80_89,1,4,4,465,1.282533374293668,1.2378721663676528,0.6702769332463417,0.011735726585179424
current__snapshot_nonaccum_exploratory,model,5,young_20_29,0,1,12,472,0.4331561533724358,0.44137701562623816,0.0056595365418894835,0.0048916192972732
current__snapshot_nonaccum_exploratory,model,5,young_20_29,0,2,12,472,0.5302519786023286,0.5299927631103745,0.0043859649122807015,0.0043859649122807015
current__snapshot_nonaccum_exploratory,model,5,young_20_29,0,3,12,467,0.6178698017554166,0.6143549400451714,0.006580322279051861,0.004463984831115953
current__snapshot_nonaccum_exploratory,model,5,young_20_29,0,4,12,463,0.7765681464933514,0.7505051609938316,0.007363104731525784,0.004570876922387292
current__snapshot_nonaccum_exploratory,model,5,young_20_29,1,1,12,472,0.464011277340199,0.47437627901228946,0.701624292916406,0.029041395950683013
current__snapshot_nonaccum_exploratory,model,5,young_20_29,1,2,12,470,0.5803519114389674,0.5814361142963846,0.6863963958271149,0.02797522078663503
current__snapshot_nonaccum_exploratory,model,5,young_20_29,1,3,12,467,0.6767456220113154,0.6741434502140176,0.6915642534684605,0.021038848735886323
current__snapshot_nonaccum_exploratory,model,5,young_20_29,1,4,12,461,0.8443475546668743,0.8183063566846824,0.6395410267316052,0.025819845479463043
current__snapshot_nonaccum_exploratory,model,6,older_80_89,0,1,4,472,0.6627228224961865,0.6739385615930238,0.00211864406779661,0.00211864406779661
current__snapshot_nonaccum_exploratory,model,6,older_80_89,0,2,4,472,0.8092750373324509,0.8099413064699642,0.007146317829457364,0.004914611600580886
current__snapshot_nonaccum_exploratory,model,6,older_80_89,0,3,4,471,0.9395447290933548,0.9374411980579466,0.008613920230587307,0.0006228027530439413
current__snapshot_nonaccum_exploratory,model,6,older_80_89,0,4,4,468,1.168052516632997,1.1340029984068545,0.00849095394736842,0.0032608014046191865
current__snapshot_nonaccum_exploratory,model,6,older_80_89,1,1,4,469,0.7076008213345384,0.7230052612459069,0.6919117385041689,0.008510238193059858
current__snapshot_nonaccum_exploratory,model,6,older_80_89,1,2,4,468,0.8668150325434951,0.8642831016436705,0.7071828473863588,0.015620788767937394
current__snapshot_nonaccum_exploratory,model,6,older_80_89,1,3,4,465,1.0060053439952898,1.0067185967011298,0.7036581063945326,0.029334953471742475
current__snapshot_nonaccum_exploratory,model,6,older_80_89,1,4,4,465,1.2443598004072565,1.2021021318531253,0.7216014557613764,0.02554532892948561
current__snapshot_nonaccum_exploratory,model,6,young_20_29,0,1,12,472,0.43423818187768043,0.44442119335681857,0.015988814543581278,0.006621772338630071
current__snapshot_nonaccum_exploratory,model,6,young_20_29,0,2,12,472,0.5344233404240936,0.5327872821242846,0.01164601681843061,0.008016935249630897
current__snapshot_nonaccum_exploratory,model,6,young_20_29,0,3,12,467,0.6202281522982961,0.6231877707281468,0.004725829725829726,0.003971696001627954
current__snapshot_nonaccum_exploratory,model,6,young_20_29,0,4,12,463,0.7703572509319127,0.7465392566248547,0.0006887052341597796,0.0006887052341597796
current__snapshot_nonaccum_exploratory,model,6,young_20_29,1,1,12,472,0.4719056662430418,0.4816791518379276,0.6697240294113221,0.01548389049148877
current__snapshot_nonaccum_exploratory,model,6,young_20_29,1,2,12,470,0.5763453008223381,0.5759207872029509,0.6769002190748848,0.03139354205666682
current__snapshot_nonaccum_exploratory,model,6,young_20_29,1,3,12,467,0.6685017449253666,0.6658811164177816,0.7496423002285844,0.025969506153317366
current__snapshot_nonaccum_exploratory,model,6,young_20_29,1,4,12,461,0.8333553437247502,0.8095575096487361,0.6793873372855336,0.027565961566500322
current__snapshot_nonaccum_exploratory,model,7,older_80_89,0,1,4,472,0.6539218823249293,0.6711827207255854,0.006660795230587308,0.0022904358668314646
current__snapshot_nonaccum_exploratory,model,7,older_80_89,0,2,4,472,0.8053387482846285,0.8061753932136972,0.008418120155038759,0.005521781410205027
current__snapshot_nonaccum_exploratory,model,7,older_80_89,0,3,4,471,0.9397116142078388,0.9381372128871273,0.00602489406779661,0.0037722857114252046
current__snapshot_nonaccum_exploratory,model,7,older_80_89,0,4,4,468,1.178841911301817,1.1300933838667673,0.010526315789473684,0.010526315789473684
current__snapshot_nonaccum_exploratory,model,7,older_80_89,1,1,4,469,0.7050663346773502,0.7135936329241344,0.7001846855417464,0.01480366072268949
current__snapshot_nonaccum_exploratory,model,7,older_80_89,1,2,4,468,0.8761353844232295,0.8764107929647916,0.6984527778950183,0.030199692826383975
current__snapshot_nonaccum_exploratory,model,7,older_80_89,1,3,4,465,1.0224852452881776,1.01277045126622,0.682172219452083,0.026158819531867588
current__snapshot_nonaccum_exploratory,model,7,older_80_89,1,4,4,465,1.2850837463824105,1.2483406194166267,0.6626854927722832,0.007592351185870567
current__snapshot_nonaccum_exploratory,model,7,young_20_29,0,1,12,472,0.42080292718647844,0.42942921565196807,0.0065096608884356935,0.0044491780591229295
current__snapshot_nonaccum_exploratory,model,7,young_20_29,0,2,12,472,0.5277773800765985,0.5283600014704758,0.004166666666666667,0.0041666666666666675
current__snapshot_nonaccum_exploratory,model,7,young_20_29,0,3,12,467,0.6140011163466004,0.6118527358577951,0.006905101168424053,0.0035685389857100947
current__snapshot_nonaccum_exploratory,model,7,young_20_29,0,4,12,463,0.7634380040688887,0.7447438184411235,0.005922865013774105,0.003893469428402912
current__snapshot_nonaccum_exploratory,model,7,young_20_29,1,1,12,472,0.4712066363984227,0.4795424027519724,0.6962679186562338,0.028012560278250446
current__snapshot_nonaccum_exploratory,model,7,young_20_29,1,2,12,470,0.5784358172193561,0.5782566212779418,0.6565281767917195,0.019692696848655048
current__snapshot_nonaccum_exploratory,model,7,young_20_29,1,3,12,467,0.6712180785115605,0.6693183117178515,0.6717144394219227,0.03972095113175683
current__snapshot_nonaccum_exploratory,model,7,young_20_29,1,4,12,461,0.8396857466428621,0.8088198663548422,0.6710238214709788,0.03142513229366244
current__snapshot_nonaccum_exploratory,model,8,older_80_89,0,1,4,472,0.6485663846122743,0.6653965381899734,0.011022286821705425,0.006382903161945444
current__snapshot_nonaccum_exploratory,model,8,older_80_89,0,2,4,472,0.8117717645294418,0.8097769155674128,0.008418120155038759,0.0032340721137488365
current__snapshot_nonaccum_exploratory,model,8,older_80_89,0,3,4,471,0.9464769517305314,0.9428067584211357,0.005844234496124031,0.003737343755181495
current__snapshot_nonaccum_exploratory,model,8,older_80_89,0,4,4,468,1.1827982449451442,1.1533119969867243,0.010811333220872694,0.002189736532083434
current__snapshot_nonaccum_exploratory,model,8,older_80_89,1,1,4,469,0.7101270386154388,0.7295975732013179,0.6660197523708272,0.01771565436280266
current__snapshot_nonaccum_exploratory,model,8,older_80_89,1,2,4,468,0.8767561246498228,0.8811981569359023,0.7167216121322754,0.015851087621992974
current__snapshot_nonaccum_exploratory,model,8,older_80_89,1,3,4,465,1.0220844628447299,1.0190716048823616,0.6948864932900446,0.00700413204479358
current__snapshot_nonaccum_exploratory,model,8,older_80_89,1,4,4,465,1.259685026065281,1.2224788665473298,0.7128512129479321,0.026193432909789236
current__snapshot_nonaccum_exploratory,model,8,young_20_29,0,1,12,472,0.43147085813940717,0.4395308374607256,0.004651314077543585,0.003964944174611452
current__snapshot_nonaccum_exploratory,model,8,young_20_29,0,2,12,472,0.5344770571084295,0.5347813557931071,0.016563210359140264,0.0061896547639426714
current__snapshot_nonaccum_exploratory,model,8,young_20_29,0,3,12,467,0.6217618283228378,0.6203464854504128,0.01374786829332284,0.008769123292645774
current__snapshot_nonaccum_exploratory,model,8,young_20_29,0,4,12,463,0.7701908123928848,0.7448184966415083,0.011394648236753499,0.005662773759573033
current__snapshot_nonaccum_exploratory,model,8,young_20_29,1,1,12,472,0.46645955487386387,0.47659414639955605,0.6608581509154051,0.025920120352548953
current__snapshot_nonaccum_exploratory,model,8,young_20_29,1,2,12,470,0.5749566068509208,0.5772182066919703,0.6560605400987806,0.01959485998970654
current__snapshot_nonaccum_exploratory,model,8,young_20_29,1,3,12,467,0.6660363350081646,0.668071221545675,0.6607106041810172,0.03761605508750431
current__snapshot_nonaccum_exploratory,model,8,young_20_29,1,4,12,461,0.8281119736922432,0.8026841247776862,0.6761475579027061,0.024588953439590378
current__snapshot_nonaccum_exploratory,model,9,older_80_89,0,1,4,472,0.6465861448965847,0.6600224836216575,0.008598779726711338,0.0006294456090839431
current__snapshot_nonaccum_exploratory,model,9,older_80_89,0,2,4,472,0.8056057480862335,0.8050391564822966,0.004722810734463277,0.002755382951097035
current__snapshot_nonaccum_exploratory,model,9,older_80_89,0,3,4,471,0.9417757364181646,0.9385884005750913,0.003875968992248062,0.003875968992248062
current__snapshot_nonaccum_exploratory,model,9,older_80_89,0,4,4,468,1.1830084873326758,1.1376376152406265,0.009847861842105263,0.00747408601827416
current__snapshot_nonaccum_exploratory,model,9,older_80_89,1,1,4,469,0.713692055052266,0.7295140055386391,0.7003013021568905,0.007882651843634127
current__snapshot_nonaccum_exploratory,model,9,older_80_89,1,2,4,468,0.8810723377883947,0.8844199662352493,0.6713956368090435,0.022013342829720284
current__snapshot_nonaccum_exploratory,model,9,older_80_89,1,3,4,465,1.0217729521893433,1.0227177248263282,0.685114369194141,0.02349836879791269
current__snapshot_nonaccum_exploratory,model,9,older_80_89,1,4,4,465,1.2776201688954125,1.2337078712975749,0.6629176323540881,0.02589853496543848
current__snapshot_nonaccum_exploratory,model,9,young_20_29,0,1,12,472,0.42074475652426097,0.42873862519302425,0.005829350600407695,0.0034731356391569245
current__snapshot_nonaccum_exploratory,model,9,young_20_29,0,2,12,472,0.5204607917091693,0.5221709434963054,0.0014367816091954023,0.0014367816091954023
current__snapshot_nonaccum_exploratory,model,9,young_20_29,0,3,12,467,0.6000254629892988,0.5969184495166128,0.002951933124346917,0.0019910343795497623
current__snapshot_nonaccum_exploratory,model,9,young_20_29,0,4,12,463,0.7540197574049846,0.7329768889862874,0.002219564061669325,0.0015842837594038967
current__snapshot_nonaccum_exploratory,model,9,young_20_29,1,1,12,472,0.4691752693308471,0.4767811886741163,0.7044874476469921,0.023983905765064633
current__snapshot_nonaccum_exploratory,model,9,young_20_29,1,2,12,470,0.5741090425765879,0.5743575885673393,0.6684930371932251,0.030357526811770834
current__snapshot_nonaccum_exploratory,model,9,young_20_29,1,3,12,467,0.6683844715913838,0.6671750123683101,0.7215952563232105,0.02700253060726737
current__snapshot_nonaccum_exploratory,model,9,young_20_29,1,4,12,461,0.8211813762554326,0.7995564867100998,0.6594297000694177,0.02947999945372193
saved_current_gate_execution_reference,human,0,older_80_89,0,1,4,472,0.7135494114193273,0.727125,0.02724880107738799,0.011393231938429688
saved_current_gate_execution_reference,human,0,older_80_89,0,2,4,472,0.8057813516210091,0.804875,0.001937984496124031,0.001937984496124031
saved_current_gate_execution_reference,human,0,older_80_89,0,3,4,471,0.8894176461802819,0.887375,0.0,0.0
saved_current_gate_execution_reference,human,0,older_80_89,0,4,4,468,1.150856513755342,1.038875,0.011306160031488979,0.004556024014706369
saved_current_gate_execution_reference,human,0,older_80_89,1,1,4,469,0.7661385929196219,0.780875,0.09290083636061681,0.029919794558043004
saved_current_gate_execution_reference,human,0,older_80_89,1,2,4,468,0.8809467603498395,0.881125,0.030114989791288568,0.012854765583692657
saved_current_gate_execution_reference,human,0,older_80_89,1,3,4,465,0.9811995280889121,0.981,0.01984535040236625,0.007213433961521362
saved_current_gate_execution_reference,human,0,older_80_89,1,4,4,465,1.282508360353475,1.16225,0.020334373519650374,0.005342406700692999
saved_current_gate_execution_reference,human,0,young_20_29,0,1,12,472,0.4973445979815323,0.5033333333333333,0.022805121517693618,0.009175655010333046
saved_current_gate_execution_reference,human,0,young_20_29,0,2,12,472,0.551049728929993,0.5503333333333333,0.016397076039455782,0.006626520394043253
saved_current_gate_execution_reference,human,0,young_20_29,0,3,12,467,0.6042939719012884,0.602,0.01722962144796682,0.006292699598289082
saved_current_gate_execution_reference,human,0,young_20_29,0,4,12,463,0.7357254540981127,0.7022499999999999,0.004285679764148664,0.002438235727078484
saved_current_gate_execution_reference,human,0,young_20_29,1,1,12,472,0.5268698233372492,0.536875,0.13943716601624673,0.019525091727120608
saved_current_gate_execution_reference,human,0,young_20_29,1,2,12,470,0.597575795707291,0.5970833333333333,0.08234994703293937,0.01683300750672646
saved_current_gate_execution_reference,human,0,young_20_29,1,3,12,467,0.661532170550705,0.6587500000000001,0.05056809855608927,0.012118627284075653
saved_current_gate_execution_reference,human,0,young_20_29,1,4,12,461,0.8094435863560462,0.7729166666666667,0.018136383965730057,0.00683317979898138
saved_current_gate_execution_reference,human,1,older_80_89,0,1,4,472,0.7135494114193273,0.727125,0.02724880107738799,0.011393231938429688
saved_current_gate_execution_reference,human,1,older_80_89,0,2,4,472,0.8057813516210091,0.804875,0.001937984496124031,0.001937984496124031
saved_current_gate_execution_reference,human,1,older_80_89,0,3,4,471,0.8894176461802819,0.887375,0.0,0.0
saved_current_gate_execution_reference,human,1,older_80_89,0,4,4,468,1.150856513755342,1.038875,0.011306160031488979,0.004556024014706369
saved_current_gate_execution_reference,human,1,older_80_89,1,1,4,469,0.7661385929196219,0.780875,0.09290083636061681,0.029919794558043004
saved_current_gate_execution_reference,human,1,older_80_89,1,2,4,468,0.8809467603498395,0.881125,0.030114989791288568,0.012854765583692657
saved_current_gate_execution_reference,human,1,older_80_89,1,3,4,465,0.9811995280889121,0.981,0.01984535040236625,0.007213433961521362
saved_current_gate_execution_reference,human,1,older_80_89,1,4,4,465,1.282508360353475,1.16225,0.020334373519650374,0.005342406700692999
saved_current_gate_execution_reference,human,1,young_20_29,0,1,12,472,0.4973445979815323,0.5033333333333333,0.022805121517693618,0.009175655010333046
saved_current_gate_execution_reference,human,1,young_20_29,0,2,12,472,0.551049728929993,0.5503333333333333,0.016397076039455782,0.006626520394043253
saved_current_gate_execution_reference,human,1,young_20_29,0,3,12,467,0.6042939719012884,0.602,0.01722962144796682,0.006292699598289082
saved_current_gate_execution_reference,human,1,young_20_29,0,4,12,463,0.7357254540981127,0.7022499999999999,0.004285679764148664,0.002438235727078484
saved_current_gate_execution_reference,human,1,young_20_29,1,1,12,472,0.5268698233372492,0.536875,0.13943716601624673,0.019525091727120608
saved_current_gate_execution_reference,human,1,young_20_29,1,2,12,470,0.597575795707291,0.5970833333333333,0.08234994703293937,0.01683300750672646
saved_current_gate_execution_reference,human,1,young_20_29,1,3,12,467,0.661532170550705,0.6587500000000001,0.05056809855608927,0.012118627284075653
saved_current_gate_execution_reference,human,1,young_20_29,1,4,12,461,0.8094435863560462,0.7729166666666667,0.018136383965730057,0.00683317979898138
saved_current_gate_execution_reference,human,2,older_80_89,0,1,4,472,0.7135494114193273,0.727125,0.02724880107738799,0.011393231938429688
saved_current_gate_execution_reference,human,2,older_80_89,0,2,4,472,0.8057813516210091,0.804875,0.001937984496124031,0.001937984496124031
saved_current_gate_execution_reference,human,2,older_80_89,0,3,4,471,0.8894176461802819,0.887375,0.0,0.0
saved_current_gate_execution_reference,human,2,older_80_89,0,4,4,468,1.150856513755342,1.038875,0.011306160031488979,0.004556024014706369
saved_current_gate_execution_reference,human,2,older_80_89,1,1,4,469,0.7661385929196219,0.780875,0.09290083636061681,0.029919794558043004
saved_current_gate_execution_reference,human,2,older_80_89,1,2,4,468,0.8809467603498395,0.881125,0.030114989791288568,0.012854765583692657
saved_current_gate_execution_reference,human,2,older_80_89,1,3,4,465,0.9811995280889121,0.981,0.01984535040236625,0.007213433961521362
saved_current_gate_execution_reference,human,2,older_80_89,1,4,4,465,1.282508360353475,1.16225,0.020334373519650374,0.005342406700692999
saved_current_gate_execution_reference,human,2,young_20_29,0,1,12,472,0.4973445979815323,0.5033333333333333,0.022805121517693618,0.009175655010333046
saved_current_gate_execution_reference,human,2,young_20_29,0,2,12,472,0.551049728929993,0.5503333333333333,0.016397076039455782,0.006626520394043253
saved_current_gate_execution_reference,human,2,young_20_29,0,3,12,467,0.6042939719012884,0.602,0.01722962144796682,0.006292699598289082
saved_current_gate_execution_reference,human,2,young_20_29,0,4,12,463,0.7357254540981127,0.7022499999999999,0.004285679764148664,0.002438235727078484
saved_current_gate_execution_reference,human,2,young_20_29,1,1,12,472,0.5268698233372492,0.536875,0.13943716601624673,0.019525091727120608
saved_current_gate_execution_reference,human,2,young_20_29,1,2,12,470,0.597575795707291,0.5970833333333333,0.08234994703293937,0.01683300750672646
saved_current_gate_execution_reference,human,2,young_20_29,1,3,12,467,0.661532170550705,0.6587500000000001,0.05056809855608927,0.012118627284075653
saved_current_gate_execution_reference,human,2,young_20_29,1,4,12,461,0.8094435863560462,0.7729166666666667,0.018136383965730057,0.00683317979898138
saved_current_gate_execution_reference,human,3,older_80_89,0,1,4,472,0.7135494114193273,0.727125,0.02724880107738799,0.011393231938429688
saved_current_gate_execution_reference,human,3,older_80_89,0,2,4,472,0.8057813516210091,0.804875,0.001937984496124031,0.001937984496124031
saved_current_gate_execution_reference,human,3,older_80_89,0,3,4,471,0.8894176461802819,0.887375,0.0,0.0
saved_current_gate_execution_reference,human,3,older_80_89,0,4,4,468,1.150856513755342,1.038875,0.011306160031488979,0.004556024014706369
saved_current_gate_execution_reference,human,3,older_80_89,1,1,4,469,0.7661385929196219,0.780875,0.09290083636061681,0.029919794558043004
saved_current_gate_execution_reference,human,3,older_80_89,1,2,4,468,0.8809467603498395,0.881125,0.030114989791288568,0.012854765583692657
saved_current_gate_execution_reference,human,3,older_80_89,1,3,4,465,0.9811995280889121,0.981,0.01984535040236625,0.007213433961521362
saved_current_gate_execution_reference,human,3,older_80_89,1,4,4,465,1.282508360353475,1.16225,0.020334373519650374,0.005342406700692999
saved_current_gate_execution_reference,human,3,young_20_29,0,1,12,472,0.4973445979815323,0.5033333333333333,0.022805121517693618,0.009175655010333046
saved_current_gate_execution_reference,human,3,young_20_29,0,2,12,472,0.551049728929993,0.5503333333333333,0.016397076039455782,0.006626520394043253
saved_current_gate_execution_reference,human,3,young_20_29,0,3,12,467,0.6042939719012884,0.602,0.01722962144796682,0.006292699598289082
saved_current_gate_execution_reference,human,3,young_20_29,0,4,12,463,0.7357254540981127,0.7022499999999999,0.004285679764148664,0.002438235727078484
saved_current_gate_execution_reference,human,3,young_20_29,1,1,12,472,0.5268698233372492,0.536875,0.13943716601624673,0.019525091727120608
saved_current_gate_execution_reference,human,3,young_20_29,1,2,12,470,0.597575795707291,0.5970833333333333,0.08234994703293937,0.01683300750672646
saved_current_gate_execution_reference,human,3,young_20_29,1,3,12,467,0.661532170550705,0.6587500000000001,0.05056809855608927,0.012118627284075653
saved_current_gate_execution_reference,human,3,young_20_29,1,4,12,461,0.8094435863560462,0.7729166666666667,0.018136383965730057,0.00683317979898138
saved_current_gate_execution_reference,human,4,older_80_89,0,1,4,472,0.7135494114193273,0.727125,0.02724880107738799,0.011393231938429688
saved_current_gate_execution_reference,human,4,older_80_89,0,2,4,472,0.8057813516210091,0.804875,0.001937984496124031,0.001937984496124031
saved_current_gate_execution_reference,human,4,older_80_89,0,3,4,471,0.8894176461802819,0.887375,0.0,0.0
saved_current_gate_execution_reference,human,4,older_80_89,0,4,4,468,1.150856513755342,1.038875,0.011306160031488979,0.004556024014706369
saved_current_gate_execution_reference,human,4,older_80_89,1,1,4,469,0.7661385929196219,0.780875,0.09290083636061681,0.029919794558043004
saved_current_gate_execution_reference,human,4,older_80_89,1,2,4,468,0.8809467603498395,0.881125,0.030114989791288568,0.012854765583692657
saved_current_gate_execution_reference,human,4,older_80_89,1,3,4,465,0.9811995280889121,0.981,0.01984535040236625,0.007213433961521362
saved_current_gate_execution_reference,human,4,older_80_89,1,4,4,465,1.282508360353475,1.16225,0.020334373519650374,0.005342406700692999
saved_current_gate_execution_reference,human,4,young_20_29,0,1,12,472,0.4973445979815323,0.5033333333333333,0.022805121517693618,0.009175655010333046
saved_current_gate_execution_reference,human,4,young_20_29,0,2,12,472,0.551049728929993,0.5503333333333333,0.016397076039455782,0.006626520394043253
saved_current_gate_execution_reference,human,4,young_20_29,0,3,12,467,0.6042939719012884,0.602,0.01722962144796682,0.006292699598289082
saved_current_gate_execution_reference,human,4,young_20_29,0,4,12,463,0.7357254540981127,0.7022499999999999,0.004285679764148664,0.002438235727078484
saved_current_gate_execution_reference,human,4,young_20_29,1,1,12,472,0.5268698233372492,0.536875,0.13943716601624673,0.019525091727120608
saved_current_gate_execution_reference,human,4,young_20_29,1,2,12,470,0.597575795707291,0.5970833333333333,0.08234994703293937,0.01683300750672646
saved_current_gate_execution_reference,human,4,young_20_29,1,3,12,467,0.661532170550705,0.6587500000000001,0.05056809855608927,0.012118627284075653
saved_current_gate_execution_reference,human,4,young_20_29,1,4,12,461,0.8094435863560462,0.7729166666666667,0.018136383965730057,0.00683317979898138
saved_current_gate_execution_reference,human,5,older_80_89,0,1,4,472,0.7135494114193273,0.727125,0.02724880107738799,0.011393231938429688
saved_current_gate_execution_reference,human,5,older_80_89,0,2,4,472,0.8057813516210091,0.804875,0.001937984496124031,0.001937984496124031
saved_current_gate_execution_reference,human,5,older_80_89,0,3,4,471,0.8894176461802819,0.887375,0.0,0.0
saved_current_gate_execution_reference,human,5,older_80_89,0,4,4,468,1.150856513755342,1.038875,0.011306160031488979,0.004556024014706369
saved_current_gate_execution_reference,human,5,older_80_89,1,1,4,469,0.7661385929196219,0.780875,0.09290083636061681,0.029919794558043004
saved_current_gate_execution_reference,human,5,older_80_89,1,2,4,468,0.8809467603498395,0.881125,0.030114989791288568,0.012854765583692657
saved_current_gate_execution_reference,human,5,older_80_89,1,3,4,465,0.9811995280889121,0.981,0.01984535040236625,0.007213433961521362
saved_current_gate_execution_reference,human,5,older_80_89,1,4,4,465,1.282508360353475,1.16225,0.020334373519650374,0.005342406700692999
saved_current_gate_execution_reference,human,5,young_20_29,0,1,12,472,0.4973445979815323,0.5033333333333333,0.022805121517693618,0.009175655010333046
saved_current_gate_execution_reference,human,5,young_20_29,0,2,12,472,0.551049728929993,0.5503333333333333,0.016397076039455782,0.006626520394043253
saved_current_gate_execution_reference,human,5,young_20_29,0,3,12,467,0.6042939719012884,0.602,0.01722962144796682,0.006292699598289082
saved_current_gate_execution_reference,human,5,young_20_29,0,4,12,463,0.7357254540981127,0.7022499999999999,0.004285679764148664,0.002438235727078484
saved_current_gate_execution_reference,human,5,young_20_29,1,1,12,472,0.5268698233372492,0.536875,0.13943716601624673,0.019525091727120608
saved_current_gate_execution_reference,human,5,young_20_29,1,2,12,470,0.597575795707291,0.5970833333333333,0.08234994703293937,0.01683300750672646
saved_current_gate_execution_reference,human,5,young_20_29,1,3,12,467,0.661532170550705,0.6587500000000001,0.05056809855608927,0.012118627284075653
saved_current_gate_execution_reference,human,5,young_20_29,1,4,12,461,0.8094435863560462,0.7729166666666667,0.018136383965730057,0.00683317979898138
saved_current_gate_execution_reference,human,6,older_80_89,0,1,4,472,0.7135494114193273,0.727125,0.02724880107738799,0.011393231938429688
saved_current_gate_execution_reference,human,6,older_80_89,0,2,4,472,0.8057813516210091,0.804875,0.001937984496124031,0.001937984496124031
saved_current_gate_execution_reference,human,6,older_80_89,0,3,4,471,0.8894176461802819,0.887375,0.0,0.0
saved_current_gate_execution_reference,human,6,older_80_89,0,4,4,468,1.150856513755342,1.038875,0.011306160031488979,0.004556024014706369
saved_current_gate_execution_reference,human,6,older_80_89,1,1,4,469,0.7661385929196219,0.780875,0.09290083636061681,0.029919794558043004
saved_current_gate_execution_reference,human,6,older_80_89,1,2,4,468,0.8809467603498395,0.881125,0.030114989791288568,0.012854765583692657
saved_current_gate_execution_reference,human,6,older_80_89,1,3,4,465,0.9811995280889121,0.981,0.01984535040236625,0.007213433961521362
saved_current_gate_execution_reference,human,6,older_80_89,1,4,4,465,1.282508360353475,1.16225,0.020334373519650374,0.005342406700692999
saved_current_gate_execution_reference,human,6,young_20_29,0,1,12,472,0.4973445979815323,0.5033333333333333,0.022805121517693618,0.009175655010333046
saved_current_gate_execution_reference,human,6,young_20_29,0,2,12,472,0.551049728929993,0.5503333333333333,0.016397076039455782,0.006626520394043253
saved_current_gate_execution_reference,human,6,young_20_29,0,3,12,467,0.6042939719012884,0.602,0.01722962144796682,0.006292699598289082
saved_current_gate_execution_reference,human,6,young_20_29,0,4,12,463,0.7357254540981127,0.7022499999999999,0.004285679764148664,0.002438235727078484
saved_current_gate_execution_reference,human,6,young_20_29,1,1,12,472,0.5268698233372492,0.536875,0.13943716601624673,0.019525091727120608
saved_current_gate_execution_reference,human,6,young_20_29,1,2,12,470,0.597575795707291,0.5970833333333333,0.08234994703293937,0.01683300750672646
saved_current_gate_execution_reference,human,6,young_20_29,1,3,12,467,0.661532170550705,0.6587500000000001,0.05056809855608927,0.012118627284075653
saved_current_gate_execution_reference,human,6,young_20_29,1,4,12,461,0.8094435863560462,0.7729166666666667,0.018136383965730057,0.00683317979898138
saved_current_gate_execution_reference,human,7,older_80_89,0,1,4,472,0.7135494114193273,0.727125,0.02724880107738799,0.011393231938429688
saved_current_gate_execution_reference,human,7,older_80_89,0,2,4,472,0.8057813516210091,0.804875,0.001937984496124031,0.001937984496124031
saved_current_gate_execution_reference,human,7,older_80_89,0,3,4,471,0.8894176461802819,0.887375,0.0,0.0
saved_current_gate_execution_reference,human,7,older_80_89,0,4,4,468,1.150856513755342,1.038875,0.011306160031488979,0.004556024014706369
saved_current_gate_execution_reference,human,7,older_80_89,1,1,4,469,0.7661385929196219,0.780875,0.09290083636061681,0.029919794558043004
saved_current_gate_execution_reference,human,7,older_80_89,1,2,4,468,0.8809467603498395,0.881125,0.030114989791288568,0.012854765583692657
saved_current_gate_execution_reference,human,7,older_80_89,1,3,4,465,0.9811995280889121,0.981,0.01984535040236625,0.007213433961521362
saved_current_gate_execution_reference,human,7,older_80_89,1,4,4,465,1.282508360353475,1.16225,0.020334373519650374,0.005342406700692999
saved_current_gate_execution_reference,human,7,young_20_29,0,1,12,472,0.4973445979815323,0.5033333333333333,0.022805121517693618,0.009175655010333046
saved_current_gate_execution_reference,human,7,young_20_29,0,2,12,472,0.551049728929993,0.5503333333333333,0.016397076039455782,0.006626520394043253
saved_current_gate_execution_reference,human,7,young_20_29,0,3,12,467,0.6042939719012884,0.602,0.01722962144796682,0.006292699598289082
saved_current_gate_execution_reference,human,7,young_20_29,0,4,12,463,0.7357254540981127,0.7022499999999999,0.004285679764148664,0.002438235727078484
saved_current_gate_execution_reference,human,7,young_20_29,1,1,12,472,0.5268698233372492,0.536875,0.13943716601624673,0.019525091727120608
saved_current_gate_execution_reference,human,7,young_20_29,1,2,12,470,0.597575795707291,0.5970833333333333,0.08234994703293937,0.01683300750672646
saved_current_gate_execution_reference,human,7,young_20_29,1,3,12,467,0.661532170550705,0.6587500000000001,0.05056809855608927,0.012118627284075653
saved_current_gate_execution_reference,human,7,young_20_29,1,4,12,461,0.8094435863560462,0.7729166666666667,0.018136383965730057,0.00683317979898138
saved_current_gate_execution_reference,human,8,older_80_89,0,1,4,472,0.7135494114193273,0.727125,0.02724880107738799,0.011393231938429688
saved_current_gate_execution_reference,human,8,older_80_89,0,2,4,472,0.8057813516210091,0.804875,0.001937984496124031,0.001937984496124031
saved_current_gate_execution_reference,human,8,older_80_89,0,3,4,471,0.8894176461802819,0.887375,0.0,0.0
saved_current_gate_execution_reference,human,8,older_80_89,0,4,4,468,1.150856513755342,1.038875,0.011306160031488979,0.004556024014706369
saved_current_gate_execution_reference,human,8,older_80_89,1,1,4,469,0.7661385929196219,0.780875,0.09290083636061681,0.029919794558043004
saved_current_gate_execution_reference,human,8,older_80_89,1,2,4,468,0.8809467603498395,0.881125,0.030114989791288568,0.012854765583692657
saved_current_gate_execution_reference,human,8,older_80_89,1,3,4,465,0.9811995280889121,0.981,0.01984535040236625,0.007213433961521362
saved_current_gate_execution_reference,human,8,older_80_89,1,4,4,465,1.282508360353475,1.16225,0.020334373519650374,0.005342406700692999
saved_current_gate_execution_reference,human,8,young_20_29,0,1,12,472,0.4973445979815323,0.5033333333333333,0.022805121517693618,0.009175655010333046
saved_current_gate_execution_reference,human,8,young_20_29,0,2,12,472,0.551049728929993,0.5503333333333333,0.016397076039455782,0.006626520394043253
saved_current_gate_execution_reference,human,8,young_20_29,0,3,12,467,0.6042939719012884,0.602,0.01722962144796682,0.006292699598289082
saved_current_gate_execution_reference,human,8,young_20_29,0,4,12,463,0.7357254540981127,0.7022499999999999,0.004285679764148664,0.002438235727078484
saved_current_gate_execution_reference,human,8,young_20_29,1,1,12,472,0.5268698233372492,0.536875,0.13943716601624673,0.019525091727120608
saved_current_gate_execution_reference,human,8,young_20_29,1,2,12,470,0.597575795707291,0.5970833333333333,0.08234994703293937,0.01683300750672646
saved_current_gate_execution_reference,human,8,young_20_29,1,3,12,467,0.661532170550705,0.6587500000000001,0.05056809855608927,0.012118627284075653
saved_current_gate_execution_reference,human,8,young_20_29,1,4,12,461,0.8094435863560462,0.7729166666666667,0.018136383965730057,0.00683317979898138
saved_current_gate_execution_reference,human,9,older_80_89,0,1,4,472,0.7135494114193273,0.727125,0.02724880107738799,0.011393231938429688
saved_current_gate_execution_reference,human,9,older_80_89,0,2,4,472,0.8057813516210091,0.804875,0.001937984496124031,0.001937984496124031
saved_current_gate_execution_reference,human,9,older_80_89,0,3,4,471,0.8894176461802819,0.887375,0.0,0.0
saved_current_gate_execution_reference,human,9,older_80_89,0,4,4,468,1.150856513755342,1.038875,0.011306160031488979,0.004556024014706369
saved_current_gate_execution_reference,human,9,older_80_89,1,1,4,469,0.7661385929196219,0.780875,0.09290083636061681,0.029919794558043004
saved_current_gate_execution_reference,human,9,older_80_89,1,2,4,468,0.8809467603498395,0.881125,0.030114989791288568,0.012854765583692657
saved_current_gate_execution_reference,human,9,older_80_89,1,3,4,465,0.9811995280889121,0.981,0.01984535040236625,0.007213433961521362
saved_current_gate_execution_reference,human,9,older_80_89,1,4,4,465,1.282508360353475,1.16225,0.020334373519650374,0.005342406700692999
saved_current_gate_execution_reference,human,9,young_20_29,0,1,12,472,0.4973445979815323,0.5033333333333333,0.022805121517693618,0.009175655010333046
saved_current_gate_execution_reference,human,9,young_20_29,0,2,12,472,0.551049728929993,0.5503333333333333,0.016397076039455782,0.006626520394043253
saved_current_gate_execution_reference,human,9,young_20_29,0,3,12,467,0.6042939719012884,0.602,0.01722962144796682,0.006292699598289082
saved_current_gate_execution_reference,human,9,young_20_29,0,4,12,463,0.7357254540981127,0.7022499999999999,0.004285679764148664,0.002438235727078484
saved_current_gate_execution_reference,human,9,young_20_29,1,1,12,472,0.5268698233372492,0.536875,0.13943716601624673,0.019525091727120608
saved_current_gate_execution_reference,human,9,young_20_29,1,2,12,470,0.597575795707291,0.5970833333333333,0.08234994703293937,0.01683300750672646
saved_current_gate_execution_reference,human,9,young_20_29,1,3,12,467,0.661532170550705,0.6587500000000001,0.05056809855608927,0.012118627284075653
saved_current_gate_execution_reference,human,9,young_20_29,1,4,12,461,0.8094435863560462,0.7729166666666667,0.018136383965730057,0.00683317979898138
saved_current_gate_execution_reference,model,0,older_80_89,0,1,4,472,0.5109882202146845,0.5367941746151896,0.015684535540664825,0.008319072241038384
saved_current_gate_execution_reference,model,0,older_80_89,0,2,4,472,0.7300181281744836,0.7309447685978614,0.015078915385626068,0.004054595017602356
saved_current_gate_execution_reference,model,0,older_80_89,0,3,4,471,0.8877494213710851,0.8911343431516602,0.010051241623965312,0.005944162555332179
saved_current_gate_execution_reference,model,0,older_80_89,0,4,4,468,1.1447172319658923,1.106807225615864,0.002631578947368421,0.002631578947368421
saved_current_gate_execution_reference,model,0,older_80_89,1,1,4,469,0.7826936707000347,0.813606759685482,0.09965032996082185,0.014454992233243336
saved_current_gate_execution_reference,model,0,older_80_89,1,2,4,468,1.03149330512876,1.0334577895073658,0.034509396015349116,0.0037133288064029627
saved_current_gate_execution_reference,model,0,older_80_89,1,3,4,465,1.2041226323273053,1.206084852093183,0.04885018356335319,0.0046688157538066904
saved_current_gate_execution_reference,model,0,older_80_89,1,4,4,465,1.4744392571322542,1.4388500225036183,0.02302977199727327,0.005811736879860827
saved_current_gate_execution_reference,model,0,young_20_29,0,1,12,472,0.42673947522212125,0.44064463380841246,0.020655339245429446,0.008142449549201385
saved_current_gate_execution_reference,model,0,young_20_29,0,2,12,472,0.5445401173706962,0.5427701111083119,0.02591752661501513,0.00872198653853827
saved_current_gate_execution_reference,model,0,young_20_29,0,3,12,467,0.6278597298594755,0.6238534427037759,0.011287920696919406,0.00570468213288202
saved_current_gate_execution_reference,model,0,young_20_29,0,4,12,463,0.753645611498377,0.7369667731759044,0.03160507587840124,0.008957964773225706
saved_current_gate_execution_reference,model,0,young_20_29,1,1,12,472,0.6106194648388615,0.6338246788946537,0.3088552904721773,0.01857836059451023
saved_current_gate_execution_reference,model,0,young_20_29,1,2,12,470,0.7784565452083351,0.7810247536924108,0.10055903571648134,0.025435630813873743
saved_current_gate_execution_reference,model,0,young_20_29,1,3,12,467,0.8872673104291001,0.8840906210299501,0.0782684520254867,0.01586462753447731
saved_current_gate_execution_reference,model,0,young_20_29,1,4,12,461,1.0563278877979998,1.032018983050105,0.021742282320432238,0.009855773674933368
saved_current_gate_execution_reference,model,1,older_80_89,0,1,4,472,0.5213938362804956,0.5435365674295278,0.003875968992248062,0.003875968992248062
saved_current_gate_execution_reference,model,1,older_80_89,0,2,4,472,0.738342717137698,0.7413964858055317,0.010536764222835369,0.004805072570639728
saved_current_gate_execution_reference,model,1,older_80_89,0,3,4,471,0.8903780318802433,0.8894567977874578,0.0,0.0
saved_current_gate_execution_reference,model,1,older_80_89,0,4,4,468,1.1540376685864067,1.1132688175666658,0.015992254273504272,0.006389442844886698
saved_current_gate_execution_reference,model,1,older_80_89,1,1,4,469,0.7795806996071137,0.8037038509442301,0.11603593493367438,0.019276189034837698
saved_current_gate_execution_reference,model,1,older_80_89,1,2,4,468,1.020676538408133,1.0215074310148102,0.04946455374477694,0.01707919234186845
saved_current_gate_execution_reference,model,1,older_80_89,1,3,4,465,1.2014813760808734,1.1999888197294668,0.04475726508656796,0.004303635448837838
saved_current_gate_execution_reference,model,1,older_80_89,1,4,4,465,1.4885271744239408,1.445956039230428,0.04139564157991577,0.007537438652819161
saved_current_gate_execution_reference,model,1,young_20_29,0,1,12,472,0.4267678496767838,0.4402931301348593,0.022578114756739636,0.006929043403902611
saved_current_gate_execution_reference,model,1,young_20_29,0,2,12,472,0.5441696842554155,0.5454111070369966,0.026569398883850386,0.010179852760873938
saved_current_gate_execution_reference,model,1,young_20_29,0,3,12,467,0.6288037209928575,0.6289477326152374,0.013378834787503518,0.006608658633779434
saved_current_gate_execution_reference,model,1,young_20_29,0,4,12,463,0.7519047936576126,0.7386097039949502,0.015570326470446087,0.006343273690173543
saved_current_gate_execution_reference,model,1,young_20_29,1,1,12,472,0.612852042835315,0.6288259064448757,0.322155945364156,0.019216507881862917
saved_current_gate_execution_reference,model,1,young_20_29,1,2,12,470,0.7764695247214993,0.7772553489100452,0.10783058038573205,0.017429080851144026
saved_current_gate_execution_reference,model,1,young_20_29,1,3,12,467,0.8926743918165646,0.8933679405144269,0.049225564886180406,0.014610902376628088
saved_current_gate_execution_reference,model,1,young_20_29,1,4,12,461,1.0535131134145825,1.032821732059866,0.023461323955741815,0.006558958008198715
saved_current_gate_execution_reference,model,2,older_80_89,0,1,4,472,0.5094450340831995,0.5359293108704385,0.015865195112337405,0.006339735525529718
saved_current_gate_execution_reference,model,2,older_80_89,0,2,4,472,0.7279053606117559,0.7299960252041289,0.014593392786756011,0.0014333121420533484
saved_current_gate_execution_reference,model,2,older_80_89,0,3,4,471,0.8880609648479821,0.8844544410531838,0.006175272631717251,0.004029374911363987
saved_current_gate_execution_reference,model,2,older_80_89,0,4,4,468,1.1505221239105206,1.1049086454482886,0.009353035031488979,0.0043529946641219395
saved_current_gate_execution_reference,model,2,older_80_89,1,1,4,469,0.7872448327541919,0.8182138158336214,0.1109716304961868,0.008284491223008733
saved_current_gate_execution_reference,model,2,older_80_89,1,2,4,468,1.023039322951621,1.0181512012160974,0.05804295990201044,0.011905945124058404
saved_current_gate_execution_reference,model,2,older_80_89,1,3,4,465,1.2034280472856076,1.2027891741024894,0.04533264945393152,0.00506588181319708
saved_current_gate_execution_reference,model,2,older_80_89,1,4,4,465,1.4807184998405547,1.4368517992971213,0.032841533808296894,0.007827501608610284
saved_current_gate_execution_reference,model,2,young_20_29,0,1,12,472,0.430769018662835,0.44218261338527737,0.03430284214642867,0.009278264482068007
saved_current_gate_execution_reference,model,2,young_20_29,0,2,12,472,0.5456637884791967,0.5473942199092733,0.01777649996385722,0.006901208237750041
saved_current_gate_execution_reference,model,2,young_20_29,0,3,12,467,0.626923139941908,0.6279163924003065,0.01857340046554263,0.010122132012370607
saved_current_gate_execution_reference,model,2,young_20_29,0,4,12,463,0.7511701159128573,0.7374607627864139,0.008126721763085399,0.004465444924916619
saved_current_gate_execution_reference,model,2,young_20_29,1,1,12,472,0.6148757346750922,0.6342445749500952,0.31759446077319126,0.03450826543344388
saved_current_gate_execution_reference,model,2,young_20_29,1,2,12,470,0.7757588137735274,0.7741755004930595,0.1137524019100535,0.020858381858893403
saved_current_gate_execution_reference,model,2,young_20_29,1,3,12,467,0.8860878030645951,0.8840374537569811,0.06171434416233193,0.013050100546784698
saved_current_gate_execution_reference,model,2,young_20_29,1,4,12,461,1.056412219742231,1.0419838553455856,0.03193745910153406,0.009631611931157961
saved_current_gate_execution_reference,model,3,older_80_89,0,1,4,472,0.5150939557082422,0.5393110472143389,0.008598779726711338,0.003226705057388113
saved_current_gate_execution_reference,model,3,older_80_89,0,2,4,472,0.7265509078337762,0.7289835645678094,0.0214348475890159,0.004340242321026042
saved_current_gate_execution_reference,model,3,older_80_89,0,3,4,471,0.8874498747739474,0.8886282020472989,0.006495276162790697,0.00225240970011841
saved_current_gate_execution_reference,model,3,older_80_89,0,4,4,468,1.140572391189816,1.1062725727215952,0.00390625,0.00390625
saved_current_gate_execution_reference,model,3,older_80_89,1,1,4,469,0.7825510200654118,0.8124130188024493,0.11211463024641957,0.01808192002950928
saved_current_gate_execution_reference,model,3,older_80_89,1,2,4,468,1.0285533090082772,1.0307784786329104,0.062353304729596645,0.009624389539596887
saved_current_gate_execution_reference,model,3,older_80_89,1,3,4,465,1.2023633160620633,1.1989685390619722,0.050460729483798476,0.011125102595908572
saved_current_gate_execution_reference,model,3,older_80_89,1,4,4,465,1.4913973829760012,1.4492496428101656,0.021379001637772167,0.003491356456728649
saved_current_gate_execution_reference,model,3,young_20_29,0,1,12,472,0.4286261745015781,0.44239275602702494,0.029415486374242756,0.0062586427388611875
saved_current_gate_execution_reference,model,3,young_20_29,0,2,12,472,0.542599263999965,0.5429989063048758,0.02839659022791033,0.010304331261466798
saved_current_gate_execution_reference,model,3,young_20_29,0,3,12,467,0.6282210261254864,0.6261464693363323,0.0050180488268262565,0.0026691078046388577
saved_current_gate_execution_reference,model,3,young_20_29,0,4,12,463,0.7493690728586505,0.7336914724062146,0.014950089008103363,0.0065339450838229
saved_current_gate_execution_reference,model,3,young_20_29,1,1,12,472,0.6129699802238937,0.629235621010605,0.33115073837341086,0.022602128704862504
saved_current_gate_execution_reference,model,3,young_20_29,1,2,12,470,0.7765295865009416,0.7786171322800034,0.1064014083842144,0.016931499182724238
saved_current_gate_execution_reference,model,3,young_20_29,1,3,12,467,0.8911669372195172,0.8910568352924585,0.08298423699028433,0.01884603616929892
saved_current_gate_execution_reference,model,3,young_20_29,1,4,12,461,1.051243100414396,1.0352112442323083,0.029353328128248382,0.007316773202181926
saved_current_gate_execution_reference,model,4,older_80_89,0,1,4,472,0.5172979982841945,0.5400165347465427,0.006660795230587308,0.002290435866831465
saved_current_gate_execution_reference,model,4,older_80_89,0,2,4,472,0.7313461059835613,0.7343727896414624,0.004542151162790697,0.002678229175801222
saved_current_gate_execution_reference,model,4,older_80_89,0,3,4,471,0.8893066306773616,0.8868233241631005,0.014138151195637893,0.005254581373465391
saved_current_gate_execution_reference,model,4,older_80_89,0,4,4,468,1.1342267030263629,1.1004679349127233,0.012580831084120558,0.0036639800608271136
saved_current_gate_execution_reference,model,4,older_80_89,1,1,4,469,0.7887276640691923,0.8235123894628217,0.10980939147679127,0.0164968415952305
saved_current_gate_execution_reference,model,4,older_80_89,1,2,4,468,1.0284226860224093,1.0308940237960411,0.04778710132387906,0.008714369255123111
saved_current_gate_execution_reference,model,4,older_80_89,1,3,4,465,1.19957000885148,1.1969237850609376,0.041577909627182975,0.00717889049079915
saved_current_gate_execution_reference,model,4,older_80_89,1,4,4,465,1.4801611334589413,1.4431855149735646,0.019208450286971192,0.00729743446445074
saved_current_gate_execution_reference,model,4,young_20_29,0,1,12,472,0.42974834380691945,0.4425974607795013,0.003634993233636535,0.0020159812323915904
saved_current_gate_execution_reference,model,4,young_20_29,0,2,12,472,0.5429714186984437,0.5433670345846325,0.015433505742088191,0.006741804885584608
saved_current_gate_execution_reference,model,4,young_20_29,0,3,12,467,0.6249280336239811,0.6237575511870355,0.013871122290094622,0.007243990920079744
saved_current_gate_execution_reference,model,4,young_20_29,0,4,12,463,0.746287900155674,0.7294596952323178,0.0249523947610072,0.010447915322091111
saved_current_gate_execution_reference,model,4,young_20_29,1,1,12,472,0.6130317381810312,0.6341250936708137,0.3117512860859705,0.025352283773363005
saved_current_gate_execution_reference,model,4,young_20_29,1,2,12,470,0.7744909075587341,0.777193520083225,0.11044048619966707,0.018645399367135947
saved_current_gate_execution_reference,model,4,young_20_29,1,3,12,467,0.885261275284266,0.8807132492329566,0.05292893397156301,0.015620106031714778
saved_current_gate_execution_reference,model,4,young_20_29,1,4,12,461,1.0523586532518223,1.0275719546731272,0.024623316131665882,0.009027623898654859
saved_current_gate_execution_reference,model,5,older_80_89,0,1,4,472,0.5098065368685348,0.5301970711287678,0.011808566548416765,0.006680959823917903
saved_current_gate_execution_reference,model,5,older_80_89,0,2,4,472,0.734014570767971,0.7359679592469593,0.008779439298383918,0.0035066489379523935
saved_current_gate_execution_reference,model,5,older_80_89,0,3,4,471,0.8882791687923564,0.885228266577586,0.010567045230587307,0.0017773757648792848
saved_current_gate_execution_reference,model,5,older_80_89,0,4,4,468,1.1433238030667363,1.0971614690789842,0.008179754273504274,0.004732093665518669
saved_current_gate_execution_reference,model,5,older_80_89,1,1,4,469,0.7857934803582307,0.8180227466784806,0.12312473110792037,0.01369901810147761
saved_current_gate_execution_reference,model,5,older_80_89,1,2,4,468,1.026009132196935,1.0309197634107572,0.06588052554200256,0.0039258497252679814
saved_current_gate_execution_reference,model,5,older_80_89,1,3,4,465,1.2024857560814575,1.2041805134987613,0.04097616781532169,0.00960358674265147
saved_current_gate_execution_reference,model,5,older_80_89,1,4,4,465,1.483791237751837,1.4342438421019388,0.02952901458180484,0.011314479105897411
saved_current_gate_execution_reference,model,5,young_20_29,0,1,12,472,0.426577913572218,0.43812556959836885,0.025859234435295846,0.011991101927020074
saved_current_gate_execution_reference,model,5,young_20_29,0,2,12,472,0.544563112992883,0.5463282407727749,0.027336397380133826,0.007162756001968446
saved_current_gate_execution_reference,model,5,young_20_29,0,3,12,467,0.6257075099497943,0.6257949504530315,0.015920695710334384,0.00619628151170007
saved_current_gate_execution_reference,model,5,young_20_29,0,4,12,463,0.7472376529144332,0.7309865526321713,0.00676501860712387,0.0040407915377523446
saved_current_gate_execution_reference,model,5,young_20_29,1,1,12,472,0.6131696297666882,0.6375017424569475,0.2977607014881252,0.023854635234829145
saved_current_gate_execution_reference,model,5,young_20_29,1,2,12,470,0.7755874195540086,0.7780120720998535,0.11644835142976544,0.020383376440568403
saved_current_gate_execution_reference,model,5,young_20_29,1,3,12,467,0.8819195099152911,0.8777256444499052,0.07528724499340518,0.012580411634376457
saved_current_gate_execution_reference,model,5,young_20_29,1,4,12,461,1.0523032940466113,1.0310928252781997,0.03926358331098457,0.014386879867191477
saved_current_gate_execution_reference,model,6,older_80_89,0,1,4,472,0.5130360690800594,0.5311037740041582,0.007146317829457364,0.004914611600580886
saved_current_gate_execution_reference,model,6,older_80_89,0,2,4,472,0.7304572443463322,0.7321120895673857,0.011022286821705425,0.0045508906018069915
saved_current_gate_execution_reference,model,6,older_80_89,0,3,4,471,0.8869068011171082,0.887982092038315,0.007161458333333333,0.004915256793796061
saved_current_gate_execution_reference,model,6,older_80_89,0,4,4,468,1.1526069634058649,1.1184433090667603,0.005859375,0.003739949639673196
saved_current_gate_execution_reference,model,6,older_80_89,1,1,4,469,0.7807617868316035,0.8123581709645358,0.11849919888140895,0.017574796535130423
saved_current_gate_execution_reference,model,6,older_80_89,1,2,4,468,1.029114243496754,1.033395331639647,0.05773441786603638,0.011742009041577711
saved_current_gate_execution_reference,model,6,older_80_89,1,3,4,465,1.205304062325485,1.202742681355035,0.0318972129168809,0.0051799198345296015
saved_current_gate_execution_reference,model,6,older_80_89,1,4,4,465,1.4871963941125559,1.4361575725661944,0.036545736394503786,0.012693526416339744
saved_current_gate_execution_reference,model,6,young_20_29,0,1,12,472,0.42728957128033235,0.43984524286366256,0.02021499740483185,0.0063500727236056815
saved_current_gate_execution_reference,model,6,young_20_29,0,2,12,472,0.5430095934948571,0.5424040033218073,0.014201614236276269,0.006671097783137093
saved_current_gate_execution_reference,model,6,young_20_29,0,3,12,467,0.6292166789129502,0.6285657613061414,0.020536701527444193,0.0064760585519910525
saved_current_gate_execution_reference,model,6,young_20_29,0,4,12,463,0.7540864777034518,0.7425147711331236,0.01481275071287033,0.006260921753221407
saved_current_gate_execution_reference,model,6,young_20_29,1,1,12,472,0.6124632949300618,0.6306663120188777,0.335012173231821,0.022842458163779236
saved_current_gate_execution_reference,model,6,young_20_29,1,2,12,470,0.7774774932609541,0.7776001877037687,0.09291718665473005,0.022450052901464783
saved_current_gate_execution_reference,model,6,young_20_29,1,3,12,467,0.890370253288911,0.8901268432895239,0.07382421649258122,0.012221220652182174
saved_current_gate_execution_reference,model,6,young_20_29,1,4,12,461,1.058261178373863,1.0369999502622587,0.020262121993933138,0.010728869334978696
saved_current_gate_execution_reference,model,7,older_80_89,0,1,4,472,0.5151974588545756,0.5418306401169223,0.0,0.0
saved_current_gate_execution_reference,model,7,older_80_89,0,2,4,472,0.7333850750522274,0.7340224040479832,0.006480135658914728,0.0022495072950100134
saved_current_gate_execution_reference,model,7,older_80_89,0,3,4,471,0.8862543809386269,0.8877444908610973,0.010551904726711338,0.0017406880891887664
saved_current_gate_execution_reference,model,7,older_80_89,0,4,4,468,1.1539385400568443,1.1168385493340303,0.004089877136752137,0.0023660468327593347
saved_current_gate_execution_reference,model,7,older_80_89,1,1,4,469,0.7820292652208681,0.8129972525819984,0.12141161067826842,0.022520675908425842
saved_current_gate_execution_reference,model,7,older_80_89,1,2,4,468,1.0283195163439653,1.031949709152329,0.054218946744115704,0.014944789586554038
saved_current_gate_execution_reference,model,7,older_80_89,1,3,4,465,1.199781351476632,1.1950354311643525,0.03698498952562377,0.010841904523525854
saved_current_gate_execution_reference,model,7,older_80_89,1,4,4,465,1.4807092078269113,1.441235620661402,0.01676630216968706,0.0026350188268430717
saved_current_gate_execution_reference,model,7,young_20_29,0,1,12,472,0.42626958913488666,0.44174120286716995,0.04474649579754427,0.011646923670223979
saved_current_gate_execution_reference,model,7,young_20_29,0,2,12,472,0.542285815696952,0.5415861027888652,0.011918550723555037,0.005686433387936136
saved_current_gate_execution_reference,model,7,young_20_29,0,3,12,467,0.6300707770769302,0.6305646823927421,0.024812521066494415,0.007439974268504504
saved_current_gate_execution_reference,model,7,young_20_29,0,4,12,463,0.7509925612845381,0.7415820410183245,0.012756351392715028,0.005876478026867467
saved_current_gate_execution_reference,model,7,young_20_29,1,1,12,472,0.6187317300432398,0.6380019716235593,0.3163789808963933,0.022992863364877474
saved_current_gate_execution_reference,model,7,young_20_29,1,2,12,470,0.7782535810409429,0.7769211823470824,0.10193162220765233,0.014078673394884401
saved_current_gate_execution_reference,model,7,young_20_29,1,3,12,467,0.8879428652295811,0.8857270647188337,0.07321399207763314,0.01285528233872603
saved_current_gate_execution_reference,model,7,young_20_29,1,4,12,461,1.0570435875877384,1.0373289028207842,0.03427841633084855,0.007132430180006749
saved_current_gate_execution_reference,model,8,older_80_89,0,1,4,472,0.5094222850519176,0.5363048571238895,0.009689922480620155,0.007337090886046865
saved_current_gate_execution_reference,model,8,older_80_89,0,2,4,472,0.7348855174803193,0.7391772597643417,0.004056628563920641,0.0023467361069714593
saved_current_gate_execution_reference,model,8,older_80_89,0,3,4,471,0.8872858393927718,0.8849713610617624,0.008448401162790697,0.0032562527431868856
saved_current_gate_execution_reference,model,8,older_80_89,0,4,4,468,1.1527522641162857,1.110612579463882,0.01839487038911381,0.008532300042878813
saved_current_gate_execution_reference,model,8,older_80_89,1,1,4,469,0.782409518561556,0.8158695291884196,0.10881973785555869,0.012023284621028214
saved_current_gate_execution_reference,model,8,older_80_89,1,2,4,468,1.028151243457581,1.0274046130187102,0.043318817134807744,0.011714072753133372
saved_current_gate_execution_reference,model,8,older_80_89,1,3,4,465,1.20377164503663,1.2002730145122749,0.050733759210663136,0.009004779058183756
saved_current_gate_execution_reference,model,8,older_80_89,1,4,4,465,1.4857543507772073,1.4375267704217094,0.032053123519650374,0.008248834708359774
saved_current_gate_execution_reference,model,8,young_20_29,0,1,12,472,0.4252789835080684,0.4382680607639873,0.03003733454106844,0.00898063633547992
saved_current_gate_execution_reference,model,8,young_20_29,0,2,12,472,0.547119100917534,0.5477820894329581,0.018576138472154658,0.0071859078049422405
saved_current_gate_execution_reference,model,8,young_20_29,0,3,12,467,0.6269984196423167,0.6274115744263443,0.028974353080093274,0.013117527475905574
saved_current_gate_execution_reference,model,8,young_20_29,0,4,12,463,0.7542243058613013,0.7385340453942703,0.02728798148953651,0.011025667390979495
saved_current_gate_execution_reference,model,8,young_20_29,1,1,12,472,0.6087848255308126,0.6281341674298352,0.3226621539605528,0.02327202030627835
saved_current_gate_execution_reference,model,8,young_20_29,1,2,12,470,0.7740214587060043,0.7751899187560811,0.10161815773839163,0.012138779584502876
saved_current_gate_execution_reference,model,8,young_20_29,1,3,12,467,0.8876984448727772,0.8876172225696196,0.06647235950639117,0.014113887387671447
saved_current_gate_execution_reference,model,8,young_20_29,1,4,12,461,1.0543982603082414,1.0382628770831805,0.04319406146377485,0.0089067994702765
saved_current_gate_execution_reference,model,9,older_80_89,0,1,4,472,0.5099860243322817,0.5341172824070016,0.008779439298383918,0.0035066489379523935
saved_current_gate_execution_reference,model,9,older_80_89,0,2,4,472,0.7335086745302797,0.7403427528375084,0.005813953488372093,0.0037109577820013105
saved_current_gate_execution_reference,model,9,older_80_89,0,3,4,471,0.8903754432086954,0.8864066051028433,0.004542151162790697,0.002678229175801222
saved_current_gate_execution_reference,model,9,older_80_89,0,4,4,468,1.1448077636187313,1.0966704620212133,0.009169407894736841,0.00540864860538689
saved_current_gate_execution_reference,model,9,older_80_89,1,1,4,469,0.7854424067052371,0.8208767761900195,0.12087136235602422,0.025160599053936444
saved_current_gate_execution_reference,model,9,older_80_89,1,2,4,468,1.0327263873867432,1.0358162563090063,0.06468363436282165,0.013049205539136036
saved_current_gate_execution_reference,model,9,older_80_89,1,3,4,465,1.1994621048246703,1.1984646344701582,0.048563207859862165,0.006203424601555865
saved_current_gate_execution_reference,model,9,older_80_89,1,4,4,465,1.4806176235377433,1.4362226563514413,0.04745706399370887,0.00960489786056046
saved_current_gate_execution_reference,model,9,young_20_29,0,1,12,472,0.4241650012364502,0.4415049047785257,0.036503853955158184,0.007688482056205495
saved_current_gate_execution_reference,model,9,young_20_29,0,2,12,472,0.5411292605560835,0.5412661960458136,0.027174080853227044,0.013037017591063741
saved_current_gate_execution_reference,model,9,young_20_29,0,3,12,467,0.6283107595924837,0.6291587829756552,0.01854784994530911,0.009523233792709435
saved_current_gate_execution_reference,model,9,young_20_29,0,4,12,463,0.7549721293042547,0.7396199881198603,0.01511923748765854,0.006153984862256053
saved_current_gate_execution_reference,model,9,young_20_29,1,1,12,472,0.6139977195438865,0.6310922454473961,0.27867419979208,0.02684184886323743
saved_current_gate_execution_reference,model,9,young_20_29,1,2,12,470,0.7766619126799138,0.7802131787736392,0.11671982041200213,0.023731346486224165
saved_current_gate_execution_reference,model,9,young_20_29,1,3,12,467,0.8877367010913106,0.8900429880673153,0.06235583036182624,0.010829940798959228
saved_current_gate_execution_reference,model,9,young_20_29,1,4,12,461,1.0581699614827424,1.0407680930847931,0.02236430531486353,0.008756248276976214
upstream_selected__factorial_gap_gate,human,0,older_80_89,0,1,4,472,0.7135494114193273,0.727125,0.02724880107738799,0.011393231938429688
upstream_selected__factorial_gap_gate,human,0,older_80_89,0,2,4,472,0.8057813516210091,0.804875,0.001937984496124031,0.001937984496124031
upstream_selected__factorial_gap_gate,human,0,older_80_89,0,3,4,471,0.8894176461802819,0.887375,0.0,0.0
upstream_selected__factorial_gap_gate,human,0,older_80_89,0,4,4,468,1.150856513755342,1.038875,0.011306160031488979,0.004556024014706369
upstream_selected__factorial_gap_gate,human,0,older_80_89,1,1,4,469,0.7661385929196219,0.780875,0.09290083636061681,0.029919794558043004
upstream_selected__factorial_gap_gate,human,0,older_80_89,1,2,4,468,0.8809467603498395,0.881125,0.030114989791288568,0.012854765583692657
upstream_selected__factorial_gap_gate,human,0,older_80_89,1,3,4,465,0.9811995280889121,0.981,0.01984535040236625,0.007213433961521362
upstream_selected__factorial_gap_gate,human,0,older_80_89,1,4,4,465,1.282508360353475,1.16225,0.020334373519650374,0.005342406700692999
upstream_selected__factorial_gap_gate,human,0,young_20_29,0,1,12,472,0.4973445979815323,0.5033333333333333,0.022805121517693618,0.009175655010333046
upstream_selected__factorial_gap_gate,human,0,young_20_29,0,2,12,472,0.551049728929993,0.5503333333333333,0.016397076039455782,0.006626520394043253
upstream_selected__factorial_gap_gate,human,0,young_20_29,0,3,12,467,0.6042939719012884,0.602,0.01722962144796682,0.006292699598289082
upstream_selected__factorial_gap_gate,human,0,young_20_29,0,4,12,463,0.7357254540981127,0.7022499999999999,0.004285679764148664,0.002438235727078484
upstream_selected__factorial_gap_gate,human,0,young_20_29,1,1,12,472,0.5268698233372492,0.536875,0.13943716601624673,0.019525091727120608
upstream_selected__factorial_gap_gate,human,0,young_20_29,1,2,12,470,0.597575795707291,0.5970833333333333,0.08234994703293937,0.01683300750672646
upstream_selected__factorial_gap_gate,human,0,young_20_29,1,3,12,467,0.661532170550705,0.6587500000000001,0.05056809855608927,0.012118627284075653
upstream_selected__factorial_gap_gate,human,0,young_20_29,1,4,12,461,0.8094435863560462,0.7729166666666667,0.018136383965730057,0.00683317979898138
upstream_selected__factorial_gap_gate,human,1,older_80_89,0,1,4,472,0.7135494114193273,0.727125,0.02724880107738799,0.011393231938429688
upstream_selected__factorial_gap_gate,human,1,older_80_89,0,2,4,472,0.8057813516210091,0.804875,0.001937984496124031,0.001937984496124031
upstream_selected__factorial_gap_gate,human,1,older_80_89,0,3,4,471,0.8894176461802819,0.887375,0.0,0.0
upstream_selected__factorial_gap_gate,human,1,older_80_89,0,4,4,468,1.150856513755342,1.038875,0.011306160031488979,0.004556024014706369
upstream_selected__factorial_gap_gate,human,1,older_80_89,1,1,4,469,0.7661385929196219,0.780875,0.09290083636061681,0.029919794558043004
upstream_selected__factorial_gap_gate,human,1,older_80_89,1,2,4,468,0.8809467603498395,0.881125,0.030114989791288568,0.012854765583692657
upstream_selected__factorial_gap_gate,human,1,older_80_89,1,3,4,465,0.9811995280889121,0.981,0.01984535040236625,0.007213433961521362
upstream_selected__factorial_gap_gate,human,1,older_80_89,1,4,4,465,1.282508360353475,1.16225,0.020334373519650374,0.005342406700692999
upstream_selected__factorial_gap_gate,human,1,young_20_29,0,1,12,472,0.4973445979815323,0.5033333333333333,0.022805121517693618,0.009175655010333046
upstream_selected__factorial_gap_gate,human,1,young_20_29,0,2,12,472,0.551049728929993,0.5503333333333333,0.016397076039455782,0.006626520394043253
upstream_selected__factorial_gap_gate,human,1,young_20_29,0,3,12,467,0.6042939719012884,0.602,0.01722962144796682,0.006292699598289082
upstream_selected__factorial_gap_gate,human,1,young_20_29,0,4,12,463,0.7357254540981127,0.7022499999999999,0.004285679764148664,0.002438235727078484
upstream_selected__factorial_gap_gate,human,1,young_20_29,1,1,12,472,0.5268698233372492,0.536875,0.13943716601624673,0.019525091727120608
upstream_selected__factorial_gap_gate,human,1,young_20_29,1,2,12,470,0.597575795707291,0.5970833333333333,0.08234994703293937,0.01683300750672646
upstream_selected__factorial_gap_gate,human,1,young_20_29,1,3,12,467,0.661532170550705,0.6587500000000001,0.05056809855608927,0.012118627284075653
upstream_selected__factorial_gap_gate,human,1,young_20_29,1,4,12,461,0.8094435863560462,0.7729166666666667,0.018136383965730057,0.00683317979898138
upstream_selected__factorial_gap_gate,human,2,older_80_89,0,1,4,472,0.7135494114193273,0.727125,0.02724880107738799,0.011393231938429688
upstream_selected__factorial_gap_gate,human,2,older_80_89,0,2,4,472,0.8057813516210091,0.804875,0.001937984496124031,0.001937984496124031
upstream_selected__factorial_gap_gate,human,2,older_80_89,0,3,4,471,0.8894176461802819,0.887375,0.0,0.0
upstream_selected__factorial_gap_gate,human,2,older_80_89,0,4,4,468,1.150856513755342,1.038875,0.011306160031488979,0.004556024014706369
upstream_selected__factorial_gap_gate,human,2,older_80_89,1,1,4,469,0.7661385929196219,0.780875,0.09290083636061681,0.029919794558043004
upstream_selected__factorial_gap_gate,human,2,older_80_89,1,2,4,468,0.8809467603498395,0.881125,0.030114989791288568,0.012854765583692657
upstream_selected__factorial_gap_gate,human,2,older_80_89,1,3,4,465,0.9811995280889121,0.981,0.01984535040236625,0.007213433961521362
upstream_selected__factorial_gap_gate,human,2,older_80_89,1,4,4,465,1.282508360353475,1.16225,0.020334373519650374,0.005342406700692999
upstream_selected__factorial_gap_gate,human,2,young_20_29,0,1,12,472,0.4973445979815323,0.5033333333333333,0.022805121517693618,0.009175655010333046
upstream_selected__factorial_gap_gate,human,2,young_20_29,0,2,12,472,0.551049728929993,0.5503333333333333,0.016397076039455782,0.006626520394043253
upstream_selected__factorial_gap_gate,human,2,young_20_29,0,3,12,467,0.6042939719012884,0.602,0.01722962144796682,0.006292699598289082
upstream_selected__factorial_gap_gate,human,2,young_20_29,0,4,12,463,0.7357254540981127,0.7022499999999999,0.004285679764148664,0.002438235727078484
upstream_selected__factorial_gap_gate,human,2,young_20_29,1,1,12,472,0.5268698233372492,0.536875,0.13943716601624673,0.019525091727120608
upstream_selected__factorial_gap_gate,human,2,young_20_29,1,2,12,470,0.597575795707291,0.5970833333333333,0.08234994703293937,0.01683300750672646
upstream_selected__factorial_gap_gate,human,2,young_20_29,1,3,12,467,0.661532170550705,0.6587500000000001,0.05056809855608927,0.012118627284075653
upstream_selected__factorial_gap_gate,human,2,young_20_29,1,4,12,461,0.8094435863560462,0.7729166666666667,0.018136383965730057,0.00683317979898138
upstream_selected__factorial_gap_gate,human,3,older_80_89,0,1,4,472,0.7135494114193273,0.727125,0.02724880107738799,0.011393231938429688
upstream_selected__factorial_gap_gate,human,3,older_80_89,0,2,4,472,0.8057813516210091,0.804875,0.001937984496124031,0.001937984496124031
upstream_selected__factorial_gap_gate,human,3,older_80_89,0,3,4,471,0.8894176461802819,0.887375,0.0,0.0
upstream_selected__factorial_gap_gate,human,3,older_80_89,0,4,4,468,1.150856513755342,1.038875,0.011306160031488979,0.004556024014706369
upstream_selected__factorial_gap_gate,human,3,older_80_89,1,1,4,469,0.7661385929196219,0.780875,0.09290083636061681,0.029919794558043004
upstream_selected__factorial_gap_gate,human,3,older_80_89,1,2,4,468,0.8809467603498395,0.881125,0.030114989791288568,0.012854765583692657
upstream_selected__factorial_gap_gate,human,3,older_80_89,1,3,4,465,0.9811995280889121,0.981,0.01984535040236625,0.007213433961521362
upstream_selected__factorial_gap_gate,human,3,older_80_89,1,4,4,465,1.282508360353475,1.16225,0.020334373519650374,0.005342406700692999
upstream_selected__factorial_gap_gate,human,3,young_20_29,0,1,12,472,0.4973445979815323,0.5033333333333333,0.022805121517693618,0.009175655010333046
upstream_selected__factorial_gap_gate,human,3,young_20_29,0,2,12,472,0.551049728929993,0.5503333333333333,0.016397076039455782,0.006626520394043253
upstream_selected__factorial_gap_gate,human,3,young_20_29,0,3,12,467,0.6042939719012884,0.602,0.01722962144796682,0.006292699598289082
upstream_selected__factorial_gap_gate,human,3,young_20_29,0,4,12,463,0.7357254540981127,0.7022499999999999,0.004285679764148664,0.002438235727078484
upstream_selected__factorial_gap_gate,human,3,young_20_29,1,1,12,472,0.5268698233372492,0.536875,0.13943716601624673,0.019525091727120608
upstream_selected__factorial_gap_gate,human,3,young_20_29,1,2,12,470,0.597575795707291,0.5970833333333333,0.08234994703293937,0.01683300750672646
upstream_selected__factorial_gap_gate,human,3,young_20_29,1,3,12,467,0.661532170550705,0.6587500000000001,0.05056809855608927,0.012118627284075653
upstream_selected__factorial_gap_gate,human,3,young_20_29,1,4,12,461,0.8094435863560462,0.7729166666666667,0.018136383965730057,0.00683317979898138
upstream_selected__factorial_gap_gate,human,4,older_80_89,0,1,4,472,0.7135494114193273,0.727125,0.02724880107738799,0.011393231938429688
upstream_selected__factorial_gap_gate,human,4,older_80_89,0,2,4,472,0.8057813516210091,0.804875,0.001937984496124031,0.001937984496124031
upstream_selected__factorial_gap_gate,human,4,older_80_89,0,3,4,471,0.8894176461802819,0.887375,0.0,0.0
upstream_selected__factorial_gap_gate,human,4,older_80_89,0,4,4,468,1.150856513755342,1.038875,0.011306160031488979,0.004556024014706369
upstream_selected__factorial_gap_gate,human,4,older_80_89,1,1,4,469,0.7661385929196219,0.780875,0.09290083636061681,0.029919794558043004
upstream_selected__factorial_gap_gate,human,4,older_80_89,1,2,4,468,0.8809467603498395,0.881125,0.030114989791288568,0.012854765583692657
upstream_selected__factorial_gap_gate,human,4,older_80_89,1,3,4,465,0.9811995280889121,0.981,0.01984535040236625,0.007213433961521362
upstream_selected__factorial_gap_gate,human,4,older_80_89,1,4,4,465,1.282508360353475,1.16225,0.020334373519650374,0.005342406700692999
upstream_selected__factorial_gap_gate,human,4,young_20_29,0,1,12,472,0.4973445979815323,0.5033333333333333,0.022805121517693618,0.009175655010333046
upstream_selected__factorial_gap_gate,human,4,young_20_29,0,2,12,472,0.551049728929993,0.5503333333333333,0.016397076039455782,0.006626520394043253
upstream_selected__factorial_gap_gate,human,4,young_20_29,0,3,12,467,0.6042939719012884,0.602,0.01722962144796682,0.006292699598289082
upstream_selected__factorial_gap_gate,human,4,young_20_29,0,4,12,463,0.7357254540981127,0.7022499999999999,0.004285679764148664,0.002438235727078484
upstream_selected__factorial_gap_gate,human,4,young_20_29,1,1,12,472,0.5268698233372492,0.536875,0.13943716601624673,0.019525091727120608
upstream_selected__factorial_gap_gate,human,4,young_20_29,1,2,12,470,0.597575795707291,0.5970833333333333,0.08234994703293937,0.01683300750672646
upstream_selected__factorial_gap_gate,human,4,young_20_29,1,3,12,467,0.661532170550705,0.6587500000000001,0.05056809855608927,0.012118627284075653
upstream_selected__factorial_gap_gate,human,4,young_20_29,1,4,12,461,0.8094435863560462,0.7729166666666667,0.018136383965730057,0.00683317979898138
upstream_selected__factorial_gap_gate,human,5,older_80_89,0,1,4,472,0.7135494114193273,0.727125,0.02724880107738799,0.011393231938429688
upstream_selected__factorial_gap_gate,human,5,older_80_89,0,2,4,472,0.8057813516210091,0.804875,0.001937984496124031,0.001937984496124031
upstream_selected__factorial_gap_gate,human,5,older_80_89,0,3,4,471,0.8894176461802819,0.887375,0.0,0.0
upstream_selected__factorial_gap_gate,human,5,older_80_89,0,4,4,468,1.150856513755342,1.038875,0.011306160031488979,0.004556024014706369
upstream_selected__factorial_gap_gate,human,5,older_80_89,1,1,4,469,0.7661385929196219,0.780875,0.09290083636061681,0.029919794558043004
upstream_selected__factorial_gap_gate,human,5,older_80_89,1,2,4,468,0.8809467603498395,0.881125,0.030114989791288568,0.012854765583692657
upstream_selected__factorial_gap_gate,human,5,older_80_89,1,3,4,465,0.9811995280889121,0.981,0.01984535040236625,0.007213433961521362
upstream_selected__factorial_gap_gate,human,5,older_80_89,1,4,4,465,1.282508360353475,1.16225,0.020334373519650374,0.005342406700692999
upstream_selected__factorial_gap_gate,human,5,young_20_29,0,1,12,472,0.4973445979815323,0.5033333333333333,0.022805121517693618,0.009175655010333046
upstream_selected__factorial_gap_gate,human,5,young_20_29,0,2,12,472,0.551049728929993,0.5503333333333333,0.016397076039455782,0.006626520394043253
upstream_selected__factorial_gap_gate,human,5,young_20_29,0,3,12,467,0.6042939719012884,0.602,0.01722962144796682,0.006292699598289082
upstream_selected__factorial_gap_gate,human,5,young_20_29,0,4,12,463,0.7357254540981127,0.7022499999999999,0.004285679764148664,0.002438235727078484
upstream_selected__factorial_gap_gate,human,5,young_20_29,1,1,12,472,0.5268698233372492,0.536875,0.13943716601624673,0.019525091727120608
upstream_selected__factorial_gap_gate,human,5,young_20_29,1,2,12,470,0.597575795707291,0.5970833333333333,0.08234994703293937,0.01683300750672646
upstream_selected__factorial_gap_gate,human,5,young_20_29,1,3,12,467,0.661532170550705,0.6587500000000001,0.05056809855608927,0.012118627284075653
upstream_selected__factorial_gap_gate,human,5,young_20_29,1,4,12,461,0.8094435863560462,0.7729166666666667,0.018136383965730057,0.00683317979898138
upstream_selected__factorial_gap_gate,human,6,older_80_89,0,1,4,472,0.7135494114193273,0.727125,0.02724880107738799,0.011393231938429688
upstream_selected__factorial_gap_gate,human,6,older_80_89,0,2,4,472,0.8057813516210091,0.804875,0.001937984496124031,0.001937984496124031
upstream_selected__factorial_gap_gate,human,6,older_80_89,0,3,4,471,0.8894176461802819,0.887375,0.0,0.0
upstream_selected__factorial_gap_gate,human,6,older_80_89,0,4,4,468,1.150856513755342,1.038875,0.011306160031488979,0.004556024014706369
upstream_selected__factorial_gap_gate,human,6,older_80_89,1,1,4,469,0.7661385929196219,0.780875,0.09290083636061681,0.029919794558043004
upstream_selected__factorial_gap_gate,human,6,older_80_89,1,2,4,468,0.8809467603498395,0.881125,0.030114989791288568,0.012854765583692657
upstream_selected__factorial_gap_gate,human,6,older_80_89,1,3,4,465,0.9811995280889121,0.981,0.01984535040236625,0.007213433961521362
upstream_selected__factorial_gap_gate,human,6,older_80_89,1,4,4,465,1.282508360353475,1.16225,0.020334373519650374,0.005342406700692999
upstream_selected__factorial_gap_gate,human,6,young_20_29,0,1,12,472,0.4973445979815323,0.5033333333333333,0.022805121517693618,0.009175655010333046
upstream_selected__factorial_gap_gate,human,6,young_20_29,0,2,12,472,0.551049728929993,0.5503333333333333,0.016397076039455782,0.006626520394043253
upstream_selected__factorial_gap_gate,human,6,young_20_29,0,3,12,467,0.6042939719012884,0.602,0.01722962144796682,0.006292699598289082
upstream_selected__factorial_gap_gate,human,6,young_20_29,0,4,12,463,0.7357254540981127,0.7022499999999999,0.004285679764148664,0.002438235727078484
upstream_selected__factorial_gap_gate,human,6,young_20_29,1,1,12,472,0.5268698233372492,0.536875,0.13943716601624673,0.019525091727120608
upstream_selected__factorial_gap_gate,human,6,young_20_29,1,2,12,470,0.597575795707291,0.5970833333333333,0.08234994703293937,0.01683300750672646
upstream_selected__factorial_gap_gate,human,6,young_20_29,1,3,12,467,0.661532170550705,0.6587500000000001,0.05056809855608927,0.012118627284075653
upstream_selected__factorial_gap_gate,human,6,young_20_29,1,4,12,461,0.8094435863560462,0.7729166666666667,0.018136383965730057,0.00683317979898138
upstream_selected__factorial_gap_gate,human,7,older_80_89,0,1,4,472,0.7135494114193273,0.727125,0.02724880107738799,0.011393231938429688
upstream_selected__factorial_gap_gate,human,7,older_80_89,0,2,4,472,0.8057813516210091,0.804875,0.001937984496124031,0.001937984496124031
upstream_selected__factorial_gap_gate,human,7,older_80_89,0,3,4,471,0.8894176461802819,0.887375,0.0,0.0
upstream_selected__factorial_gap_gate,human,7,older_80_89,0,4,4,468,1.150856513755342,1.038875,0.011306160031488979,0.004556024014706369
upstream_selected__factorial_gap_gate,human,7,older_80_89,1,1,4,469,0.7661385929196219,0.780875,0.09290083636061681,0.029919794558043004
upstream_selected__factorial_gap_gate,human,7,older_80_89,1,2,4,468,0.8809467603498395,0.881125,0.030114989791288568,0.012854765583692657
upstream_selected__factorial_gap_gate,human,7,older_80_89,1,3,4,465,0.9811995280889121,0.981,0.01984535040236625,0.007213433961521362
upstream_selected__factorial_gap_gate,human,7,older_80_89,1,4,4,465,1.282508360353475,1.16225,0.020334373519650374,0.005342406700692999
upstream_selected__factorial_gap_gate,human,7,young_20_29,0,1,12,472,0.4973445979815323,0.5033333333333333,0.022805121517693618,0.009175655010333046
upstream_selected__factorial_gap_gate,human,7,young_20_29,0,2,12,472,0.551049728929993,0.5503333333333333,0.016397076039455782,0.006626520394043253
upstream_selected__factorial_gap_gate,human,7,young_20_29,0,3,12,467,0.6042939719012884,0.602,0.01722962144796682,0.006292699598289082
upstream_selected__factorial_gap_gate,human,7,young_20_29,0,4,12,463,0.7357254540981127,0.7022499999999999,0.004285679764148664,0.002438235727078484
upstream_selected__factorial_gap_gate,human,7,young_20_29,1,1,12,472,0.5268698233372492,0.536875,0.13943716601624673,0.019525091727120608
upstream_selected__factorial_gap_gate,human,7,young_20_29,1,2,12,470,0.597575795707291,0.5970833333333333,0.08234994703293937,0.01683300750672646
upstream_selected__factorial_gap_gate,human,7,young_20_29,1,3,12,467,0.661532170550705,0.6587500000000001,0.05056809855608927,0.012118627284075653
upstream_selected__factorial_gap_gate,human,7,young_20_29,1,4,12,461,0.8094435863560462,0.7729166666666667,0.018136383965730057,0.00683317979898138
upstream_selected__factorial_gap_gate,human,8,older_80_89,0,1,4,472,0.7135494114193273,0.727125,0.02724880107738799,0.011393231938429688
upstream_selected__factorial_gap_gate,human,8,older_80_89,0,2,4,472,0.8057813516210091,0.804875,0.001937984496124031,0.001937984496124031
upstream_selected__factorial_gap_gate,human,8,older_80_89,0,3,4,471,0.8894176461802819,0.887375,0.0,0.0
upstream_selected__factorial_gap_gate,human,8,older_80_89,0,4,4,468,1.150856513755342,1.038875,0.011306160031488979,0.004556024014706369
upstream_selected__factorial_gap_gate,human,8,older_80_89,1,1,4,469,0.7661385929196219,0.780875,0.09290083636061681,0.029919794558043004
upstream_selected__factorial_gap_gate,human,8,older_80_89,1,2,4,468,0.8809467603498395,0.881125,0.030114989791288568,0.012854765583692657
upstream_selected__factorial_gap_gate,human,8,older_80_89,1,3,4,465,0.9811995280889121,0.981,0.01984535040236625,0.007213433961521362
upstream_selected__factorial_gap_gate,human,8,older_80_89,1,4,4,465,1.282508360353475,1.16225,0.020334373519650374,0.005342406700692999
upstream_selected__factorial_gap_gate,human,8,young_20_29,0,1,12,472,0.4973445979815323,0.5033333333333333,0.022805121517693618,0.009175655010333046
upstream_selected__factorial_gap_gate,human,8,young_20_29,0,2,12,472,0.551049728929993,0.5503333333333333,0.016397076039455782,0.006626520394043253
upstream_selected__factorial_gap_gate,human,8,young_20_29,0,3,12,467,0.6042939719012884,0.602,0.01722962144796682,0.006292699598289082
upstream_selected__factorial_gap_gate,human,8,young_20_29,0,4,12,463,0.7357254540981127,0.7022499999999999,0.004285679764148664,0.002438235727078484
upstream_selected__factorial_gap_gate,human,8,young_20_29,1,1,12,472,0.5268698233372492,0.536875,0.13943716601624673,0.019525091727120608
upstream_selected__factorial_gap_gate,human,8,young_20_29,1,2,12,470,0.597575795707291,0.5970833333333333,0.08234994703293937,0.01683300750672646
upstream_selected__factorial_gap_gate,human,8,young_20_29,1,3,12,467,0.661532170550705,0.6587500000000001,0.05056809855608927,0.012118627284075653
upstream_selected__factorial_gap_gate,human,8,young_20_29,1,4,12,461,0.8094435863560462,0.7729166666666667,0.018136383965730057,0.00683317979898138
upstream_selected__factorial_gap_gate,human,9,older_80_89,0,1,4,472,0.7135494114193273,0.727125,0.02724880107738799,0.011393231938429688
upstream_selected__factorial_gap_gate,human,9,older_80_89,0,2,4,472,0.8057813516210091,0.804875,0.001937984496124031,0.001937984496124031
upstream_selected__factorial_gap_gate,human,9,older_80_89,0,3,4,471,0.8894176461802819,0.887375,0.0,0.0
upstream_selected__factorial_gap_gate,human,9,older_80_89,0,4,4,468,1.150856513755342,1.038875,0.011306160031488979,0.004556024014706369
upstream_selected__factorial_gap_gate,human,9,older_80_89,1,1,4,469,0.7661385929196219,0.780875,0.09290083636061681,0.029919794558043004
upstream_selected__factorial_gap_gate,human,9,older_80_89,1,2,4,468,0.8809467603498395,0.881125,0.030114989791288568,0.012854765583692657
upstream_selected__factorial_gap_gate,human,9,older_80_89,1,3,4,465,0.9811995280889121,0.981,0.01984535040236625,0.007213433961521362
upstream_selected__factorial_gap_gate,human,9,older_80_89,1,4,4,465,1.282508360353475,1.16225,0.020334373519650374,0.005342406700692999
upstream_selected__factorial_gap_gate,human,9,young_20_29,0,1,12,472,0.4973445979815323,0.5033333333333333,0.022805121517693618,0.009175655010333046
upstream_selected__factorial_gap_gate,human,9,young_20_29,0,2,12,472,0.551049728929993,0.5503333333333333,0.016397076039455782,0.006626520394043253
upstream_selected__factorial_gap_gate,human,9,young_20_29,0,3,12,467,0.6042939719012884,0.602,0.01722962144796682,0.006292699598289082
upstream_selected__factorial_gap_gate,human,9,young_20_29,0,4,12,463,0.7357254540981127,0.7022499999999999,0.004285679764148664,0.002438235727078484
upstream_selected__factorial_gap_gate,human,9,young_20_29,1,1,12,472,0.5268698233372492,0.536875,0.13943716601624673,0.019525091727120608
upstream_selected__factorial_gap_gate,human,9,young_20_29,1,2,12,470,0.597575795707291,0.5970833333333333,0.08234994703293937,0.01683300750672646
upstream_selected__factorial_gap_gate,human,9,young_20_29,1,3,12,467,0.661532170550705,0.6587500000000001,0.05056809855608927,0.012118627284075653
upstream_selected__factorial_gap_gate,human,9,young_20_29,1,4,12,461,0.8094435863560462,0.7729166666666667,0.018136383965730057,0.00683317979898138
upstream_selected__factorial_gap_gate,model,0,older_80_89,0,1,4,472,0.7305952482945341,0.7581039783167194,0.0,0.0
upstream_selected__factorial_gap_gate,model,0,older_80_89,0,2,4,472,0.946998561012766,0.9464231922199304,0.0,0.0
upstream_selected__factorial_gap_gate,model,0,older_80_89,0,3,4,471,1.099260066483016,1.0951842246313683,0.0,0.0
upstream_selected__factorial_gap_gate,model,0,older_80_89,0,4,4,468,1.3519555747784935,1.304817259785423,0.0,0.0
upstream_selected__factorial_gap_gate,model,0,older_80_89,1,1,4,469,0.847783411388528,0.8766854616979292,0.002136752136752137,0.002136752136752137
upstream_selected__factorial_gap_gate,model,0,older_80_89,1,2,4,468,1.0805016664154055,1.084225484251728,0.0021551724137931034,0.0021551724137931034
upstream_selected__factorial_gap_gate,model,0,older_80_89,1,3,4,465,1.2399765228830457,1.2417932405328311,0.0,0.0
upstream_selected__factorial_gap_gate,model,0,older_80_89,1,4,4,465,1.4953450553638947,1.4519984808293451,0.0,0.0
upstream_selected__factorial_gap_gate,model,0,young_20_29,0,1,12,472,0.6079792858779982,0.6181154912925574,0.0,0.0
upstream_selected__factorial_gap_gate,model,0,young_20_29,0,2,12,472,0.7366553586177308,0.7385762801123992,0.0,0.0
upstream_selected__factorial_gap_gate,model,0,young_20_29,0,3,12,467,0.8224267997338757,0.82245267027099,0.0,0.0
upstream_selected__factorial_gap_gate,model,0,young_20_29,0,4,12,463,0.9479595864360416,0.9372089260936686,0.0,0.0
upstream_selected__factorial_gap_gate,model,0,young_20_29,1,1,12,472,0.7217807004188256,0.7333857921130886,0.004306248515086719,0.0036254781222992676
upstream_selected__factorial_gap_gate,model,0,young_20_29,1,2,12,470,0.8550070637464925,0.851954853497396,0.0014367816091954023,0.0014367816091954023
upstream_selected__factorial_gap_gate,model,0,young_20_29,1,3,12,467,0.9498312674772463,0.9483997308837432,0.0014367816091954023,0.0014367816091954023
upstream_selected__factorial_gap_gate,model,0,young_20_29,1,4,12,461,1.0818007066273296,1.0640020444804967,0.0,0.0
upstream_selected__factorial_gap_gate,model,1,older_80_89,0,1,4,472,0.7284376856727877,0.7499008661462376,0.0,0.0
upstream_selected__factorial_gap_gate,model,1,older_80_89,0,2,4,472,0.945467821177884,0.9475194920303166,0.0,0.0
upstream_selected__factorial_gap_gate,model,1,older_80_89,0,3,4,471,1.1051584751419141,1.1054450911421276,0.0,0.0
upstream_selected__factorial_gap_gate,model,1,older_80_89,0,4,4,468,1.365389107597093,1.3174957375287588,0.0,0.0
upstream_selected__factorial_gap_gate,model,1,older_80_89,1,1,4,469,0.8485720470586816,0.8715870369207983,0.004074736632876168,0.0023581416254630635
upstream_selected__factorial_gap_gate,model,1,older_80_89,1,2,4,468,1.073391440425012,1.0760416163287043,0.0,0.0
upstream_selected__factorial_gap_gate,model,1,older_80_89,1,3,4,465,1.2304184139390024,1.226109013403331,0.0,0.0
upstream_selected__factorial_gap_gate,model,1,older_80_89,1,4,4,465,1.4897952802815104,1.4533381970321955,0.003921628937007874,0.0022641883419144923
upstream_selected__factorial_gap_gate,model,1,young_20_29,0,1,12,472,0.6147730940386699,0.6314819786486624,0.0,0.0
upstream_selected__factorial_gap_gate,model,1,young_20_29,0,2,12,472,0.7365906137771091,0.738842022083673,0.0,0.0
upstream_selected__factorial_gap_gate,model,1,young_20_29,0,3,12,467,0.8197220957254475,0.8179637750782974,0.0,0.0
upstream_selected__factorial_gap_gate,model,1,young_20_29,0,4,12,463,0.9473298265689092,0.9332497426502626,0.0,0.0
upstream_selected__factorial_gap_gate,model,1,young_20_29,1,1,12,472,0.7224241035296438,0.7364405228327874,0.0,0.0
upstream_selected__factorial_gap_gate,model,1,young_20_29,1,2,12,470,0.8556519539390407,0.8573395318874031,0.0,0.0
upstream_selected__factorial_gap_gate,model,1,young_20_29,1,3,12,467,0.9477518361717215,0.948110983995532,0.0,0.0
upstream_selected__factorial_gap_gate,model,1,young_20_29,1,4,12,461,1.0743167574052193,1.0532012792854988,0.004022038567493113,0.0033418600956739942
upstream_selected__factorial_gap_gate,model,2,older_80_89,0,1,4,472,0.7305668588487035,0.7583384718539243,0.0,0.0
upstream_selected__factorial_gap_gate,model,2,older_80_89,0,2,4,472,0.947579150494354,0.9485691077910756,0.0,0.0
upstream_selected__factorial_gap_gate,model,2,older_80_89,0,3,4,471,1.108407839855754,1.107680728671855,0.0,0.0
upstream_selected__factorial_gap_gate,model,2,older_80_89,0,4,4,468,1.358719296026521,1.3099283099841885,0.0,0.0
upstream_selected__factorial_gap_gate,model,2,older_80_89,1,1,4,469,0.8505863812476706,0.8760641290295352,0.0,0.0
upstream_selected__factorial_gap_gate,model,2,older_80_89,1,2,4,468,1.069947147662934,1.0703329572178157,0.0,0.0
upstream_selected__factorial_gap_gate,model,2,older_80_89,1,3,4,465,1.2381338980693648,1.2400174366484404,0.0,0.0
upstream_selected__factorial_gap_gate,model,2,older_80_89,1,4,4,465,1.4918960913693204,1.4466187514862177,0.0,0.0
upstream_selected__factorial_gap_gate,model,2,young_20_29,0,1,12,472,0.6119471080223872,0.6320695499951503,0.0,0.0
upstream_selected__factorial_gap_gate,model,2,young_20_29,0,2,12,472,0.7331593864216011,0.7361173263722428,0.0,0.0
upstream_selected__factorial_gap_gate,model,2,young_20_29,0,3,12,467,0.8200462315076681,0.8208315762220768,0.0,0.0
upstream_selected__factorial_gap_gate,model,2,young_20_29,0,4,12,463,0.9423575830734178,0.9292237120780844,0.0,0.0
upstream_selected__factorial_gap_gate,model,2,young_20_29,1,1,12,472,0.7151461040377244,0.7320303948831635,0.00211984171848502,0.0015337779012404445
upstream_selected__factorial_gap_gate,model,2,young_20_29,1,2,12,470,0.8536041513335794,0.8542464220409052,0.0007645259938837921,0.0007645259938837921
upstream_selected__factorial_gap_gate,model,2,young_20_29,1,3,12,467,0.951846595899834,0.9519182053954797,0.0,0.0
upstream_selected__factorial_gap_gate,model,2,young_20_29,1,4,12,461,1.081372127315494,1.0683944812213866,0.0,0.0
upstream_selected__factorial_gap_gate,model,3,older_80_89,0,1,4,472,0.7249991471074829,0.7451201576400099,0.0,0.0
upstream_selected__factorial_gap_gate,model,3,older_80_89,0,2,4,472,0.9362686283886765,0.9394204758229121,0.0,0.0
upstream_selected__factorial_gap_gate,model,3,older_80_89,0,3,4,471,1.095789654698267,1.0932093659248656,0.0,0.0
upstream_selected__factorial_gap_gate,model,3,older_80_89,0,4,4,468,1.369927394565782,1.3249791549412022,0.0,0.0
upstream_selected__factorial_gap_gate,model,3,older_80_89,1,1,4,469,0.8442604601333092,0.8753414080321017,0.002136752136752137,0.002136752136752137
upstream_selected__factorial_gap_gate,model,3,older_80_89,1,2,4,468,1.070385480044957,1.0700174377955753,0.0,0.0
upstream_selected__factorial_gap_gate,model,3,older_80_89,1,3,4,465,1.2317535698413618,1.229697210149339,0.001968503937007874,0.001968503937007874
upstream_selected__factorial_gap_gate,model,3,older_80_89,1,4,4,465,1.5187792243234026,1.4775668930512795,0.0021551724137931034,0.0021551724137931034
upstream_selected__factorial_gap_gate,model,3,young_20_29,0,1,12,472,0.6132470106426096,0.6248984822775469,0.0,0.0
upstream_selected__factorial_gap_gate,model,3,young_20_29,0,2,12,472,0.7357279331995636,0.7355320504876811,0.0,0.0
upstream_selected__factorial_gap_gate,model,3,young_20_29,0,3,12,467,0.8167285958087144,0.8172290365319284,0.0,0.0
upstream_selected__factorial_gap_gate,model,3,young_20_29,0,4,12,463,0.9425818929366384,0.9293966838228253,0.0,0.0
upstream_selected__factorial_gap_gate,model,3,young_20_29,1,1,12,472,0.717780697193469,0.7316885108210919,0.0022013076030791942,0.001564967077515437
upstream_selected__factorial_gap_gate,model,3,young_20_29,1,2,12,470,0.8570096572274899,0.8572025754096634,0.0,0.0
upstream_selected__factorial_gap_gate,model,3,young_20_29,1,3,12,467,0.9502798001334551,0.949008908935446,0.002890012837238974,0.0016272034361682795
upstream_selected__factorial_gap_gate,model,3,young_20_29,1,4,12,461,1.0811925000424059,1.0644665765373118,0.0,0.0
upstream_selected__factorial_gap_gate,model,4,older_80_89,0,1,4,472,0.7317113696428131,0.7575970092534645,0.0,0.0
upstream_selected__factorial_gap_gate,model,4,older_80_89,0,2,4,472,0.9464224441556414,0.948169633743561,0.0,0.0
upstream_selected__factorial_gap_gate,model,4,older_80_89,0,3,4,471,1.1034793358498862,1.1006749377758411,0.0,0.0
upstream_selected__factorial_gap_gate,model,4,older_80_89,0,4,4,468,1.362655407368917,1.317752383811459,0.0,0.0
upstream_selected__factorial_gap_gate,model,4,older_80_89,1,1,4,469,0.8495754645827108,0.8787196145042536,0.001937984496124031,0.001937984496124031
upstream_selected__factorial_gap_gate,model,4,older_80_89,1,2,4,468,1.0677620818329356,1.0685569242831494,0.0,0.0
upstream_selected__factorial_gap_gate,model,4,older_80_89,1,3,4,465,1.2347302013357844,1.2358623354172273,0.0,0.0
upstream_selected__factorial_gap_gate,model,4,older_80_89,1,4,4,465,1.498110371453477,1.4418137302777392,0.001953125,0.001953125
upstream_selected__factorial_gap_gate,model,4,young_20_29,0,1,12,472,0.6102663715516242,0.6177939034948672,0.0,0.0
upstream_selected__factorial_gap_gate,model,4,young_20_29,0,2,12,472,0.7342407014772695,0.7357774083588503,0.0,0.0
upstream_selected__factorial_gap_gate,model,4,young_20_29,0,3,12,467,0.823209635420982,0.824455542038918,0.0,0.0
upstream_selected__factorial_gap_gate,model,4,young_20_29,0,4,12,463,0.9447963465174426,0.9299298289184282,0.0,0.0
upstream_selected__factorial_gap_gate,model,4,young_20_29,1,1,12,472,0.7158531700635754,0.7297909580668982,0.0006830601092896175,0.0006830601092896175
upstream_selected__factorial_gap_gate,model,4,young_20_29,1,2,12,470,0.8522983739574351,0.8523694117569723,0.004166666666666667,0.0041666666666666675
upstream_selected__factorial_gap_gate,model,4,young_20_29,1,3,12,467,0.948956426201469,0.9476769674074198,0.0006887052341597796,0.0006887052341597796
upstream_selected__factorial_gap_gate,model,4,young_20_29,1,4,12,461,1.0846912972208116,1.0707320690775,0.0033333333333333335,0.0033333333333333335
upstream_selected__factorial_gap_gate,model,5,older_80_89,0,1,4,472,0.7271770479207432,0.7547666195620155,0.0,0.0
upstream_selected__factorial_gap_gate,model,5,older_80_89,0,2,4,472,0.942729933176611,0.9396846758445763,0.0,0.0
upstream_selected__factorial_gap_gate,model,5,older_80_89,0,3,4,471,1.1043135167650175,1.102744171547227,0.0,0.0
upstream_selected__factorial_gap_gate,model,5,older_80_89,0,4,4,468,1.3616103484226978,1.3156614237249884,0.0,0.0
upstream_selected__factorial_gap_gate,model,5,older_80_89,1,1,4,469,0.8482565813015033,0.8731603281196375,0.0,0.0
upstream_selected__factorial_gap_gate,model,5,older_80_89,1,2,4,468,1.0719811244735373,1.0758897208763882,0.0,0.0
upstream_selected__factorial_gap_gate,model,5,older_80_89,1,3,4,465,1.2423933975600243,1.2430936255294043,0.0,0.0
upstream_selected__factorial_gap_gate,model,5,older_80_89,1,4,4,465,1.4882824504773198,1.4481432880741674,0.004628078405092981,0.002730950181501835
upstream_selected__factorial_gap_gate,model,5,young_20_29,0,1,12,472,0.5983348479760188,0.6100748816609852,0.0,0.0
upstream_selected__factorial_gap_gate,model,5,young_20_29,0,2,12,472,0.7183870426920912,0.7170567503422111,0.0036231884057971015,0.0036231884057971015
upstream_selected__factorial_gap_gate,model,5,young_20_29,0,3,12,467,0.8035882715989618,0.8053801543784439,0.0036231884057971015,0.0036231884057971015
upstream_selected__factorial_gap_gate,model,5,young_20_29,0,4,12,463,0.9300881419753592,0.9185838213900986,0.003787878787878788,0.0037878787878787884
upstream_selected__factorial_gap_gate,model,5,young_20_29,1,1,12,472,0.7047360441021023,0.7188507647537369,0.041221192682347356,0.03975416536251335
upstream_selected__factorial_gap_gate,model,5,young_20_29,1,2,12,470,0.8454343396045191,0.8432117292406498,0.007246376811594203,0.007246376811594203
upstream_selected__factorial_gap_gate,model,5,young_20_29,1,3,12,467,0.9446957604063565,0.9455953969139959,0.004311893639956881,0.0036260331783975574
upstream_selected__factorial_gap_gate,model,5,young_20_29,1,4,12,461,1.0741816773417745,1.0568581045809975,0.0124777183600713,0.008641140565804508
upstream_selected__factorial_gap_gate,model,6,older_80_89,0,1,4,472,0.7230765420840393,0.7357959753581831,0.0,0.0
upstream_selected__factorial_gap_gate,model,6,older_80_89,0,2,4,472,0.9512426527291394,0.951512163457523,0.0,0.0
upstream_selected__factorial_gap_gate,model,6,older_80_89,0,3,4,471,1.1039588924831965,1.0977966410524531,0.0,0.0
upstream_selected__factorial_gap_gate,model,6,older_80_89,0,4,4,468,1.3657232373034105,1.318530205881943,0.0,0.0
upstream_selected__factorial_gap_gate,model,6,older_80_89,1,1,4,469,0.8486326497856194,0.879083558300146,0.002136752136752137,0.002136752136752137
upstream_selected__factorial_gap_gate,model,6,older_80_89,1,2,4,468,1.0691229178474657,1.069217296309719,0.001937984496124031,0.001937984496124031
upstream_selected__factorial_gap_gate,model,6,older_80_89,1,3,4,465,1.2357612830615927,1.2319123887488939,0.001968503937007874,0.001968503937007874
upstream_selected__factorial_gap_gate,model,6,older_80_89,1,4,4,465,1.500764104516271,1.4542737204585479,0.0,0.0
upstream_selected__factorial_gap_gate,model,6,young_20_29,0,1,12,472,0.6142596481557628,0.6278416128462576,0.0,0.0
upstream_selected__factorial_gap_gate,model,6,young_20_29,0,2,12,472,0.7373267278753405,0.7391500666506879,0.0,0.0
upstream_selected__factorial_gap_gate,model,6,young_20_29,0,3,12,467,0.8186259758966111,0.8167366466264877,0.0,0.0
upstream_selected__factorial_gap_gate,model,6,young_20_29,0,4,12,463,0.9434772898200752,0.9338092601429476,0.0,0.0
upstream_selected__factorial_gap_gate,model,6,young_20_29,1,1,12,472,0.7208654878713392,0.7382013419898716,0.0032051282051282055,0.003205128205128205
upstream_selected__factorial_gap_gate,model,6,young_20_29,1,2,12,470,0.8517752572217754,0.8495860694362111,0.0,0.0
upstream_selected__factorial_gap_gate,model,6,young_20_29,1,3,12,467,0.950733421729081,0.9494276973250972,0.007043897246517077,0.0049406961330880975
upstream_selected__factorial_gap_gate,model,6,young_20_29,1,4,12,461,1.0813345613324654,1.0612732023970564,0.002150693538253347,0.001558414512337367
upstream_selected__factorial_gap_gate,model,7,older_80_89,0,1,4,472,0.7271539509205767,0.7551563291152349,0.0,0.0
upstream_selected__factorial_gap_gate,model,7,older_80_89,0,2,4,472,0.941118986609478,0.9413280101147106,0.0,0.0
upstream_selected__factorial_gap_gate,model,7,older_80_89,0,3,4,471,1.10523977793112,1.1014915780509758,0.0,0.0
upstream_selected__factorial_gap_gate,model,7,older_80_89,0,4,4,468,1.3643005591438302,1.324301971623178,0.0,0.0
upstream_selected__factorial_gap_gate,model,7,older_80_89,1,1,4,469,0.8543688918445402,0.8874015899720681,0.0,0.0
upstream_selected__factorial_gap_gate,model,7,older_80_89,1,2,4,468,1.0664787084982121,1.0649217988704112,0.001953125,0.001953125
upstream_selected__factorial_gap_gate,model,7,older_80_89,1,3,4,465,1.2322535647166033,1.230176826066761,0.0,0.0
upstream_selected__factorial_gap_gate,model,7,older_80_89,1,4,4,465,1.4948092973480103,1.4443111530718384,0.001953125,0.001953125
upstream_selected__factorial_gap_gate,model,7,young_20_29,0,1,12,472,0.6101881651320934,0.6214165301956865,0.0,0.0
upstream_selected__factorial_gap_gate,model,7,young_20_29,0,2,12,472,0.7343976458317178,0.7340064886251537,0.0,0.0
upstream_selected__factorial_gap_gate,model,7,young_20_29,0,3,12,467,0.8182645507078141,0.8172963666017536,0.0,0.0
upstream_selected__factorial_gap_gate,model,7,young_20_29,0,4,12,463,0.9464274519698866,0.9301574528250428,0.0,0.0
upstream_selected__factorial_gap_gate,model,7,young_20_29,1,1,12,472,0.7164022797564563,0.7319148631957861,0.008274502483340688,0.005077811512968703
upstream_selected__factorial_gap_gate,model,7,young_20_29,1,2,12,470,0.8569167109770204,0.8560357533147872,0.0,0.0
upstream_selected__factorial_gap_gate,model,7,young_20_29,1,3,12,467,0.9499895186777817,0.9493273841741313,0.0,0.0
upstream_selected__factorial_gap_gate,model,7,young_20_29,1,4,12,461,1.0804122883248544,1.065313340159886,0.0007716049382716049,0.0007716049382716048
upstream_selected__factorial_gap_gate,model,8,older_80_89,0,1,4,472,0.726827765882137,0.7482876621320883,0.0,0.0
upstream_selected__factorial_gap_gate,model,8,older_80_89,0,2,4,472,0.9403816315614568,0.9432941486937105,0.0,0.0
upstream_selected__factorial_gap_gate,model,8,older_80_89,0,3,4,471,1.1052800542469494,1.1093562581427276,0.0,0.0
upstream_selected__factorial_gap_gate,model,8,older_80_89,0,4,4,468,1.3678397647158194,1.3197972885127278,0.0,0.0
upstream_selected__factorial_gap_gate,model,8,older_80_89,1,1,4,469,0.8550016188521267,0.8806724675971571,0.0,0.0
upstream_selected__factorial_gap_gate,model,8,older_80_89,1,2,4,468,1.076553106508476,1.0758304739979294,0.0,0.0
upstream_selected__factorial_gap_gate,model,8,older_80_89,1,3,4,465,1.234720079923426,1.2343352577504976,0.0,0.0
upstream_selected__factorial_gap_gate,model,8,older_80_89,1,4,4,465,1.4811549907695725,1.444256709259741,0.0,0.0
upstream_selected__factorial_gap_gate,model,8,young_20_29,0,1,12,472,0.6141822198895898,0.6303432371368115,0.0,0.0
upstream_selected__factorial_gap_gate,model,8,young_20_29,0,2,12,472,0.7384633445312349,0.7404469935619202,0.0,0.0
upstream_selected__factorial_gap_gate,model,8,young_20_29,0,3,12,467,0.8190279148420099,0.8166646273271857,0.0,0.0
upstream_selected__factorial_gap_gate,model,8,young_20_29,0,4,12,463,0.9463275737811849,0.9297532783997456,0.0,0.0
upstream_selected__factorial_gap_gate,model,8,young_20_29,1,1,12,472,0.7210335014545594,0.7400250354829861,0.0014367816091954023,0.0014367816091954023
upstream_selected__factorial_gap_gate,model,8,young_20_29,1,2,12,470,0.8547710929489757,0.8535468008627104,0.0014475861031734098,0.0009778151792561058
upstream_selected__factorial_gap_gate,model,8,young_20_29,1,3,12,467,0.9458083523041391,0.9440265340272064,0.005394155623513422,0.004623248868920697
upstream_selected__factorial_gap_gate,model,8,young_20_29,1,4,12,461,1.0769497927307767,1.0581159221569956,0.0,0.0
upstream_selected__factorial_gap_gate,model,9,older_80_89,0,1,4,472,0.7296107668172616,0.7537142990088538,0.0,0.0
upstream_selected__factorial_gap_gate,model,9,older_80_89,0,2,4,472,0.9400668575363966,0.9422124029974941,0.0,0.0
upstream_selected__factorial_gap_gate,model,9,older_80_89,0,3,4,471,1.0973940486896563,1.0946400970431938,0.0,0.0
upstream_selected__factorial_gap_gate,model,9,older_80_89,0,4,4,468,1.3449854370549204,1.3087585703836035,0.0,0.0
upstream_selected__factorial_gap_gate,model,9,older_80_89,1,1,4,469,0.8540963400577989,0.8738962995708149,0.0,0.0
upstream_selected__factorial_gap_gate,model,9,older_80_89,1,2,4,468,1.0751358001052163,1.0755808217414553,0.0,0.0
upstream_selected__factorial_gap_gate,model,9,older_80_89,1,3,4,465,1.2435218492059246,1.239517322305416,0.001968503937007874,0.001968503937007874
upstream_selected__factorial_gap_gate,model,9,older_80_89,1,4,4,465,1.5120073657565682,1.4696984142097431,0.0,0.0
upstream_selected__factorial_gap_gate,model,9,young_20_29,0,1,12,472,0.615239950439283,0.6313632906785535,0.0,0.0
upstream_selected__factorial_gap_gate,model,9,young_20_29,0,2,12,472,0.7350359675801772,0.7357158131281496,0.0,0.0
upstream_selected__factorial_gap_gate,model,9,young_20_29,0,3,12,467,0.8211318331603135,0.8211836983409359,0.0,0.0
upstream_selected__factorial_gap_gate,model,9,young_20_29,0,4,12,463,0.9426826728543496,0.9323921170319843,0.0,0.0
upstream_selected__factorial_gap_gate,model,9,young_20_29,1,1,12,472,0.7209494910903175,0.7398108728158411,0.0036231884057971015,0.0036231884057971015
upstream_selected__factorial_gap_gate,model,9,young_20_29,1,2,12,470,0.8535834198161147,0.8515219091914639,0.007942588239961123,0.004976698346817862
upstream_selected__factorial_gap_gate,model,9,young_20_29,1,3,12,467,0.9517665633838668,0.9476471974116101,0.0,0.0
upstream_selected__factorial_gap_gate,model,9,young_20_29,1,4,12,461,1.0861949168840181,1.0697729020759597,0.0006887052341597796,0.0006887052341597796
upstream_selected__factorial_joint_first_passage,human,0,older_80_89,0,1,4,472,0.7135494114193273,0.727125,0.02724880107738799,0.011393231938429688
upstream_selected__factorial_joint_first_passage,human,0,older_80_89,0,2,4,472,0.8057813516210091,0.804875,0.001937984496124031,0.001937984496124031
upstream_selected__factorial_joint_first_passage,human,0,older_80_89,0,3,4,471,0.8894176461802819,0.887375,0.0,0.0
upstream_selected__factorial_joint_first_passage,human,0,older_80_89,0,4,4,468,1.150856513755342,1.038875,0.011306160031488979,0.004556024014706369
upstream_selected__factorial_joint_first_passage,human,0,older_80_89,1,1,4,469,0.7661385929196219,0.780875,0.09290083636061681,0.029919794558043004
upstream_selected__factorial_joint_first_passage,human,0,older_80_89,1,2,4,468,0.8809467603498395,0.881125,0.030114989791288568,0.012854765583692657
upstream_selected__factorial_joint_first_passage,human,0,older_80_89,1,3,4,465,0.9811995280889121,0.981,0.01984535040236625,0.007213433961521362
upstream_selected__factorial_joint_first_passage,human,0,older_80_89,1,4,4,465,1.282508360353475,1.16225,0.020334373519650374,0.005342406700692999
upstream_selected__factorial_joint_first_passage,human,0,young_20_29,0,1,12,472,0.4973445979815323,0.5033333333333333,0.022805121517693618,0.009175655010333046
upstream_selected__factorial_joint_first_passage,human,0,young_20_29,0,2,12,472,0.551049728929993,0.5503333333333333,0.016397076039455782,0.006626520394043253
upstream_selected__factorial_joint_first_passage,human,0,young_20_29,0,3,12,467,0.6042939719012884,0.602,0.01722962144796682,0.006292699598289082
upstream_selected__factorial_joint_first_passage,human,0,young_20_29,0,4,12,463,0.7357254540981127,0.7022499999999999,0.004285679764148664,0.002438235727078484
upstream_selected__factorial_joint_first_passage,human,0,young_20_29,1,1,12,472,0.5268698233372492,0.536875,0.13943716601624673,0.019525091727120608
upstream_selected__factorial_joint_first_passage,human,0,young_20_29,1,2,12,470,0.597575795707291,0.5970833333333333,0.08234994703293937,0.01683300750672646
upstream_selected__factorial_joint_first_passage,human,0,young_20_29,1,3,12,467,0.661532170550705,0.6587500000000001,0.05056809855608927,0.012118627284075653
upstream_selected__factorial_joint_first_passage,human,0,young_20_29,1,4,12,461,0.8094435863560462,0.7729166666666667,0.018136383965730057,0.00683317979898138
upstream_selected__factorial_joint_first_passage,human,1,older_80_89,0,1,4,472,0.7135494114193273,0.727125,0.02724880107738799,0.011393231938429688
upstream_selected__factorial_joint_first_passage,human,1,older_80_89,0,2,4,472,0.8057813516210091,0.804875,0.001937984496124031,0.001937984496124031
upstream_selected__factorial_joint_first_passage,human,1,older_80_89,0,3,4,471,0.8894176461802819,0.887375,0.0,0.0
upstream_selected__factorial_joint_first_passage,human,1,older_80_89,0,4,4,468,1.150856513755342,1.038875,0.011306160031488979,0.004556024014706369
upstream_selected__factorial_joint_first_passage,human,1,older_80_89,1,1,4,469,0.7661385929196219,0.780875,0.09290083636061681,0.029919794558043004
upstream_selected__factorial_joint_first_passage,human,1,older_80_89,1,2,4,468,0.8809467603498395,0.881125,0.030114989791288568,0.012854765583692657
upstream_selected__factorial_joint_first_passage,human,1,older_80_89,1,3,4,465,0.9811995280889121,0.981,0.01984535040236625,0.007213433961521362
upstream_selected__factorial_joint_first_passage,human,1,older_80_89,1,4,4,465,1.282508360353475,1.16225,0.020334373519650374,0.005342406700692999
upstream_selected__factorial_joint_first_passage,human,1,young_20_29,0,1,12,472,0.4973445979815323,0.5033333333333333,0.022805121517693618,0.009175655010333046
upstream_selected__factorial_joint_first_passage,human,1,young_20_29,0,2,12,472,0.551049728929993,0.5503333333333333,0.016397076039455782,0.006626520394043253
upstream_selected__factorial_joint_first_passage,human,1,young_20_29,0,3,12,467,0.6042939719012884,0.602,0.01722962144796682,0.006292699598289082
upstream_selected__factorial_joint_first_passage,human,1,young_20_29,0,4,12,463,0.7357254540981127,0.7022499999999999,0.004285679764148664,0.002438235727078484
upstream_selected__factorial_joint_first_passage,human,1,young_20_29,1,1,12,472,0.5268698233372492,0.536875,0.13943716601624673,0.019525091727120608
upstream_selected__factorial_joint_first_passage,human,1,young_20_29,1,2,12,470,0.597575795707291,0.5970833333333333,0.08234994703293937,0.01683300750672646
upstream_selected__factorial_joint_first_passage,human,1,young_20_29,1,3,12,467,0.661532170550705,0.6587500000000001,0.05056809855608927,0.012118627284075653
upstream_selected__factorial_joint_first_passage,human,1,young_20_29,1,4,12,461,0.8094435863560462,0.7729166666666667,0.018136383965730057,0.00683317979898138
upstream_selected__factorial_joint_first_passage,human,2,older_80_89,0,1,4,472,0.7135494114193273,0.727125,0.02724880107738799,0.011393231938429688
upstream_selected__factorial_joint_first_passage,human,2,older_80_89,0,2,4,472,0.8057813516210091,0.804875,0.001937984496124031,0.001937984496124031
upstream_selected__factorial_joint_first_passage,human,2,older_80_89,0,3,4,471,0.8894176461802819,0.887375,0.0,0.0
upstream_selected__factorial_joint_first_passage,human,2,older_80_89,0,4,4,468,1.150856513755342,1.038875,0.011306160031488979,0.004556024014706369
upstream_selected__factorial_joint_first_passage,human,2,older_80_89,1,1,4,469,0.7661385929196219,0.780875,0.09290083636061681,0.029919794558043004
upstream_selected__factorial_joint_first_passage,human,2,older_80_89,1,2,4,468,0.8809467603498395,0.881125,0.030114989791288568,0.012854765583692657
upstream_selected__factorial_joint_first_passage,human,2,older_80_89,1,3,4,465,0.9811995280889121,0.981,0.01984535040236625,0.007213433961521362
upstream_selected__factorial_joint_first_passage,human,2,older_80_89,1,4,4,465,1.282508360353475,1.16225,0.020334373519650374,0.005342406700692999
upstream_selected__factorial_joint_first_passage,human,2,young_20_29,0,1,12,472,0.4973445979815323,0.5033333333333333,0.022805121517693618,0.009175655010333046
upstream_selected__factorial_joint_first_passage,human,2,young_20_29,0,2,12,472,0.551049728929993,0.5503333333333333,0.016397076039455782,0.006626520394043253
upstream_selected__factorial_joint_first_passage,human,2,young_20_29,0,3,12,467,0.6042939719012884,0.602,0.01722962144796682,0.006292699598289082
upstream_selected__factorial_joint_first_passage,human,2,young_20_29,0,4,12,463,0.7357254540981127,0.7022499999999999,0.004285679764148664,0.002438235727078484
upstream_selected__factorial_joint_first_passage,human,2,young_20_29,1,1,12,472,0.5268698233372492,0.536875,0.13943716601624673,0.019525091727120608
upstream_selected__factorial_joint_first_passage,human,2,young_20_29,1,2,12,470,0.597575795707291,0.5970833333333333,0.08234994703293937,0.01683300750672646
upstream_selected__factorial_joint_first_passage,human,2,young_20_29,1,3,12,467,0.661532170550705,0.6587500000000001,0.05056809855608927,0.012118627284075653
upstream_selected__factorial_joint_first_passage,human,2,young_20_29,1,4,12,461,0.8094435863560462,0.7729166666666667,0.018136383965730057,0.00683317979898138
upstream_selected__factorial_joint_first_passage,human,3,older_80_89,0,1,4,472,0.7135494114193273,0.727125,0.02724880107738799,0.011393231938429688
upstream_selected__factorial_joint_first_passage,human,3,older_80_89,0,2,4,472,0.8057813516210091,0.804875,0.001937984496124031,0.001937984496124031
upstream_selected__factorial_joint_first_passage,human,3,older_80_89,0,3,4,471,0.8894176461802819,0.887375,0.0,0.0
upstream_selected__factorial_joint_first_passage,human,3,older_80_89,0,4,4,468,1.150856513755342,1.038875,0.011306160031488979,0.004556024014706369
upstream_selected__factorial_joint_first_passage,human,3,older_80_89,1,1,4,469,0.7661385929196219,0.780875,0.09290083636061681,0.029919794558043004
upstream_selected__factorial_joint_first_passage,human,3,older_80_89,1,2,4,468,0.8809467603498395,0.881125,0.030114989791288568,0.012854765583692657
upstream_selected__factorial_joint_first_passage,human,3,older_80_89,1,3,4,465,0.9811995280889121,0.981,0.01984535040236625,0.007213433961521362
upstream_selected__factorial_joint_first_passage,human,3,older_80_89,1,4,4,465,1.282508360353475,1.16225,0.020334373519650374,0.005342406700692999
upstream_selected__factorial_joint_first_passage,human,3,young_20_29,0,1,12,472,0.4973445979815323,0.5033333333333333,0.022805121517693618,0.009175655010333046
upstream_selected__factorial_joint_first_passage,human,3,young_20_29,0,2,12,472,0.551049728929993,0.5503333333333333,0.016397076039455782,0.006626520394043253
upstream_selected__factorial_joint_first_passage,human,3,young_20_29,0,3,12,467,0.6042939719012884,0.602,0.01722962144796682,0.006292699598289082
upstream_selected__factorial_joint_first_passage,human,3,young_20_29,0,4,12,463,0.7357254540981127,0.7022499999999999,0.004285679764148664,0.002438235727078484
upstream_selected__factorial_joint_first_passage,human,3,young_20_29,1,1,12,472,0.5268698233372492,0.536875,0.13943716601624673,0.019525091727120608
upstream_selected__factorial_joint_first_passage,human,3,young_20_29,1,2,12,470,0.597575795707291,0.5970833333333333,0.08234994703293937,0.01683300750672646
upstream_selected__factorial_joint_first_passage,human,3,young_20_29,1,3,12,467,0.661532170550705,0.6587500000000001,0.05056809855608927,0.012118627284075653
upstream_selected__factorial_joint_first_passage,human,3,young_20_29,1,4,12,461,0.8094435863560462,0.7729166666666667,0.018136383965730057,0.00683317979898138
upstream_selected__factorial_joint_first_passage,human,4,older_80_89,0,1,4,472,0.7135494114193273,0.727125,0.02724880107738799,0.011393231938429688
upstream_selected__factorial_joint_first_passage,human,4,older_80_89,0,2,4,472,0.8057813516210091,0.804875,0.001937984496124031,0.001937984496124031
upstream_selected__factorial_joint_first_passage,human,4,older_80_89,0,3,4,471,0.8894176461802819,0.887375,0.0,0.0
upstream_selected__factorial_joint_first_passage,human,4,older_80_89,0,4,4,468,1.150856513755342,1.038875,0.011306160031488979,0.004556024014706369
upstream_selected__factorial_joint_first_passage,human,4,older_80_89,1,1,4,469,0.7661385929196219,0.780875,0.09290083636061681,0.029919794558043004
upstream_selected__factorial_joint_first_passage,human,4,older_80_89,1,2,4,468,0.8809467603498395,0.881125,0.030114989791288568,0.012854765583692657
upstream_selected__factorial_joint_first_passage,human,4,older_80_89,1,3,4,465,0.9811995280889121,0.981,0.01984535040236625,0.007213433961521362
upstream_selected__factorial_joint_first_passage,human,4,older_80_89,1,4,4,465,1.282508360353475,1.16225,0.020334373519650374,0.005342406700692999
upstream_selected__factorial_joint_first_passage,human,4,young_20_29,0,1,12,472,0.4973445979815323,0.5033333333333333,0.022805121517693618,0.009175655010333046
upstream_selected__factorial_joint_first_passage,human,4,young_20_29,0,2,12,472,0.551049728929993,0.5503333333333333,0.016397076039455782,0.006626520394043253
upstream_selected__factorial_joint_first_passage,human,4,young_20_29,0,3,12,467,0.6042939719012884,0.602,0.01722962144796682,0.006292699598289082
upstream_selected__factorial_joint_first_passage,human,4,young_20_29,0,4,12,463,0.7357254540981127,0.7022499999999999,0.004285679764148664,0.002438235727078484
upstream_selected__factorial_joint_first_passage,human,4,young_20_29,1,1,12,472,0.5268698233372492,0.536875,0.13943716601624673,0.019525091727120608
upstream_selected__factorial_joint_first_passage,human,4,young_20_29,1,2,12,470,0.597575795707291,0.5970833333333333,0.08234994703293937,0.01683300750672646
upstream_selected__factorial_joint_first_passage,human,4,young_20_29,1,3,12,467,0.661532170550705,0.6587500000000001,0.05056809855608927,0.012118627284075653
upstream_selected__factorial_joint_first_passage,human,4,young_20_29,1,4,12,461,0.8094435863560462,0.7729166666666667,0.018136383965730057,0.00683317979898138
upstream_selected__factorial_joint_first_passage,human,5,older_80_89,0,1,4,472,0.7135494114193273,0.727125,0.02724880107738799,0.011393231938429688
upstream_selected__factorial_joint_first_passage,human,5,older_80_89,0,2,4,472,0.8057813516210091,0.804875,0.001937984496124031,0.001937984496124031
upstream_selected__factorial_joint_first_passage,human,5,older_80_89,0,3,4,471,0.8894176461802819,0.887375,0.0,0.0
upstream_selected__factorial_joint_first_passage,human,5,older_80_89,0,4,4,468,1.150856513755342,1.038875,0.011306160031488979,0.004556024014706369
upstream_selected__factorial_joint_first_passage,human,5,older_80_89,1,1,4,469,0.7661385929196219,0.780875,0.09290083636061681,0.029919794558043004
upstream_selected__factorial_joint_first_passage,human,5,older_80_89,1,2,4,468,0.8809467603498395,0.881125,0.030114989791288568,0.012854765583692657
upstream_selected__factorial_joint_first_passage,human,5,older_80_89,1,3,4,465,0.9811995280889121,0.981,0.01984535040236625,0.007213433961521362
upstream_selected__factorial_joint_first_passage,human,5,older_80_89,1,4,4,465,1.282508360353475,1.16225,0.020334373519650374,0.005342406700692999
upstream_selected__factorial_joint_first_passage,human,5,young_20_29,0,1,12,472,0.4973445979815323,0.5033333333333333,0.022805121517693618,0.009175655010333046
upstream_selected__factorial_joint_first_passage,human,5,young_20_29,0,2,12,472,0.551049728929993,0.5503333333333333,0.016397076039455782,0.006626520394043253
upstream_selected__factorial_joint_first_passage,human,5,young_20_29,0,3,12,467,0.6042939719012884,0.602,0.01722962144796682,0.006292699598289082
upstream_selected__factorial_joint_first_passage,human,5,young_20_29,0,4,12,463,0.7357254540981127,0.7022499999999999,0.004285679764148664,0.002438235727078484
upstream_selected__factorial_joint_first_passage,human,5,young_20_29,1,1,12,472,0.5268698233372492,0.536875,0.13943716601624673,0.019525091727120608
upstream_selected__factorial_joint_first_passage,human,5,young_20_29,1,2,12,470,0.597575795707291,0.5970833333333333,0.08234994703293937,0.01683300750672646
upstream_selected__factorial_joint_first_passage,human,5,young_20_29,1,3,12,467,0.661532170550705,0.6587500000000001,0.05056809855608927,0.012118627284075653
upstream_selected__factorial_joint_first_passage,human,5,young_20_29,1,4,12,461,0.8094435863560462,0.7729166666666667,0.018136383965730057,0.00683317979898138
upstream_selected__factorial_joint_first_passage,human,6,older_80_89,0,1,4,472,0.7135494114193273,0.727125,0.02724880107738799,0.011393231938429688
upstream_selected__factorial_joint_first_passage,human,6,older_80_89,0,2,4,472,0.8057813516210091,0.804875,0.001937984496124031,0.001937984496124031
upstream_selected__factorial_joint_first_passage,human,6,older_80_89,0,3,4,471,0.8894176461802819,0.887375,0.0,0.0
upstream_selected__factorial_joint_first_passage,human,6,older_80_89,0,4,4,468,1.150856513755342,1.038875,0.011306160031488979,0.004556024014706369
upstream_selected__factorial_joint_first_passage,human,6,older_80_89,1,1,4,469,0.7661385929196219,0.780875,0.09290083636061681,0.029919794558043004
upstream_selected__factorial_joint_first_passage,human,6,older_80_89,1,2,4,468,0.8809467603498395,0.881125,0.030114989791288568,0.012854765583692657
upstream_selected__factorial_joint_first_passage,human,6,older_80_89,1,3,4,465,0.9811995280889121,0.981,0.01984535040236625,0.007213433961521362
upstream_selected__factorial_joint_first_passage,human,6,older_80_89,1,4,4,465,1.282508360353475,1.16225,0.020334373519650374,0.005342406700692999
upstream_selected__factorial_joint_first_passage,human,6,young_20_29,0,1,12,472,0.4973445979815323,0.5033333333333333,0.022805121517693618,0.009175655010333046
upstream_selected__factorial_joint_first_passage,human,6,young_20_29,0,2,12,472,0.551049728929993,0.5503333333333333,0.016397076039455782,0.006626520394043253
upstream_selected__factorial_joint_first_passage,human,6,young_20_29,0,3,12,467,0.6042939719012884,0.602,0.01722962144796682,0.006292699598289082
upstream_selected__factorial_joint_first_passage,human,6,young_20_29,0,4,12,463,0.7357254540981127,0.7022499999999999,0.004285679764148664,0.002438235727078484
upstream_selected__factorial_joint_first_passage,human,6,young_20_29,1,1,12,472,0.5268698233372492,0.536875,0.13943716601624673,0.019525091727120608
upstream_selected__factorial_joint_first_passage,human,6,young_20_29,1,2,12,470,0.597575795707291,0.5970833333333333,0.08234994703293937,0.01683300750672646
upstream_selected__factorial_joint_first_passage,human,6,young_20_29,1,3,12,467,0.661532170550705,0.6587500000000001,0.05056809855608927,0.012118627284075653
upstream_selected__factorial_joint_first_passage,human,6,young_20_29,1,4,12,461,0.8094435863560462,0.7729166666666667,0.018136383965730057,0.00683317979898138
upstream_selected__factorial_joint_first_passage,human,7,older_80_89,0,1,4,472,0.7135494114193273,0.727125,0.02724880107738799,0.011393231938429688
upstream_selected__factorial_joint_first_passage,human,7,older_80_89,0,2,4,472,0.8057813516210091,0.804875,0.001937984496124031,0.001937984496124031
upstream_selected__factorial_joint_first_passage,human,7,older_80_89,0,3,4,471,0.8894176461802819,0.887375,0.0,0.0
upstream_selected__factorial_joint_first_passage,human,7,older_80_89,0,4,4,468,1.150856513755342,1.038875,0.011306160031488979,0.004556024014706369
upstream_selected__factorial_joint_first_passage,human,7,older_80_89,1,1,4,469,0.7661385929196219,0.780875,0.09290083636061681,0.029919794558043004
upstream_selected__factorial_joint_first_passage,human,7,older_80_89,1,2,4,468,0.8809467603498395,0.881125,0.030114989791288568,0.012854765583692657
upstream_selected__factorial_joint_first_passage,human,7,older_80_89,1,3,4,465,0.9811995280889121,0.981,0.01984535040236625,0.007213433961521362
upstream_selected__factorial_joint_first_passage,human,7,older_80_89,1,4,4,465,1.282508360353475,1.16225,0.020334373519650374,0.005342406700692999
upstream_selected__factorial_joint_first_passage,human,7,young_20_29,0,1,12,472,0.4973445979815323,0.5033333333333333,0.022805121517693618,0.009175655010333046
upstream_selected__factorial_joint_first_passage,human,7,young_20_29,0,2,12,472,0.551049728929993,0.5503333333333333,0.016397076039455782,0.006626520394043253
upstream_selected__factorial_joint_first_passage,human,7,young_20_29,0,3,12,467,0.6042939719012884,0.602,0.01722962144796682,0.006292699598289082
upstream_selected__factorial_joint_first_passage,human,7,young_20_29,0,4,12,463,0.7357254540981127,0.7022499999999999,0.004285679764148664,0.002438235727078484
upstream_selected__factorial_joint_first_passage,human,7,young_20_29,1,1,12,472,0.5268698233372492,0.536875,0.13943716601624673,0.019525091727120608
upstream_selected__factorial_joint_first_passage,human,7,young_20_29,1,2,12,470,0.597575795707291,0.5970833333333333,0.08234994703293937,0.01683300750672646
upstream_selected__factorial_joint_first_passage,human,7,young_20_29,1,3,12,467,0.661532170550705,0.6587500000000001,0.05056809855608927,0.012118627284075653
upstream_selected__factorial_joint_first_passage,human,7,young_20_29,1,4,12,461,0.8094435863560462,0.7729166666666667,0.018136383965730057,0.00683317979898138
upstream_selected__factorial_joint_first_passage,human,8,older_80_89,0,1,4,472,0.7135494114193273,0.727125,0.02724880107738799,0.011393231938429688
upstream_selected__factorial_joint_first_passage,human,8,older_80_89,0,2,4,472,0.8057813516210091,0.804875,0.001937984496124031,0.001937984496124031
upstream_selected__factorial_joint_first_passage,human,8,older_80_89,0,3,4,471,0.8894176461802819,0.887375,0.0,0.0
upstream_selected__factorial_joint_first_passage,human,8,older_80_89,0,4,4,468,1.150856513755342,1.038875,0.011306160031488979,0.004556024014706369
upstream_selected__factorial_joint_first_passage,human,8,older_80_89,1,1,4,469,0.7661385929196219,0.780875,0.09290083636061681,0.029919794558043004
upstream_selected__factorial_joint_first_passage,human,8,older_80_89,1,2,4,468,0.8809467603498395,0.881125,0.030114989791288568,0.012854765583692657
upstream_selected__factorial_joint_first_passage,human,8,older_80_89,1,3,4,465,0.9811995280889121,0.981,0.01984535040236625,0.007213433961521362
upstream_selected__factorial_joint_first_passage,human,8,older_80_89,1,4,4,465,1.282508360353475,1.16225,0.020334373519650374,0.005342406700692999
upstream_selected__factorial_joint_first_passage,human,8,young_20_29,0,1,12,472,0.4973445979815323,0.5033333333333333,0.022805121517693618,0.009175655010333046
upstream_selected__factorial_joint_first_passage,human,8,young_20_29,0,2,12,472,0.551049728929993,0.5503333333333333,0.016397076039455782,0.006626520394043253
upstream_selected__factorial_joint_first_passage,human,8,young_20_29,0,3,12,467,0.6042939719012884,0.602,0.01722962144796682,0.006292699598289082
upstream_selected__factorial_joint_first_passage,human,8,young_20_29,0,4,12,463,0.7357254540981127,0.7022499999999999,0.004285679764148664,0.002438235727078484
upstream_selected__factorial_joint_first_passage,human,8,young_20_29,1,1,12,472,0.5268698233372492,0.536875,0.13943716601624673,0.019525091727120608
upstream_selected__factorial_joint_first_passage,human,8,young_20_29,1,2,12,470,0.597575795707291,0.5970833333333333,0.08234994703293937,0.01683300750672646
upstream_selected__factorial_joint_first_passage,human,8,young_20_29,1,3,12,467,0.661532170550705,0.6587500000000001,0.05056809855608927,0.012118627284075653
upstream_selected__factorial_joint_first_passage,human,8,young_20_29,1,4,12,461,0.8094435863560462,0.7729166666666667,0.018136383965730057,0.00683317979898138
upstream_selected__factorial_joint_first_passage,human,9,older_80_89,0,1,4,472,0.7135494114193273,0.727125,0.02724880107738799,0.011393231938429688
upstream_selected__factorial_joint_first_passage,human,9,older_80_89,0,2,4,472,0.8057813516210091,0.804875,0.001937984496124031,0.001937984496124031
upstream_selected__factorial_joint_first_passage,human,9,older_80_89,0,3,4,471,0.8894176461802819,0.887375,0.0,0.0
upstream_selected__factorial_joint_first_passage,human,9,older_80_89,0,4,4,468,1.150856513755342,1.038875,0.011306160031488979,0.004556024014706369
upstream_selected__factorial_joint_first_passage,human,9,older_80_89,1,1,4,469,0.7661385929196219,0.780875,0.09290083636061681,0.029919794558043004
upstream_selected__factorial_joint_first_passage,human,9,older_80_89,1,2,4,468,0.8809467603498395,0.881125,0.030114989791288568,0.012854765583692657
upstream_selected__factorial_joint_first_passage,human,9,older_80_89,1,3,4,465,0.9811995280889121,0.981,0.01984535040236625,0.007213433961521362
upstream_selected__factorial_joint_first_passage,human,9,older_80_89,1,4,4,465,1.282508360353475,1.16225,0.020334373519650374,0.005342406700692999
upstream_selected__factorial_joint_first_passage,human,9,young_20_29,0,1,12,472,0.4973445979815323,0.5033333333333333,0.022805121517693618,0.009175655010333046
upstream_selected__factorial_joint_first_passage,human,9,young_20_29,0,2,12,472,0.551049728929993,0.5503333333333333,0.016397076039455782,0.006626520394043253
upstream_selected__factorial_joint_first_passage,human,9,young_20_29,0,3,12,467,0.6042939719012884,0.602,0.01722962144796682,0.006292699598289082
upstream_selected__factorial_joint_first_passage,human,9,young_20_29,0,4,12,463,0.7357254540981127,0.7022499999999999,0.004285679764148664,0.002438235727078484
upstream_selected__factorial_joint_first_passage,human,9,young_20_29,1,1,12,472,0.5268698233372492,0.536875,0.13943716601624673,0.019525091727120608
upstream_selected__factorial_joint_first_passage,human,9,young_20_29,1,2,12,470,0.597575795707291,0.5970833333333333,0.08234994703293937,0.01683300750672646
upstream_selected__factorial_joint_first_passage,human,9,young_20_29,1,3,12,467,0.661532170550705,0.6587500000000001,0.05056809855608927,0.012118627284075653
upstream_selected__factorial_joint_first_passage,human,9,young_20_29,1,4,12,461,0.8094435863560462,0.7729166666666667,0.018136383965730057,0.00683317979898138
upstream_selected__factorial_joint_first_passage,model,0,older_80_89,0,1,4,472,0.7305564886046118,0.7581039783167194,0.0,0.0
upstream_selected__factorial_joint_first_passage,model,0,older_80_89,0,2,4,472,0.946998561012766,0.9464231922199304,0.0,0.0
upstream_selected__factorial_joint_first_passage,model,0,older_80_89,0,3,4,471,1.099260066483016,1.0951842246313683,0.0,0.0
upstream_selected__factorial_joint_first_passage,model,0,older_80_89,0,4,4,468,1.3519555747784935,1.304817259785423,0.0,0.0
upstream_selected__factorial_joint_first_passage,model,0,older_80_89,1,1,4,469,0.847697941303058,0.8766854616979292,0.0,0.0
upstream_selected__factorial_joint_first_passage,model,0,older_80_89,1,2,4,468,1.080449034836458,1.084225484251728,0.0,0.0
upstream_selected__factorial_joint_first_passage,model,0,older_80_89,1,3,4,465,1.2398512534864938,1.2417932405328311,0.0,0.0
upstream_selected__factorial_joint_first_passage,model,0,older_80_89,1,4,4,465,1.4953450553638947,1.4519984808293451,0.0,0.0
upstream_selected__factorial_joint_first_passage,model,0,young_20_29,0,1,12,472,0.6079792858779982,0.6181154912925574,0.0,0.0
upstream_selected__factorial_joint_first_passage,model,0,young_20_29,0,2,12,472,0.7366553586177308,0.7385762801123992,0.0,0.0
upstream_selected__factorial_joint_first_passage,model,0,young_20_29,0,3,12,467,0.8224267997338757,0.82245267027099,0.0,0.0
upstream_selected__factorial_joint_first_passage,model,0,young_20_29,0,4,12,463,0.9479595864360416,0.9372089260936686,0.0,0.0
upstream_selected__factorial_joint_first_passage,model,0,young_20_29,1,1,12,472,0.7217410178791431,0.7333857921130886,0.0,0.0
upstream_selected__factorial_joint_first_passage,model,0,young_20_29,1,2,12,470,0.8549926959304005,0.851954853497396,0.0,0.0
upstream_selected__factorial_joint_first_passage,model,0,young_20_29,1,3,12,467,0.9497272266786054,0.9483511019610296,0.0,0.0
upstream_selected__factorial_joint_first_passage,model,0,young_20_29,1,4,12,461,1.0815005734568328,1.063150590364244,0.0,0.0
upstream_selected__factorial_joint_first_passage,model,1,older_80_89,0,1,4,472,0.7284376856727877,0.7499008661462376,0.0,0.0
upstream_selected__factorial_joint_first_passage,model,1,older_80_89,0,2,4,472,0.945467821177884,0.9475194920303166,0.0,0.0
upstream_selected__factorial_joint_first_passage,model,1,older_80_89,0,3,4,471,1.1051584751419141,1.1054450911421276,0.0,0.0
upstream_selected__factorial_joint_first_passage,model,1,older_80_89,0,4,4,468,1.365389107597093,1.3174957375287588,0.0,0.0
upstream_selected__factorial_joint_first_passage,model,1,older_80_89,1,1,4,469,0.848514097872387,0.8715870369207983,0.0,0.0
upstream_selected__factorial_joint_first_passage,model,1,older_80_89,1,2,4,468,1.0733147549003443,1.0760416163287043,0.0,0.0
upstream_selected__factorial_joint_first_passage,model,1,older_80_89,1,3,4,465,1.2304184139390024,1.226109013403331,0.0,0.0
upstream_selected__factorial_joint_first_passage,model,1,older_80_89,1,4,4,465,1.4897165401240302,1.4533381970321955,0.0,0.0
upstream_selected__factorial_joint_first_passage,model,1,young_20_29,0,1,12,472,0.6147730940386699,0.6314819786486624,0.0,0.0
upstream_selected__factorial_joint_first_passage,model,1,young_20_29,0,2,12,472,0.7365906137771091,0.738842022083673,0.0,0.0
upstream_selected__factorial_joint_first_passage,model,1,young_20_29,0,3,12,467,0.8197220957254475,0.8179637750782974,0.0,0.0
upstream_selected__factorial_joint_first_passage,model,1,young_20_29,0,4,12,463,0.9473298265689092,0.9332497426502626,0.0,0.0
upstream_selected__factorial_joint_first_passage,model,1,young_20_29,1,1,12,472,0.7224011677498273,0.7364405228327874,0.0,0.0
upstream_selected__factorial_joint_first_passage,model,1,young_20_29,1,2,12,470,0.8555575851116481,0.8572757525859763,0.0,0.0
upstream_selected__factorial_joint_first_passage,model,1,young_20_29,1,3,12,467,0.9477518361717215,0.948110983995532,0.0,0.0
upstream_selected__factorial_joint_first_passage,model,1,young_20_29,1,4,12,461,1.0741535356072287,1.0532012792854988,0.0,0.0
upstream_selected__factorial_joint_first_passage,model,2,older_80_89,0,1,4,472,0.7305668588487035,0.7583384718539243,0.0,0.0
upstream_selected__factorial_joint_first_passage,model,2,older_80_89,0,2,4,472,0.947579150494354,0.9485691077910756,0.0,0.0
upstream_selected__factorial_joint_first_passage,model,2,older_80_89,0,3,4,471,1.108407839855754,1.107680728671855,0.0,0.0
upstream_selected__factorial_joint_first_passage,model,2,older_80_89,0,4,4,468,1.358719296026521,1.3099283099841885,0.0,0.0
upstream_selected__factorial_joint_first_passage,model,2,older_80_89,1,1,4,469,0.8505337496687232,0.8760641290295352,0.0,0.0
upstream_selected__factorial_joint_first_passage,model,2,older_80_89,1,2,4,468,1.069869022662934,1.0703329572178157,0.0,0.0
upstream_selected__factorial_joint_first_passage,model,2,older_80_89,1,3,4,465,1.2380945279906248,1.2400174366484404,0.0,0.0
upstream_selected__factorial_joint_first_passage,model,2,older_80_89,1,4,4,465,1.4917338306082617,1.4466187514862177,0.0,0.0
upstream_selected__factorial_joint_first_passage,model,2,young_20_29,0,1,12,472,0.6119471080223872,0.6320695499951503,0.0,0.0
upstream_selected__factorial_joint_first_passage,model,2,young_20_29,0,2,12,472,0.7331593864216011,0.7361173263722428,0.0,0.0
upstream_selected__factorial_joint_first_passage,model,2,young_20_29,0,3,12,467,0.8200462315076681,0.8208315762220768,0.0,0.0
upstream_selected__factorial_joint_first_passage,model,2,young_20_29,0,4,12,463,0.9423575830734178,0.9292237120780844,0.0,0.0
upstream_selected__factorial_joint_first_passage,model,2,young_20_29,1,1,12,472,0.7151316281766927,0.7320303948831635,0.0,0.0
upstream_selected__factorial_joint_first_passage,model,2,young_20_29,1,2,12,470,0.8534565725924929,0.8539361915117537,0.0,0.0
upstream_selected__factorial_joint_first_passage,model,2,young_20_29,1,3,12,467,0.9517374683429966,0.9519182053954797,0.0,0.0
upstream_selected__factorial_joint_first_passage,model,2,young_20_29,1,4,12,461,1.081126045311575,1.0683944812213866,0.0,0.0
upstream_selected__factorial_joint_first_passage,model,3,older_80_89,0,1,4,472,0.724956774226127,0.7451201576400099,0.0,0.0
upstream_selected__factorial_joint_first_passage,model,3,older_80_89,0,2,4,472,0.9362686283886765,0.9394204758229121,0.0,0.0
upstream_selected__factorial_joint_first_passage,model,3,older_80_89,0,3,4,471,1.095789654698267,1.0932093659248656,0.0,0.0
upstream_selected__factorial_joint_first_passage,model,3,older_80_89,0,4,4,468,1.369927394565782,1.3249791549412022,0.0,0.0
upstream_selected__factorial_joint_first_passage,model,3,older_80_89,1,1,4,469,0.8442213976333092,0.8753414080321017,0.0,0.0
upstream_selected__factorial_joint_first_passage,model,3,older_80_89,1,2,4,468,1.070173163137889,1.0699212583831446,0.0,0.0
upstream_selected__factorial_joint_first_passage,model,3,older_80_89,1,3,4,465,1.2316216381945198,1.229697210149339,0.0,0.0
upstream_selected__factorial_joint_first_passage,model,3,older_80_89,1,4,4,465,1.5186007634374894,1.474032437701531,0.0,0.0
upstream_selected__factorial_joint_first_passage,model,3,young_20_29,0,1,12,472,0.6132470106426096,0.6248984822775469,0.0,0.0
upstream_selected__factorial_joint_first_passage,model,3,young_20_29,0,2,12,472,0.7357279331995636,0.7355320504876811,0.0,0.0
upstream_selected__factorial_joint_first_passage,model,3,young_20_29,0,3,12,467,0.8167285958087144,0.8172290365319284,0.0,0.0
upstream_selected__factorial_joint_first_passage,model,3,young_20_29,0,4,12,463,0.9425818929366384,0.9293966838228253,0.0,0.0
upstream_selected__factorial_joint_first_passage,model,3,young_20_29,1,1,12,472,0.7177410146537865,0.7316885108210919,0.0,0.0
upstream_selected__factorial_joint_first_passage,model,3,young_20_29,1,2,12,470,0.8569262769093767,0.8570544275412781,0.0,0.0
upstream_selected__factorial_joint_first_passage,model,3,young_20_29,1,3,12,467,0.9502248617009971,0.949008908935446,0.0,0.0
upstream_selected__factorial_joint_first_passage,model,3,young_20_29,1,4,12,461,1.0808702517755802,1.0638009816186507,0.0,0.0
upstream_selected__factorial_joint_first_passage,model,4,older_80_89,0,1,4,472,0.7317113696428131,0.7575970092534645,0.0,0.0
upstream_selected__factorial_joint_first_passage,model,4,older_80_89,0,2,4,472,0.9464224441556414,0.948169633743561,0.0,0.0
upstream_selected__factorial_joint_first_passage,model,4,older_80_89,0,3,4,471,1.103388190016553,1.1006749377758411,0.0,0.0
upstream_selected__factorial_joint_first_passage,model,4,older_80_89,0,4,4,468,1.362655407368917,1.317752383811459,0.0,0.0
upstream_selected__factorial_joint_first_passage,model,4,older_80_89,1,1,4,469,0.8494800979610284,0.8787196145042536,0.0,0.0
upstream_selected__factorial_joint_first_passage,model,4,older_80_89,1,2,4,468,1.0676275871157899,1.0685569242831494,0.0,0.0
upstream_selected__factorial_joint_first_passage,model,4,older_80_89,1,3,4,465,1.2345785846495723,1.2358623354172273,0.0,0.0
upstream_selected__factorial_joint_first_passage,model,4,older_80_89,1,4,4,465,1.4979278696192875,1.441399038903635,0.0,0.0
upstream_selected__factorial_joint_first_passage,model,4,young_20_29,0,1,12,472,0.6102663715516242,0.6177939034948672,0.0,0.0
upstream_selected__factorial_joint_first_passage,model,4,young_20_29,0,2,12,472,0.7342407014772695,0.7357774083588503,0.0,0.0
upstream_selected__factorial_joint_first_passage,model,4,young_20_29,0,3,12,467,0.823209635420982,0.824455542038918,0.0,0.0
upstream_selected__factorial_joint_first_passage,model,4,young_20_29,0,4,12,463,0.9447963465174426,0.9299298289184282,0.0,0.0
upstream_selected__factorial_joint_first_passage,model,4,young_20_29,1,1,12,472,0.7158455248036365,0.7297909580668982,0.0,0.0
upstream_selected__factorial_joint_first_passage,model,4,young_20_29,1,2,12,470,0.8522723268338964,0.8523503381459205,0.0,0.0
upstream_selected__factorial_joint_first_passage,model,4,young_20_29,1,3,12,467,0.9489075935920627,0.9476769674074198,0.0,0.0
upstream_selected__factorial_joint_first_passage,model,4,young_20_29,1,4,12,461,1.0845106194972711,1.0706006868819755,0.0,0.0
upstream_selected__factorial_joint_first_passage,model,5,older_80_89,0,1,4,472,0.7271770479207432,0.7547666195620155,0.0,0.0
upstream_selected__factorial_joint_first_passage,model,5,older_80_89,0,2,4,472,0.942652413796766,0.9396846758445763,0.0,0.0
upstream_selected__factorial_joint_first_passage,model,5,older_80_89,0,3,4,471,1.1042711438836617,1.102744171547227,0.0,0.0
upstream_selected__factorial_joint_first_passage,model,5,older_80_89,0,4,4,468,1.3615676133799628,1.3156614237249884,0.0,0.0
upstream_selected__factorial_joint_first_passage,model,5,older_80_89,1,1,4,469,0.8481095450821611,0.8731603281196375,0.0,0.0
upstream_selected__factorial_joint_first_passage,model,5,older_80_89,1,2,4,468,1.0718863301900234,1.0758897208763882,0.0,0.0
upstream_selected__factorial_joint_first_passage,model,5,older_80_89,1,3,4,465,1.2422048486330253,1.2430936255294043,0.0,0.0
upstream_selected__factorial_joint_first_passage,model,5,older_80_89,1,4,4,465,1.4882430803985796,1.4481432880741674,0.0,0.0
upstream_selected__factorial_joint_first_passage,model,5,young_20_29,0,1,12,472,0.5983348479760188,0.6100748816609852,0.0,0.0
upstream_selected__factorial_joint_first_passage,model,5,young_20_29,0,2,12,472,0.7183870426920912,0.7170567503422111,0.0,0.0
upstream_selected__factorial_joint_first_passage,model,5,young_20_29,0,3,12,467,0.8035882715989618,0.8053801543784439,0.0,0.0
upstream_selected__factorial_joint_first_passage,model,5,young_20_29,0,4,12,463,0.9300881419753592,0.9185838213900986,0.0,0.0
upstream_selected__factorial_joint_first_passage,model,5,young_20_29,1,1,12,472,0.7036573042475959,0.71859595850104,0.04710144927536231,0.04710144927536231
upstream_selected__factorial_joint_first_passage,model,5,young_20_29,1,2,12,470,0.8438912501070197,0.8417826489159407,0.010869565217391304,0.010869565217391304
upstream_selected__factorial_joint_first_passage,model,5,young_20_29,1,3,12,467,0.9438661742166201,0.9451241310411252,0.007246376811594203,0.007246376811594203
upstream_selected__factorial_joint_first_passage,model,5,young_20_29,1,4,12,461,1.073424929142648,1.0557591913329998,0.003787878787878788,0.0037878787878787884
upstream_selected__factorial_joint_first_passage,model,6,older_80_89,0,1,4,472,0.7230765420840393,0.7357959753581831,0.0,0.0
upstream_selected__factorial_joint_first_passage,model,6,older_80_89,0,2,4,472,0.951203893039217,0.951512163457523,0.0,0.0
upstream_selected__factorial_joint_first_passage,model,6,older_80_89,0,3,4,471,1.1039068091498632,1.0977966410524531,0.0,0.0
upstream_selected__factorial_joint_first_passage,model,6,older_80_89,0,4,4,468,1.3657232373034105,1.318530205881943,0.0,0.0
upstream_selected__factorial_joint_first_passage,model,6,older_80_89,1,1,4,469,0.8485935872856193,0.879083558300146,0.0,0.0
upstream_selected__factorial_joint_first_passage,model,6,older_80_89,1,2,4,468,1.0689728865288572,1.0691055745929168,0.0,0.0
upstream_selected__factorial_joint_first_passage,model,6,older_80_89,1,3,4,465,1.2356550349078017,1.2319123887488939,0.0,0.0
upstream_selected__factorial_joint_first_passage,model,6,older_80_89,1,4,4,465,1.5007210010679952,1.4537038849828934,0.0,0.0
upstream_selected__factorial_joint_first_passage,model,6,young_20_29,0,1,12,472,0.6142596481557628,0.6278416128462576,0.0,0.0
upstream_selected__factorial_joint_first_passage,model,6,young_20_29,0,2,12,472,0.7373267278753405,0.7391500666506879,0.0,0.0
upstream_selected__factorial_joint_first_passage,model,6,young_20_29,0,3,12,467,0.8186259758966111,0.8167366466264877,0.0,0.0
upstream_selected__factorial_joint_first_passage,model,6,young_20_29,0,4,12,463,0.9434772898200752,0.9338092601429476,0.0,0.0
upstream_selected__factorial_joint_first_passage,model,6,young_20_29,1,1,12,472,0.7207764910000664,0.7382013419898716,0.0,0.0
upstream_selected__factorial_joint_first_passage,model,6,young_20_29,1,2,12,470,0.8516825847200824,0.8494542998826619,0.0,0.0
upstream_selected__factorial_joint_first_passage,model,6,young_20_29,1,3,12,467,0.9506435353954218,0.9494276973250972,0.0,0.0
upstream_selected__factorial_joint_first_passage,model,6,young_20_29,1,4,12,461,1.0811341997168091,1.0611963013175527,0.0,0.0
upstream_selected__factorial_joint_first_passage,model,7,older_80_89,0,1,4,472,0.7271373493463411,0.7551563291152349,0.0,0.0
upstream_selected__factorial_joint_first_passage,model,7,older_80_89,0,2,4,472,0.9410580688038686,0.9413280101147106,0.0,0.0
upstream_selected__factorial_joint_first_passage,model,7,older_80_89,0,3,4,471,1.10523977793112,1.1014915780509758,0.0,0.0
upstream_selected__factorial_joint_first_passage,model,7,older_80_89,0,4,4,468,1.3643005591438302,1.324301971623178,0.0,0.0
upstream_selected__factorial_joint_first_passage,model,7,older_80_89,1,1,4,469,0.854279977150026,0.8874015899720681,0.0,0.0
upstream_selected__factorial_joint_first_passage,model,7,older_80_89,1,2,4,468,1.0662973811952332,1.0649217988704112,0.0,0.0
upstream_selected__factorial_joint_first_passage,model,7,older_80_89,1,3,4,465,1.2322280260209815,1.230176826066761,0.0,0.0
upstream_selected__factorial_joint_first_passage,model,7,older_80_89,1,4,4,465,1.4946012468457024,1.4443111530718384,0.0,0.0
upstream_selected__factorial_joint_first_passage,model,7,young_20_29,0,1,12,472,0.6101881651320934,0.6214165301956865,0.0,0.0
upstream_selected__factorial_joint_first_passage,model,7,young_20_29,0,2,12,472,0.7343976458317178,0.7340064886251537,0.0,0.0
upstream_selected__factorial_joint_first_passage,model,7,young_20_29,0,3,12,467,0.8182645507078141,0.8172963666017536,0.0,0.0
upstream_selected__factorial_joint_first_passage,model,7,young_20_29,0,4,12,463,0.9464274519698866,0.9301574528250428,0.0,0.0
upstream_selected__factorial_joint_first_passage,model,7,young_20_29,1,1,12,472,0.7163625972167739,0.7319148631957861,0.0,0.0
upstream_selected__factorial_joint_first_passage,model,7,young_20_29,1,2,12,470,0.8567544518647572,0.856004277416815,0.0,0.0
upstream_selected__factorial_joint_first_passage,model,7,young_20_29,1,3,12,467,0.949889159997254,0.9490473501591365,0.0,0.0
upstream_selected__factorial_joint_first_passage,model,7,young_20_29,1,4,12,461,1.080115107398034,1.0652752440337607,0.0,0.0
upstream_selected__factorial_joint_first_passage,model,8,older_80_89,0,1,4,472,0.726827765882137,0.7482876621320883,0.0,0.0
upstream_selected__factorial_joint_first_passage,model,8,older_80_89,0,2,4,472,0.9403816315614568,0.9432941486937105,0.0,0.0
upstream_selected__factorial_joint_first_passage,model,8,older_80_89,0,3,4,471,1.1052800542469494,1.1093562581427276,0.0,0.0
upstream_selected__factorial_joint_first_passage,model,8,older_80_89,0,4,4,468,1.3678397647158194,1.3197972885127278,0.0,0.0
upstream_selected__factorial_joint_first_passage,model,8,older_80_89,1,1,4,469,0.8550016188521267,0.8806724675971571,0.0,0.0
upstream_selected__factorial_joint_first_passage,model,8,older_80_89,1,2,4,468,1.0765004749295284,1.0757804310488763,0.0,0.0
upstream_selected__factorial_joint_first_passage,model,8,older_80_89,1,3,4,465,1.2346163622510122,1.2343352577504976,0.0,0.0
upstream_selected__factorial_joint_first_passage,model,8,older_80_89,1,4,4,465,1.4811549907695725,1.444256709259741,0.0,0.0
upstream_selected__factorial_joint_first_passage,model,8,young_20_29,0,1,12,472,0.6141822198895898,0.6303432371368115,0.0,0.0
upstream_selected__factorial_joint_first_passage,model,8,young_20_29,0,2,12,472,0.7384633445312349,0.7404469935619202,0.0,0.0
upstream_selected__factorial_joint_first_passage,model,8,young_20_29,0,3,12,467,0.8190279148420099,0.8166646273271857,0.0,0.0
upstream_selected__factorial_joint_first_passage,model,8,young_20_29,0,4,12,463,0.9463275737811849,0.9297532783997456,0.0,0.0
upstream_selected__factorial_joint_first_passage,model,8,young_20_29,1,1,12,472,0.7209972695705015,0.7400250354829861,0.0,0.0
upstream_selected__factorial_joint_first_passage,model,8,young_20_29,1,2,12,470,0.8546486756653103,0.8535468008627104,0.0,0.0
upstream_selected__factorial_joint_first_passage,model,8,young_20_29,1,3,12,467,0.9456879275674394,0.943713109829169,0.0,0.0
upstream_selected__factorial_joint_first_passage,model,8,young_20_29,1,4,12,461,1.076623992155363,1.0581159221569956,0.0,0.0
upstream_selected__factorial_joint_first_passage,model,9,older_80_89,0,1,4,472,0.7296107668172616,0.7537142990088538,0.0,0.0
upstream_selected__factorial_joint_first_passage,model,9,older_80_89,0,2,4,472,0.9400668575363966,0.9422124029974941,0.0,0.0
upstream_selected__factorial_joint_first_passage,model,9,older_80_89,0,3,4,471,1.0973940486896563,1.0946400970431938,0.0,0.0
upstream_selected__factorial_joint_first_passage,model,9,older_80_89,0,4,4,468,1.3449854370549204,1.3087585703836035,0.0,0.0
upstream_selected__factorial_joint_first_passage,model,9,older_80_89,1,1,4,469,0.8540572775577989,0.8738962995708149,0.0,0.0
upstream_selected__factorial_joint_first_passage,model,9,older_80_89,1,2,4,468,1.0750970404152937,1.0755808217414553,0.0,0.0
upstream_selected__factorial_joint_first_passage,model,9,older_80_89,1,3,4,465,1.2434824791271843,1.239517322305416,0.0,0.0
upstream_selected__factorial_joint_first_passage,model,9,older_80_89,1,4,4,465,1.5120073657565682,1.4696984142097431,0.0,0.0
upstream_selected__factorial_joint_first_passage,model,9,young_20_29,0,1,12,472,0.615239950439283,0.6313632906785535,0.0,0.0
upstream_selected__factorial_joint_first_passage,model,9,young_20_29,0,2,12,472,0.7350359675801772,0.7357158131281496,0.0,0.0
upstream_selected__factorial_joint_first_passage,model,9,young_20_29,0,3,12,467,0.8211318331603135,0.8211836983409359,0.0,0.0
upstream_selected__factorial_joint_first_passage,model,9,young_20_29,0,4,12,463,0.9426826728543496,0.9323921170319843,0.0,0.0
upstream_selected__factorial_joint_first_passage,model,9,young_20_29,1,1,12,472,0.7209021632906961,0.7398108728158411,0.0,0.0
upstream_selected__factorial_joint_first_passage,model,9,young_20_29,1,2,12,470,0.8532286914822786,0.8514240771983962,0.0,0.0
upstream_selected__factorial_joint_first_passage,model,9,young_20_29,1,3,12,467,0.9515945961656639,0.9475720750022139,0.0,0.0
upstream_selected__factorial_joint_first_passage,model,9,young_20_29,1,4,12,461,1.0858804031062597,1.0697103299987571,0.0,0.0
upstream_selected__snapshot_nonaccum_exploratory,human,0,older_80_89,0,1,4,472,0.7135494114193273,0.727125,0.02724880107738799,0.011393231938429688
upstream_selected__snapshot_nonaccum_exploratory,human,0,older_80_89,0,2,4,472,0.8057813516210091,0.804875,0.001937984496124031,0.001937984496124031
upstream_selected__snapshot_nonaccum_exploratory,human,0,older_80_89,0,3,4,471,0.8894176461802819,0.887375,0.0,0.0
upstream_selected__snapshot_nonaccum_exploratory,human,0,older_80_89,0,4,4,468,1.150856513755342,1.038875,0.011306160031488979,0.004556024014706369
upstream_selected__snapshot_nonaccum_exploratory,human,0,older_80_89,1,1,4,469,0.7661385929196219,0.780875,0.09290083636061681,0.029919794558043004
upstream_selected__snapshot_nonaccum_exploratory,human,0,older_80_89,1,2,4,468,0.8809467603498395,0.881125,0.030114989791288568,0.012854765583692657
upstream_selected__snapshot_nonaccum_exploratory,human,0,older_80_89,1,3,4,465,0.9811995280889121,0.981,0.01984535040236625,0.007213433961521362
upstream_selected__snapshot_nonaccum_exploratory,human,0,older_80_89,1,4,4,465,1.282508360353475,1.16225,0.020334373519650374,0.005342406700692999
upstream_selected__snapshot_nonaccum_exploratory,human,0,young_20_29,0,1,12,472,0.4973445979815323,0.5033333333333333,0.022805121517693618,0.009175655010333046
upstream_selected__snapshot_nonaccum_exploratory,human,0,young_20_29,0,2,12,472,0.551049728929993,0.5503333333333333,0.016397076039455782,0.006626520394043253
upstream_selected__snapshot_nonaccum_exploratory,human,0,young_20_29,0,3,12,467,0.6042939719012884,0.602,0.01722962144796682,0.006292699598289082
upstream_selected__snapshot_nonaccum_exploratory,human,0,young_20_29,0,4,12,463,0.7357254540981127,0.7022499999999999,0.004285679764148664,0.002438235727078484
upstream_selected__snapshot_nonaccum_exploratory,human,0,young_20_29,1,1,12,472,0.5268698233372492,0.536875,0.13943716601624673,0.019525091727120608
upstream_selected__snapshot_nonaccum_exploratory,human,0,young_20_29,1,2,12,470,0.597575795707291,0.5970833333333333,0.08234994703293937,0.01683300750672646
upstream_selected__snapshot_nonaccum_exploratory,human,0,young_20_29,1,3,12,467,0.661532170550705,0.6587500000000001,0.05056809855608927,0.012118627284075653
upstream_selected__snapshot_nonaccum_exploratory,human,0,young_20_29,1,4,12,461,0.8094435863560462,0.7729166666666667,0.018136383965730057,0.00683317979898138
upstream_selected__snapshot_nonaccum_exploratory,human,1,older_80_89,0,1,4,472,0.7135494114193273,0.727125,0.02724880107738799,0.011393231938429688
upstream_selected__snapshot_nonaccum_exploratory,human,1,older_80_89,0,2,4,472,0.8057813516210091,0.804875,0.001937984496124031,0.001937984496124031
upstream_selected__snapshot_nonaccum_exploratory,human,1,older_80_89,0,3,4,471,0.8894176461802819,0.887375,0.0,0.0
upstream_selected__snapshot_nonaccum_exploratory,human,1,older_80_89,0,4,4,468,1.150856513755342,1.038875,0.011306160031488979,0.004556024014706369
upstream_selected__snapshot_nonaccum_exploratory,human,1,older_80_89,1,1,4,469,0.7661385929196219,0.780875,0.09290083636061681,0.029919794558043004
upstream_selected__snapshot_nonaccum_exploratory,human,1,older_80_89,1,2,4,468,0.8809467603498395,0.881125,0.030114989791288568,0.012854765583692657
upstream_selected__snapshot_nonaccum_exploratory,human,1,older_80_89,1,3,4,465,0.9811995280889121,0.981,0.01984535040236625,0.007213433961521362
upstream_selected__snapshot_nonaccum_exploratory,human,1,older_80_89,1,4,4,465,1.282508360353475,1.16225,0.020334373519650374,0.005342406700692999
upstream_selected__snapshot_nonaccum_exploratory,human,1,young_20_29,0,1,12,472,0.4973445979815323,0.5033333333333333,0.022805121517693618,0.009175655010333046
upstream_selected__snapshot_nonaccum_exploratory,human,1,young_20_29,0,2,12,472,0.551049728929993,0.5503333333333333,0.016397076039455782,0.006626520394043253
upstream_selected__snapshot_nonaccum_exploratory,human,1,young_20_29,0,3,12,467,0.6042939719012884,0.602,0.01722962144796682,0.006292699598289082
upstream_selected__snapshot_nonaccum_exploratory,human,1,young_20_29,0,4,12,463,0.7357254540981127,0.7022499999999999,0.004285679764148664,0.002438235727078484
upstream_selected__snapshot_nonaccum_exploratory,human,1,young_20_29,1,1,12,472,0.5268698233372492,0.536875,0.13943716601624673,0.019525091727120608
upstream_selected__snapshot_nonaccum_exploratory,human,1,young_20_29,1,2,12,470,0.597575795707291,0.5970833333333333,0.08234994703293937,0.01683300750672646
upstream_selected__snapshot_nonaccum_exploratory,human,1,young_20_29,1,3,12,467,0.661532170550705,0.6587500000000001,0.05056809855608927,0.012118627284075653
upstream_selected__snapshot_nonaccum_exploratory,human,1,young_20_29,1,4,12,461,0.8094435863560462,0.7729166666666667,0.018136383965730057,0.00683317979898138
upstream_selected__snapshot_nonaccum_exploratory,human,2,older_80_89,0,1,4,472,0.7135494114193273,0.727125,0.02724880107738799,0.011393231938429688
upstream_selected__snapshot_nonaccum_exploratory,human,2,older_80_89,0,2,4,472,0.8057813516210091,0.804875,0.001937984496124031,0.001937984496124031
upstream_selected__snapshot_nonaccum_exploratory,human,2,older_80_89,0,3,4,471,0.8894176461802819,0.887375,0.0,0.0
upstream_selected__snapshot_nonaccum_exploratory,human,2,older_80_89,0,4,4,468,1.150856513755342,1.038875,0.011306160031488979,0.004556024014706369
upstream_selected__snapshot_nonaccum_exploratory,human,2,older_80_89,1,1,4,469,0.7661385929196219,0.780875,0.09290083636061681,0.029919794558043004
upstream_selected__snapshot_nonaccum_exploratory,human,2,older_80_89,1,2,4,468,0.8809467603498395,0.881125,0.030114989791288568,0.012854765583692657
upstream_selected__snapshot_nonaccum_exploratory,human,2,older_80_89,1,3,4,465,0.9811995280889121,0.981,0.01984535040236625,0.007213433961521362
upstream_selected__snapshot_nonaccum_exploratory,human,2,older_80_89,1,4,4,465,1.282508360353475,1.16225,0.020334373519650374,0.005342406700692999
upstream_selected__snapshot_nonaccum_exploratory,human,2,young_20_29,0,1,12,472,0.4973445979815323,0.5033333333333333,0.022805121517693618,0.009175655010333046
upstream_selected__snapshot_nonaccum_exploratory,human,2,young_20_29,0,2,12,472,0.551049728929993,0.5503333333333333,0.016397076039455782,0.006626520394043253
upstream_selected__snapshot_nonaccum_exploratory,human,2,young_20_29,0,3,12,467,0.6042939719012884,0.602,0.01722962144796682,0.006292699598289082
upstream_selected__snapshot_nonaccum_exploratory,human,2,young_20_29,0,4,12,463,0.7357254540981127,0.7022499999999999,0.004285679764148664,0.002438235727078484
upstream_selected__snapshot_nonaccum_exploratory,human,2,young_20_29,1,1,12,472,0.5268698233372492,0.536875,0.13943716601624673,0.019525091727120608
upstream_selected__snapshot_nonaccum_exploratory,human,2,young_20_29,1,2,12,470,0.597575795707291,0.5970833333333333,0.08234994703293937,0.01683300750672646
upstream_selected__snapshot_nonaccum_exploratory,human,2,young_20_29,1,3,12,467,0.661532170550705,0.6587500000000001,0.05056809855608927,0.012118627284075653
upstream_selected__snapshot_nonaccum_exploratory,human,2,young_20_29,1,4,12,461,0.8094435863560462,0.7729166666666667,0.018136383965730057,0.00683317979898138
upstream_selected__snapshot_nonaccum_exploratory,human,3,older_80_89,0,1,4,472,0.7135494114193273,0.727125,0.02724880107738799,0.011393231938429688
upstream_selected__snapshot_nonaccum_exploratory,human,3,older_80_89,0,2,4,472,0.8057813516210091,0.804875,0.001937984496124031,0.001937984496124031
upstream_selected__snapshot_nonaccum_exploratory,human,3,older_80_89,0,3,4,471,0.8894176461802819,0.887375,0.0,0.0
upstream_selected__snapshot_nonaccum_exploratory,human,3,older_80_89,0,4,4,468,1.150856513755342,1.038875,0.011306160031488979,0.004556024014706369
upstream_selected__snapshot_nonaccum_exploratory,human,3,older_80_89,1,1,4,469,0.7661385929196219,0.780875,0.09290083636061681,0.029919794558043004
upstream_selected__snapshot_nonaccum_exploratory,human,3,older_80_89,1,2,4,468,0.8809467603498395,0.881125,0.030114989791288568,0.012854765583692657
upstream_selected__snapshot_nonaccum_exploratory,human,3,older_80_89,1,3,4,465,0.9811995280889121,0.981,0.01984535040236625,0.007213433961521362
upstream_selected__snapshot_nonaccum_exploratory,human,3,older_80_89,1,4,4,465,1.282508360353475,1.16225,0.020334373519650374,0.005342406700692999
upstream_selected__snapshot_nonaccum_exploratory,human,3,young_20_29,0,1,12,472,0.4973445979815323,0.5033333333333333,0.022805121517693618,0.009175655010333046
upstream_selected__snapshot_nonaccum_exploratory,human,3,young_20_29,0,2,12,472,0.551049728929993,0.5503333333333333,0.016397076039455782,0.006626520394043253
upstream_selected__snapshot_nonaccum_exploratory,human,3,young_20_29,0,3,12,467,0.6042939719012884,0.602,0.01722962144796682,0.006292699598289082
upstream_selected__snapshot_nonaccum_exploratory,human,3,young_20_29,0,4,12,463,0.7357254540981127,0.7022499999999999,0.004285679764148664,0.002438235727078484
upstream_selected__snapshot_nonaccum_exploratory,human,3,young_20_29,1,1,12,472,0.5268698233372492,0.536875,0.13943716601624673,0.019525091727120608
upstream_selected__snapshot_nonaccum_exploratory,human,3,young_20_29,1,2,12,470,0.597575795707291,0.5970833333333333,0.08234994703293937,0.01683300750672646
upstream_selected__snapshot_nonaccum_exploratory,human,3,young_20_29,1,3,12,467,0.661532170550705,0.6587500000000001,0.05056809855608927,0.012118627284075653
upstream_selected__snapshot_nonaccum_exploratory,human,3,young_20_29,1,4,12,461,0.8094435863560462,0.7729166666666667,0.018136383965730057,0.00683317979898138
upstream_selected__snapshot_nonaccum_exploratory,human,4,older_80_89,0,1,4,472,0.7135494114193273,0.727125,0.02724880107738799,0.011393231938429688
upstream_selected__snapshot_nonaccum_exploratory,human,4,older_80_89,0,2,4,472,0.8057813516210091,0.804875,0.001937984496124031,0.001937984496124031
upstream_selected__snapshot_nonaccum_exploratory,human,4,older_80_89,0,3,4,471,0.8894176461802819,0.887375,0.0,0.0
upstream_selected__snapshot_nonaccum_exploratory,human,4,older_80_89,0,4,4,468,1.150856513755342,1.038875,0.011306160031488979,0.004556024014706369
upstream_selected__snapshot_nonaccum_exploratory,human,4,older_80_89,1,1,4,469,0.7661385929196219,0.780875,0.09290083636061681,0.029919794558043004
upstream_selected__snapshot_nonaccum_exploratory,human,4,older_80_89,1,2,4,468,0.8809467603498395,0.881125,0.030114989791288568,0.012854765583692657
upstream_selected__snapshot_nonaccum_exploratory,human,4,older_80_89,1,3,4,465,0.9811995280889121,0.981,0.01984535040236625,0.007213433961521362
upstream_selected__snapshot_nonaccum_exploratory,human,4,older_80_89,1,4,4,465,1.282508360353475,1.16225,0.020334373519650374,0.005342406700692999
upstream_selected__snapshot_nonaccum_exploratory,human,4,young_20_29,0,1,12,472,0.4973445979815323,0.5033333333333333,0.022805121517693618,0.009175655010333046
upstream_selected__snapshot_nonaccum_exploratory,human,4,young_20_29,0,2,12,472,0.551049728929993,0.5503333333333333,0.016397076039455782,0.006626520394043253
upstream_selected__snapshot_nonaccum_exploratory,human,4,young_20_29,0,3,12,467,0.6042939719012884,0.602,0.01722962144796682,0.006292699598289082
upstream_selected__snapshot_nonaccum_exploratory,human,4,young_20_29,0,4,12,463,0.7357254540981127,0.7022499999999999,0.004285679764148664,0.002438235727078484
upstream_selected__snapshot_nonaccum_exploratory,human,4,young_20_29,1,1,12,472,0.5268698233372492,0.536875,0.13943716601624673,0.019525091727120608
upstream_selected__snapshot_nonaccum_exploratory,human,4,young_20_29,1,2,12,470,0.597575795707291,0.5970833333333333,0.08234994703293937,0.01683300750672646
upstream_selected__snapshot_nonaccum_exploratory,human,4,young_20_29,1,3,12,467,0.661532170550705,0.6587500000000001,0.05056809855608927,0.012118627284075653
upstream_selected__snapshot_nonaccum_exploratory,human,4,young_20_29,1,4,12,461,0.8094435863560462,0.7729166666666667,0.018136383965730057,0.00683317979898138
upstream_selected__snapshot_nonaccum_exploratory,human,5,older_80_89,0,1,4,472,0.7135494114193273,0.727125,0.02724880107738799,0.011393231938429688
upstream_selected__snapshot_nonaccum_exploratory,human,5,older_80_89,0,2,4,472,0.8057813516210091,0.804875,0.001937984496124031,0.001937984496124031
upstream_selected__snapshot_nonaccum_exploratory,human,5,older_80_89,0,3,4,471,0.8894176461802819,0.887375,0.0,0.0
upstream_selected__snapshot_nonaccum_exploratory,human,5,older_80_89,0,4,4,468,1.150856513755342,1.038875,0.011306160031488979,0.004556024014706369
upstream_selected__snapshot_nonaccum_exploratory,human,5,older_80_89,1,1,4,469,0.7661385929196219,0.780875,0.09290083636061681,0.029919794558043004
upstream_selected__snapshot_nonaccum_exploratory,human,5,older_80_89,1,2,4,468,0.8809467603498395,0.881125,0.030114989791288568,0.012854765583692657
upstream_selected__snapshot_nonaccum_exploratory,human,5,older_80_89,1,3,4,465,0.9811995280889121,0.981,0.01984535040236625,0.007213433961521362
upstream_selected__snapshot_nonaccum_exploratory,human,5,older_80_89,1,4,4,465,1.282508360353475,1.16225,0.020334373519650374,0.005342406700692999
upstream_selected__snapshot_nonaccum_exploratory,human,5,young_20_29,0,1,12,472,0.4973445979815323,0.5033333333333333,0.022805121517693618,0.009175655010333046
upstream_selected__snapshot_nonaccum_exploratory,human,5,young_20_29,0,2,12,472,0.551049728929993,0.5503333333333333,0.016397076039455782,0.006626520394043253
upstream_selected__snapshot_nonaccum_exploratory,human,5,young_20_29,0,3,12,467,0.6042939719012884,0.602,0.01722962144796682,0.006292699598289082
upstream_selected__snapshot_nonaccum_exploratory,human,5,young_20_29,0,4,12,463,0.7357254540981127,0.7022499999999999,0.004285679764148664,0.002438235727078484
upstream_selected__snapshot_nonaccum_exploratory,human,5,young_20_29,1,1,12,472,0.5268698233372492,0.536875,0.13943716601624673,0.019525091727120608
upstream_selected__snapshot_nonaccum_exploratory,human,5,young_20_29,1,2,12,470,0.597575795707291,0.5970833333333333,0.08234994703293937,0.01683300750672646
upstream_selected__snapshot_nonaccum_exploratory,human,5,young_20_29,1,3,12,467,0.661532170550705,0.6587500000000001,0.05056809855608927,0.012118627284075653
upstream_selected__snapshot_nonaccum_exploratory,human,5,young_20_29,1,4,12,461,0.8094435863560462,0.7729166666666667,0.018136383965730057,0.00683317979898138
upstream_selected__snapshot_nonaccum_exploratory,human,6,older_80_89,0,1,4,472,0.7135494114193273,0.727125,0.02724880107738799,0.011393231938429688
upstream_selected__snapshot_nonaccum_exploratory,human,6,older_80_89,0,2,4,472,0.8057813516210091,0.804875,0.001937984496124031,0.001937984496124031
upstream_selected__snapshot_nonaccum_exploratory,human,6,older_80_89,0,3,4,471,0.8894176461802819,0.887375,0.0,0.0
upstream_selected__snapshot_nonaccum_exploratory,human,6,older_80_89,0,4,4,468,1.150856513755342,1.038875,0.011306160031488979,0.004556024014706369
upstream_selected__snapshot_nonaccum_exploratory,human,6,older_80_89,1,1,4,469,0.7661385929196219,0.780875,0.09290083636061681,0.029919794558043004
upstream_selected__snapshot_nonaccum_exploratory,human,6,older_80_89,1,2,4,468,0.8809467603498395,0.881125,0.030114989791288568,0.012854765583692657
upstream_selected__snapshot_nonaccum_exploratory,human,6,older_80_89,1,3,4,465,0.9811995280889121,0.981,0.01984535040236625,0.007213433961521362
upstream_selected__snapshot_nonaccum_exploratory,human,6,older_80_89,1,4,4,465,1.282508360353475,1.16225,0.020334373519650374,0.005342406700692999
upstream_selected__snapshot_nonaccum_exploratory,human,6,young_20_29,0,1,12,472,0.4973445979815323,0.5033333333333333,0.022805121517693618,0.009175655010333046
upstream_selected__snapshot_nonaccum_exploratory,human,6,young_20_29,0,2,12,472,0.551049728929993,0.5503333333333333,0.016397076039455782,0.006626520394043253
upstream_selected__snapshot_nonaccum_exploratory,human,6,young_20_29,0,3,12,467,0.6042939719012884,0.602,0.01722962144796682,0.006292699598289082
upstream_selected__snapshot_nonaccum_exploratory,human,6,young_20_29,0,4,12,463,0.7357254540981127,0.7022499999999999,0.004285679764148664,0.002438235727078484
upstream_selected__snapshot_nonaccum_exploratory,human,6,young_20_29,1,1,12,472,0.5268698233372492,0.536875,0.13943716601624673,0.019525091727120608
upstream_selected__snapshot_nonaccum_exploratory,human,6,young_20_29,1,2,12,470,0.597575795707291,0.5970833333333333,0.08234994703293937,0.01683300750672646
upstream_selected__snapshot_nonaccum_exploratory,human,6,young_20_29,1,3,12,467,0.661532170550705,0.6587500000000001,0.05056809855608927,0.012118627284075653
upstream_selected__snapshot_nonaccum_exploratory,human,6,young_20_29,1,4,12,461,0.8094435863560462,0.7729166666666667,0.018136383965730057,0.00683317979898138
upstream_selected__snapshot_nonaccum_exploratory,human,7,older_80_89,0,1,4,472,0.7135494114193273,0.727125,0.02724880107738799,0.011393231938429688
upstream_selected__snapshot_nonaccum_exploratory,human,7,older_80_89,0,2,4,472,0.8057813516210091,0.804875,0.001937984496124031,0.001937984496124031
upstream_selected__snapshot_nonaccum_exploratory,human,7,older_80_89,0,3,4,471,0.8894176461802819,0.887375,0.0,0.0
upstream_selected__snapshot_nonaccum_exploratory,human,7,older_80_89,0,4,4,468,1.150856513755342,1.038875,0.011306160031488979,0.004556024014706369
upstream_selected__snapshot_nonaccum_exploratory,human,7,older_80_89,1,1,4,469,0.7661385929196219,0.780875,0.09290083636061681,0.029919794558043004
upstream_selected__snapshot_nonaccum_exploratory,human,7,older_80_89,1,2,4,468,0.8809467603498395,0.881125,0.030114989791288568,0.012854765583692657
upstream_selected__snapshot_nonaccum_exploratory,human,7,older_80_89,1,3,4,465,0.9811995280889121,0.981,0.01984535040236625,0.007213433961521362
upstream_selected__snapshot_nonaccum_exploratory,human,7,older_80_89,1,4,4,465,1.282508360353475,1.16225,0.020334373519650374,0.005342406700692999
upstream_selected__snapshot_nonaccum_exploratory,human,7,young_20_29,0,1,12,472,0.4973445979815323,0.5033333333333333,0.022805121517693618,0.009175655010333046
upstream_selected__snapshot_nonaccum_exploratory,human,7,young_20_29,0,2,12,472,0.551049728929993,0.5503333333333333,0.016397076039455782,0.006626520394043253
upstream_selected__snapshot_nonaccum_exploratory,human,7,young_20_29,0,3,12,467,0.6042939719012884,0.602,0.01722962144796682,0.006292699598289082
upstream_selected__snapshot_nonaccum_exploratory,human,7,young_20_29,0,4,12,463,0.7357254540981127,0.7022499999999999,0.004285679764148664,0.002438235727078484
upstream_selected__snapshot_nonaccum_exploratory,human,7,young_20_29,1,1,12,472,0.5268698233372492,0.536875,0.13943716601624673,0.019525091727120608
upstream_selected__snapshot_nonaccum_exploratory,human,7,young_20_29,1,2,12,470,0.597575795707291,0.5970833333333333,0.08234994703293937,0.01683300750672646
upstream_selected__snapshot_nonaccum_exploratory,human,7,young_20_29,1,3,12,467,0.661532170550705,0.6587500000000001,0.05056809855608927,0.012118627284075653
upstream_selected__snapshot_nonaccum_exploratory,human,7,young_20_29,1,4,12,461,0.8094435863560462,0.7729166666666667,0.018136383965730057,0.00683317979898138
upstream_selected__snapshot_nonaccum_exploratory,human,8,older_80_89,0,1,4,472,0.7135494114193273,0.727125,0.02724880107738799,0.011393231938429688
upstream_selected__snapshot_nonaccum_exploratory,human,8,older_80_89,0,2,4,472,0.8057813516210091,0.804875,0.001937984496124031,0.001937984496124031
upstream_selected__snapshot_nonaccum_exploratory,human,8,older_80_89,0,3,4,471,0.8894176461802819,0.887375,0.0,0.0
upstream_selected__snapshot_nonaccum_exploratory,human,8,older_80_89,0,4,4,468,1.150856513755342,1.038875,0.011306160031488979,0.004556024014706369
upstream_selected__snapshot_nonaccum_exploratory,human,8,older_80_89,1,1,4,469,0.7661385929196219,0.780875,0.09290083636061681,0.029919794558043004
upstream_selected__snapshot_nonaccum_exploratory,human,8,older_80_89,1,2,4,468,0.8809467603498395,0.881125,0.030114989791288568,0.012854765583692657
upstream_selected__snapshot_nonaccum_exploratory,human,8,older_80_89,1,3,4,465,0.9811995280889121,0.981,0.01984535040236625,0.007213433961521362
upstream_selected__snapshot_nonaccum_exploratory,human,8,older_80_89,1,4,4,465,1.282508360353475,1.16225,0.020334373519650374,0.005342406700692999
upstream_selected__snapshot_nonaccum_exploratory,human,8,young_20_29,0,1,12,472,0.4973445979815323,0.5033333333333333,0.022805121517693618,0.009175655010333046
upstream_selected__snapshot_nonaccum_exploratory,human,8,young_20_29,0,2,12,472,0.551049728929993,0.5503333333333333,0.016397076039455782,0.006626520394043253
upstream_selected__snapshot_nonaccum_exploratory,human,8,young_20_29,0,3,12,467,0.6042939719012884,0.602,0.01722962144796682,0.006292699598289082
upstream_selected__snapshot_nonaccum_exploratory,human,8,young_20_29,0,4,12,463,0.7357254540981127,0.7022499999999999,0.004285679764148664,0.002438235727078484
upstream_selected__snapshot_nonaccum_exploratory,human,8,young_20_29,1,1,12,472,0.5268698233372492,0.536875,0.13943716601624673,0.019525091727120608
upstream_selected__snapshot_nonaccum_exploratory,human,8,young_20_29,1,2,12,470,0.597575795707291,0.5970833333333333,0.08234994703293937,0.01683300750672646
upstream_selected__snapshot_nonaccum_exploratory,human,8,young_20_29,1,3,12,467,0.661532170550705,0.6587500000000001,0.05056809855608927,0.012118627284075653
upstream_selected__snapshot_nonaccum_exploratory,human,8,young_20_29,1,4,12,461,0.8094435863560462,0.7729166666666667,0.018136383965730057,0.00683317979898138
upstream_selected__snapshot_nonaccum_exploratory,human,9,older_80_89,0,1,4,472,0.7135494114193273,0.727125,0.02724880107738799,0.011393231938429688
upstream_selected__snapshot_nonaccum_exploratory,human,9,older_80_89,0,2,4,472,0.8057813516210091,0.804875,0.001937984496124031,0.001937984496124031
upstream_selected__snapshot_nonaccum_exploratory,human,9,older_80_89,0,3,4,471,0.8894176461802819,0.887375,0.0,0.0
upstream_selected__snapshot_nonaccum_exploratory,human,9,older_80_89,0,4,4,468,1.150856513755342,1.038875,0.011306160031488979,0.004556024014706369
upstream_selected__snapshot_nonaccum_exploratory,human,9,older_80_89,1,1,4,469,0.7661385929196219,0.780875,0.09290083636061681,0.029919794558043004
upstream_selected__snapshot_nonaccum_exploratory,human,9,older_80_89,1,2,4,468,0.8809467603498395,0.881125,0.030114989791288568,0.012854765583692657
upstream_selected__snapshot_nonaccum_exploratory,human,9,older_80_89,1,3,4,465,0.9811995280889121,0.981,0.01984535040236625,0.007213433961521362
upstream_selected__snapshot_nonaccum_exploratory,human,9,older_80_89,1,4,4,465,1.282508360353475,1.16225,0.020334373519650374,0.005342406700692999
upstream_selected__snapshot_nonaccum_exploratory,human,9,young_20_29,0,1,12,472,0.4973445979815323,0.5033333333333333,0.022805121517693618,0.009175655010333046
upstream_selected__snapshot_nonaccum_exploratory,human,9,young_20_29,0,2,12,472,0.551049728929993,0.5503333333333333,0.016397076039455782,0.006626520394043253
upstream_selected__snapshot_nonaccum_exploratory,human,9,young_20_29,0,3,12,467,0.6042939719012884,0.602,0.01722962144796682,0.006292699598289082
upstream_selected__snapshot_nonaccum_exploratory,human,9,young_20_29,0,4,12,463,0.7357254540981127,0.7022499999999999,0.004285679764148664,0.002438235727078484
upstream_selected__snapshot_nonaccum_exploratory,human,9,young_20_29,1,1,12,472,0.5268698233372492,0.536875,0.13943716601624673,0.019525091727120608
upstream_selected__snapshot_nonaccum_exploratory,human,9,young_20_29,1,2,12,470,0.597575795707291,0.5970833333333333,0.08234994703293937,0.01683300750672646
upstream_selected__snapshot_nonaccum_exploratory,human,9,young_20_29,1,3,12,467,0.661532170550705,0.6587500000000001,0.05056809855608927,0.012118627284075653
upstream_selected__snapshot_nonaccum_exploratory,human,9,young_20_29,1,4,12,461,0.8094435863560462,0.7729166666666667,0.018136383965730057,0.00683317979898138
upstream_selected__snapshot_nonaccum_exploratory,model,0,older_80_89,0,1,4,472,0.6486496917069039,0.663514596518474,0.0,0.0
upstream_selected__snapshot_nonaccum_exploratory,model,0,older_80_89,0,2,4,472,0.8057117967874916,0.8075886307088589,0.007751937984496124,0.007751937984496124
upstream_selected__snapshot_nonaccum_exploratory,model,0,older_80_89,0,3,4,471,0.9334178478291206,0.9310136260231252,0.001953125,0.001953125
upstream_selected__snapshot_nonaccum_exploratory,model,0,older_80_89,0,4,4,468,1.1771339246496866,1.1382524786095503,0.009765625,0.009765625
upstream_selected__snapshot_nonaccum_exploratory,model,0,older_80_89,1,1,4,469,0.7145998297401552,0.72860187079465,0.6756648336236387,0.020636967838172645
upstream_selected__snapshot_nonaccum_exploratory,model,0,older_80_89,1,2,4,468,0.8838911895542874,0.8843937530134143,0.6715028953259753,0.042273946210853876
upstream_selected__snapshot_nonaccum_exploratory,model,0,older_80_89,1,3,4,465,1.0166567037895864,1.0148769637402473,0.658725738062605,0.01802138854388022
upstream_selected__snapshot_nonaccum_exploratory,model,0,older_80_89,1,4,4,465,1.2670603727014624,1.2235704429398233,0.6795542008350617,0.02419266908497
upstream_selected__snapshot_nonaccum_exploratory,model,0,young_20_29,0,1,12,472,0.4212679932320955,0.4321964072528038,0.004166666666666667,0.0041666666666666675
upstream_selected__snapshot_nonaccum_exploratory,model,0,young_20_29,0,2,12,472,0.5236917652497167,0.5225874622831282,0.0056595365418894835,0.0048916192972732
upstream_selected__snapshot_nonaccum_exploratory,model,0,young_20_29,0,3,12,467,0.6127167247997637,0.6129435554670438,0.004901960784313725,0.004901960784313725
upstream_selected__snapshot_nonaccum_exploratory,model,0,young_20_29,0,4,12,463,0.7572598688748458,0.7365094203452397,0.0,0.0
upstream_selected__snapshot_nonaccum_exploratory,model,0,young_20_29,1,1,12,472,0.4654722247040571,0.47251408874595247,0.6330689439818354,0.027608585595031602
upstream_selected__snapshot_nonaccum_exploratory,model,0,young_20_29,1,2,12,470,0.5703843336194977,0.5704169991847667,0.6980210290261913,0.02698463292103639
upstream_selected__snapshot_nonaccum_exploratory,model,0,young_20_29,1,3,12,467,0.6627949974848226,0.6642014150175365,0.7341989551642341,0.029427495695726637
upstream_selected__snapshot_nonaccum_exploratory,model,0,young_20_29,1,4,12,461,0.8263433997904205,0.803709279137919,0.6654572975058598,0.02732602680518643
upstream_selected__snapshot_nonaccum_exploratory,model,1,older_80_89,0,1,4,472,0.6574680359904054,0.671865392212515,0.003875968992248062,0.003875968992248062
upstream_selected__snapshot_nonaccum_exploratory,model,1,older_80_89,0,2,4,472,0.8153986024162281,0.8160627296360952,0.003875968992248062,0.003875968992248062
upstream_selected__snapshot_nonaccum_exploratory,model,1,older_80_89,0,3,4,471,0.9418483260284857,0.9379348908668337,0.0,0.0
upstream_selected__snapshot_nonaccum_exploratory,model,1,older_80_89,0,4,4,468,1.1696819300696764,1.1357701206256392,0.00390625,0.00390625
upstream_selected__snapshot_nonaccum_exploratory,model,1,older_80_89,1,1,4,469,0.7208510007439063,0.7364909819232967,0.6531946463178294,0.020437396917039125
upstream_selected__snapshot_nonaccum_exploratory,model,1,older_80_89,1,2,4,468,0.8848073633103627,0.8878830571332442,0.6635259656069303,0.026423440455866712
upstream_selected__snapshot_nonaccum_exploratory,model,1,older_80_89,1,3,4,465,1.0213333029189666,1.0174848221808972,0.7131710677581297,0.013769604386027623
upstream_selected__snapshot_nonaccum_exploratory,model,1,older_80_89,1,4,4,465,1.2827268790366697,1.2325238036001012,0.6773770714062888,0.030726164749210385
upstream_selected__snapshot_nonaccum_exploratory,model,1,young_20_29,0,1,12,472,0.4268155588519657,0.4363169586361037,0.004901960784313725,0.004901960784313725
upstream_selected__snapshot_nonaccum_exploratory,model,1,young_20_29,0,2,12,472,0.5311214844844714,0.5325816572422181,0.0043859649122807015,0.0043859649122807015
upstream_selected__snapshot_nonaccum_exploratory,model,1,young_20_29,0,3,12,467,0.6202992104320404,0.6193515646144848,0.012740183792815371,0.009293268461968505
upstream_selected__snapshot_nonaccum_exploratory,model,1,young_20_29,0,4,12,463,0.7722875117058948,0.7439762743639352,0.003968253968253968,0.003968253968253968
upstream_selected__snapshot_nonaccum_exploratory,model,1,young_20_29,1,1,12,472,0.4699630867792792,0.4821469649966433,0.6631657309508453,0.022866850976743375
upstream_selected__snapshot_nonaccum_exploratory,model,1,young_20_29,1,2,12,470,0.5838477381223303,0.5820233980770605,0.7386280276950247,0.019373409844019578
upstream_selected__snapshot_nonaccum_exploratory,model,1,young_20_29,1,3,12,467,0.6762577496296788,0.674519903704227,0.6783280937197446,0.026109909508842823
upstream_selected__snapshot_nonaccum_exploratory,model,1,young_20_29,1,4,12,461,0.8397604298735354,0.810916120909571,0.6409944457621304,0.02084586744778142
upstream_selected__snapshot_nonaccum_exploratory,model,2,older_80_89,0,1,4,472,0.6566273916363217,0.6728426779183426,0.003875968992248062,0.003875968992248062
upstream_selected__snapshot_nonaccum_exploratory,model,2,older_80_89,0,2,4,472,0.8133499590687481,0.8145728164587908,0.007751937984496124,0.007751937984496124
upstream_selected__snapshot_nonaccum_exploratory,model,2,older_80_89,0,3,4,471,0.9458171890884963,0.9455253902405704,0.0078125,0.0078125
upstream_selected__snapshot_nonaccum_exploratory,model,2,older_80_89,0,4,4,468,1.1864894824726917,1.1511365133960045,0.00390625,0.00390625
upstream_selected__snapshot_nonaccum_exploratory,model,2,older_80_89,1,1,4,469,0.7029757116045969,0.7157379446991156,0.7084722786160018,0.024444879881039758
upstream_selected__snapshot_nonaccum_exploratory,model,2,older_80_89,1,2,4,468,0.872443258365189,0.8701051434033303,0.6667746286262468,0.03372270805722906
upstream_selected__snapshot_nonaccum_exploratory,model,2,older_80_89,1,3,4,465,1.0187716261612316,1.0116121099019055,0.6745674987074021,0.0062344958914128884
upstream_selected__snapshot_nonaccum_exploratory,model,2,older_80_89,1,4,4,465,1.2662324527906894,1.2183291803794192,0.6386629613094379,0.02349102974238422
upstream_selected__snapshot_nonaccum_exploratory,model,2,young_20_29,0,1,12,472,0.42791398882042103,0.43545443612944695,0.004901960784313725,0.004901960784313725
upstream_selected__snapshot_nonaccum_exploratory,model,2,young_20_29,0,2,12,472,0.5332678967011691,0.5336688982428422,0.0056595365418894835,0.0048916192972732
upstream_selected__snapshot_nonaccum_exploratory,model,2,young_20_29,0,3,12,467,0.613851089760311,0.6100346646027917,0.0,0.0
upstream_selected__snapshot_nonaccum_exploratory,model,2,young_20_29,0,4,12,463,0.7587832603235624,0.7344556309715943,0.006118947506507315,0.004077250103838413
upstream_selected__snapshot_nonaccum_exploratory,model,2,young_20_29,1,1,12,472,0.4693044523125176,0.4797253234136663,0.6399886572622188,0.026580062384811892
upstream_selected__snapshot_nonaccum_exploratory,model,2,young_20_29,1,2,12,470,0.5841518412261059,0.5826472380592745,0.6223499173323136,0.021410260964558538
upstream_selected__snapshot_nonaccum_exploratory,model,2,young_20_29,1,3,12,467,0.6773263240883564,0.6758654411615005,0.6655331006072022,0.032871044260094844
upstream_selected__snapshot_nonaccum_exploratory,model,2,young_20_29,1,4,12,461,0.8384537214962527,0.8067537869356052,0.6633364566042936,0.022948993977718157
upstream_selected__snapshot_nonaccum_exploratory,model,3,older_80_89,0,1,4,472,0.6515053954293178,0.6636993615108664,0.003875968992248062,0.003875968992248062
upstream_selected__snapshot_nonaccum_exploratory,model,3,older_80_89,0,2,4,472,0.8101150903014498,0.8105764018461443,0.003875968992248062,0.003875968992248062
upstream_selected__snapshot_nonaccum_exploratory,model,3,older_80_89,0,3,4,471,0.9403986993500736,0.9375707087423863,0.006510416666666666,0.00390625
upstream_selected__snapshot_nonaccum_exploratory,model,3,older_80_89,0,4,4,468,1.180522273449334,1.1408046220465047,0.00390625,0.00390625
upstream_selected__snapshot_nonaccum_exploratory,model,3,older_80_89,1,1,4,469,0.7083456614254282,0.7276227113317763,0.673877588065834,0.03173372375984271
upstream_selected__snapshot_nonaccum_exploratory,model,3,older_80_89,1,2,4,468,0.8787071827521136,0.8813416372654319,0.6899370111073594,0.013210767058161065
upstream_selected__snapshot_nonaccum_exploratory,model,3,older_80_89,1,3,4,465,1.0235338637824942,1.019960892637566,0.6481563238369507,0.006854861020517894
upstream_selected__snapshot_nonaccum_exploratory,model,3,older_80_89,1,4,4,465,1.2706060862771995,1.2269786055899554,0.7126009300567299,0.02394418631161666
upstream_selected__snapshot_nonaccum_exploratory,model,3,young_20_29,0,1,12,472,0.43163402699446296,0.4353844425844697,0.0,0.0
upstream_selected__snapshot_nonaccum_exploratory,model,3,young_20_29,0,2,12,472,0.53860916408261,0.5400300545130768,0.0,0.0
upstream_selected__snapshot_nonaccum_exploratory,model,3,young_20_29,0,3,12,467,0.6238543269069462,0.622836489349855,0.012838468720821663,0.008941131990520098
upstream_selected__snapshot_nonaccum_exploratory,model,3,young_20_29,0,4,12,463,0.7714748660145684,0.748912559687957,0.0,0.0
upstream_selected__snapshot_nonaccum_exploratory,model,3,young_20_29,1,1,12,472,0.4665141951360594,0.4781291086053117,0.6980366825738972,0.027198656766485297
upstream_selected__snapshot_nonaccum_exploratory,model,3,young_20_29,1,2,12,470,0.5815403719362522,0.5810983421390225,0.7225619226555252,0.016584308062114386
upstream_selected__snapshot_nonaccum_exploratory,model,3,young_20_29,1,3,12,467,0.6841702871686249,0.683862795564074,0.6382626370894565,0.03223088796389368
upstream_selected__snapshot_nonaccum_exploratory,model,3,young_20_29,1,4,12,461,0.8473698010447505,0.8238115310181883,0.6868686101823004,0.02002802172788068
upstream_selected__snapshot_nonaccum_exploratory,model,4,older_80_89,0,1,4,472,0.6525960651222358,0.6668356654713781,0.008418120155038759,0.005521781410205027
upstream_selected__snapshot_nonaccum_exploratory,model,4,older_80_89,0,2,4,472,0.8114550786809613,0.8141669435678093,0.005813953488372093,0.005813953488372093
upstream_selected__snapshot_nonaccum_exploratory,model,4,older_80_89,0,3,4,471,0.944667394991229,0.9453705010062454,0.010416666666666666,0.00736569563735987
upstream_selected__snapshot_nonaccum_exploratory,model,4,older_80_89,0,4,4,468,1.167688857183086,1.1315117781658046,0.001953125,0.001953125
upstream_selected__snapshot_nonaccum_exploratory,model,4,older_80_89,1,1,4,469,0.7055550966281402,0.7161956388821075,0.6751354554067414,0.025872853409672866
upstream_selected__snapshot_nonaccum_exploratory,model,4,older_80_89,1,2,4,468,0.8778369007428068,0.8808431609984276,0.6706782956727726,0.019083453719863797
upstream_selected__snapshot_nonaccum_exploratory,model,4,older_80_89,1,3,4,465,1.011818602176139,1.0118253272011581,0.7149931276574082,0.020758150654901796
upstream_selected__snapshot_nonaccum_exploratory,model,4,older_80_89,1,4,4,465,1.2668605545349967,1.2115307470214178,0.6960716530739279,0.017994452477631782
upstream_selected__snapshot_nonaccum_exploratory,model,4,young_20_29,0,1,12,472,0.42786675707884986,0.43679399438961974,0.0043859649122807015,0.0043859649122807015
upstream_selected__snapshot_nonaccum_exploratory,model,4,young_20_29,0,2,12,472,0.5258998811011172,0.5276604362310511,0.00641711229946524,0.004997449471970119
upstream_selected__snapshot_nonaccum_exploratory,model,4,young_20_29,0,3,12,467,0.6094774131259212,0.6081825433577362,0.0,0.0
upstream_selected__snapshot_nonaccum_exploratory,model,4,young_20_29,0,4,12,463,0.7671954609924523,0.7392498425224988,0.0,0.0
upstream_selected__snapshot_nonaccum_exploratory,model,4,young_20_29,1,1,12,472,0.4612949651280452,0.47187612284738384,0.6907301958891404,0.02247338265031498
upstream_selected__snapshot_nonaccum_exploratory,model,4,young_20_29,1,2,12,470,0.5777775828615899,0.5813251637324309,0.6481517355048704,0.018163315160149452
upstream_selected__snapshot_nonaccum_exploratory,model,4,young_20_29,1,3,12,467,0.6687462057555749,0.6675627223037764,0.6703450080912865,0.03181934249189898
upstream_selected__snapshot_nonaccum_exploratory,model,4,young_20_29,1,4,12,461,0.8318002374443201,0.8080853775688972,0.6427055360711778,0.027870392381615327
upstream_selected__snapshot_nonaccum_exploratory,model,5,older_80_89,0,1,4,472,0.6475884298102577,0.663591574948876,0.001937984496124031,0.001937984496124031
upstream_selected__snapshot_nonaccum_exploratory,model,5,older_80_89,0,2,4,472,0.8009454564888933,0.8031198138648663,0.0,0.0
upstream_selected__snapshot_nonaccum_exploratory,model,5,older_80_89,0,3,4,471,0.92754490058056,0.9230874880270927,0.00390625,0.00390625
upstream_selected__snapshot_nonaccum_exploratory,model,5,older_80_89,0,4,4,468,1.1704154129052833,1.121990532826275,0.00390625,0.00390625
upstream_selected__snapshot_nonaccum_exploratory,model,5,older_80_89,1,1,4,469,0.7135721434361141,0.7247819928570068,0.6643584161422862,0.024401813727560825
upstream_selected__snapshot_nonaccum_exploratory,model,5,older_80_89,1,2,4,468,0.8845350728499206,0.8827487736789073,0.6831344953766232,0.018444934486950712
upstream_selected__snapshot_nonaccum_exploratory,model,5,older_80_89,1,3,4,465,1.0334171837249224,1.0284235232641132,0.6452134068405151,0.026546198113033846
upstream_selected__snapshot_nonaccum_exploratory,model,5,older_80_89,1,4,4,465,1.2887521202637409,1.2498797157046095,0.6976330947142131,0.021628795103152375
upstream_selected__snapshot_nonaccum_exploratory,model,5,young_20_29,0,1,12,472,0.43095594409274024,0.4396853066820172,0.009287925696594427,0.006273503654744554
upstream_selected__snapshot_nonaccum_exploratory,model,5,young_20_29,0,2,12,472,0.5336434112206895,0.5350658737208845,0.003968253968253968,0.003968253968253968
upstream_selected__snapshot_nonaccum_exploratory,model,5,young_20_29,0,3,12,467,0.6144287795213904,0.6122661839894116,0.004166666666666667,0.0041666666666666675
upstream_selected__snapshot_nonaccum_exploratory,model,5,young_20_29,0,4,12,463,0.7664157373495626,0.7467685812366058,0.0007575757575757576,0.0007575757575757577
upstream_selected__snapshot_nonaccum_exploratory,model,5,young_20_29,1,1,12,472,0.4664848557655885,0.4782658497397782,0.6655303000990762,0.027445035052628363
upstream_selected__snapshot_nonaccum_exploratory,model,5,young_20_29,1,2,12,470,0.5701101204358164,0.5691626403542284,0.709337656975062,0.029984297777779497
upstream_selected__snapshot_nonaccum_exploratory,model,5,young_20_29,1,3,12,467,0.6651475386613739,0.6619698659432834,0.6205793624936762,0.037155431655663394
upstream_selected__snapshot_nonaccum_exploratory,model,5,young_20_29,1,4,12,461,0.8362181800132563,0.8088128356533164,0.702174334831479,0.03654721898291406
upstream_selected__snapshot_nonaccum_exploratory,model,6,older_80_89,0,1,4,472,0.6566072003408081,0.6742694047389557,0.006480135658914728,0.003882744753764048
upstream_selected__snapshot_nonaccum_exploratory,model,6,older_80_89,0,2,4,472,0.8065715631526688,0.8053753049159147,0.003875968992248062,0.003875968992248062
upstream_selected__snapshot_nonaccum_exploratory,model,6,older_80_89,0,3,4,471,0.9300259221020568,0.9263271808149027,0.0078125,0.0078125
upstream_selected__snapshot_nonaccum_exploratory,model,6,older_80_89,0,4,4,468,1.1599249573664705,1.109171326178478,0.005859375,0.005859375
upstream_selected__snapshot_nonaccum_exploratory,model,6,older_80_89,1,1,4,469,0.7142143617483507,0.7255916532726725,0.7327002559460294,0.02806337422098084
upstream_selected__snapshot_nonaccum_exploratory,model,6,older_80_89,1,2,4,468,0.8757548486383939,0.8751338017536818,0.6672437424379916,0.012680275377805526
upstream_selected__snapshot_nonaccum_exploratory,model,6,older_80_89,1,3,4,465,1.0179441195851162,1.0161423618342973,0.6672534883897262,0.01926421574301907
upstream_selected__snapshot_nonaccum_exploratory,model,6,older_80_89,1,4,4,465,1.2844713633854417,1.2444222717264664,0.6774774576150628,0.03518119536865143
upstream_selected__snapshot_nonaccum_exploratory,model,6,young_20_29,0,1,12,472,0.42408477501642095,0.4327021404012399,0.00835421888053467,0.005640855513096702
upstream_selected__snapshot_nonaccum_exploratory,model,6,young_20_29,0,2,12,472,0.5268586611107907,0.5240471446251558,0.005826600779146076,0.004362827352635763
upstream_selected__snapshot_nonaccum_exploratory,model,6,young_20_29,0,3,12,467,0.6113076253672501,0.6076759646916433,0.0007575757575757576,0.0007575757575757577
upstream_selected__snapshot_nonaccum_exploratory,model,6,young_20_29,0,4,12,463,0.7614475146710719,0.7392029809136088,0.005208333333333333,0.005208333333333333
upstream_selected__snapshot_nonaccum_exploratory,model,6,young_20_29,1,1,12,472,0.46559864258391065,0.47997102753606186,0.719344733827023,0.022130588685571863
upstream_selected__snapshot_nonaccum_exploratory,model,6,young_20_29,1,2,12,470,0.5722384035794259,0.5721378990574807,0.6412689526993124,0.020164418235973612
upstream_selected__snapshot_nonaccum_exploratory,model,6,young_20_29,1,3,12,467,0.6638017954274087,0.6612536415745627,0.7111894240550032,0.02268434928099196
upstream_selected__snapshot_nonaccum_exploratory,model,6,young_20_29,1,4,12,461,0.8200933928458473,0.7967874827228361,0.7043637962289454,0.03873825108561786
upstream_selected__snapshot_nonaccum_exploratory,model,7,older_80_89,0,1,4,472,0.6553790379444445,0.664687670224623,0.0,0.0
upstream_selected__snapshot_nonaccum_exploratory,model,7,older_80_89,0,2,4,472,0.8132791306567194,0.813186521867711,0.005813953488372093,0.005813953488372093
upstream_selected__snapshot_nonaccum_exploratory,model,7,older_80_89,0,3,4,471,0.9449524271331842,0.9425596727072729,0.001953125,0.001953125
upstream_selected__snapshot_nonaccum_exploratory,model,7,older_80_89,0,4,4,468,1.191084237529277,1.1485601138926553,0.00390625,0.0022552744890219755
upstream_selected__snapshot_nonaccum_exploratory,model,7,older_80_89,1,1,4,469,0.7142874185694918,0.7322272928089094,0.7001841910745483,0.020338569703341688
upstream_selected__snapshot_nonaccum_exploratory,model,7,older_80_89,1,2,4,468,0.8782078587343227,0.8763014776522677,0.6804885398201297,0.04381464759331914
upstream_selected__snapshot_nonaccum_exploratory,model,7,older_80_89,1,3,4,465,1.0194601131063574,1.0154058952865521,0.6935585226435723,0.011308971885181209
upstream_selected__snapshot_nonaccum_exploratory,model,7,older_80_89,1,4,4,465,1.2755003648279968,1.2333188090770686,0.7006053366242829,0.0067589336378308575
upstream_selected__snapshot_nonaccum_exploratory,model,7,young_20_29,0,1,12,472,0.420300215280073,0.4271968178874026,0.008870214752567693,0.006019924488302358
upstream_selected__snapshot_nonaccum_exploratory,model,7,young_20_29,0,2,12,472,0.5187634177668107,0.5188180319599587,0.004725829725829726,0.003971696001627954
upstream_selected__snapshot_nonaccum_exploratory,model,7,young_20_29,0,3,12,467,0.6032900206918351,0.6013413821527722,0.003968253968253968,0.003968253968253968
upstream_selected__snapshot_nonaccum_exploratory,model,7,young_20_29,0,4,12,463,0.7600901035121067,0.7333268688087062,0.005208333333333333,0.005208333333333334
upstream_selected__snapshot_nonaccum_exploratory,model,7,young_20_29,1,1,12,472,0.46293418967848493,0.4739805284653065,0.6552508893047306,0.0287947275703461
upstream_selected__snapshot_nonaccum_exploratory,model,7,young_20_29,1,2,12,470,0.575774277656905,0.5767286494299385,0.6632152412390264,0.02559552906510881
upstream_selected__snapshot_nonaccum_exploratory,model,7,young_20_29,1,3,12,467,0.6712136216064463,0.6707451091004811,0.6839889766674903,0.032754977631852436
upstream_selected__snapshot_nonaccum_exploratory,model,7,young_20_29,1,4,12,461,0.8327893675798594,0.8052437424213243,0.6874319159703576,0.024611723174030497
upstream_selected__snapshot_nonaccum_exploratory,model,8,older_80_89,0,1,4,472,0.6485084551794527,0.6649017237783507,0.004542151162790697,0.002678229175801222
upstream_selected__snapshot_nonaccum_exploratory,model,8,older_80_89,0,2,4,472,0.8038990000041251,0.803450822850308,0.001937984496124031,0.001937984496124031
upstream_selected__snapshot_nonaccum_exploratory,model,8,older_80_89,0,3,4,471,0.9348929551368839,0.9309255823695961,0.01188426906779661,0.009277005372258725
upstream_selected__snapshot_nonaccum_exploratory,model,8,older_80_89,0,4,4,468,1.1650734842982022,1.1313945651667252,0.005859375,0.005859375
upstream_selected__snapshot_nonaccum_exploratory,model,8,older_80_89,1,1,4,469,0.7082270837904941,0.7321179029585363,0.6729921689472638,0.023594313008616783
upstream_selected__snapshot_nonaccum_exploratory,model,8,older_80_89,1,2,4,468,0.8784744056149357,0.8766043160373188,0.6569098017258965,0.03502094852073277
upstream_selected__snapshot_nonaccum_exploratory,model,8,older_80_89,1,3,4,465,1.0226600651571278,1.0223602291594769,0.6823506737937678,0.024087303586949414
upstream_selected__snapshot_nonaccum_exploratory,model,8,older_80_89,1,4,4,465,1.2768413066082154,1.23865049593,0.6732176500280184,0.02749177152817405
upstream_selected__snapshot_nonaccum_exploratory,model,8,young_20_29,0,1,12,472,0.43335693822318827,0.43896503748900506,0.007936507936507936,0.007936507936507936
upstream_selected__snapshot_nonaccum_exploratory,model,8,young_20_29,0,2,12,472,0.5345230263506519,0.5346743569544495,0.0,0.0
upstream_selected__snapshot_nonaccum_exploratory,model,8,young_20_29,0,3,12,467,0.6150156270036685,0.6111159471137273,0.003968253968253968,0.003968253968253968
upstream_selected__snapshot_nonaccum_exploratory,model,8,young_20_29,0,4,12,463,0.776129855544712,0.7534715035428826,0.005897038567493113,0.005191229914362921
upstream_selected__snapshot_nonaccum_exploratory,model,8,young_20_29,1,1,12,472,0.47129771821460764,0.4818425785376754,0.6995523905830431,0.0204261807619119
upstream_selected__snapshot_nonaccum_exploratory,model,8,young_20_29,1,2,12,470,0.582462657080869,0.5839462887045812,0.6934481174189767,0.022668239377506748
upstream_selected__snapshot_nonaccum_exploratory,model,8,young_20_29,1,3,12,467,0.669640015021573,0.6666342170379272,0.5899085779787909,0.035493619346072584
upstream_selected__snapshot_nonaccum_exploratory,model,8,young_20_29,1,4,12,461,0.8294327219021018,0.809520145786549,0.6603001702026,0.024090514998887414
upstream_selected__snapshot_nonaccum_exploratory,model,9,older_80_89,0,1,4,472,0.6561508200902388,0.6708060715013728,0.007751937984496124,0.007751937984496124
upstream_selected__snapshot_nonaccum_exploratory,model,9,older_80_89,0,2,4,472,0.8125523245168501,0.8123521093085241,0.005813953488372093,0.005813953488372093
upstream_selected__snapshot_nonaccum_exploratory,model,9,older_80_89,0,3,4,471,0.9487958608198452,0.9462385024216717,0.00390625,0.00390625
upstream_selected__snapshot_nonaccum_exploratory,model,9,older_80_89,0,4,4,468,1.18869127707271,1.1458398613813956,0.00849095394736842,0.005565777383591604
upstream_selected__snapshot_nonaccum_exploratory,model,9,older_80_89,1,1,4,469,0.6985421799821698,0.7142727009065525,0.6745474358320518,0.008209357647917095
upstream_selected__snapshot_nonaccum_exploratory,model,9,older_80_89,1,2,4,468,0.874651962175847,0.8739326608340554,0.6770258268968331,0.018999768570300533
upstream_selected__snapshot_nonaccum_exploratory,model,9,older_80_89,1,3,4,465,1.023047047351359,1.0212005122736536,0.6876947472140542,0.015182414866234584
upstream_selected__snapshot_nonaccum_exploratory,model,9,older_80_89,1,4,4,465,1.2927325610646272,1.240730648481453,0.712046577485832,0.022443244436721826
upstream_selected__snapshot_nonaccum_exploratory,model,9,young_20_29,0,1,12,472,0.43259087776849997,0.4396195470824453,0.01359604447839742,0.008874084638938434
upstream_selected__snapshot_nonaccum_exploratory,model,9,young_20_29,0,2,12,472,0.5341961477747317,0.5370365663064619,0.017224433633102363,0.00943093400197832
upstream_selected__snapshot_nonaccum_exploratory,model,9,young_20_29,0,3,12,467,0.611974128459775,0.6092539561340352,0.0,0.0
upstream_selected__snapshot_nonaccum_exploratory,model,9,young_20_29,0,4,12,463,0.7606800279688684,0.7352222084589144,0.0,0.0
upstream_selected__snapshot_nonaccum_exploratory,model,9,young_20_29,1,1,12,472,0.462649386857968,0.4736945185851778,0.6486414624162267,0.020175270789850236
upstream_selected__snapshot_nonaccum_exploratory,model,9,young_20_29,1,2,12,470,0.5749071188173919,0.5762179133196514,0.6415124027112035,0.021636207038033324
upstream_selected__snapshot_nonaccum_exploratory,model,9,young_20_29,1,3,12,467,0.6679341548632931,0.6655420633273335,0.6716548853150873,0.019714275967827898
upstream_selected__snapshot_nonaccum_exploratory,model,9,young_20_29,1,4,12,461,0.8392232383525337,0.8127955814569868,0.6784556618549019,0.018256073095341795
