source,seed_id,analysis_group,user_id,congruency,rt_bin,n_trials,mean_rt,median_rt,error_rate,scheme
human,observed,young_20_29,2918,0,1,163,0.4810245397266435,0.4869999885559082,0.049079754601226995,raw
human,observed,young_20_29,2918,0,2,162,0.5403641981107218,0.5379999876022339,0.030864197530864196,raw
human,observed,young_20_29,2918,0,3,162,0.612154319330498,0.6105000078678131,0.024691358024691357,raw
human,observed,young_20_29,2918,0,4,162,0.7711604921906082,0.7284999787807465,0.030864197530864196,raw
human,observed,young_20_29,2918,1,1,162,0.5007222210183556,0.5040000081062317,0.25925925925925924,raw
human,observed,young_20_29,2918,1,2,162,0.5760432110156541,0.5740000009536743,0.10493827160493827,raw
human,observed,young_20_29,2918,1,3,162,0.6504259275065528,0.6455000042915344,0.037037037037037035,raw
human,observed,young_20_29,2918,1,4,162,0.7965555562649245,0.7585000097751617,0.024691358024691357,raw
human,observed,young_20_29,899,1,1,26,0.586807688841453,0.5925000011920929,0.038461538461538464,raw
human,observed,young_20_29,899,1,2,25,0.6458800029754639,0.6470000147819519,0.04,raw
human,observed,young_20_29,899,1,3,25,0.6939200067520142,0.6930000185966492,0.0,raw
human,observed,young_20_29,899,1,4,25,0.8110799980163574,0.7889999747276306,0.0,raw
human,observed,young_20_29,182,1,1,34,0.49252941590898175,0.49400000274181366,0.11764705882352941,raw
human,observed,young_20_29,182,1,2,34,0.5473823564894059,0.5450000166893005,0.029411764705882353,raw
human,observed,young_20_29,182,1,3,34,0.5947352963335374,0.5925000011920929,0.029411764705882353,raw
human,observed,young_20_29,182,1,4,33,0.6782727313764167,0.6629999876022339,0.0,raw
human,observed,young_20_29,5256,1,1,24,0.5777916585405668,0.5794999897480011,0.20833333333333334,raw
human,observed,young_20_29,5256,1,2,23,0.6236956482348235,0.6209999918937683,0.17391304347826086,raw
human,observed,young_20_29,5256,1,3,23,0.6754347811574521,0.6769999861717224,0.08695652173913043,raw
human,observed,young_20_29,5256,1,4,23,0.7669130434160647,0.7770000100135803,0.0,raw
human,observed,young_20_29,3875,0,1,77,0.49972727198105354,0.5189999938011169,0.025974025974025976,raw
human,observed,young_20_29,3875,0,2,77,0.5709350658701612,0.5730000138282776,0.012987012987012988,raw
human,observed,young_20_29,3875,0,3,77,0.6180259747938677,0.6150000095367432,0.025974025974025976,raw
human,observed,young_20_29,3875,0,4,76,0.7308947389063082,0.6885000169277191,0.013157894736842105,raw
human,observed,young_20_29,899,0,1,26,0.5335769275060067,0.5419999957084656,0.0,raw
human,observed,young_20_29,899,0,2,26,0.574807692032594,0.5694999992847443,0.0,raw
human,observed,young_20_29,899,0,3,25,0.6222000026702881,0.6179999709129333,0.0,raw
human,observed,young_20_29,899,0,4,25,0.7215599966049194,0.7020000219345093,0.0,raw
human,observed,young_20_29,677,0,1,29,0.5364827595908066,0.5400000214576721,0.034482758620689655,raw
human,observed,young_20_29,677,0,2,28,0.5698928534984589,0.5674999952316284,0.0,raw
human,observed,young_20_29,677,0,3,28,0.6063571444579533,0.6095000207424164,0.03571428571428571,raw
human,observed,young_20_29,677,0,4,28,0.681607146348272,0.6590000092983246,0.0,raw
human,observed,young_20_29,5675,0,1,147,0.4328911571072883,0.4379999935626983,0.02040816326530612,raw
human,observed,young_20_29,5675,0,2,147,0.4734149631999788,0.4729999899864197,0.0,raw
human,observed,young_20_29,5675,0,3,147,0.520292517482018,0.5180000066757202,0.006802721088435374,raw
human,observed,young_20_29,5675,0,4,146,0.6152328779436138,0.601500004529953,0.0136986301369863,raw
human,observed,young_20_29,5675,1,1,145,0.4571310350607181,0.4639999866485595,0.09655172413793103,raw
human,observed,young_20_29,5675,1,2,145,0.5056758617532664,0.5049999952316284,0.04827586206896552,raw
human,observed,young_20_29,5675,1,3,145,0.5587586185027813,0.5590000152587891,0.041379310344827586,raw
human,observed,young_20_29,5675,1,4,145,0.6663310355153577,0.656000018119812,0.04827586206896552,raw
human,observed,young_20_29,2553,1,1,27,0.5192962962168234,0.5329999923706055,0.18518518518518517,raw
human,observed,young_20_29,2553,1,2,27,0.5857407406524375,0.5839999914169312,0.07407407407407407,raw
human,observed,young_20_29,2553,1,3,27,0.6427407419240033,0.6389999985694885,0.037037037037037035,raw
human,observed,young_20_29,2553,1,4,26,0.7655384586407588,0.7294999957084656,0.038461538461538464,raw
human,observed,young_20_29,7862,0,1,30,0.5274666666984558,0.5375000238418579,0.03333333333333333,raw
human,observed,young_20_29,7862,0,2,30,0.6314999997615814,0.6299999952316284,0.03333333333333333,raw
human,observed,young_20_29,7862,0,3,30,0.7537666658560435,0.7395000159740448,0.03333333333333333,raw
human,observed,young_20_29,7862,0,4,30,1.1110333283742269,1.0044999718666077,0.0,raw
human,observed,young_20_29,7862,1,1,31,0.579322584213749,0.6000000238418579,0.1935483870967742,raw
human,observed,young_20_29,7862,1,2,31,0.7091612931220762,0.699999988079071,0.06451612903225806,raw
human,observed,young_20_29,7862,1,3,30,0.8449000000953675,0.832999974489212,0.03333333333333333,raw
human,observed,young_20_29,7862,1,4,30,1.326799996693929,1.1899999976158142,0.06666666666666667,raw
human,observed,young_20_29,677,1,1,29,0.5550689594498996,0.5590000152587891,0.13793103448275862,raw
human,observed,young_20_29,677,1,2,28,0.6010357162782124,0.6000000238418579,0.14285714285714285,raw
human,observed,young_20_29,677,1,3,28,0.6373928551162992,0.6385000050067902,0.0,raw
human,observed,young_20_29,677,1,4,28,0.7380000054836273,0.718500018119812,0.03571428571428571,raw
human,observed,young_20_29,3875,1,1,77,0.5169999990370366,0.5400000214576721,0.18181818181818182,raw
human,observed,young_20_29,3875,1,2,77,0.608311687197004,0.6069999933242798,0.11688311688311688,raw
human,observed,young_20_29,3875,1,3,77,0.6668051953439589,0.6650000214576721,0.09090909090909091,raw
human,observed,young_20_29,3875,1,4,77,0.805805193139361,0.7829999923706055,0.025974025974025976,raw
human,observed,young_20_29,4790,0,1,25,0.47152000188827514,0.4860000014305115,0.08,raw
human,observed,young_20_29,4790,0,2,25,0.5431999969482422,0.5410000085830688,0.04,raw
human,observed,young_20_29,4790,0,3,25,0.6091599988937378,0.6110000014305115,0.04,raw
human,observed,young_20_29,4790,0,4,24,0.7874166617790858,0.7355000078678131,0.0,raw
human,observed,young_20_29,1478,0,1,22,0.5350000031969764,0.5435000061988831,0.045454545454545456,raw
human,observed,young_20_29,1478,0,2,22,0.5949090854688124,0.5920000076293945,0.0,raw
human,observed,young_20_29,1478,0,3,22,0.6476818187670275,0.6394999921321869,0.045454545454545456,raw
human,observed,young_20_29,1478,0,4,22,0.785090912472118,0.7464999854564667,0.0,raw
human,observed,young_20_29,5256,0,1,23,0.5493043505627176,0.5479999780654907,0.0,raw
human,observed,young_20_29,5256,0,2,23,0.5889130467953889,0.5910000205039978,0.0,raw
human,observed,young_20_29,5256,0,3,22,0.617454547773708,0.6159999966621399,0.0,raw
human,observed,young_20_29,5256,0,4,22,0.6992272734642029,0.6739999949932098,0.0,raw
human,observed,young_20_29,182,0,1,34,0.47517646761501536,0.4779999852180481,0.0,raw
human,observed,young_20_29,182,0,2,34,0.5107647084137973,0.5104999840259552,0.0,raw
human,observed,young_20_29,182,0,3,34,0.542529418187983,0.5400000214576721,0.0,raw
human,observed,young_20_29,182,0,4,34,0.6025000004207387,0.5915000140666962,0.0,raw
human,observed,young_20_29,4790,1,1,25,0.5047600018978119,0.5139999985694885,0.24,raw
human,observed,young_20_29,4790,1,2,25,0.5800400042533874,0.5830000042915344,0.04,raw
human,observed,young_20_29,4790,1,3,24,0.6578333328167597,0.6504999995231628,0.041666666666666664,raw
human,observed,young_20_29,4790,1,4,24,0.7989166602492332,0.7669999897480011,0.08333333333333333,raw
human,observed,young_20_29,1478,1,1,22,0.5638181838122281,0.5754999816417694,0.18181818181818182,raw
human,observed,young_20_29,1478,1,2,22,0.6417727253653787,0.6394999921321869,0.13636363636363635,raw
human,observed,young_20_29,1478,1,3,22,0.7249090861190449,0.7205000221729279,0.045454545454545456,raw
human,observed,young_20_29,1478,1,4,21,0.85090476558322,0.8320000171661377,0.047619047619047616,raw
human,observed,young_20_29,4398,1,1,27,0.475925925705168,0.4839999973773956,0.07407407407407407,raw
human,observed,young_20_29,4398,1,2,27,0.5475185204435278,0.550000011920929,0.07407407407407407,raw
human,observed,young_20_29,4398,1,3,26,0.5888076928945688,0.5849999785423279,0.07692307692307693,raw
human,observed,young_20_29,4398,1,4,26,0.6735769189321078,0.6674999892711639,0.0,raw
human,observed,young_20_29,4398,0,1,27,0.453000001333378,0.453000009059906,0.0,raw
human,observed,young_20_29,4398,0,2,27,0.4903333341633832,0.488999992609024,0.0,raw
human,observed,young_20_29,4398,0,3,26,0.5290000003117782,0.5284999907016754,0.0,raw
human,observed,young_20_29,4398,0,4,26,0.6139230705224551,0.5979999899864197,0.0,raw
human,observed,young_20_29,2553,0,1,27,0.49318518462004485,0.4979999959468841,0.0,raw
human,observed,young_20_29,2553,0,2,26,0.5378846159348121,0.5379999876022339,0.0,raw
human,observed,young_20_29,2553,0,3,26,0.5781538440630987,0.5810000002384186,0.0,raw
human,observed,young_20_29,2553,0,4,26,0.6617692250471848,0.6539999842643738,0.0,raw
human,observed,older_80_89,6609,0,1,171,0.9090116958172001,0.9210000038146972,0.0,raw
human,observed,older_80_89,6609,0,2,171,1.0235964903357433,1.024999976158142,0.0,raw
human,observed,older_80_89,6609,0,3,171,1.1420467840997797,1.1419999599456787,0.0,raw
human,observed,older_80_89,6609,0,4,171,1.5371169590810587,1.35099995136261,0.0,raw
human,observed,older_80_89,984,0,1,172,0.661773257477339,0.6800000071525574,0.046511627906976744,raw
human,observed,older_80_89,984,0,2,172,0.7613372064607088,0.7599999904632568,0.005813953488372093,raw
human,observed,older_80_89,984,0,3,172,0.8404767430105875,0.8389999866485596,0.005813953488372093,raw
human,observed,older_80_89,984,0,4,172,1.1030581382124922,0.9905000030994415,0.011627906976744186,raw
human,observed,older_80_89,6609,1,1,172,0.9741686021172723,0.9845000207424164,0.01744186046511628,raw
human,observed,older_80_89,6609,1,2,171,1.0888538019001832,1.0880000591278076,0.0,raw
human,observed,older_80_89,6609,1,3,171,1.200228069957934,1.2000000476837158,0.005847953216374269,raw
human,observed,older_80_89,6609,1,4,171,1.57876023423602,1.406999945640564,0.005847953216374269,raw
human,observed,older_80_89,2410,0,1,157,0.6453566896687647,0.6510000228881836,0.03184713375796178,raw
human,observed,older_80_89,2410,0,2,157,0.7263630556452806,0.7269999980926514,0.0,raw
human,observed,older_80_89,2410,0,3,157,0.7974267472886736,0.796999990940094,0.012738853503184714,raw
human,observed,older_80_89,2410,0,4,156,1.0084871833141034,0.9249999821186066,0.00641025641025641,raw
human,observed,older_80_89,984,1,1,170,0.7145235301817164,0.7360000014305115,0.13529411764705881,raw
human,observed,older_80_89,984,1,2,170,0.8467999970211703,0.847000002861023,0.03529411764705882,raw
human,observed,older_80_89,984,1,3,170,0.9488705884007846,0.9514999985694885,0.023529411764705882,raw
human,observed,older_80_89,984,1,4,170,1.2347529446377474,1.1240000128746033,0.01764705882352941,raw
human,observed,older_80_89,3403,0,1,128,0.6368828112026677,0.6470000147819519,0.015625,raw
human,observed,older_80_89,3403,0,2,128,0.704156250692904,0.703000009059906,0.0078125,raw
human,observed,older_80_89,3403,0,3,127,0.7649448804967985,0.7649999856948853,0.0,raw
human,observed,older_80_89,3403,0,4,127,0.9312992114720382,0.8809999823570251,0.015748031496062992,raw
human,observed,older_80_89,3403,1,1,127,0.6922125973570066,0.7039999961853027,0.05511811023622047,raw
human,observed,older_80_89,3403,1,2,126,0.8029047624459342,0.8029999732971191,0.023809523809523808,raw
human,observed,older_80_89,3403,1,3,126,0.8932698439984095,0.8914999961853027,0.015873015873015872,raw
human,observed,older_80_89,3403,1,4,126,1.1088095222200667,1.0509999990463257,0.031746031746031744,raw
human,observed,older_80_89,2410,1,1,156,0.6884166674736218,0.699999988079071,0.14102564102564102,raw
human,observed,older_80_89,2410,1,2,155,0.7916645107730742,0.7900000214576721,0.05806451612903226,raw
human,observed,older_80_89,2410,1,3,155,0.8863548432627032,0.8799999952316284,0.03870967741935484,raw
human,observed,older_80_89,2410,1,4,155,1.1462645169227355,1.0499999523162842,0.01935483870967742,raw
model,0,young_20_29,2918,0,1,163,0.42523509902226514,0.4387717755992815,0.018404907975460124,raw
model,0,young_20_29,2918,0,2,162,0.5469565618733674,0.5467467419552823,0.012345679012345678,raw
model,0,young_20_29,2918,0,3,162,0.6323119386380686,0.6334788829322752,0.024691358024691357,raw
model,0,young_20_29,2918,0,4,162,0.7508757948098647,0.7350581476164519,0.04938271604938271,raw
model,0,young_20_29,2918,1,1,162,0.598902111001747,0.6198601925959695,0.345679012345679,raw
model,0,young_20_29,2918,1,2,162,0.7738653354114773,0.7746413703279242,0.11728395061728394,raw
model,0,young_20_29,2918,1,3,162,0.8841505165511602,0.8806391169081597,0.08641975308641975,raw
model,0,young_20_29,2918,1,4,162,1.0458563015749027,1.0343612422750934,0.037037037037037035,raw
model,0,young_20_29,899,1,1,26,0.623097976802822,0.646789053614828,0.2692307692307692,raw
model,0,young_20_29,899,1,2,25,0.7785546408856118,0.779933860379367,0.08,raw
model,0,young_20_29,899,1,3,25,0.8812960561174695,0.8744345912360761,0.12,raw
model,0,young_20_29,899,1,4,25,1.0589490522736882,1.0399455214802598,0.0,raw
model,0,young_20_29,182,1,1,34,0.5931039632884147,0.6050104820669959,0.35294117647058826,raw
model,0,young_20_29,182,1,2,34,0.7626156188110184,0.7646808515338328,0.058823529411764705,raw
model,0,young_20_29,182,1,3,34,0.8920060131317104,0.8904510581444909,0.058823529411764705,raw
model,0,young_20_29,182,1,4,33,1.062518158613286,1.0240115413407775,0.09090909090909091,raw
model,0,young_20_29,5256,1,1,24,0.6155211643381077,0.6166614712801821,0.20833333333333334,raw
model,0,young_20_29,5256,1,2,23,0.7982512111070313,0.8041031615395624,0.17391304347826086,raw
model,0,young_20_29,5256,1,3,23,0.8936211923659176,0.8866122512781717,0.08695652173913043,raw
model,0,young_20_29,5256,1,4,23,1.0557050415016966,1.01285054529294,0.0,raw
model,0,young_20_29,3875,0,1,77,0.4251244458986101,0.4443657786612262,0.012987012987012988,raw
model,0,young_20_29,3875,0,2,77,0.5378532403628797,0.5385235453314184,0.025974025974025976,raw
model,0,young_20_29,3875,0,3,77,0.6258265890472536,0.6237856341519986,0.03896103896103896,raw
model,0,young_20_29,3875,0,4,76,0.7630265537796149,0.7383879442271993,0.02631578947368421,raw
model,0,young_20_29,899,0,1,26,0.41547310980417596,0.43394939676498945,0.0,raw
model,0,young_20_29,899,0,2,26,0.5178893546204317,0.5155714216059999,0.038461538461538464,raw
model,0,young_20_29,899,0,3,25,0.6265649439799368,0.6217780890305772,0.0,raw
model,0,young_20_29,899,0,4,25,0.7453485124992193,0.7260685264482021,0.04,raw
model,0,young_20_29,677,0,1,29,0.4098654737599953,0.4311949668754558,0.0,raw
model,0,young_20_29,677,0,2,28,0.5422420830896537,0.5458828845011034,0.0,raw
model,0,young_20_29,677,0,3,28,0.6150315480814494,0.6163806789138984,0.0,raw
model,0,young_20_29,677,0,4,28,0.7385087342057874,0.7285933703210881,0.03571428571428571,raw
model,0,young_20_29,5675,0,1,147,0.4263879091001689,0.4418611265281794,0.02040816326530612,raw
model,0,young_20_29,5675,0,2,147,0.5482503848544646,0.5460778571241378,0.006802721088435374,raw
model,0,young_20_29,5675,0,3,147,0.637564992352278,0.6373214497150435,0.006802721088435374,raw
model,0,young_20_29,5675,0,4,146,0.7628984936806331,0.7546028125775248,0.02054794520547945,raw
model,0,young_20_29,5675,1,1,145,0.6051198302819024,0.6341607863608738,0.4,raw
model,0,young_20_29,5675,1,2,145,0.7768971566778311,0.7762618241035327,0.11724137931034483,raw
model,0,young_20_29,5675,1,3,145,0.8908753466754226,0.8939770322610933,0.06896551724137931,raw
model,0,young_20_29,5675,1,4,145,1.0596104856442765,1.043385124056061,0.013793103448275862,raw
model,0,young_20_29,2553,1,1,27,0.6409719412257924,0.6769084677018571,0.25925925925925924,raw
model,0,young_20_29,2553,1,2,27,0.7949522381004374,0.7888807852792239,0.14814814814814814,raw
model,0,young_20_29,2553,1,3,27,0.9087537097015589,0.8960265093737948,0.0,raw
model,0,young_20_29,2553,1,4,26,1.0797377019257466,1.0693871740867635,0.0,raw
model,0,young_20_29,7862,0,1,30,0.45078036583625464,0.4748768278452147,0.1,raw
model,0,young_20_29,7862,0,2,30,0.5547881881670892,0.5557318146915804,0.06666666666666667,raw
model,0,young_20_29,7862,0,3,30,0.6245870671532833,0.614246332671611,0.0,raw
model,0,young_20_29,7862,0,4,30,0.7568148238001936,0.7299472534038888,0.06666666666666667,raw
model,0,young_20_29,7862,1,1,31,0.6440483809375253,0.6777265985273272,0.2903225806451613,raw
model,0,young_20_29,7862,1,2,31,0.7937563345890678,0.7919905267334364,0.1935483870967742,raw
model,0,young_20_29,7862,1,3,30,0.8775097884506579,0.8773803907128915,0.06666666666666667,raw
model,0,young_20_29,7862,1,4,30,1.0367068576578433,1.0086162989458256,0.0,raw
model,0,young_20_29,677,1,1,29,0.5916034725824967,0.6012286898891306,0.3793103448275862,raw
model,0,young_20_29,677,1,2,28,0.7703837074544657,0.795437898430755,0.10714285714285714,raw
model,0,young_20_29,677,1,3,28,0.8866904751940127,0.8830627751138638,0.07142857142857142,raw
model,0,young_20_29,677,1,4,28,1.0375125195258417,1.0016026241994536,0.07142857142857142,raw
model,0,young_20_29,3875,1,1,77,0.6158192985705012,0.639256382798565,0.2987012987012987,raw
model,0,young_20_29,3875,1,2,77,0.7656727855576879,0.7668374865476619,0.1038961038961039,raw
model,0,young_20_29,3875,1,3,77,0.8714777351943405,0.8727040273989539,0.025974025974025976,raw
model,0,young_20_29,3875,1,4,77,1.0217040750469564,1.0010850307036656,0.025974025974025976,raw
model,0,young_20_29,4790,0,1,25,0.43290204343881183,0.4550440313432025,0.0,raw
model,0,young_20_29,4790,0,2,25,0.5511175295823791,0.547189145784788,0.04,raw
model,0,young_20_29,4790,0,3,25,0.6367195661570474,0.6366732537616815,0.0,raw
model,0,young_20_29,4790,0,4,24,0.7596371069582594,0.7577006619854989,0.0,raw
model,0,young_20_29,1478,0,1,22,0.44430369308890505,0.4541427217753726,0.0,raw
model,0,young_20_29,1478,0,2,22,0.5546317331358102,0.5531026155365463,0.0,raw
model,0,young_20_29,1478,0,3,22,0.6328589306253251,0.6294086611378202,0.045454545454545456,raw
model,0,young_20_29,1478,0,4,22,0.7524172909933348,0.7388089187658786,0.045454545454545456,raw
model,0,young_20_29,5256,0,1,23,0.43270153693535024,0.4494256692218467,0.0,raw
model,0,young_20_29,5256,0,2,23,0.5470835148404231,0.5438526087495115,0.0,raw
model,0,young_20_29,5256,0,3,22,0.6183032664813722,0.6185047546703545,0.045454545454545456,raw
model,0,young_20_29,5256,0,4,22,0.7385089375809547,0.7180843887736537,0.0,raw
model,0,young_20_29,182,0,1,34,0.4283953506689774,0.43914327744106685,0.0,raw
model,0,young_20_29,182,0,2,34,0.5483931958536477,0.5522157705551088,0.0,raw
model,0,young_20_29,182,0,3,34,0.6260334993558946,0.6171858641536527,0.0,raw
model,0,young_20_29,182,0,4,34,0.7816507837127,0.7551612904753979,0.0,raw
model,0,young_20_29,4790,1,1,25,0.6382282948340721,0.6658833829865252,0.28,raw
model,0,young_20_29,4790,1,2,25,0.7722152723667622,0.7749641048944802,0.0,raw
model,0,young_20_29,4790,1,3,24,0.878312228730899,0.8848808706962608,0.16666666666666666,raw
model,0,young_20_29,4790,1,4,24,1.058378907251493,1.0480158350325273,0.0,raw
model,0,young_20_29,1478,1,1,22,0.5832490712149139,0.6110147467546904,0.36363636363636365,raw
model,0,young_20_29,1478,1,2,22,0.7795358066151004,0.7859837955000103,0.045454545454545456,raw
model,0,young_20_29,1478,1,3,22,0.9044082253693774,0.9088199327075954,0.09090909090909091,raw
model,0,young_20_29,1478,1,4,21,1.083537085655537,1.0628617079213047,0.0,raw
model,0,young_20_29,4398,1,1,27,0.5782065584508334,0.6068480169240567,0.25925925925925924,raw
model,0,young_20_29,4398,1,2,27,0.7647623513294415,0.7681945584826276,0.037037037037037035,raw
model,0,young_20_29,4398,1,3,26,0.8841437503786744,0.8923518276506157,0.038461538461538464,raw
model,0,young_20_29,4398,1,4,26,1.0782475541627081,1.086516036511215,0.0,raw
model,0,young_20_29,4398,0,1,27,0.41950787383697413,0.4358557395805569,0.0,raw
model,0,young_20_29,4398,0,2,27,0.5436618461337708,0.5386322707698269,0.037037037037037035,raw
model,0,young_20_29,4398,0,3,26,0.6319882914899917,0.6302853094168936,0.0,raw
model,0,young_20_29,4398,0,4,26,0.7540677397770997,0.7422725555653513,0.038461538461538464,raw
model,0,young_20_29,2553,0,1,27,0.41760697495709276,0.4197056056934684,0.037037037037037035,raw
model,0,young_20_29,2553,0,2,26,0.5473751173565822,0.5457602422096368,0.0,raw
model,0,young_20_29,2553,0,3,26,0.631812040077047,0.6316225351507315,0.0,raw
model,0,young_20_29,2553,0,4,26,0.7613757349678256,0.7404314399266909,0.07692307692307693,raw
model,0,older_80_89,6609,0,1,171,0.49289767345866514,0.528164475404695,0.029239766081871343,raw
model,0,older_80_89,6609,0,2,171,0.7317745146656053,0.7307523662867784,0.017543859649122806,raw
model,0,older_80_89,6609,0,3,171,0.890352586357784,0.8892458759233435,0.0,raw
model,0,older_80_89,6609,0,4,171,1.178107085440916,1.1215317691199005,0.0,raw
model,0,older_80_89,984,0,1,172,0.5049265268410946,0.5275386727692963,0.011627906976744186,raw
model,0,older_80_89,984,0,2,172,0.7127760835423937,0.7100338384853488,0.005813953488372093,raw
model,0,older_80_89,984,0,3,172,0.8713827857603019,0.8793594781737527,0.023255813953488372,raw
model,0,older_80_89,984,0,4,172,1.1236148492269857,1.0820294383649665,0.0,raw
model,0,older_80_89,6609,1,1,172,0.7755653473714609,0.8105613995551771,0.12209302325581395,raw
model,0,older_80_89,6609,1,2,171,1.0216069667795191,1.0236361960446914,0.04678362573099415,raw
model,0,older_80_89,6609,1,3,171,1.2074892413766247,1.2071419454878711,0.06432748538011696,raw
model,0,older_80_89,6609,1,4,171,1.4650340663471015,1.430322861374076,0.03508771929824561,raw
model,0,older_80_89,2410,0,1,157,0.5189470248132287,0.5393129716590205,0.006369426751592357,raw
model,0,older_80_89,2410,0,2,157,0.7330960494146598,0.7292274886160743,0.006369426751592357,raw
model,0,older_80_89,2410,0,3,157,0.8957728792356989,0.891813146905829,0.01910828025477707,raw
model,0,older_80_89,2410,0,4,156,1.159033838246708,1.1351472503421047,0.0,raw
model,0,older_80_89,984,1,1,170,0.7789581813031022,0.8030557408605676,0.09411764705882353,raw
model,0,older_80_89,984,1,2,170,1.0295495325146466,1.0307144879236003,0.047058823529411764,raw
model,0,older_80_89,984,1,3,170,1.197608186100902,1.1952523453628627,0.041176470588235294,raw
model,0,older_80_89,984,1,4,170,1.489717535221573,1.4348736354481735,0.023529411764705882,raw
model,0,older_80_89,3403,0,1,128,0.5401202691006173,0.5607997500192117,0.0078125,raw
model,0,older_80_89,3403,0,2,128,0.7390549688077663,0.7392633670555517,0.015625,raw
model,0,older_80_89,3403,0,3,127,0.8968576415640349,0.9023076884131456,0.0,raw
model,0,older_80_89,3403,0,4,127,1.1324000109254573,1.0863813106832956,0.015748031496062992,raw
model,0,older_80_89,3403,1,1,127,0.7827267539569711,0.810191383498304,0.09448818897637795,raw
model,0,older_80_89,3403,1,2,126,1.0318618578505456,1.0318236449779354,0.06349206349206349,raw
model,0,older_80_89,3403,1,3,126,1.214531133714285,1.2135913608548319,0.05555555555555555,raw
model,0,older_80_89,3403,1,4,126,1.5048859164767916,1.4764004652749132,0.015873015873015872,raw
model,0,older_80_89,2410,1,1,156,0.7864753315684951,0.8211333852642005,0.10256410256410256,raw
model,0,older_80_89,2410,1,2,155,1.0458040264238662,1.04942089679568,0.05806451612903226,raw
model,0,older_80_89,2410,1,3,155,1.2052681356567434,1.207843948625559,0.03225806451612903,raw
model,0,older_80_89,2410,1,4,155,1.478972916312708,1.44143529915241,0.025806451612903226,raw
model,1,young_20_29,2918,0,1,163,0.42536624102361553,0.4382366448208169,0.024539877300613498,raw
model,1,young_20_29,2918,0,2,162,0.5506914613286897,0.5556189640037055,0.024691358024691357,raw
model,1,young_20_29,2918,0,3,162,0.6294130667565908,0.6306200145520919,0.0,raw
model,1,young_20_29,2918,0,4,162,0.7475584175318235,0.7334102111845581,0.018518518518518517,raw
model,1,young_20_29,2918,1,1,162,0.6050107833588928,0.6254748402947707,0.345679012345679,raw
model,1,young_20_29,2918,1,2,162,0.7728038786349899,0.7715516523487476,0.16049382716049382,raw
model,1,young_20_29,2918,1,3,162,0.8801432449486657,0.8773565807265381,0.07407407407407407,raw
model,1,young_20_29,2918,1,4,162,1.0376344902556243,1.0259548827954073,0.018518518518518517,raw
model,1,young_20_29,899,1,1,26,0.6314415065897498,0.6417630711834543,0.2692307692307692,raw
model,1,young_20_29,899,1,2,25,0.7535401927363041,0.7436799110197382,0.16,raw
model,1,young_20_29,899,1,3,25,0.8842540363285378,0.8814671358026543,0.04,raw
model,1,young_20_29,899,1,4,25,1.06235811201957,1.0350916904339025,0.0,raw
model,1,young_20_29,182,1,1,34,0.6046389445516781,0.6259897084155261,0.4117647058823529,raw
model,1,young_20_29,182,1,2,34,0.7833758774508168,0.7742456933031836,0.08823529411764706,raw
model,1,young_20_29,182,1,3,34,0.898598094318627,0.8925469603377878,0.029411764705882353,raw
model,1,young_20_29,182,1,4,33,1.06175793484653,1.0468058041026105,0.0,raw
model,1,young_20_29,5256,1,1,24,0.5965769781641623,0.6042976490011577,0.2916666666666667,raw
model,1,young_20_29,5256,1,2,23,0.7709416775166524,0.7686180321505107,0.08695652173913043,raw
model,1,young_20_29,5256,1,3,23,0.8876154295219056,0.8909812030770585,0.13043478260869565,raw
model,1,young_20_29,5256,1,4,23,1.032026777027561,1.0039286182408853,0.0,raw
model,1,young_20_29,3875,0,1,77,0.4331467948150831,0.4454807335792284,0.03896103896103896,raw
model,1,young_20_29,3875,0,2,77,0.5420655984241383,0.5470538159727357,0.025974025974025976,raw
model,1,young_20_29,3875,0,3,77,0.6334201601039223,0.6324761189514442,0.012987012987012988,raw
model,1,young_20_29,3875,0,4,76,0.7578485859143194,0.7428936207915658,0.02631578947368421,raw
model,1,young_20_29,899,0,1,26,0.41735441725177613,0.4383256071624468,0.07692307692307693,raw
model,1,young_20_29,899,0,2,26,0.5389075405610023,0.5361434659277058,0.038461538461538464,raw
model,1,young_20_29,899,0,3,25,0.6369060285373837,0.6419914813417421,0.04,raw
model,1,young_20_29,899,0,4,25,0.7425359711596394,0.7365821507884149,0.0,raw
model,1,young_20_29,677,0,1,29,0.39550525426405453,0.4191528632378338,0.034482758620689655,raw
model,1,young_20_29,677,0,2,28,0.5208121167224884,0.5222119980588578,0.03571428571428571,raw
model,1,young_20_29,677,0,3,28,0.614672925446299,0.6202536269875585,0.0,raw
model,1,young_20_29,677,0,4,28,0.7487172010779909,0.7510380478186452,0.0,raw
model,1,young_20_29,5675,0,1,147,0.4241484404098262,0.4415742226539161,0.006802721088435374,raw
model,1,young_20_29,5675,0,2,147,0.5560750532153089,0.5536513838795086,0.034013605442176874,raw
model,1,young_20_29,5675,0,3,147,0.6407703392244065,0.6377828453094908,0.013605442176870748,raw
model,1,young_20_29,5675,0,4,146,0.7694159885028178,0.7510961330377399,0.02054794520547945,raw
model,1,young_20_29,5675,1,1,145,0.6095639669272763,0.6265770251606873,0.3448275862068966,raw
model,1,young_20_29,5675,1,2,145,0.7860537371893147,0.7889218654155626,0.10344827586206896,raw
model,1,young_20_29,5675,1,3,145,0.9001184367787822,0.9049648266036524,0.07586206896551724,raw
model,1,young_20_29,5675,1,4,145,1.0642484890790962,1.0433930008385874,0.027586206896551724,raw
model,1,young_20_29,2553,1,1,27,0.657599246840185,0.6547223129266003,0.2222222222222222,raw
model,1,young_20_29,2553,1,2,27,0.7926591396172585,0.7911243074598278,0.14814814814814814,raw
model,1,young_20_29,2553,1,3,27,0.9147611076468571,0.91347822941322,0.037037037037037035,raw
model,1,young_20_29,2553,1,4,26,1.080508641249118,1.0761840581714013,0.038461538461538464,raw
model,1,young_20_29,7862,0,1,30,0.4597198815891764,0.47223888637674083,0.03333333333333333,raw
model,1,young_20_29,7862,0,2,30,0.5592035396568827,0.5588170208158918,0.0,raw
model,1,young_20_29,7862,0,3,30,0.637486389498412,0.6371176735421391,0.03333333333333333,raw
model,1,young_20_29,7862,0,4,30,0.7570343532460476,0.7326990188924765,0.03333333333333333,raw
model,1,young_20_29,7862,1,1,31,0.6282389087549343,0.6478468797850071,0.25806451612903225,raw
model,1,young_20_29,7862,1,2,31,0.7827386125139667,0.7786395657995793,0.25806451612903225,raw
model,1,young_20_29,7862,1,3,30,0.8720187063058394,0.8762129289751454,0.06666666666666667,raw
model,1,young_20_29,7862,1,4,30,1.0102831243561465,0.9890064831221198,0.03333333333333333,raw
model,1,young_20_29,677,1,1,29,0.5960094378395137,0.6088924529409985,0.3448275862068966,raw
model,1,young_20_29,677,1,2,28,0.7911315217137707,0.7921739202881761,0.14285714285714285,raw
model,1,young_20_29,677,1,3,28,0.9094284301476117,0.9096738742437388,0.10714285714285714,raw
model,1,young_20_29,677,1,4,28,1.0626001438474428,1.0361195158723675,0.03571428571428571,raw
model,1,young_20_29,3875,1,1,77,0.6055873250367948,0.6281996597829779,0.2597402597402597,raw
model,1,young_20_29,3875,1,2,77,0.7671595342514986,0.7696155874221534,0.14285714285714285,raw
model,1,young_20_29,3875,1,3,77,0.8754312932541133,0.883566075672465,0.0,raw
model,1,young_20_29,3875,1,4,77,1.0150322556991243,0.9937826343383196,0.03896103896103896,raw
model,1,young_20_29,4790,0,1,25,0.4286891920158371,0.4408542435627379,0.04,raw
model,1,young_20_29,4790,0,2,25,0.5589595513837778,0.5510652831332291,0.0,raw
model,1,young_20_29,4790,0,3,25,0.6381009525317435,0.6365252226489889,0.0,raw
model,1,young_20_29,4790,0,4,24,0.7519692715620275,0.7408381747168566,0.0,raw
model,1,young_20_29,1478,0,1,22,0.4374266266508421,0.45642372668187803,0.0,raw
model,1,young_20_29,1478,0,2,22,0.5507573859494,0.5516941304937284,0.09090909090909091,raw
model,1,young_20_29,1478,0,3,22,0.6383595935211395,0.6421378415321763,0.0,raw
model,1,young_20_29,1478,0,4,22,0.74757641147018,0.7178460556120938,0.045454545454545456,raw
model,1,young_20_29,5256,0,1,23,0.4170716407812672,0.424079256928871,0.0,raw
model,1,young_20_29,5256,0,2,23,0.5404444332718084,0.5486281556291994,0.0,raw
model,1,young_20_29,5256,0,3,22,0.6191617851821071,0.6183952632071639,0.045454545454545456,raw
model,1,young_20_29,5256,0,4,22,0.7327622575749841,0.7106723838593987,0.0,raw
model,1,young_20_29,182,0,1,34,0.4248600867023693,0.444529033583668,0.0,raw
model,1,young_20_29,182,0,2,34,0.5327190481339253,0.5348943234152701,0.029411764705882353,raw
model,1,young_20_29,182,0,3,34,0.6316920623268727,0.6374308879036772,0.029411764705882353,raw
model,1,young_20_29,182,0,4,34,0.7723735218964284,0.7611276209069582,0.0,raw
model,1,young_20_29,4790,1,1,25,0.6273488688719614,0.6369503853657351,0.32,raw
model,1,young_20_29,4790,1,2,25,0.7838955769448843,0.7898682405453137,0.12,raw
model,1,young_20_29,4790,1,3,24,0.8935090960667723,0.8996015632470057,0.08333333333333333,raw
model,1,young_20_29,4790,1,4,24,1.0575619039830209,1.0300930946213604,0.0,raw
model,1,young_20_29,1478,1,1,22,0.5765961415155111,0.5844868746060674,0.36363636363636365,raw
model,1,young_20_29,1478,1,2,22,0.7536335952621098,0.7384307329300023,0.09090909090909091,raw
model,1,young_20_29,1478,1,3,22,0.9114440186684539,0.9116803977069381,0.0,raw
model,1,young_20_29,1478,1,4,21,1.0858550888146066,1.04197186968048,0.0,raw
model,1,young_20_29,4398,1,1,27,0.5851244896187597,0.5830786553721904,0.2222222222222222,raw
model,1,young_20_29,4398,1,2,27,0.7613159743780092,0.7601512824182955,0.07407407407407407,raw
model,1,young_20_29,4398,1,3,26,0.8991436980998361,0.8891601220102203,0.0,raw
model,1,young_20_29,4398,1,4,26,1.0710061536449933,1.0422634166282472,0.038461538461538464,raw
model,1,young_20_29,4398,0,1,27,0.43153639810101474,0.4456905753112622,0.0,raw
model,1,young_20_29,4398,0,2,27,0.5526415246191596,0.5537337622762857,0.0,raw
model,1,young_20_29,4398,0,3,26,0.6293343510826934,0.6268429663232822,0.0,raw
model,1,young_20_29,4398,0,4,26,0.7355581207739138,0.7313560675839459,0.0,raw
model,1,young_20_29,2553,0,1,27,0.4264288692016605,0.4329431408569543,0.037037037037037035,raw
model,1,young_20_29,2553,0,2,26,0.5393706789458025,0.5434944589782883,0.038461538461538464,raw
model,1,young_20_29,2553,0,3,26,0.6205486881932979,0.6207627635936398,0.038461538461538464,raw
model,1,young_20_29,2553,0,4,26,0.7503005536537788,0.7374472355790613,0.0,raw
model,1,older_80_89,6609,0,1,171,0.5038180823646358,0.5238397044769223,0.005847953216374269,raw
model,1,older_80_89,6609,0,2,171,0.734253912584831,0.741434779354297,0.017543859649122806,raw
model,1,older_80_89,6609,0,3,171,0.8839850894026825,0.8834504760342279,0.0,raw
model,1,older_80_89,6609,0,4,171,1.1418236386900902,1.1027011368516484,0.011695906432748537,raw
model,1,older_80_89,984,0,1,172,0.5033617200719728,0.53352898859435,0.011627906976744186,raw
model,1,older_80_89,984,0,2,172,0.7232957533978193,0.7244714121399707,0.0,raw
model,1,older_80_89,984,0,3,172,0.8717588045204205,0.8686106246309457,0.0,raw
model,1,older_80_89,984,0,4,172,1.1156351084823712,1.071110329822368,0.029069767441860465,raw
model,1,older_80_89,6609,1,1,172,0.7794148153137865,0.8044845719896101,0.16279069767441862,raw
model,1,older_80_89,6609,1,2,171,1.0103409150385358,1.013438116418678,0.08771929824561403,raw
model,1,older_80_89,6609,1,3,171,1.1942584463008183,1.200065852208403,0.05263157894736842,raw
model,1,older_80_89,6609,1,4,171,1.4616368724768387,1.4268604627203627,0.04093567251461988,raw
model,1,older_80_89,2410,0,1,157,0.5051009498470754,0.5269152519167221,0.006369426751592357,raw
model,1,older_80_89,2410,0,2,157,0.7388750110278148,0.736960554080184,0.012738853503184714,raw
model,1,older_80_89,2410,0,3,157,0.895561879630027,0.899804272914921,0.0,raw
model,1,older_80_89,2410,0,4,156,1.1594311243617028,1.1160064553525957,0.01282051282051282,raw
model,1,older_80_89,984,1,1,170,0.7692128303177208,0.7967013289851366,0.14705882352941177,raw
model,1,older_80_89,984,1,2,170,1.0150909817746165,1.022030591216888,0.029411764705882353,raw
model,1,older_80_89,984,1,3,170,1.1922546904344256,1.1911676169138925,0.047058823529411764,raw
model,1,older_80_89,984,1,4,170,1.4893124085281255,1.447548118108203,0.01764705882352941,raw
model,1,older_80_89,3403,0,1,128,0.5516089270535193,0.5730020766435336,0.0078125,raw
model,1,older_80_89,3403,0,2,128,0.7437810930244145,0.7447207516771548,0.0078125,raw
model,1,older_80_89,3403,0,3,127,0.8981913437956982,0.894626431609591,0.007874015748031496,raw
model,1,older_80_89,3403,0,4,127,1.1877442890762666,1.146985615481812,0.0,raw
model,1,older_80_89,3403,1,1,127,0.7807324210390786,0.8116079537142369,0.12598425196850394,raw
model,1,older_80_89,3403,1,2,126,1.0315722394103912,1.0300644967175894,0.05555555555555555,raw
model,1,older_80_89,3403,1,3,126,1.2220454214374477,1.2196275126502807,0.047619047619047616,raw
model,1,older_80_89,3403,1,4,126,1.5062021755959374,1.4757013106371755,0.031746031746031744,raw
model,1,older_80_89,2410,1,1,156,0.7860732287608904,0.8077295291727016,0.07051282051282051,raw
model,1,older_80_89,2410,1,2,155,1.033757284186782,1.0286040984939673,0.04516129032258064,raw
model,1,older_80_89,2410,1,3,155,1.219474529132808,1.214027467621542,0.03870967741935484,raw
model,1,older_80_89,2410,1,4,155,1.4991017506203594,1.4499112393118363,0.05161290322580645,raw
model,2,young_20_29,2918,0,1,163,0.42861633564562546,0.4476429274287669,0.012269938650306749,raw
model,2,young_20_29,2918,0,2,162,0.5449958911565669,0.5407155753957382,0.018518518518518517,raw
model,2,young_20_29,2918,0,3,162,0.6270763942074272,0.6280841585243255,0.018518518518518517,raw
model,2,young_20_29,2918,0,4,162,0.7505952534212788,0.7320419550053717,0.030864197530864196,raw
model,2,young_20_29,2918,1,1,162,0.6043560053495028,0.6222752899496707,0.35185185185185186,raw
model,2,young_20_29,2918,1,2,162,0.7693249017247462,0.7714797566070077,0.18518518518518517,raw
model,2,young_20_29,2918,1,3,162,0.8782212933711437,0.8752712661309705,0.08024691358024691,raw
model,2,young_20_29,2918,1,4,162,1.0449864425881439,1.0218515742330618,0.05555555555555555,raw
model,2,young_20_29,899,1,1,26,0.6306245826565734,0.6483350622499656,0.23076923076923078,raw
model,2,young_20_29,899,1,2,25,0.7633306956941496,0.7602673453493848,0.12,raw
model,2,young_20_29,899,1,3,25,0.8852231385258562,0.8879731645896001,0.16,raw
model,2,young_20_29,899,1,4,25,1.0703638267018634,1.041411621976554,0.0,raw
model,2,young_20_29,182,1,1,34,0.604546277838625,0.6223911969405403,0.35294117647058826,raw
model,2,young_20_29,182,1,2,34,0.7728394516338275,0.7679055766732485,0.058823529411764705,raw
model,2,young_20_29,182,1,3,34,0.8937650402430908,0.8938861793714494,0.058823529411764705,raw
model,2,young_20_29,182,1,4,33,1.05728668133075,1.0457638488475285,0.030303030303030304,raw
model,2,young_20_29,5256,1,1,24,0.6141111377507378,0.616547063417311,0.125,raw
model,2,young_20_29,5256,1,2,23,0.7843411991560422,0.7807462172027504,0.2608695652173913,raw
model,2,young_20_29,5256,1,3,23,0.8887769430378659,0.8809235054229876,0.043478260869565216,raw
model,2,young_20_29,5256,1,4,23,1.0389118258888903,1.0166429850978789,0.0,raw
model,2,young_20_29,3875,0,1,77,0.4305374319848691,0.4444578886137612,0.06493506493506493,raw
model,2,young_20_29,3875,0,2,77,0.541486991552671,0.539450810627231,0.0,raw
model,2,young_20_29,3875,0,3,77,0.637392747517519,0.6381510318150814,0.025974025974025976,raw
model,2,young_20_29,3875,0,4,76,0.7690080854941252,0.7496714792548692,0.013157894736842105,raw
model,2,young_20_29,899,0,1,26,0.4183784406304519,0.43515719636251304,0.038461538461538464,raw
model,2,young_20_29,899,0,2,26,0.5294803630606156,0.5401378617299355,0.0,raw
model,2,young_20_29,899,0,3,25,0.6235087785114862,0.617857405561514,0.0,raw
model,2,young_20_29,899,0,4,25,0.755575250499491,0.7462043801086345,0.0,raw
model,2,young_20_29,677,0,1,29,0.40528505452205527,0.3988852987639846,0.0,raw
model,2,young_20_29,677,0,2,28,0.5378050147947933,0.5317348415744083,0.0,raw
model,2,young_20_29,677,0,3,28,0.6191921835975362,0.6224659526990377,0.0,raw
model,2,young_20_29,677,0,4,28,0.7475906507841265,0.7385282742791608,0.0,raw
model,2,young_20_29,5675,0,1,147,0.42020334190491343,0.4359493549267932,0.034013605442176874,raw
model,2,young_20_29,5675,0,2,147,0.5568459254628562,0.5602600402929887,0.034013605442176874,raw
model,2,young_20_29,5675,0,3,147,0.6381423264091314,0.6373821367283498,0.034013605442176874,raw
model,2,young_20_29,5675,0,4,146,0.7681401239163785,0.753256852518166,0.0136986301369863,raw
model,2,young_20_29,5675,1,1,145,0.6095846995820148,0.6313898359836255,0.3793103448275862,raw
model,2,young_20_29,5675,1,2,145,0.7818938731393985,0.784733668435085,0.1310344827586207,raw
model,2,young_20_29,5675,1,3,145,0.8948446719543187,0.8962035763126492,0.10344827586206896,raw
model,2,young_20_29,5675,1,4,145,1.056866720306574,1.0414631271524053,0.034482758620689655,raw
model,2,young_20_29,2553,1,1,27,0.6447732684075927,0.6453019805174224,0.4074074074074074,raw
model,2,young_20_29,2553,1,2,27,0.7998312671793999,0.7908123496576278,0.14814814814814814,raw
model,2,young_20_29,2553,1,3,27,0.9124566288897266,0.9092316768424228,0.1111111111111111,raw
model,2,young_20_29,2553,1,4,26,1.0835749961108214,1.0574311658427877,0.0,raw
model,2,young_20_29,7862,0,1,30,0.4614698225047261,0.4776474437798288,0.06666666666666667,raw
model,2,young_20_29,7862,0,2,30,0.56366178814851,0.5641577747432605,0.0,raw
model,2,young_20_29,7862,0,3,30,0.6388678423682185,0.6461781665969928,0.03333333333333333,raw
model,2,young_20_29,7862,0,4,30,0.7415360458970202,0.7395049780428203,0.03333333333333333,raw
model,2,young_20_29,7862,1,1,31,0.6348760999824832,0.6648411455627246,0.3870967741935484,raw
model,2,young_20_29,7862,1,2,31,0.7698500836761512,0.7659024409525105,0.22580645161290322,raw
model,2,young_20_29,7862,1,3,30,0.8740321038168298,0.8712659108045455,0.1,raw
model,2,young_20_29,7862,1,4,30,1.0132924226472233,0.9895708180170644,0.0,raw
model,2,young_20_29,677,1,1,29,0.5868872090756758,0.589511091839445,0.41379310344827586,raw
model,2,young_20_29,677,1,2,28,0.7896879741125613,0.801576626955427,0.17857142857142858,raw
model,2,young_20_29,677,1,3,28,0.8874647547740215,0.8850365347206512,0.0,raw
model,2,young_20_29,677,1,4,28,1.0565299324688469,1.0218908424285646,0.07142857142857142,raw
model,2,young_20_29,3875,1,1,77,0.6202673690850721,0.6458881001988848,0.23376623376623376,raw
model,2,young_20_29,3875,1,2,77,0.7752554126983555,0.772810019893558,0.07792207792207792,raw
model,2,young_20_29,3875,1,3,77,0.8707058549161004,0.8653729472744562,0.07792207792207792,raw
model,2,young_20_29,3875,1,4,77,1.0226925578820922,1.0087464696777295,0.012987012987012988,raw
model,2,young_20_29,4790,0,1,25,0.42914726607783543,0.4356460096807354,0.0,raw
model,2,young_20_29,4790,0,2,25,0.558381323547337,0.5571711325200711,0.04,raw
model,2,young_20_29,4790,0,3,25,0.6279460110775036,0.6233064009235024,0.0,raw
model,2,young_20_29,4790,0,4,24,0.7456568023174794,0.7308824949572892,0.0,raw
model,2,young_20_29,1478,0,1,22,0.45420889766341666,0.47302171816152316,0.045454545454545456,raw
model,2,young_20_29,1478,0,2,22,0.5601287181968851,0.5625595003024173,0.0,raw
model,2,young_20_29,1478,0,3,22,0.6411213523382122,0.650305819429451,0.045454545454545456,raw
model,2,young_20_29,1478,0,4,22,0.74752497228524,0.7290393818809031,0.0,raw
model,2,young_20_29,5256,0,1,23,0.4194659854952847,0.4331673240920977,0.0,raw
model,2,young_20_29,5256,0,2,23,0.5262013179185748,0.5185682310648528,0.043478260869565216,raw
model,2,young_20_29,5256,0,3,22,0.6169700723552632,0.6151269663452239,0.09090909090909091,raw
model,2,young_20_29,5256,0,4,22,0.7186771108231832,0.6955915742407741,0.0,raw
model,2,young_20_29,182,0,1,34,0.42615770463130714,0.4349092529344742,0.058823529411764705,raw
model,2,young_20_29,182,0,2,34,0.5377831846759927,0.5377528722223033,0.0,raw
model,2,young_20_29,182,0,3,34,0.631850711466505,0.6316875332870309,0.0,raw
model,2,young_20_29,182,0,4,34,0.7740604527880519,0.7721345673435701,0.0,raw
model,2,young_20_29,4790,1,1,25,0.6432276719170644,0.6663700494554312,0.24,raw
model,2,young_20_29,4790,1,2,25,0.7885473003450629,0.787917661295857,0.04,raw
model,2,young_20_29,4790,1,3,24,0.8956125184503244,0.894578432246766,0.0,raw
model,2,young_20_29,4790,1,4,24,1.0588780318247892,1.0544281963938058,0.041666666666666664,raw
model,2,young_20_29,1478,1,1,22,0.5822658621314988,0.6223114032708398,0.2727272727272727,raw
model,2,young_20_29,1478,1,2,22,0.7558299288049203,0.761959575109812,0.045454545454545456,raw
model,2,young_20_29,1478,1,3,22,0.8799650437693906,0.872358849778391,0.045454545454545456,raw
model,2,young_20_29,1478,1,4,21,1.0971571263610902,1.0835673603572749,0.09523809523809523,raw
model,2,young_20_29,4398,1,1,27,0.5889148331259867,0.6246101807695998,0.18518518518518517,raw
model,2,young_20_29,4398,1,2,27,0.7677777510052683,0.7675383999401177,0.07407407407407407,raw
model,2,young_20_29,4398,1,3,26,0.8952933621141407,0.916138976827072,0.038461538461538464,raw
model,2,young_20_29,4398,1,4,26,1.0623355879329666,1.0559003556327213,0.0,raw
model,2,young_20_29,4398,0,1,27,0.438593690035056,0.4466040146117339,0.0,raw
model,2,young_20_29,4398,0,2,27,0.5550651304190098,0.5571719296545823,0.07407407407407407,raw
model,2,young_20_29,4398,0,3,26,0.6331162934326952,0.6296194836001096,0.0,raw
model,2,young_20_29,4398,0,4,26,0.7479542187977858,0.7320575803186147,0.0,raw
model,2,young_20_29,2553,0,1,27,0.43494233743376515,0.4481249938354034,0.037037037037037035,raw
model,2,young_20_29,2553,0,2,26,0.5381539169416877,0.541677517235264,0.0,raw
model,2,young_20_29,2553,0,3,26,0.6030861916963528,0.6008768241978091,0.0,raw
model,2,young_20_29,2553,0,4,26,0.7262648152335712,0.6956518114068027,0.0,raw
model,2,older_80_89,6609,0,1,171,0.4995348840015374,0.5254190653505759,0.017543859649122806,raw
model,2,older_80_89,6609,0,2,171,0.7203139980500572,0.7166468277400925,0.017543859649122806,raw
model,2,older_80_89,6609,0,3,171,0.8865222259263741,0.8832355487598516,0.0,raw
model,2,older_80_89,6609,0,4,171,1.1401217576365794,1.0924637444426215,0.011695906432748537,raw
model,2,older_80_89,984,0,1,172,0.5053773653780288,0.5310320674854555,0.029069767441860465,raw
model,2,older_80_89,984,0,2,172,0.7184048246082209,0.7212426814169342,0.005813953488372093,raw
model,2,older_80_89,984,0,3,172,0.8721827944021991,0.8716649953461786,0.011627906976744186,raw
model,2,older_80_89,984,0,4,172,1.1439022012498852,1.089315351280945,0.0,raw
model,2,older_80_89,6609,1,1,172,0.7666918614770944,0.8011406476603817,0.11627906976744186,raw
model,2,older_80_89,6609,1,2,171,1.004174025937478,1.0005649544328206,0.12280701754385964,raw
model,2,older_80_89,6609,1,3,171,1.1961855536836647,1.1978855554282035,0.03508771929824561,raw
model,2,older_80_89,6609,1,4,171,1.463243330796185,1.421777501976304,0.03508771929824561,raw
model,2,older_80_89,2410,0,1,157,0.5092630051714264,0.5354090509880081,0.012738853503184714,raw
model,2,older_80_89,2410,0,2,157,0.7352485631349504,0.7355099111551882,0.01910828025477707,raw
model,2,older_80_89,2410,0,3,157,0.8982339067672312,0.8985969453549532,0.012738853503184714,raw
model,2,older_80_89,2410,0,4,156,1.1681547050891974,1.1131828787966804,0.00641025641025641,raw
model,2,older_80_89,984,1,1,170,0.7793879452463985,0.8005979675656183,0.1,raw
model,2,older_80_89,984,1,2,170,1.0265616609790829,1.0298130532185317,0.07647058823529412,raw
model,2,older_80_89,984,1,3,170,1.199451590833607,1.2025538073872504,0.047058823529411764,raw
model,2,older_80_89,984,1,4,170,1.4925972616171301,1.447365154579158,0.029411764705882353,raw
model,2,older_80_89,3403,0,1,128,0.5403308877882955,0.5661517233499609,0.0078125,raw
model,2,older_80_89,3403,0,2,128,0.7437184255177827,0.7409525930882337,0.0078125,raw
model,2,older_80_89,3403,0,3,127,0.8974268434377375,0.8915139151572139,0.007874015748031496,raw
model,2,older_80_89,3403,0,4,127,1.1549866058695726,1.1249541569957924,0.015748031496062992,raw
model,2,older_80_89,3403,1,1,127,0.782769616510966,0.8240860680322307,0.10236220472440945,raw
model,2,older_80_89,3403,1,2,126,1.0318238465845866,1.022276434481718,0.05555555555555555,raw
model,2,older_80_89,3403,1,3,126,1.2177290182945535,1.214359991565892,0.047619047619047616,raw
model,2,older_80_89,3403,1,4,126,1.5059473792438824,1.4606098999395547,0.007936507936507936,raw
model,2,older_80_89,2410,1,1,156,0.8119550512327287,0.8425343308067352,0.10897435897435898,raw
model,2,older_80_89,2410,1,2,155,1.0335883541980828,1.026840784355376,0.04516129032258064,raw
model,2,older_80_89,2410,1,3,155,1.2151264610346766,1.215323728510838,0.06451612903225806,raw
model,2,older_80_89,2410,1,4,155,1.483632036174967,1.4408076852991951,0.03225806451612903,raw
model,3,young_20_29,2918,0,1,163,0.4221908202973348,0.437113688288104,0.04294478527607362,raw
model,3,young_20_29,2918,0,2,162,0.5421142371064953,0.5399173604909342,0.024691358024691357,raw
model,3,young_20_29,2918,0,3,162,0.626026208834061,0.6263972713733429,0.024691358024691357,raw
model,3,young_20_29,2918,0,4,162,0.7452957728843121,0.7246287176538693,0.018518518518518517,raw
model,3,young_20_29,2918,1,1,162,0.6098381919021991,0.6343342869817893,0.345679012345679,raw
model,3,young_20_29,2918,1,2,162,0.775377429820799,0.7767160975771413,0.12962962962962962,raw
model,3,young_20_29,2918,1,3,162,0.8869189372036994,0.8843667645233431,0.06790123456790123,raw
model,3,young_20_29,2918,1,4,162,1.0398570110095404,1.0204836458682593,0.043209876543209874,raw
model,3,young_20_29,899,1,1,26,0.6421801474443135,0.680612204267303,0.23076923076923078,raw
model,3,young_20_29,899,1,2,25,0.7788156682623217,0.7814121752427737,0.16,raw
model,3,young_20_29,899,1,3,25,0.8839390442415271,0.876843316478629,0.12,raw
model,3,young_20_29,899,1,4,25,1.0589751567364198,1.0455185457732783,0.04,raw
model,3,young_20_29,182,1,1,34,0.6088792618894758,0.6349343390716174,0.35294117647058826,raw
model,3,young_20_29,182,1,2,34,0.7754808381974895,0.7803187878164652,0.14705882352941177,raw
model,3,young_20_29,182,1,3,34,0.896055913430722,0.9002647333852865,0.08823529411764706,raw
model,3,young_20_29,182,1,4,33,1.0557101063834997,1.0354542184096756,0.030303030303030304,raw
model,3,young_20_29,5256,1,1,24,0.5849128764602088,0.5915004999786395,0.3333333333333333,raw
model,3,young_20_29,5256,1,2,23,0.7819335901177568,0.7929017826998102,0.13043478260869565,raw
model,3,young_20_29,5256,1,3,23,0.8936808430442461,0.8872074298410788,0.08695652173913043,raw
model,3,young_20_29,5256,1,4,23,1.0398624110708345,1.0270665821980485,0.0,raw
model,3,young_20_29,3875,0,1,77,0.4319883241024872,0.4433479768531383,0.025974025974025976,raw
model,3,young_20_29,3875,0,2,77,0.5433290837712716,0.5431801541016246,0.0,raw
model,3,young_20_29,3875,0,3,77,0.6335917957135554,0.6321223066203822,0.012987012987012988,raw
model,3,young_20_29,3875,0,4,76,0.749490426881125,0.7364424188206113,0.013157894736842105,raw
model,3,young_20_29,899,0,1,26,0.4289798626273858,0.4461043859766058,0.038461538461538464,raw
model,3,young_20_29,899,0,2,26,0.5315115069569741,0.5220779045815547,0.07692307692307693,raw
model,3,young_20_29,899,0,3,25,0.6310612538070511,0.6216438677086719,0.0,raw
model,3,young_20_29,899,0,4,25,0.7513557191959283,0.7261225867144048,0.0,raw
model,3,young_20_29,677,0,1,29,0.4072138248722169,0.4241443099829359,0.034482758620689655,raw
model,3,young_20_29,677,0,2,28,0.5256414662946546,0.526979327805492,0.07142857142857142,raw
model,3,young_20_29,677,0,3,28,0.6151648537975205,0.610186881140907,0.0,raw
model,3,young_20_29,677,0,4,28,0.752081499511757,0.7310398252635588,0.0,raw
model,3,young_20_29,5675,0,1,147,0.4286087474190904,0.4565180756254893,0.006802721088435374,raw
model,3,young_20_29,5675,0,2,147,0.551342861951518,0.5551919990462345,0.034013605442176874,raw
model,3,young_20_29,5675,0,3,147,0.6352218737351767,0.6315587209510801,0.013605442176870748,raw
model,3,young_20_29,5675,0,4,146,0.7620158422936665,0.7500181141122038,0.02054794520547945,raw
model,3,young_20_29,5675,1,1,145,0.6158060967657097,0.6440000912632795,0.33793103448275863,raw
model,3,young_20_29,5675,1,2,145,0.7818210476698313,0.7768549795249953,0.1310344827586207,raw
model,3,young_20_29,5675,1,3,145,0.8949456840305335,0.8963952262453081,0.05517241379310345,raw
model,3,young_20_29,5675,1,4,145,1.057366537493568,1.0355586260804075,0.006896551724137931,raw
model,3,young_20_29,2553,1,1,27,0.6538087161633918,0.6590312132480957,0.3333333333333333,raw
model,3,young_20_29,2553,1,2,27,0.8008285771675191,0.7999244137937442,0.037037037037037035,raw
model,3,young_20_29,2553,1,3,27,0.9199773919028131,0.9288515642350836,0.07407407407407407,raw
model,3,young_20_29,2553,1,4,26,1.0790678849744633,1.046244041025712,0.0,raw
model,3,young_20_29,7862,0,1,30,0.46146545051558274,0.4901008789775906,0.03333333333333333,raw
model,3,young_20_29,7862,0,2,30,0.557142495958551,0.5506571683561945,0.0,raw
model,3,young_20_29,7862,0,3,30,0.6393817307166889,0.635255551499263,0.0,raw
model,3,young_20_29,7862,0,4,30,0.7430473535842045,0.7264787700289046,0.03333333333333333,raw
model,3,young_20_29,7862,1,1,31,0.6385245265600986,0.6715077226853413,0.3225806451612903,raw
model,3,young_20_29,7862,1,2,31,0.7880242107154569,0.786034383992067,0.1935483870967742,raw
model,3,young_20_29,7862,1,3,30,0.8845239419365628,0.8821627297432441,0.03333333333333333,raw
model,3,young_20_29,7862,1,4,30,1.0288009868236228,1.0118341320954234,0.03333333333333333,raw
model,3,young_20_29,677,1,1,29,0.6011667977851743,0.6196225822215288,0.3793103448275862,raw
model,3,young_20_29,677,1,2,28,0.7787032020699035,0.7930791282889571,0.14285714285714285,raw
model,3,young_20_29,677,1,3,28,0.8958035280033891,0.8889835990405497,0.03571428571428571,raw
model,3,young_20_29,677,1,4,28,1.0514228587447962,1.0181051106789696,0.03571428571428571,raw
model,3,young_20_29,3875,1,1,77,0.6172956932473643,0.6432475490405013,0.2727272727272727,raw
model,3,young_20_29,3875,1,2,77,0.7682494419850656,0.7673940149018125,0.1038961038961039,raw
model,3,young_20_29,3875,1,3,77,0.866086467267466,0.8665254425017652,0.05194805194805195,raw
model,3,young_20_29,3875,1,4,77,1.0137239883946543,0.9970458874475778,0.03896103896103896,raw
model,3,young_20_29,4790,0,1,25,0.44728878055056553,0.4652379165423193,0.04,raw
model,3,young_20_29,4790,0,2,25,0.5605313744111775,0.5597269651605093,0.0,raw
model,3,young_20_29,4790,0,3,25,0.6388838541088733,0.6373976238690957,0.0,raw
model,3,young_20_29,4790,0,4,24,0.7623253497534788,0.7358454222606828,0.041666666666666664,raw
model,3,young_20_29,1478,0,1,22,0.4389103536262913,0.45629142182825805,0.0,raw
model,3,young_20_29,1478,0,2,22,0.5560199634345312,0.5588999363398892,0.0,raw
model,3,young_20_29,1478,0,3,22,0.6399461359550087,0.6286771944027562,0.0,raw
model,3,young_20_29,1478,0,4,22,0.7733462918799779,0.7733884146339983,0.09090909090909091,raw
model,3,young_20_29,5256,0,1,23,0.41947628479608906,0.4165176762905652,0.0,raw
model,3,young_20_29,5256,0,2,23,0.5404367527956134,0.5432385136130212,0.043478260869565216,raw
model,3,young_20_29,5256,0,3,22,0.600226750277034,0.6018638988642995,0.0,raw
model,3,young_20_29,5256,0,4,22,0.6987400411462281,0.6760533942444593,0.0,raw
model,3,young_20_29,182,0,1,34,0.4335546053074011,0.43832203857369695,0.058823529411764705,raw
model,3,young_20_29,182,0,2,34,0.5448776808816991,0.5459443271814145,0.058823529411764705,raw
model,3,young_20_29,182,0,3,34,0.629020469219836,0.6281101826342574,0.029411764705882353,raw
model,3,young_20_29,182,0,4,34,0.7682849681717224,0.7509395555337669,0.029411764705882353,raw
model,3,young_20_29,4790,1,1,25,0.6314422191292859,0.6377125459427979,0.32,raw
model,3,young_20_29,4790,1,2,25,0.7682948845257396,0.7695612085351058,0.16,raw
model,3,young_20_29,4790,1,3,24,0.887501014943202,0.884983805702798,0.16666666666666666,raw
model,3,young_20_29,4790,1,4,24,1.045305208521627,1.0426880629212643,0.0,raw
model,3,young_20_29,1478,1,1,22,0.5635439879782743,0.566518855747079,0.4090909090909091,raw
model,3,young_20_29,1478,1,2,22,0.7573751092407979,0.7612583591863287,0.045454545454545456,raw
model,3,young_20_29,1478,1,3,22,0.9047991920949684,0.9059706951520057,0.09090909090909091,raw
model,3,young_20_29,1478,1,4,21,1.06319593837237,1.0441072173071926,0.047619047619047616,raw
model,3,young_20_29,4398,1,1,27,0.5953698158532637,0.6176089814310792,0.2222222222222222,raw
model,3,young_20_29,4398,1,2,27,0.7735322676858416,0.7733267725738276,0.07407407407407407,raw
model,3,young_20_29,4398,1,3,26,0.8888782514620966,0.8929544758863166,0.07692307692307693,raw
model,3,young_20_29,4398,1,4,26,1.075062180325118,1.0831870900891434,0.0,raw
model,3,young_20_29,4398,0,1,27,0.4254064770009632,0.4428143241677398,0.0,raw
model,3,young_20_29,4398,0,2,27,0.5461367832767627,0.546775308286253,0.0,raw
model,3,young_20_29,4398,0,3,26,0.6387671345593398,0.6356828153746872,0.038461538461538464,raw
model,3,young_20_29,4398,0,4,26,0.7457295591456975,0.7388126899769833,0.0,raw
model,3,young_20_29,2553,0,1,27,0.4066805367051141,0.3980496829805631,0.037037037037037035,raw
model,3,young_20_29,2553,0,2,26,0.5383612032994629,0.5397429157269,0.038461538461538464,raw
model,3,young_20_29,2553,0,3,26,0.6175517141528242,0.6200633053361719,0.0,raw
model,3,young_20_29,2553,0,4,26,0.7342928110439219,0.7274067252584815,0.0,raw
model,3,older_80_89,6609,0,1,171,0.4990687253717265,0.5277976854951167,0.017543859649122806,raw
model,3,older_80_89,6609,0,2,171,0.7241172039106264,0.7242758819801279,0.005847953216374269,raw
model,3,older_80_89,6609,0,3,171,0.8943342746245395,0.8958218110281816,0.011695906432748537,raw
model,3,older_80_89,6609,0,4,171,1.1579710080059982,1.1236688065364269,0.005847953216374269,raw
model,3,older_80_89,984,0,1,172,0.4992213001814871,0.5268377733825809,0.0,raw
model,3,older_80_89,984,0,2,172,0.7201131466067268,0.7161092158362197,0.01744186046511628,raw
model,3,older_80_89,984,0,3,172,0.8738915895897736,0.8691879450238802,0.005813953488372093,raw
model,3,older_80_89,984,0,4,172,1.1285897411503045,1.0915865230470103,0.01744186046511628,raw
model,3,older_80_89,6609,1,1,172,0.7671374586003098,0.8127566928219079,0.16279069767441862,raw
model,3,older_80_89,6609,1,2,171,1.0134976065719465,1.0106761372666135,0.07602339181286549,raw
model,3,older_80_89,6609,1,3,171,1.1985673032186765,1.1997360606900749,0.05263157894736842,raw
model,3,older_80_89,6609,1,4,171,1.4694852164973933,1.4392492383622209,0.029239766081871343,raw
model,3,older_80_89,2410,0,1,157,0.5211591180124768,0.5408035592370181,0.006369426751592357,raw
model,3,older_80_89,2410,0,2,157,0.7317848207252525,0.739969315857593,0.03184713375796178,raw
model,3,older_80_89,2410,0,3,157,0.8963743254385812,0.9007700683109144,0.006369426751592357,raw
model,3,older_80_89,2410,0,4,156,1.1652922411967994,1.1234778993271146,0.0,raw
model,3,older_80_89,984,1,1,170,0.7791085457155434,0.8039364824750166,0.09411764705882353,raw
model,3,older_80_89,984,1,2,170,1.0299864412933117,1.030135880602174,0.07058823529411765,raw
model,3,older_80_89,984,1,3,170,1.2028634858652156,1.2009682817351413,0.07647058823529412,raw
model,3,older_80_89,984,1,4,170,1.4994220495162625,1.4503826591951197,0.011764705882352941,raw
model,3,older_80_89,3403,0,1,128,0.5407571255793684,0.561816170095604,0.0234375,raw
model,3,older_80_89,3403,0,2,128,0.7417206779050265,0.7421779678789884,0.015625,raw
model,3,older_80_89,3403,0,3,127,0.9036505951677584,0.903534543962044,0.007874015748031496,raw
model,3,older_80_89,3403,0,4,127,1.1428695517171048,1.1020456938736076,0.0,raw
model,3,older_80_89,3403,1,1,127,0.7833289077565966,0.8147814137913527,0.14173228346456693,raw
model,3,older_80_89,3403,1,2,126,1.0345552536570988,1.0342505223832958,0.06349206349206349,raw
model,3,older_80_89,3403,1,3,126,1.2014469690490979,1.1971724122168388,0.031746031746031744,raw
model,3,older_80_89,3403,1,4,126,1.4781397971234163,1.423954005818174,0.023809523809523808,raw
model,3,older_80_89,2410,1,1,156,0.7868013322009608,0.811742181143889,0.08974358974358974,raw
model,3,older_80_89,2410,1,2,155,1.037153971854367,1.038414741863112,0.05161290322580645,raw
model,3,older_80_89,2410,1,3,155,1.214706823055213,1.208034249091268,0.01935483870967742,raw
model,3,older_80_89,2410,1,4,155,1.505476421669145,1.4636423134284722,0.025806451612903226,raw
model,4,young_20_29,2918,0,1,163,0.4331510461824817,0.4509757001108367,0.012269938650306749,raw
model,4,young_20_29,2918,0,2,162,0.5489755944156599,0.5488843818264679,0.018518518518518517,raw
model,4,young_20_29,2918,0,3,162,0.6267491613118303,0.6259984835377468,0.024691358024691357,raw
model,4,young_20_29,2918,0,4,162,0.75098656180909,0.7321249000131627,0.006172839506172839,raw
model,4,young_20_29,2918,1,1,162,0.6107837179996912,0.6295954464014196,0.3333333333333333,raw
model,4,young_20_29,2918,1,2,162,0.7675860383258668,0.765720726501099,0.16049382716049382,raw
model,4,young_20_29,2918,1,3,162,0.8810540890378242,0.8777310942424763,0.07407407407407407,raw
model,4,young_20_29,2918,1,4,162,1.0456403451420158,1.020766083296894,0.012345679012345678,raw
model,4,young_20_29,899,1,1,26,0.6458782922826406,0.6716236074693573,0.3076923076923077,raw
model,4,young_20_29,899,1,2,25,0.7712765857690485,0.7723673459935273,0.2,raw
model,4,young_20_29,899,1,3,25,0.8838275273972426,0.8894164833417327,0.08,raw
model,4,young_20_29,899,1,4,25,1.0402844359820476,1.022575052001362,0.04,raw
model,4,young_20_29,182,1,1,34,0.5884425553682424,0.6067759586641799,0.35294117647058826,raw
model,4,young_20_29,182,1,2,34,0.7713999269906247,0.7683130373661226,0.08823529411764706,raw
model,4,young_20_29,182,1,3,34,0.8894185323953661,0.8863383797249278,0.058823529411764705,raw
model,4,young_20_29,182,1,4,33,1.0474184339767172,1.0295219995799494,0.0,raw
model,4,young_20_29,5256,1,1,24,0.6040517246011509,0.6413534674531018,0.16666666666666666,raw
model,4,young_20_29,5256,1,2,23,0.7862379382818449,0.7890622872860797,0.043478260869565216,raw
model,4,young_20_29,5256,1,3,23,0.8951133705866311,0.8905712121202191,0.08695652173913043,raw
model,4,young_20_29,5256,1,4,23,1.0350617821768804,1.0236408343287398,0.08695652173913043,raw
model,4,young_20_29,3875,0,1,77,0.4407575307975209,0.4610976023000601,0.012987012987012988,raw
model,4,young_20_29,3875,0,2,77,0.5455609837207532,0.5470921864866872,0.0,raw
model,4,young_20_29,3875,0,3,77,0.6320458315112317,0.6316302027240701,0.0,raw
model,4,young_20_29,3875,0,4,76,0.7547148505026859,0.7371307457809192,0.05263157894736842,raw
model,4,young_20_29,899,0,1,26,0.42629077958340045,0.4447555871592124,0.0,raw
model,4,young_20_29,899,0,2,26,0.5300747311645932,0.5314589243587147,0.038461538461538464,raw
model,4,young_20_29,899,0,3,25,0.6342943189165501,0.6295452558500456,0.0,raw
model,4,young_20_29,899,0,4,25,0.7386003948922797,0.7163813012325616,0.08,raw
model,4,young_20_29,677,0,1,29,0.40499230826673105,0.4341866486679846,0.0,raw
model,4,young_20_29,677,0,2,28,0.531633635374709,0.5312796285177634,0.0,raw
model,4,young_20_29,677,0,3,28,0.6153621182302939,0.6095259098772225,0.03571428571428571,raw
model,4,young_20_29,677,0,4,28,0.7536611668273245,0.7290715488857278,0.0,raw
model,4,young_20_29,5675,0,1,147,0.4289605849411811,0.4486833606498228,0.013605442176870748,raw
model,4,young_20_29,5675,0,2,147,0.5522854329534612,0.5513534563524665,0.013605442176870748,raw
model,4,young_20_29,5675,0,3,147,0.6432237395573577,0.6454237224516108,0.02040816326530612,raw
model,4,young_20_29,5675,0,4,146,0.7664843850917276,0.7505006595815003,0.0136986301369863,raw
model,4,young_20_29,5675,1,1,145,0.6054266736702157,0.6303736339557429,0.3931034482758621,raw
model,4,young_20_29,5675,1,2,145,0.783266224034997,0.7827908787649978,0.11724137931034483,raw
model,4,young_20_29,5675,1,3,145,0.8899813891009016,0.8873753093983519,0.08275862068965517,raw
model,4,young_20_29,5675,1,4,145,1.058032784565643,1.041666187433393,0.013793103448275862,raw
model,4,young_20_29,2553,1,1,27,0.6547782377844539,0.666880740356582,0.2962962962962963,raw
model,4,young_20_29,2553,1,2,27,0.7687783987634156,0.7637219249949997,0.1111111111111111,raw
model,4,young_20_29,2553,1,3,27,0.8943379892828486,0.8909813173591669,0.037037037037037035,raw
model,4,young_20_29,2553,1,4,26,1.0626052890653719,1.0453186184207963,0.038461538461538464,raw
model,4,young_20_29,7862,0,1,30,0.4533883618832164,0.46485733212426417,0.0,raw
model,4,young_20_29,7862,0,2,30,0.5573447470148687,0.5556825127865677,0.0,raw
model,4,young_20_29,7862,0,3,30,0.6392207836086198,0.6377214204322639,0.03333333333333333,raw
model,4,young_20_29,7862,0,4,30,0.7378986190936635,0.7377473782741011,0.0,raw
model,4,young_20_29,7862,1,1,31,0.6273923741461417,0.6502361596125568,0.3870967741935484,raw
model,4,young_20_29,7862,1,2,31,0.7807024236195427,0.7809620453194203,0.0967741935483871,raw
model,4,young_20_29,7862,1,3,30,0.8733155816903226,0.8698768614932713,0.06666666666666667,raw
model,4,young_20_29,7862,1,4,30,1.0049154151085395,0.991838443249352,0.06666666666666667,raw
model,4,young_20_29,677,1,1,29,0.5838266346383718,0.5904400296412966,0.3793103448275862,raw
model,4,young_20_29,677,1,2,28,0.7741626584753585,0.7785812677842898,0.14285714285714285,raw
model,4,young_20_29,677,1,3,28,0.8972233335623953,0.899684594673992,0.0,raw
model,4,young_20_29,677,1,4,28,1.056229693294611,1.0379333570048195,0.07142857142857142,raw
model,4,young_20_29,3875,1,1,77,0.6137136111798822,0.6254646206826575,0.22077922077922077,raw
model,4,young_20_29,3875,1,2,77,0.7765538315038548,0.7779425168615702,0.09090909090909091,raw
model,4,young_20_29,3875,1,3,77,0.8777641861913172,0.8742555274553833,0.06493506493506493,raw
model,4,young_20_29,3875,1,4,77,1.022345623444376,1.0011273130342575,0.025974025974025976,raw
model,4,young_20_29,4790,0,1,25,0.42866892745279644,0.451161670275025,0.0,raw
model,4,young_20_29,4790,0,2,25,0.5488913995282446,0.5422985476778546,0.0,raw
model,4,young_20_29,4790,0,3,25,0.6338126830882652,0.634697066888067,0.0,raw
model,4,young_20_29,4790,0,4,24,0.7490075512809611,0.7316320242542633,0.0,raw
model,4,young_20_29,1478,0,1,22,0.45277132717388474,0.4671520229258347,0.0,raw
model,4,young_20_29,1478,0,2,22,0.5440219350585604,0.5481049873046612,0.0,raw
model,4,young_20_29,1478,0,3,22,0.6252134679447308,0.6219226638546416,0.0,raw
model,4,young_20_29,1478,0,4,22,0.7492255564171988,0.7302494998127338,0.0,raw
model,4,young_20_29,5256,0,1,23,0.43315787769736835,0.4351219032299433,0.0,raw
model,4,young_20_29,5256,0,2,23,0.5327420775715238,0.5388790487211235,0.043478260869565216,raw
model,4,young_20_29,5256,0,3,22,0.6135877865297172,0.6111534984991169,0.0,raw
model,4,young_20_29,5256,0,4,22,0.7251994770059159,0.7071202089528327,0.0,raw
model,4,young_20_29,182,0,1,34,0.4327747930647666,0.4376513524123967,0.0,raw
model,4,young_20_29,182,0,2,34,0.5513186853803792,0.5459990709693803,0.0,raw
model,4,young_20_29,182,0,3,34,0.6262144683522254,0.6124126620626007,0.058823529411764705,raw
model,4,young_20_29,182,0,4,34,0.7674815647793023,0.7629631904925092,0.08823529411764706,raw
model,4,young_20_29,4790,1,1,25,0.6263102574247328,0.6307755849356125,0.2,raw
model,4,young_20_29,4790,1,2,25,0.773023342768901,0.7719703970566754,0.16,raw
model,4,young_20_29,4790,1,3,24,0.8924549510861604,0.8883175344632848,0.08333333333333333,raw
model,4,young_20_29,4790,1,4,24,1.0659974619171297,1.0539894323271652,0.0,raw
model,4,young_20_29,1478,1,1,22,0.5806093132416575,0.6171862422400511,0.4090909090909091,raw
model,4,young_20_29,1478,1,2,22,0.7530498324744784,0.7547836612081231,0.0,raw
model,4,young_20_29,1478,1,3,22,0.8917119570439943,0.8791703146326978,0.0,raw
model,4,young_20_29,1478,1,4,21,1.0939411085290711,1.0680075032342389,0.0,raw
model,4,young_20_29,4398,1,1,27,0.596284927826846,0.6282203575155809,0.25925925925925924,raw
model,4,young_20_29,4398,1,2,27,0.7651674045016477,0.767744110412,0.1111111111111111,raw
model,4,young_20_29,4398,1,3,26,0.9011147892486812,0.9145662952276618,0.038461538461538464,raw
model,4,young_20_29,4398,1,4,26,1.0729664455932206,1.0382244647338974,0.0,raw
model,4,young_20_29,4398,0,1,27,0.42161352282851117,0.4287443697433006,0.0,raw
model,4,young_20_29,4398,0,2,27,0.5565467792010692,0.5654182922340268,0.037037037037037035,raw
model,4,young_20_29,4398,0,3,26,0.6265743371499397,0.6229911825658965,0.0,raw
model,4,young_20_29,4398,0,4,26,0.735161332828967,0.7237073441198851,0.07692307692307693,raw
model,4,young_20_29,2553,0,1,27,0.4084737956901904,0.4189931156183245,0.0,raw
model,4,young_20_29,2553,0,2,26,0.536752584836939,0.527666286744556,0.038461538461538464,raw
model,4,young_20_29,2553,0,3,26,0.6248157667356445,0.6271178734634123,0.0,raw
model,4,young_20_29,2553,0,4,26,0.7227613448646648,0.7086836252544437,0.0,raw
model,4,older_80_89,6609,0,1,171,0.5043191310442607,0.5374357883956451,0.005847953216374269,raw
model,4,older_80_89,6609,0,2,171,0.725701774073862,0.7244136108174218,0.0,raw
model,4,older_80_89,6609,0,3,171,0.9043746362963297,0.9053025210145976,0.017543859649122806,raw
model,4,older_80_89,6609,0,4,171,1.1580509952081328,1.121072728738325,0.005847953216374269,raw
model,4,older_80_89,984,0,1,172,0.4970347427526728,0.524527736893242,0.005813953488372093,raw
model,4,older_80_89,984,0,2,172,0.7248424968892621,0.7329207041248063,0.005813953488372093,raw
model,4,older_80_89,984,0,3,172,0.87372982123556,0.8745707257315962,0.01744186046511628,raw
model,4,older_80_89,984,0,4,172,1.1124838633448555,1.075618688217606,0.023255813953488372,raw
model,4,older_80_89,6609,1,1,172,0.7781344093926925,0.8120736423742849,0.12209302325581395,raw
model,4,older_80_89,6609,1,2,171,1.0233709657581627,1.0275508552190151,0.04678362573099415,raw
model,4,older_80_89,6609,1,3,171,1.2104199037911332,1.2084381499491146,0.05263157894736842,raw
model,4,older_80_89,6609,1,4,171,1.4927155701247625,1.4396415073441822,0.03508771929824561,raw
model,4,older_80_89,2410,0,1,157,0.5254765041992777,0.5503678092844102,0.006369426751592357,raw
model,4,older_80_89,2410,0,2,157,0.7357299022604119,0.73613010412079,0.0,raw
model,4,older_80_89,2410,0,3,157,0.8985283854140753,0.8992153890272359,0.03184713375796178,raw
model,4,older_80_89,2410,0,4,156,1.1491884103937786,1.1055470219834533,0.00641025641025641,raw
model,4,older_80_89,984,1,1,170,0.7747965019191231,0.8119746665028098,0.11764705882352941,raw
model,4,older_80_89,984,1,2,170,1.0106642813194155,1.0097311369158795,0.052941176470588235,raw
model,4,older_80_89,984,1,3,170,1.1852486532089295,1.1796707981098606,0.041176470588235294,raw
model,4,older_80_89,984,1,4,170,1.469838863351334,1.4432987148271756,0.023529411764705882,raw
model,4,older_80_89,3403,0,1,128,0.5467110409977172,0.5644158163837002,0.0078125,raw
model,4,older_80_89,3403,0,2,128,0.7336154674922857,0.7374949974746645,0.015625,raw
model,4,older_80_89,3403,0,3,127,0.8880867002438775,0.8861340256144798,0.0,raw
model,4,older_80_89,3403,0,4,127,1.1604945095221884,1.1276017415884476,0.007874015748031496,raw
model,4,older_80_89,3403,1,1,127,0.7859482332936031,0.8202638710453087,0.14173228346456693,raw
model,4,older_80_89,3403,1,2,126,1.030601546710673,1.028609309061785,0.06349206349206349,raw
model,4,older_80_89,3403,1,3,126,1.2033260876409095,1.1870795742928149,0.031746031746031744,raw
model,4,older_80_89,3403,1,4,126,1.507412274740831,1.4779176031532388,0.015873015873015872,raw
model,4,older_80_89,2410,1,1,156,0.7949507112858262,0.8220922937380879,0.07051282051282051,raw
model,4,older_80_89,2410,1,2,155,1.0407579349977358,1.042232662507681,0.025806451612903226,raw
model,4,older_80_89,2410,1,3,155,1.220969301678554,1.221017572268959,0.03870967741935484,raw
model,4,older_80_89,2410,1,4,155,1.4807259420401306,1.454418949926239,0.03225806451612903,raw
model,5,young_20_29,2918,0,1,163,0.4284483788571244,0.4467274822239956,0.03680981595092025,raw
model,5,young_20_29,2918,0,2,162,0.5441995282491991,0.5463927231682827,0.006172839506172839,raw
model,5,young_20_29,2918,0,3,162,0.6286806703375052,0.6298101015995554,0.018518518518518517,raw
model,5,young_20_29,2918,0,4,162,0.7509891439274794,0.7423790005437507,0.006172839506172839,raw
model,5,young_20_29,2918,1,1,162,0.6049822633212829,0.6193931292232989,0.3333333333333333,raw
model,5,young_20_29,2918,1,2,162,0.774225433321726,0.7767039860314946,0.13580246913580246,raw
model,5,young_20_29,2918,1,3,162,0.8841905633935968,0.8804351264830335,0.09876543209876543,raw
model,5,young_20_29,2918,1,4,162,1.0452883795461654,1.0264795367023054,0.024691358024691357,raw
model,5,young_20_29,899,1,1,26,0.6384261870099454,0.6622262504870725,0.2692307692307692,raw
model,5,young_20_29,899,1,2,25,0.7634520732732816,0.7581425273585795,0.28,raw
model,5,young_20_29,899,1,3,25,0.8743312719953437,0.8781070860174619,0.08,raw
model,5,young_20_29,899,1,4,25,1.0447245998537094,1.029655916148444,0.0,raw
model,5,young_20_29,182,1,1,34,0.5968068400569756,0.6191050243227545,0.3235294117647059,raw
model,5,young_20_29,182,1,2,34,0.7627319657757407,0.7561354071919308,0.14705882352941177,raw
model,5,young_20_29,182,1,3,34,0.8832975242824219,0.8785791447168506,0.08823529411764706,raw
model,5,young_20_29,182,1,4,33,1.0431094836338792,1.0336789730960276,0.030303030303030304,raw
model,5,young_20_29,5256,1,1,24,0.6139352277500273,0.645181065481145,0.25,raw
model,5,young_20_29,5256,1,2,23,0.7791713665164006,0.7795206428951378,0.0,raw
model,5,young_20_29,5256,1,3,23,0.8941641268103201,0.8911844850580285,0.13043478260869565,raw
model,5,young_20_29,5256,1,4,23,1.0407545976571204,1.0163967309055473,0.043478260869565216,raw
model,5,young_20_29,3875,0,1,77,0.4282333492082249,0.4442065583142835,0.03896103896103896,raw
model,5,young_20_29,3875,0,2,77,0.5480107944234626,0.5471748874227006,0.025974025974025976,raw
model,5,young_20_29,3875,0,3,77,0.631110417412809,0.6280633151233261,0.012987012987012988,raw
model,5,young_20_29,3875,0,4,76,0.7564446270670553,0.7411039663871193,0.02631578947368421,raw
model,5,young_20_29,899,0,1,26,0.42713342126591053,0.4406329544580469,0.038461538461538464,raw
model,5,young_20_29,899,0,2,26,0.5314529241769764,0.5344246969311253,0.0,raw
model,5,young_20_29,899,0,3,25,0.6274461685887486,0.6265288518502965,0.0,raw
model,5,young_20_29,899,0,4,25,0.748675716250536,0.730560131746012,0.0,raw
model,5,young_20_29,677,0,1,29,0.3975878982804993,0.4012687593864522,0.10344827586206896,raw
model,5,young_20_29,677,0,2,28,0.5431729101843163,0.546856895590466,0.07142857142857142,raw
model,5,young_20_29,677,0,3,28,0.6229073108191623,0.6251883656617303,0.0,raw
model,5,young_20_29,677,0,4,28,0.759429055900914,0.7517798479882356,0.0,raw
model,5,young_20_29,5675,0,1,147,0.4326319310288602,0.4456409907741213,0.013605442176870748,raw
model,5,young_20_29,5675,0,2,147,0.5579018526241454,0.5582284403222552,0.006802721088435374,raw
model,5,young_20_29,5675,0,3,147,0.6419499721660946,0.6415741129562146,0.02040816326530612,raw
model,5,young_20_29,5675,0,4,146,0.7624077015197485,0.7480220126232133,0.0136986301369863,raw
model,5,young_20_29,5675,1,1,145,0.6072356938042598,0.6368542269937226,0.3931034482758621,raw
model,5,young_20_29,5675,1,2,145,0.7806719620043201,0.7823042810881167,0.1103448275862069,raw
model,5,young_20_29,5675,1,3,145,0.8968714440489745,0.899396735428388,0.05517241379310345,raw
model,5,young_20_29,5675,1,4,145,1.0665838469543925,1.0486881047975112,0.013793103448275862,raw
model,5,young_20_29,2553,1,1,27,0.6488188331927683,0.6636190207062667,0.14814814814814814,raw
model,5,young_20_29,2553,1,2,27,0.7990082682132809,0.7989515776526057,0.1111111111111111,raw
model,5,young_20_29,2553,1,3,27,0.9073247374694494,0.9011684471649436,0.07407407407407407,raw
model,5,young_20_29,2553,1,4,26,1.0781456421060986,1.0461492892488171,0.0,raw
model,5,young_20_29,7862,0,1,30,0.46419717102942815,0.4802119843615378,0.0,raw
model,5,young_20_29,7862,0,2,30,0.5666694521545541,0.5662844907217786,0.03333333333333333,raw
model,5,young_20_29,7862,0,3,30,0.6365222521761263,0.6360273982469633,0.03333333333333333,raw
model,5,young_20_29,7862,0,4,30,0.7444082533725755,0.7331754784066279,0.0,raw
model,5,young_20_29,7862,1,1,31,0.6277606664967644,0.684589671858726,0.3225806451612903,raw
model,5,young_20_29,7862,1,2,31,0.7883950115035153,0.7862728390198546,0.06451612903225806,raw
model,5,young_20_29,7862,1,3,30,0.8796172439326566,0.8818818004719949,0.1,raw
model,5,young_20_29,7862,1,4,30,1.0102933682051407,0.9885110071188941,0.0,raw
model,5,young_20_29,677,1,1,29,0.606334938562177,0.6398911290056943,0.3448275862068966,raw
model,5,young_20_29,677,1,2,28,0.7798240588062135,0.773857247908289,0.10714285714285714,raw
model,5,young_20_29,677,1,3,28,0.9024927913819034,0.898920862929872,0.0,raw
model,5,young_20_29,677,1,4,28,1.0506615014572278,1.0071475720882592,0.0,raw
model,5,young_20_29,3875,1,1,77,0.6114469948238525,0.6383983003777258,0.2597402597402597,raw
model,5,young_20_29,3875,1,2,77,0.7645696408793342,0.7663187931443409,0.09090909090909091,raw
model,5,young_20_29,3875,1,3,77,0.864587599060896,0.8616230410654381,0.11688311688311688,raw
model,5,young_20_29,3875,1,4,77,1.0103986258022168,0.9925161816394648,0.05194805194805195,raw
model,5,young_20_29,4790,0,1,25,0.4227055747474344,0.4398163856250925,0.0,raw
model,5,young_20_29,4790,0,2,25,0.5600856335945605,0.5627379308224701,0.04,raw
model,5,young_20_29,4790,0,3,25,0.6415096962874707,0.6448024558822268,0.04,raw
model,5,young_20_29,4790,0,4,24,0.7597905110277816,0.738326124787324,0.0,raw
model,5,young_20_29,1478,0,1,22,0.4315262796429265,0.44558157480446337,0.0,raw
model,5,young_20_29,1478,0,2,22,0.5409067495928599,0.5418380891153349,0.09090909090909091,raw
model,5,young_20_29,1478,0,3,22,0.6347068661364649,0.6371156755187879,0.0,raw
model,5,young_20_29,1478,0,4,22,0.762563096757455,0.7323032522105372,0.0,raw
model,5,young_20_29,5256,0,1,23,0.4270905614832458,0.4251459679502339,0.0,raw
model,5,young_20_29,5256,0,2,23,0.5318273342637868,0.5352753511501314,0.043478260869565216,raw
model,5,young_20_29,5256,0,3,22,0.6055959395274504,0.6077611432806389,0.0,raw
model,5,young_20_29,5256,0,4,22,0.7208072516391169,0.6933333494361957,0.0,raw
model,5,young_20_29,182,0,1,34,0.42181897544151914,0.4283298477282935,0.029411764705882353,raw
model,5,young_20_29,182,0,2,34,0.54181135645259,0.5421609483834222,0.0,raw
model,5,young_20_29,182,0,3,34,0.6251521206603049,0.6180865660569996,0.029411764705882353,raw
model,5,young_20_29,182,0,4,34,0.7600093714548338,0.7490570474092264,0.0,raw
model,5,young_20_29,4790,1,1,25,0.6290456736232972,0.6269192679126414,0.28,raw
model,5,young_20_29,4790,1,2,25,0.7747808754063792,0.7742275233999605,0.16,raw
model,5,young_20_29,4790,1,3,24,0.8846351173578709,0.8877384868343099,0.125,raw
model,5,young_20_29,4790,1,4,24,1.061644130748842,1.050312494506453,0.08333333333333333,raw
model,5,young_20_29,1478,1,1,22,0.5815077848699296,0.5860114584068924,0.3181818181818182,raw
model,5,young_20_29,1478,1,2,22,0.7471547581208854,0.7521643448970767,0.22727272727272727,raw
model,5,young_20_29,1478,1,3,22,0.8829024346263882,0.8715672854498961,0.045454545454545456,raw
model,5,young_20_29,1478,1,4,21,1.0924604131072442,1.070531913243733,0.047619047619047616,raw
model,5,young_20_29,4398,1,1,27,0.5830960460741431,0.608904517437837,0.2222222222222222,raw
model,5,young_20_29,4398,1,2,27,0.7615822285712395,0.7637602298953482,0.1111111111111111,raw
model,5,young_20_29,4398,1,3,26,0.8855418662875905,0.8926437316052475,0.0,raw
model,5,young_20_29,4398,1,4,26,1.0767753858281142,1.0741555215811922,0.0,raw
model,5,young_20_29,4398,0,1,27,0.4282223070519913,0.448099342132768,0.0,raw
model,5,young_20_29,4398,0,2,27,0.548589098477847,0.553452221280815,0.037037037037037035,raw
model,5,young_20_29,4398,0,3,26,0.6260643304378578,0.6243453088825426,0.0,raw
model,5,young_20_29,4398,0,4,26,0.7320704822432422,0.7258452908401842,0.0,raw
model,5,young_20_29,2553,0,1,27,0.42789394422162474,0.4395786526439158,0.0,raw
model,5,young_20_29,2553,0,2,26,0.5496272325585188,0.5563613319541045,0.038461538461538464,raw
model,5,young_20_29,2553,0,3,26,0.6169577040161918,0.6170169903405429,0.038461538461538464,raw
model,5,young_20_29,2553,0,4,26,0.7231892309816298,0.7013431768980626,0.038461538461538464,raw
model,5,older_80_89,6609,0,1,171,0.5044238283104132,0.5342678140477309,0.029239766081871343,raw
model,5,older_80_89,6609,0,2,171,0.7245406374112122,0.7269790486250685,0.005847953216374269,raw
model,5,older_80_89,6609,0,3,171,0.8835883487248303,0.8783235762864495,0.011695906432748537,raw
model,5,older_80_89,6609,0,4,171,1.1487274763712647,1.0950464410851315,0.0,raw
model,5,older_80_89,984,0,1,172,0.4897104186882506,0.509622359602875,0.011627906976744186,raw
model,5,older_80_89,984,0,2,172,0.7180901571493611,0.7199548574489528,0.005813953488372093,raw
model,5,older_80_89,984,0,3,172,0.8702456486650787,0.8688627364141699,0.005813953488372093,raw
model,5,older_80_89,984,0,4,172,1.1300216346694592,1.092883864295095,0.011627906976744186,raw
model,5,older_80_89,6609,1,1,172,0.778883158865063,0.8107103695252769,0.13372093023255813,raw
model,5,older_80_89,6609,1,2,171,1.021220157250531,1.0193809424067186,0.07017543859649122,raw
model,5,older_80_89,6609,1,3,171,1.2002288194025958,1.19564510838957,0.05263157894736842,raw
model,5,older_80_89,6609,1,4,171,1.496908460288452,1.4481942579174882,0.03508771929824561,raw
model,5,older_80_89,2410,0,1,157,0.5221151985946808,0.54359250968283,0.006369426751592357,raw
model,5,older_80_89,2410,0,2,157,0.7379112022059466,0.739964896958442,0.01910828025477707,raw
model,5,older_80_89,2410,0,3,157,0.8979276167599122,0.8951369831394497,0.006369426751592357,raw
model,5,older_80_89,2410,0,4,156,1.142646458024057,1.102420211029655,0.02564102564102564,raw
model,5,older_80_89,984,1,1,170,0.7742806158063394,0.8038500869479148,0.11764705882352941,raw
model,5,older_80_89,984,1,2,170,1.027323956841941,1.0298899535024497,0.058823529411764705,raw
model,5,older_80_89,984,1,3,170,1.2118561589861816,1.2163823720825877,0.023529411764705882,raw
model,5,older_80_89,984,1,4,170,1.4773340139679787,1.4173590852424,0.011764705882352941,raw
model,5,older_80_89,3403,0,1,128,0.5316192833217515,0.5523735696582611,0.0078125,raw
model,5,older_80_89,3403,0,2,128,0.7589864718184316,0.7647398503331545,0.0078125,raw
model,5,older_80_89,3403,0,3,127,0.9097395977529681,0.9091828930330432,0.007874015748031496,raw
model,5,older_80_89,3403,0,4,127,1.1579539831690229,1.1230801594185054,0.0,raw
model,5,older_80_89,3403,1,1,127,0.7774118807816672,0.7987599920237302,0.11811023622047244,raw
model,5,older_80_89,3403,1,2,126,1.0240205022214863,1.0269275147060317,0.0873015873015873,raw
model,5,older_80_89,3403,1,3,126,1.193407275814803,1.1827467461949794,0.047619047619047616,raw
model,5,older_80_89,3403,1,4,126,1.4655122682446344,1.42621965538599,0.047619047619047616,raw
model,5,older_80_89,2410,1,1,156,0.7989029884051461,0.8265858824894513,0.12179487179487179,raw
model,5,older_80_89,2410,1,2,155,1.0375263153664247,1.0442942991697244,0.04516129032258064,raw
model,5,older_80_89,2410,1,3,155,1.2191805673345972,1.2208661533825274,0.05161290322580645,raw
model,5,older_80_89,2410,1,4,155,1.4960262725378801,1.4534616548214672,0.012903225806451613,raw
model,6,young_20_29,2918,0,1,163,0.42190018999492307,0.4330810452895403,0.012269938650306749,raw
model,6,young_20_29,2918,0,2,162,0.5439195463124991,0.5413647521292333,0.012345679012345678,raw
model,6,young_20_29,2918,0,3,162,0.6273067640995726,0.6282918007040765,0.024691358024691357,raw
model,6,young_20_29,2918,0,4,162,0.758793569176864,0.7421614470004018,0.018518518518518517,raw
model,6,young_20_29,2918,1,1,162,0.6027649233032578,0.6235410374363412,0.37037037037037035,raw
model,6,young_20_29,2918,1,2,162,0.7747335650825886,0.7749120861138348,0.09876543209876543,raw
model,6,young_20_29,2918,1,3,162,0.8878908147237129,0.8851559762543899,0.05555555555555555,raw
model,6,young_20_29,2918,1,4,162,1.044355515645296,1.0216522525612342,0.006172839506172839,raw
model,6,young_20_29,899,1,1,26,0.6224389840995508,0.6484929563602102,0.3076923076923077,raw
model,6,young_20_29,899,1,2,25,0.7629275890639883,0.7621741584187004,0.12,raw
model,6,young_20_29,899,1,3,25,0.8935688841313175,0.8981527625145282,0.16,raw
model,6,young_20_29,899,1,4,25,1.0604476271028584,1.0386630389485318,0.0,raw
model,6,young_20_29,182,1,1,34,0.6027309816871698,0.6320413973601194,0.38235294117647056,raw
model,6,young_20_29,182,1,2,34,0.7745823763321298,0.7723087277088904,0.058823529411764705,raw
model,6,young_20_29,182,1,3,34,0.8896469226620058,0.8864334124909756,0.058823529411764705,raw
model,6,young_20_29,182,1,4,33,1.0596401886416595,1.0371612362139355,0.0,raw
model,6,young_20_29,5256,1,1,24,0.6031194163639532,0.5998403283358411,0.25,raw
model,6,young_20_29,5256,1,2,23,0.7857878319043382,0.7800954643976155,0.0,raw
model,6,young_20_29,5256,1,3,23,0.9021323655886586,0.907414526813468,0.08695652173913043,raw
model,6,young_20_29,5256,1,4,23,1.0418855144179553,1.0417046348095735,0.13043478260869565,raw
model,6,young_20_29,3875,0,1,77,0.432992135513492,0.4549173543546602,0.012987012987012988,raw
model,6,young_20_29,3875,0,2,77,0.5480620420569259,0.5460041999575489,0.03896103896103896,raw
model,6,young_20_29,3875,0,3,77,0.6317111223265859,0.6326502445963015,0.012987012987012988,raw
model,6,young_20_29,3875,0,4,76,0.7549873269811261,0.7398019854926301,0.013157894736842105,raw
model,6,young_20_29,899,0,1,26,0.41103391338510886,0.42409668574075154,0.0,raw
model,6,young_20_29,899,0,2,26,0.5263534034877971,0.5315784195520126,0.0,raw
model,6,young_20_29,899,0,3,25,0.6266522843022506,0.6211025238834967,0.0,raw
model,6,young_20_29,899,0,4,25,0.7520970072775083,0.735290780162908,0.0,raw
model,6,young_20_29,677,0,1,29,0.4088913427268336,0.4184030848556909,0.0,raw
model,6,young_20_29,677,0,2,28,0.5315696867677222,0.5293442899520329,0.0,raw
model,6,young_20_29,677,0,3,28,0.6205670454323109,0.6195682162155871,0.0,raw
model,6,young_20_29,677,0,4,28,0.7787590356860177,0.7494467798305829,0.0,raw
model,6,young_20_29,5675,0,1,147,0.426240700929447,0.4479145817627896,0.034013605442176874,raw
model,6,young_20_29,5675,0,2,147,0.5511782313866893,0.5505475775045233,0.0,raw
model,6,young_20_29,5675,0,3,147,0.6406917983658681,0.6406020383426078,0.027210884353741496,raw
model,6,young_20_29,5675,0,4,146,0.7560851654082319,0.7477603512672183,0.02054794520547945,raw
model,6,young_20_29,5675,1,1,145,0.6103686024527027,0.6354468087459705,0.3931034482758621,raw
model,6,young_20_29,5675,1,2,145,0.7821063643167212,0.7815512403891884,0.11724137931034483,raw
model,6,young_20_29,5675,1,3,145,0.8959163210040764,0.8921032074450046,0.09655172413793103,raw
model,6,young_20_29,5675,1,4,145,1.0609958813569165,1.041214904639748,0.006896551724137931,raw
model,6,young_20_29,2553,1,1,27,0.6659039436044425,0.6769874768523864,0.18518518518518517,raw
model,6,young_20_29,2553,1,2,27,0.7910764599069067,0.7832778665248458,0.1111111111111111,raw
model,6,young_20_29,2553,1,3,27,0.8980655176623403,0.8937505237376954,0.037037037037037035,raw
model,6,young_20_29,2553,1,4,26,1.0583159622145568,1.0439666058000332,0.0,raw
model,6,young_20_29,7862,0,1,30,0.4549774960263132,0.46130310568285005,0.03333333333333333,raw
model,6,young_20_29,7862,0,2,30,0.5611784275189412,0.5615697857992576,0.03333333333333333,raw
model,6,young_20_29,7862,0,3,30,0.638458630648924,0.6432532159757198,0.06666666666666667,raw
model,6,young_20_29,7862,0,4,30,0.7411481452313499,0.7281253080710518,0.06666666666666667,raw
model,6,young_20_29,7862,1,1,31,0.6335249783799699,0.6604679144229735,0.3548387096774194,raw
model,6,young_20_29,7862,1,2,31,0.7783102833164669,0.7759553403323268,0.1935483870967742,raw
model,6,young_20_29,7862,1,3,30,0.8853032645605763,0.8903568043731912,0.0,raw
model,6,young_20_29,7862,1,4,30,1.0286077803186007,0.9982211068892614,0.03333333333333333,raw
model,6,young_20_29,677,1,1,29,0.5910555533542347,0.6046899613065374,0.4482758620689655,raw
model,6,young_20_29,677,1,2,28,0.768613682307439,0.7706486482415691,0.25,raw
model,6,young_20_29,677,1,3,28,0.892562975294474,0.9015139739575246,0.0,raw
model,6,young_20_29,677,1,4,28,1.0577712190915611,1.0238844148881834,0.0,raw
model,6,young_20_29,3875,1,1,77,0.6214444493917111,0.631962545484916,0.23376623376623376,raw
model,6,young_20_29,3875,1,2,77,0.7693907192459863,0.7726262753255994,0.11688311688311688,raw
model,6,young_20_29,3875,1,3,77,0.8704047533425142,0.8688613434863538,0.06493506493506493,raw
model,6,young_20_29,3875,1,4,77,1.0215534664512358,0.9961900506809486,0.03896103896103896,raw
model,6,young_20_29,4790,0,1,25,0.4297854648537732,0.4359653416331386,0.04,raw
model,6,young_20_29,4790,0,2,25,0.5567390707747925,0.5633183727467551,0.0,raw
model,6,young_20_29,4790,0,3,25,0.638552424954473,0.6404594921968998,0.0,raw
model,6,young_20_29,4790,0,4,24,0.7556689034583942,0.7507908395944267,0.041666666666666664,raw
model,6,young_20_29,1478,0,1,22,0.4356299704793706,0.43859690533029627,0.045454545454545456,raw
model,6,young_20_29,1478,0,2,22,0.533783570853835,0.5326146330611966,0.0,raw
model,6,young_20_29,1478,0,3,22,0.6324618614609905,0.6290757634803388,0.0,raw
model,6,young_20_29,1478,0,4,22,0.7605877785781903,0.7387321826817075,0.09090909090909091,raw
model,6,young_20_29,5256,0,1,23,0.41096394934895647,0.4179180707539154,0.043478260869565216,raw
model,6,young_20_29,5256,0,2,23,0.5383550939548573,0.5332679813033812,0.043478260869565216,raw
model,6,young_20_29,5256,0,3,22,0.6297074686331207,0.6307985108691831,0.0,raw
model,6,young_20_29,5256,0,4,22,0.750555416080847,0.712302814662459,0.045454545454545456,raw
model,6,young_20_29,182,0,1,34,0.42730235715258197,0.4386726341797793,0.029411764705882353,raw
model,6,young_20_29,182,0,2,34,0.5458663154124688,0.5518399533954983,0.0,raw
model,6,young_20_29,182,0,3,34,0.6266133310786638,0.6218755106759299,0.029411764705882353,raw
model,6,young_20_29,182,0,4,34,0.7736181345544954,0.7639958665657691,0.0,raw
model,6,young_20_29,4790,1,1,25,0.6236323550030801,0.632813555976537,0.32,raw
model,6,young_20_29,4790,1,2,25,0.7703511027967737,0.7681437289474685,0.08,raw
model,6,young_20_29,4790,1,3,24,0.8771289864757347,0.8743994099264405,0.08333333333333333,raw
model,6,young_20_29,4790,1,4,24,1.0635736214685159,1.045633590688196,0.0,raw
model,6,young_20_29,1478,1,1,22,0.5720971709518785,0.5927048620895544,0.4090909090909091,raw
model,6,young_20_29,1478,1,2,22,0.7616856999347218,0.759314551362262,0.045454545454545456,raw
model,6,young_20_29,1478,1,3,22,0.9045760933616063,0.8966872922459087,0.09090909090909091,raw
model,6,young_20_29,1478,1,4,21,1.0754628061768923,1.0393096554986496,0.047619047619047616,raw
model,6,young_20_29,4398,1,1,27,0.5856893656436801,0.599790536813613,0.2962962962962963,raw
model,6,young_20_29,4398,1,2,27,0.7729070915549463,0.7724696010831432,0.0,raw
model,6,young_20_29,4398,1,3,26,0.8900520470314397,0.8859850031353644,0.07692307692307693,raw
model,6,young_20_29,4398,1,4,26,1.088647446380583,1.0646384651392058,0.0,raw
model,6,young_20_29,4398,0,1,27,0.44250334797490276,0.4670576666161356,0.037037037037037035,raw
model,6,young_20_29,4398,0,2,27,0.5503112043606225,0.5484972501319871,0.0,raw
model,6,young_20_29,4398,0,3,26,0.6305463296871745,0.6260048903672883,0.038461538461538464,raw
model,6,young_20_29,4398,0,4,26,0.7494148776189014,0.7434995392935639,0.0,raw
model,6,young_20_29,2553,0,1,27,0.41461654998704384,0.4095267008485326,0.037037037037037035,raw
model,6,young_20_29,2553,0,2,26,0.5440658895851762,0.5406062019353406,0.0,raw
model,6,young_20_29,2553,0,3,26,0.6021175971874564,0.5992345967609616,0.038461538461538464,raw
model,6,young_20_29,2553,0,4,26,0.7318266550964145,0.7291142369812345,0.0,raw
model,6,older_80_89,6609,0,1,171,0.5024737230195471,0.529786493030705,0.0,raw
model,6,older_80_89,6609,0,2,171,0.7248647923157333,0.7282515453022291,0.005847953216374269,raw
model,6,older_80_89,6609,0,3,171,0.8790041296343736,0.8768533443997675,0.011695906432748537,raw
model,6,older_80_89,6609,0,4,171,1.1465168667018908,1.1169474159153727,0.011695906432748537,raw
model,6,older_80_89,984,0,1,172,0.4847245571010914,0.5086717948167823,0.005813953488372093,raw
model,6,older_80_89,984,0,2,172,0.7115901219518564,0.7123305112795163,0.011627906976744186,raw
model,6,older_80_89,984,0,3,172,0.8641540131984954,0.863654604165202,0.0,raw
model,6,older_80_89,984,0,4,172,1.126495718712022,1.0856899110422105,0.005813953488372093,raw
model,6,older_80_89,6609,1,1,172,0.7625240752907534,0.7958025264331162,0.11627906976744186,raw
model,6,older_80_89,6609,1,2,171,1.00809648614113,1.0115722167489931,0.03508771929824561,raw
model,6,older_80_89,6609,1,3,171,1.1984432594859238,1.1934765139314665,0.05263157894736842,raw
model,6,older_80_89,6609,1,4,171,1.466764106694563,1.4319950997225113,0.07017543859649122,raw
model,6,older_80_89,2410,0,1,157,0.5185571902120067,0.5405329233454002,0.006369426751592357,raw
model,6,older_80_89,2410,0,2,157,0.7416816816399112,0.739060203088626,0.0,raw
model,6,older_80_89,2410,0,3,157,0.9027457481218623,0.9001623332414799,0.0,raw
model,6,older_80_89,2410,0,4,156,1.1568594628816753,1.1240670214680346,0.00641025641025641,raw
model,6,older_80_89,984,1,1,170,0.7763397181085034,0.8095035410489537,0.09411764705882353,raw
model,6,older_80_89,984,1,2,170,1.0273756160719643,1.0311761958116756,0.041176470588235294,raw
model,6,older_80_89,984,1,3,170,1.2077967220226757,1.2036167011661445,0.03529411764705882,raw
model,6,older_80_89,984,1,4,170,1.5009209860601014,1.4365775795126865,0.041176470588235294,raw
model,6,older_80_89,3403,0,1,128,0.5379612326460255,0.5460400098268876,0.015625,raw
model,6,older_80_89,3403,0,2,128,0.7394782542104159,0.7404343024544986,0.015625,raw
model,6,older_80_89,3403,0,3,127,0.9042024984144855,0.9023614623635078,0.023622047244094488,raw
model,6,older_80_89,3403,0,4,127,1.1852070112957458,1.1371337691277794,0.0,raw
model,6,older_80_89,3403,1,1,127,0.7768428661656653,0.7969919788266709,0.14960629921259844,raw
model,6,older_80_89,3403,1,2,126,1.0336118760068178,1.0381023233557714,0.07142857142857142,raw
model,6,older_80_89,3403,1,3,126,1.208957730942998,1.2043565580611606,0.03968253968253968,raw
model,6,older_80_89,3403,1,4,126,1.4895289423996927,1.4304147924594242,0.023809523809523808,raw
model,6,older_80_89,2410,1,1,156,0.801045606978101,0.8296913835216595,0.11538461538461539,raw
model,6,older_80_89,2410,1,2,155,1.0511624571138278,1.0579502946521042,0.06451612903225806,raw
model,6,older_80_89,2410,1,3,155,1.2188063953704453,1.216962455388312,0.012903225806451613,raw
model,6,older_80_89,2410,1,4,155,1.5061100755042753,1.47223997056598,0.01935483870967742,raw
model,7,young_20_29,2918,0,1,163,0.42358092337339304,0.4437554754371891,0.018404907975460124,raw
model,7,young_20_29,2918,0,2,162,0.5432789420942487,0.5444105429858963,0.018518518518518517,raw
model,7,young_20_29,2918,0,3,162,0.6263323687588881,0.6295731604122485,0.006172839506172839,raw
model,7,young_20_29,2918,0,4,162,0.7547542377712491,0.73733964713823,0.018518518518518517,raw
model,7,young_20_29,2918,1,1,162,0.6051897943743204,0.6232028356080908,0.345679012345679,raw
model,7,young_20_29,2918,1,2,162,0.7745416013586306,0.7799214685253233,0.1111111111111111,raw
model,7,young_20_29,2918,1,3,162,0.8813701598787923,0.8778937836368653,0.043209876543209874,raw
model,7,young_20_29,2918,1,4,162,1.0497372291861147,1.0313975332915124,0.024691358024691357,raw
model,7,young_20_29,899,1,1,26,0.6407035145214146,0.6704022812126708,0.19230769230769232,raw
model,7,young_20_29,899,1,2,25,0.7604940419793661,0.7620978009610739,0.16,raw
model,7,young_20_29,899,1,3,25,0.8819150466365139,0.8704088629214296,0.08,raw
model,7,young_20_29,899,1,4,25,1.0547047971471573,1.0493392277336022,0.0,raw
model,7,young_20_29,182,1,1,34,0.6104169941078558,0.6363309037348366,0.3235294117647059,raw
model,7,young_20_29,182,1,2,34,0.773583936227041,0.7708726025938244,0.17647058823529413,raw
model,7,young_20_29,182,1,3,34,0.8815186341605709,0.879778513002328,0.08823529411764706,raw
model,7,young_20_29,182,1,4,33,1.046460362494553,1.0362076589392213,0.0,raw
model,7,young_20_29,5256,1,1,24,0.608767458033395,0.6217680078646959,0.25,raw
model,7,young_20_29,5256,1,2,23,0.7818368669903081,0.7942027410853437,0.13043478260869565,raw
model,7,young_20_29,5256,1,3,23,0.8821348202201117,0.883346405865909,0.08695652173913043,raw
model,7,young_20_29,5256,1,4,23,1.0201411548539372,0.999790197993062,0.043478260869565216,raw
model,7,young_20_29,3875,0,1,77,0.4306297085560822,0.4406240664181199,0.012987012987012988,raw
model,7,young_20_29,3875,0,2,77,0.5463676349212839,0.5478513636510617,0.012987012987012988,raw
model,7,young_20_29,3875,0,3,77,0.6359780912394318,0.6352433337680286,0.06493506493506493,raw
model,7,young_20_29,3875,0,4,76,0.7610197133968828,0.7464540050857682,0.013157894736842105,raw
model,7,young_20_29,899,0,1,26,0.4160789874021568,0.4358105241181772,0.07692307692307693,raw
model,7,young_20_29,899,0,2,26,0.5365463567109036,0.5367334534427546,0.0,raw
model,7,young_20_29,899,0,3,25,0.6487760402169855,0.6484630525830961,0.0,raw
model,7,young_20_29,899,0,4,25,0.7834783837276099,0.7666796287435064,0.04,raw
model,7,young_20_29,677,0,1,29,0.4022232532709349,0.4297575756577643,0.034482758620689655,raw
model,7,young_20_29,677,0,2,28,0.5233189505341477,0.5219249806694519,0.03571428571428571,raw
model,7,young_20_29,677,0,3,28,0.6100992653683426,0.6096108448732024,0.0,raw
model,7,young_20_29,677,0,4,28,0.7485022810557244,0.7437402435761458,0.0,raw
model,7,young_20_29,5675,0,1,147,0.4181902858236586,0.4302710789196876,0.02040816326530612,raw
model,7,young_20_29,5675,0,2,147,0.5478617620977566,0.5463679873946462,0.013605442176870748,raw
model,7,young_20_29,5675,0,3,147,0.635873326849881,0.6333634498097658,0.034013605442176874,raw
model,7,young_20_29,5675,0,4,146,0.7600688265337732,0.7523392574259231,0.02054794520547945,raw
model,7,young_20_29,5675,1,1,145,0.6084449223469673,0.6371261567152822,0.36551724137931035,raw
model,7,young_20_29,5675,1,2,145,0.7831265605100083,0.7819302617752356,0.0896551724137931,raw
model,7,young_20_29,5675,1,3,145,0.8961073267409868,0.8892127157150921,0.09655172413793103,raw
model,7,young_20_29,5675,1,4,145,1.062436246212371,1.042011720124113,0.006896551724137931,raw
model,7,young_20_29,2553,1,1,27,0.6576687952114034,0.6750496700869346,0.25925925925925924,raw
model,7,young_20_29,2553,1,2,27,0.7791190350564184,0.7705697068364997,0.1111111111111111,raw
model,7,young_20_29,2553,1,3,27,0.9041516518717125,0.9038835815522088,0.0,raw
model,7,young_20_29,2553,1,4,26,1.073914205646238,1.0638544195936717,0.07692307692307693,raw
model,7,young_20_29,7862,0,1,30,0.4562479826646721,0.47625826909281566,0.03333333333333333,raw
model,7,young_20_29,7862,0,2,30,0.5702176350378032,0.5705476396423301,0.0,raw
model,7,young_20_29,7862,0,3,30,0.6448974865121394,0.6441830266786885,0.03333333333333333,raw
model,7,young_20_29,7862,0,4,30,0.7339768896044732,0.716749701453059,0.03333333333333333,raw
model,7,young_20_29,7862,1,1,31,0.6412477295370519,0.6694329670125415,0.3548387096774194,raw
model,7,young_20_29,7862,1,2,31,0.7914874509985161,0.7968912940576114,0.12903225806451613,raw
model,7,young_20_29,7862,1,3,30,0.8791195624474667,0.8716620789122865,0.1,raw
model,7,young_20_29,7862,1,4,30,1.0362359838127257,1.0297998824140695,0.06666666666666667,raw
model,7,young_20_29,677,1,1,29,0.5976010070848671,0.6123906984470767,0.3103448275862069,raw
model,7,young_20_29,677,1,2,28,0.7796090815942998,0.7714531760099607,0.21428571428571427,raw
model,7,young_20_29,677,1,3,28,0.8928642177394716,0.8883659565056842,0.14285714285714285,raw
model,7,young_20_29,677,1,4,28,1.0437777259695822,1.0010493094585513,0.07142857142857142,raw
model,7,young_20_29,3875,1,1,77,0.6180171298776388,0.6283777426941889,0.2597402597402597,raw
model,7,young_20_29,3875,1,2,77,0.7696727429118556,0.7652881854730349,0.09090909090909091,raw
model,7,young_20_29,3875,1,3,77,0.8682770227891086,0.8671362099303855,0.03896103896103896,raw
model,7,young_20_29,3875,1,4,77,1.0154003246242036,1.012542145343929,0.03896103896103896,raw
model,7,young_20_29,4790,0,1,25,0.4376012513811252,0.4574647989936303,0.04,raw
model,7,young_20_29,4790,0,2,25,0.5581709423539007,0.5577548219689132,0.04,raw
model,7,young_20_29,4790,0,3,25,0.6441125196623473,0.6418701658627939,0.04,raw
model,7,young_20_29,4790,0,4,24,0.7531120036555552,0.7420709485524343,0.041666666666666664,raw
model,7,young_20_29,1478,0,1,22,0.4385981895745629,0.469617144665305,0.045454545454545456,raw
model,7,young_20_29,1478,0,2,22,0.5499343690154865,0.5439943691528346,0.045454545454545456,raw
model,7,young_20_29,1478,0,3,22,0.6364721263212144,0.6354042531394033,0.0,raw
model,7,young_20_29,1478,0,4,22,0.7641665236263813,0.7430019730984094,0.0,raw
model,7,young_20_29,5256,0,1,23,0.4204944785836733,0.4157718702674564,0.043478260869565216,raw
model,7,young_20_29,5256,0,2,23,0.5385321062610828,0.5278330748789639,0.0,raw
model,7,young_20_29,5256,0,3,22,0.6172188765320223,0.6157578198471516,0.045454545454545456,raw
model,7,young_20_29,5256,0,4,22,0.7088046378427543,0.6960953329443368,0.045454545454545456,raw
model,7,young_20_29,182,0,1,34,0.42392070268127646,0.43580872237770213,0.11764705882352941,raw
model,7,young_20_29,182,0,2,34,0.5403018153066376,0.5467683777087249,0.0,raw
model,7,young_20_29,182,0,3,34,0.6285619443134186,0.6229882349096407,0.0,raw
model,7,young_20_29,182,0,4,34,0.7806139962298391,0.7767793476832177,0.0,raw
model,7,young_20_29,4790,1,1,25,0.618611888945245,0.6409085866253326,0.32,raw
model,7,young_20_29,4790,1,2,25,0.7799518879020587,0.7714367624572734,0.0,raw
model,7,young_20_29,4790,1,3,24,0.8852598093068806,0.8796296126406167,0.041666666666666664,raw
model,7,young_20_29,4790,1,4,24,1.0589021223140083,1.0198586198183006,0.041666666666666664,raw
model,7,young_20_29,1478,1,1,22,0.5906682417186255,0.6184557754856956,0.4090909090909091,raw
model,7,young_20_29,1478,1,2,22,0.7523282589724336,0.7621927610704791,0.09090909090909091,raw
model,7,young_20_29,1478,1,3,22,0.8968725995803709,0.8917647814711844,0.045454545454545456,raw
model,7,young_20_29,1478,1,4,21,1.0979672414032606,1.085688421824737,0.047619047619047616,raw
model,7,young_20_29,4398,1,1,27,0.6092257116905067,0.6249984335558689,0.25925925925925924,raw
model,7,young_20_29,4398,1,2,27,0.7827462988993266,0.7752552875456296,0.037037037037037035,raw
model,7,young_20_29,4398,1,3,26,0.9078503104543212,0.9203829369472287,0.07692307692307693,raw
model,7,young_20_29,4398,1,4,26,1.0708808655604163,1.0585777868445667,0.038461538461538464,raw
model,7,young_20_29,4398,0,1,27,0.42099931426576237,0.4380080691758193,0.0,raw
model,7,young_20_29,4398,0,2,27,0.5462682403988871,0.5555522987388927,0.037037037037037035,raw
model,7,young_20_29,4398,0,3,26,0.6311474546302496,0.6332368490136449,0.0,raw
model,7,young_20_29,4398,0,4,26,0.74717712846289,0.7493185405750354,0.0,raw
model,7,young_20_29,2553,0,1,27,0.419375895043255,0.4252315694818712,0.037037037037037035,raw
model,7,young_20_29,2553,0,2,26,0.5332278577528198,0.534232030007844,0.0,raw
model,7,young_20_29,2553,0,3,26,0.6134251031100361,0.6128342364628493,0.038461538461538464,raw
model,7,young_20_29,2553,0,4,26,0.7166548395900786,0.7055426953411519,0.0,raw
model,7,older_80_89,6609,0,1,171,0.49165326355901134,0.5215027488974421,0.0,raw
model,7,older_80_89,6609,0,2,171,0.7218662619427806,0.7250542998719673,0.005847953216374269,raw
model,7,older_80_89,6609,0,3,171,0.8727043729817197,0.8732982128110878,0.005847953216374269,raw
model,7,older_80_89,6609,0,4,171,1.1614940735848605,1.120504974322855,0.005847953216374269,raw
model,7,older_80_89,984,0,1,172,0.5145743079109627,0.5405237667954081,0.005813953488372093,raw
model,7,older_80_89,984,0,2,172,0.7212693362923377,0.7204982931335182,0.011627906976744186,raw
model,7,older_80_89,984,0,3,172,0.8723599396801694,0.8689270260122179,0.01744186046511628,raw
model,7,older_80_89,984,0,4,172,1.110874996860506,1.0660943807094156,0.0,raw
model,7,older_80_89,6609,1,1,172,0.7780065924890547,0.7993281952244246,0.13953488372093023,raw
model,7,older_80_89,6609,1,2,171,1.0090889572331059,1.0083722303964064,0.08187134502923976,raw
model,7,older_80_89,6609,1,3,171,1.1943973968881874,1.190539117608809,0.029239766081871343,raw
model,7,older_80_89,6609,1,4,171,1.4706384018490672,1.435337797103265,0.029239766081871343,raw
model,7,older_80_89,2410,0,1,157,0.5148737790468757,0.5354401226550543,0.006369426751592357,raw
model,7,older_80_89,2410,0,2,157,0.7307504087223761,0.7299320772976424,0.0,raw
model,7,older_80_89,2410,0,3,157,0.8841155761014667,0.8841030611756169,0.006369426751592357,raw
model,7,older_80_89,2410,0,4,156,1.1543974586590842,1.1230786386625158,0.01282051282051282,raw
model,7,older_80_89,984,1,1,170,0.7706126659767104,0.7904638067799195,0.10588235294117647,raw
model,7,older_80_89,984,1,2,170,1.0251527230910447,1.032625461488443,0.041176470588235294,raw
model,7,older_80_89,984,1,3,170,1.196724688179864,1.1936452844003567,0.01764705882352941,raw
model,7,older_80_89,984,1,4,170,1.4730853926584881,1.4427273043722568,0.023529411764705882,raw
model,7,older_80_89,3403,0,1,128,0.5432385236213104,0.5711520561904398,0.0078125,raw
model,7,older_80_89,3403,0,2,128,0.7564857946734969,0.7507041122630642,0.0078125,raw
model,7,older_80_89,3403,0,3,127,0.9144205157523493,0.916915159314328,0.007874015748031496,raw
model,7,older_80_89,3403,0,4,127,1.191101510159731,1.1626856802469692,0.0,raw
model,7,older_80_89,3403,1,1,127,0.7722065325605278,0.8002064301069634,0.13385826771653545,raw
model,7,older_80_89,3403,1,2,126,1.0238283464170495,1.0267605589828097,0.0873015873015873,raw
model,7,older_80_89,3403,1,3,126,1.198694257165482,1.1917989903240933,0.031746031746031744,raw
model,7,older_80_89,3403,1,4,126,1.4969987773690372,1.447398590205471,0.007936507936507936,raw
model,7,older_80_89,2410,1,1,156,0.8082276328197084,0.8474773968072367,0.057692307692307696,raw
model,7,older_80_89,2410,1,2,155,1.054475855191562,1.0532264498569377,0.04516129032258064,raw
model,7,older_80_89,2410,1,3,155,1.2171536013084894,1.210174974994509,0.05806451612903226,raw
model,7,older_80_89,2410,1,4,155,1.491645772541974,1.4511873397762312,0.012903225806451613,raw
model,8,young_20_29,2918,0,1,163,0.4253400914449117,0.4415250426670342,0.03067484662576687,raw
model,8,young_20_29,2918,0,2,162,0.5438307590042086,0.5425992178502768,0.006172839506172839,raw
model,8,young_20_29,2918,0,3,162,0.6245559290566005,0.6245860605935818,0.006172839506172839,raw
model,8,young_20_29,2918,0,4,162,0.7445140634141614,0.7255054444515628,0.024691358024691357,raw
model,8,young_20_29,2918,1,1,162,0.606291278388726,0.6251162724448203,0.35802469135802467,raw
model,8,young_20_29,2918,1,2,162,0.7699740864159816,0.7738351424143701,0.1419753086419753,raw
model,8,young_20_29,2918,1,3,162,0.8785495661852688,0.8767567745727756,0.06790123456790123,raw
model,8,young_20_29,2918,1,4,162,1.0423590832265162,1.0224683197706828,0.037037037037037035,raw
model,8,young_20_29,899,1,1,26,0.6342653866248924,0.6627203415458555,0.23076923076923078,raw
model,8,young_20_29,899,1,2,25,0.7507527681447521,0.7441102165823748,0.12,raw
model,8,young_20_29,899,1,3,25,0.8696459339858688,0.8691896093506156,0.12,raw
model,8,young_20_29,899,1,4,25,1.0578497354501755,1.0510003927507476,0.0,raw
model,8,young_20_29,182,1,1,34,0.5947432589310024,0.623235739742648,0.23529411764705882,raw
model,8,young_20_29,182,1,2,34,0.7748407417896896,0.7780015840777765,0.11764705882352941,raw
model,8,young_20_29,182,1,3,34,0.8953989042941489,0.8907762709701703,0.029411764705882353,raw
model,8,young_20_29,182,1,4,33,1.0648181205687706,1.0628374609611424,0.09090909090909091,raw
model,8,young_20_29,5256,1,1,24,0.603547865998192,0.6046855379478222,0.375,raw
model,8,young_20_29,5256,1,2,23,0.787056726753412,0.7907370843875016,0.08695652173913043,raw
model,8,young_20_29,5256,1,3,23,0.9012743936600162,0.8943154701947374,0.08695652173913043,raw
model,8,young_20_29,5256,1,4,23,1.02577132125473,1.000445773841046,0.08695652173913043,raw
model,8,young_20_29,3875,0,1,77,0.43011018240074894,0.4465934700350245,0.012987012987012988,raw
model,8,young_20_29,3875,0,2,77,0.5506885079952833,0.5520004866250003,0.03896103896103896,raw
model,8,young_20_29,3875,0,3,77,0.63467184054956,0.6331349304176596,0.012987012987012988,raw
model,8,young_20_29,3875,0,4,76,0.7680714525378024,0.7480733321946844,0.02631578947368421,raw
model,8,young_20_29,899,0,1,26,0.41842358205174607,0.4275742768153207,0.0,raw
model,8,young_20_29,899,0,2,26,0.5328187299016821,0.5354339951805305,0.0,raw
model,8,young_20_29,899,0,3,25,0.6223674767673706,0.6248749297250299,0.12,raw
model,8,young_20_29,899,0,4,25,0.753231853712514,0.7454854604238845,0.0,raw
model,8,young_20_29,677,0,1,29,0.4051971260861313,0.4356864034985833,0.034482758620689655,raw
model,8,young_20_29,677,0,2,28,0.5338698642407588,0.5346422160514621,0.07142857142857142,raw
model,8,young_20_29,677,0,3,28,0.6134423109660309,0.6146731223891146,0.0,raw
model,8,young_20_29,677,0,4,28,0.751706317666245,0.7235288389431277,0.0,raw
model,8,young_20_29,5675,0,1,147,0.42249775234662384,0.4419990277418233,0.027210884353741496,raw
model,8,young_20_29,5675,0,2,147,0.554139243465462,0.5575934252789482,0.047619047619047616,raw
model,8,young_20_29,5675,0,3,147,0.6433059738267127,0.6452682938635653,0.013605442176870748,raw
model,8,young_20_29,5675,0,4,146,0.7619969913239919,0.7492027702944752,0.0136986301369863,raw
model,8,young_20_29,5675,1,1,145,0.6089671292832334,0.6333150315313507,0.33793103448275863,raw
model,8,young_20_29,5675,1,2,145,0.7836346310045589,0.7873082072160692,0.11724137931034483,raw
model,8,young_20_29,5675,1,3,145,0.8976613143133065,0.8978040999500368,0.06206896551724138,raw
model,8,young_20_29,5675,1,4,145,1.0636375202556791,1.046111202391769,0.006896551724137931,raw
model,8,young_20_29,2553,1,1,27,0.6504601914343328,0.6528845733613786,0.18518518518518517,raw
model,8,young_20_29,2553,1,2,27,0.7901439753420669,0.7898885124077929,0.14814814814814814,raw
model,8,young_20_29,2553,1,3,27,0.9019196580523231,0.9049287046482056,0.037037037037037035,raw
model,8,young_20_29,2553,1,4,26,1.079667059850584,1.0837824441607093,0.038461538461538464,raw
model,8,young_20_29,7862,0,1,30,0.45739828599462184,0.46639141206885193,0.0,raw
model,8,young_20_29,7862,0,2,30,0.5581464375955595,0.5576564435646728,0.03333333333333333,raw
model,8,young_20_29,7862,0,3,30,0.6292156473631211,0.6304821810960268,0.03333333333333333,raw
model,8,young_20_29,7862,0,4,30,0.7525240439696922,0.7474597078311231,0.06666666666666667,raw
model,8,young_20_29,7862,1,1,31,0.6428210889594248,0.6681748607334294,0.3225806451612903,raw
model,8,young_20_29,7862,1,2,31,0.7890040832570075,0.7848780057315226,0.0967741935483871,raw
model,8,young_20_29,7862,1,3,30,0.8913122512706768,0.8946667530840877,0.06666666666666667,raw
model,8,young_20_29,7862,1,4,30,1.0305554304295983,1.0118236592076513,0.03333333333333333,raw
model,8,young_20_29,677,1,1,29,0.5881263635991799,0.5945236798104918,0.3793103448275862,raw
model,8,young_20_29,677,1,2,28,0.78106277447142,0.7881286785979129,0.17857142857142858,raw
model,8,young_20_29,677,1,3,28,0.8874969046902379,0.8898818873899601,0.0,raw
model,8,young_20_29,677,1,4,28,1.0463857020389014,1.005010371284861,0.07142857142857142,raw
model,8,young_20_29,3875,1,1,77,0.6053865078827101,0.6272329333642508,0.33766233766233766,raw
model,8,young_20_29,3875,1,2,77,0.760335091722531,0.7547951715417809,0.09090909090909091,raw
model,8,young_20_29,3875,1,3,77,0.8672357798339053,0.8696503382463304,0.07792207792207792,raw
model,8,young_20_29,3875,1,4,77,1.0217444270326117,0.996643067793831,0.025974025974025976,raw
model,8,young_20_29,4790,0,1,25,0.4313594023680498,0.4461691054847084,0.12,raw
model,8,young_20_29,4790,0,2,25,0.559677865455617,0.5597821351010882,0.08,raw
model,8,young_20_29,4790,0,3,25,0.6378998593041001,0.642002000216712,0.04,raw
model,8,young_20_29,4790,0,4,24,0.7505896648609315,0.7314919415919539,0.0,raw
model,8,young_20_29,1478,0,1,22,0.4326281800104352,0.4400571824950038,0.0,raw
model,8,young_20_29,1478,0,2,22,0.5541557848899132,0.5573075832915924,0.0,raw
model,8,young_20_29,1478,0,3,22,0.6367656143089444,0.6344400606717485,0.045454545454545456,raw
model,8,young_20_29,1478,0,4,22,0.7533846117854345,0.7367585544998061,0.045454545454545456,raw
model,8,young_20_29,5256,0,1,23,0.42730402237318027,0.4332235071715969,0.0,raw
model,8,young_20_29,5256,0,2,23,0.5432529964501746,0.5391285253766409,0.0,raw
model,8,young_20_29,5256,0,3,22,0.6330967884371843,0.6324882429898264,0.0,raw
model,8,young_20_29,5256,0,4,22,0.7270104907969501,0.7092643432638595,0.045454545454545456,raw
model,8,young_20_29,182,0,1,34,0.4245243376655267,0.4198512082634001,0.029411764705882353,raw
model,8,young_20_29,182,0,2,34,0.5522738827632352,0.5582498555131519,0.0,raw
model,8,young_20_29,182,0,3,34,0.631870659262609,0.6262680761847474,0.0,raw
model,8,young_20_29,182,0,4,34,0.784009537250539,0.7759011218648134,0.029411764705882353,raw
model,8,young_20_29,4790,1,1,25,0.6344946263979238,0.6542327939180153,0.28,raw
model,8,young_20_29,4790,1,2,25,0.7823124992473174,0.7805281102984033,0.08,raw
model,8,young_20_29,4790,1,3,24,0.8866094293850821,0.8901871531263186,0.041666666666666664,raw
model,8,young_20_29,4790,1,4,24,1.0454193541988925,1.017683669706582,0.041666666666666664,raw
model,8,young_20_29,1478,1,1,22,0.5776838221141521,0.5978931982086795,0.4090909090909091,raw
model,8,young_20_29,1478,1,2,22,0.7579093236854704,0.7621300529262259,0.045454545454545456,raw
model,8,young_20_29,1478,1,3,22,0.8988160356261279,0.9019511125305273,0.0,raw
model,8,young_20_29,1478,1,4,21,1.0802921360259197,1.0368450848286577,0.047619047619047616,raw
model,8,young_20_29,4398,1,1,27,0.581147413669973,0.6106038469432443,0.2222222222222222,raw
model,8,young_20_29,4398,1,2,27,0.7650521543696213,0.7732553387690024,0.037037037037037035,raw
model,8,young_20_29,4398,1,3,26,0.8937626461786058,0.9007524310994619,0.19230769230769232,raw
model,8,young_20_29,4398,1,4,26,1.0652155787604625,1.036040721900572,0.0,raw
model,8,young_20_29,4398,0,1,27,0.4204083440527795,0.4346973489450862,0.037037037037037035,raw
model,8,young_20_29,4398,0,2,27,0.5504090770310535,0.5479487726031393,0.0,raw
model,8,young_20_29,4398,0,3,26,0.6309807829231947,0.6323613499709686,0.038461538461538464,raw
model,8,young_20_29,4398,0,4,26,0.7474625634527109,0.7318543497488776,0.07692307692307693,raw
model,8,young_20_29,2553,0,1,27,0.41825944697555806,0.4226386969183185,0.037037037037037035,raw
model,8,young_20_29,2553,0,2,26,0.5367860036820497,0.5363693051205329,0.0,raw
model,8,young_20_29,2553,0,3,26,0.6056314338374964,0.6078200745670588,0.038461538461538464,raw
model,8,young_20_29,2553,0,4,26,0.7354353263858722,0.7023383219601079,0.0,raw
model,8,older_80_89,6609,0,1,171,0.485807865296408,0.5146337117073847,0.005847953216374269,raw
model,8,older_80_89,6609,0,2,171,0.7219070111580915,0.7278328605868012,0.0,raw
model,8,older_80_89,6609,0,3,171,0.8912713760511829,0.8860104889867845,0.011695906432748537,raw
model,8,older_80_89,6609,0,4,171,1.1606246607697226,1.104115144957851,0.011695906432748537,raw
model,8,older_80_89,984,0,1,172,0.5126689703284303,0.5414318345602984,0.023255813953488372,raw
model,8,older_80_89,984,0,2,172,0.7304947335306007,0.733651432380399,0.023255813953488372,raw
model,8,older_80_89,984,0,3,172,0.8745001755703675,0.8735962349005368,0.011627906976744186,raw
model,8,older_80_89,984,0,4,172,1.1500946800042995,1.1055062246055831,0.0,raw
model,8,older_80_89,6609,1,1,172,0.7710160389878713,0.7930882576346905,0.14534883720930233,raw
model,8,older_80_89,6609,1,2,171,1.0280331309301478,1.023539967867946,0.08187134502923976,raw
model,8,older_80_89,6609,1,3,171,1.2055002062093665,1.2014569295553668,0.04093567251461988,raw
model,8,older_80_89,6609,1,4,171,1.4723530913042562,1.4258946018644896,0.04093567251461988,raw
model,8,older_80_89,2410,0,1,157,0.5034018224015463,0.5155740247602068,0.006369426751592357,raw
model,8,older_80_89,2410,0,2,157,0.7400584307876364,0.7442695815940487,0.006369426751592357,raw
model,8,older_80_89,2410,0,3,157,0.8935484765045392,0.8917991893474657,0.0,raw
model,8,older_80_89,2410,0,4,156,1.1521770659760822,1.105615128213405,0.02564102564102564,raw
model,8,older_80_89,984,1,1,170,0.764575078095056,0.7988933052378275,0.12941176470588237,raw
model,8,older_80_89,984,1,2,170,1.0175313850915386,1.02123604416967,0.052941176470588235,raw
model,8,older_80_89,984,1,3,170,1.2075654680192045,1.2068505216425685,0.041176470588235294,raw
model,8,older_80_89,984,1,4,170,1.5010067678847263,1.4605385034334433,0.011764705882352941,raw
model,8,older_80_89,3403,0,1,128,0.5311099217524597,0.56446485543313,0.0,raw
model,8,older_80_89,3403,0,2,128,0.746100988798866,0.7501517203819412,0.0,raw
model,8,older_80_89,3403,0,3,127,0.8950662985785467,0.8914187587480616,0.007874015748031496,raw
model,8,older_80_89,3403,0,4,127,1.1477376867569433,1.1264868547429168,0.023622047244094488,raw
model,8,older_80_89,3403,1,1,127,0.7787789039937496,0.812913380331613,0.11811023622047244,raw
model,8,older_80_89,3403,1,2,126,1.0244926474249594,1.0255642291993894,0.031746031746031744,raw
model,8,older_80_89,3403,1,3,126,1.205152334549219,1.2078017528747615,0.03968253968253968,raw
model,8,older_80_89,3403,1,4,126,1.4831462564310594,1.4404602080268285,0.023809523809523808,raw
model,8,older_80_89,2410,1,1,156,0.8048100443466544,0.8528785343838634,0.07051282051282051,raw
model,8,older_80_89,2410,1,2,155,1.0431282655769087,1.0448704417149492,0.03870967741935484,raw
model,8,older_80_89,2410,1,3,155,1.2001491327485712,1.1912601195270116,0.06451612903225806,raw
model,8,older_80_89,2410,1,4,155,1.4813515373246238,1.4390377754639825,0.03225806451612903,raw
model,9,young_20_29,2918,0,1,163,0.42360280044928034,0.4371623883792888,0.049079754601226995,raw
model,9,young_20_29,2918,0,2,162,0.5449070998199699,0.5448164708424632,0.018518518518518517,raw
model,9,young_20_29,2918,0,3,162,0.6286543803787721,0.6293207032693939,0.0,raw
model,9,young_20_29,2918,0,4,162,0.7533822886490065,0.7311782901653603,0.006172839506172839,raw
model,9,young_20_29,2918,1,1,162,0.60443303635629,0.6250083838943148,0.3395061728395062,raw
model,9,young_20_29,2918,1,2,162,0.7720819653107253,0.7751612323218082,0.1419753086419753,raw
model,9,young_20_29,2918,1,3,162,0.883043092995305,0.879668942062679,0.09259259259259259,raw
model,9,young_20_29,2918,1,4,162,1.0472573254814919,1.02565460802752,0.018518518518518517,raw
model,9,young_20_29,899,1,1,26,0.6308390217268544,0.6452328116686086,0.19230769230769232,raw
model,9,young_20_29,899,1,2,25,0.7603855315810246,0.7616380531402231,0.16,raw
model,9,young_20_29,899,1,3,25,0.8858874491654877,0.8954772072904835,0.08,raw
model,9,young_20_29,899,1,4,25,1.0586225656103945,1.0151641843679224,0.04,raw
model,9,young_20_29,182,1,1,34,0.6000851936927375,0.6220979912738023,0.3235294117647059,raw
model,9,young_20_29,182,1,2,34,0.7664488734115802,0.7716407120084133,0.14705882352941177,raw
model,9,young_20_29,182,1,3,34,0.8898638681179746,0.8919118369459926,0.029411764705882353,raw
model,9,young_20_29,182,1,4,33,1.0590382409518007,1.038834940894821,0.030303030303030304,raw
model,9,young_20_29,5256,1,1,24,0.6104276263530569,0.6021565178478656,0.25,raw
model,9,young_20_29,5256,1,2,23,0.7846329877036439,0.7785876937019397,0.043478260869565216,raw
model,9,young_20_29,5256,1,3,23,0.8982943144432175,0.8864043749924737,0.08695652173913043,raw
model,9,young_20_29,5256,1,4,23,1.050730524939449,1.0211624074875498,0.0,raw
model,9,young_20_29,3875,0,1,77,0.4258991714950366,0.4355828656825334,0.025974025974025976,raw
model,9,young_20_29,3875,0,2,77,0.5472663212010633,0.5500220804619216,0.0,raw
model,9,young_20_29,3875,0,3,77,0.6320042703623981,0.6338858995248031,0.03896103896103896,raw
model,9,young_20_29,3875,0,4,76,0.7499049628584408,0.7244030437570574,0.02631578947368421,raw
model,9,young_20_29,899,0,1,26,0.4210214648702467,0.42943887135099995,0.038461538461538464,raw
model,9,young_20_29,899,0,2,26,0.5264187740091445,0.5166922898983811,0.07692307692307693,raw
model,9,young_20_29,899,0,3,25,0.6256002046551596,0.621668238849348,0.08,raw
model,9,young_20_29,899,0,4,25,0.7414287287608969,0.7233513818046421,0.0,raw
model,9,young_20_29,677,0,1,29,0.3931271448376368,0.4172582950519351,0.034482758620689655,raw
model,9,young_20_29,677,0,2,28,0.529177504246344,0.5209187910240005,0.03571428571428571,raw
model,9,young_20_29,677,0,3,28,0.6172994057857204,0.6167190924294131,0.0,raw
model,9,young_20_29,677,0,4,28,0.7600477184932407,0.7380847025808324,0.03571428571428571,raw
model,9,young_20_29,5675,0,1,147,0.4278637483605636,0.447201093076301,0.006802721088435374,raw
model,9,young_20_29,5675,0,2,147,0.553193630160897,0.5555242351890566,0.02040816326530612,raw
model,9,young_20_29,5675,0,3,147,0.6344357909395006,0.6311290273260024,0.027210884353741496,raw
model,9,young_20_29,5675,0,4,146,0.7689727380019818,0.758153963742056,0.02054794520547945,raw
model,9,young_20_29,5675,1,1,145,0.5979717515431565,0.6281947680763136,0.3931034482758621,raw
model,9,young_20_29,5675,1,2,145,0.7774402484138062,0.7771072952699103,0.1310344827586207,raw
model,9,young_20_29,5675,1,3,145,0.8900295180258836,0.8909940851292188,0.08275862068965517,raw
model,9,young_20_29,5675,1,4,145,1.0668201580130743,1.0493982062177625,0.027586206896551724,raw
model,9,young_20_29,2553,1,1,27,0.6533701968984761,0.6495631689551273,0.14814814814814814,raw
model,9,young_20_29,2553,1,2,27,0.8029405134689408,0.8072538017660281,0.1111111111111111,raw
model,9,young_20_29,2553,1,3,27,0.903439030780295,0.8998826405260073,0.037037037037037035,raw
model,9,young_20_29,2553,1,4,26,1.075936473716093,1.0653155703812573,0.038461538461538464,raw
model,9,young_20_29,7862,0,1,30,0.44748536273728745,0.4654224277413893,0.06666666666666667,raw
model,9,young_20_29,7862,0,2,30,0.55826119726955,0.554330432916906,0.1,raw
model,9,young_20_29,7862,0,3,30,0.644328973681647,0.6502974087481148,0.0,raw
model,9,young_20_29,7862,0,4,30,0.7450479029565891,0.7336735386138018,0.03333333333333333,raw
model,9,young_20_29,7862,1,1,31,0.6333701160380452,0.6686288894700043,0.25806451612903225,raw
model,9,young_20_29,7862,1,2,31,0.7931420702176942,0.8025012775088634,0.25806451612903225,raw
model,9,young_20_29,7862,1,3,30,0.8749766563024515,0.8638925424838647,0.13333333333333333,raw
model,9,young_20_29,7862,1,4,30,1.0207254647989485,0.9941060379799773,0.03333333333333333,raw
model,9,young_20_29,677,1,1,29,0.6148927706715671,0.6261534856028799,0.3448275862068966,raw
model,9,young_20_29,677,1,2,28,0.7733370962772627,0.772673671358372,0.14285714285714285,raw
model,9,young_20_29,677,1,3,28,0.8928517622545267,0.8928203165453674,0.03571428571428571,raw
model,9,young_20_29,677,1,4,28,1.0582269640462056,1.0302791996822909,0.07142857142857142,raw
model,9,young_20_29,3875,1,1,77,0.6156130186255369,0.6324617701262372,0.24675324675324675,raw
model,9,young_20_29,3875,1,2,77,0.7731453632385773,0.769688619016522,0.15584415584415584,raw
model,9,young_20_29,3875,1,3,77,0.8716972382355253,0.8723275835230869,0.05194805194805195,raw
model,9,young_20_29,3875,1,4,77,1.0146241758266916,0.9972162044924132,0.0,raw
model,9,young_20_29,4790,0,1,25,0.4330989145604949,0.4513866619299679,0.04,raw
model,9,young_20_29,4790,0,2,25,0.5536449527229645,0.5584526841787272,0.04,raw
model,9,young_20_29,4790,0,3,25,0.6342433077793914,0.6429735741637781,0.04,raw
model,9,young_20_29,4790,0,4,24,0.7571052628075065,0.748941570193023,0.0,raw
model,9,young_20_29,1478,0,1,22,0.42524222868474,0.45349173725399,0.045454545454545456,raw
model,9,young_20_29,1478,0,2,22,0.5434315245103177,0.5446733565911186,0.0,raw
model,9,young_20_29,1478,0,3,22,0.6363593196489451,0.6344241503661914,0.0,raw
model,9,young_20_29,1478,0,4,22,0.8032797739160226,0.771864223050831,0.045454545454545456,raw
model,9,young_20_29,5256,0,1,23,0.42644774230569565,0.4350027156856533,0.0,raw
model,9,young_20_29,5256,0,2,23,0.5392904122919626,0.5439383071751853,0.0,raw
model,9,young_20_29,5256,0,3,22,0.6229074502931017,0.6275986395643405,0.0,raw
model,9,young_20_29,5256,0,4,22,0.7309495529785353,0.7039682484134471,0.0,raw
model,9,young_20_29,182,0,1,34,0.42666576360672326,0.44442733230251086,0.029411764705882353,raw
model,9,young_20_29,182,0,2,34,0.5340895202656002,0.5375751609673847,0.0,raw
model,9,young_20_29,182,0,3,34,0.6224039267519191,0.6172274134313611,0.0,raw
model,9,young_20_29,182,0,4,34,0.7579272959384405,0.7577880201791691,0.0,raw
model,9,young_20_29,4790,1,1,25,0.6244243566963881,0.6259681398652758,0.2,raw
model,9,young_20_29,4790,1,2,25,0.7653831111004163,0.774608903054654,0.08,raw
model,9,young_20_29,4790,1,3,24,0.889784545520639,0.8919312018160466,0.041666666666666664,raw
model,9,young_20_29,4790,1,4,24,1.06637996094995,1.0615017345783944,0.0,raw
model,9,young_20_29,1478,1,1,22,0.5752635296135211,0.5916596605128549,0.36363636363636365,raw
model,9,young_20_29,1478,1,2,22,0.7705566533763968,0.7821652442596683,0.13636363636363635,raw
model,9,young_20_29,1478,1,3,22,0.8954297868795146,0.8968920001287546,0.09090909090909091,raw
model,9,young_20_29,1478,1,4,21,1.0805535719342816,1.078948253187755,0.0,raw
model,9,young_20_29,4398,1,1,27,0.6024886168369932,0.6325429103668093,0.18518518518518517,raw
model,9,young_20_29,4398,1,2,27,0.7789346588141604,0.774053509635713,0.037037037037037035,raw
model,9,young_20_29,4398,1,3,26,0.9108207819624441,0.9216110440274854,0.07692307692307693,raw
model,9,young_20_29,4398,1,4,26,1.0800242050009334,1.0746946295178694,0.0,raw
model,9,young_20_29,4398,0,1,27,0.4304729314485996,0.4504549563826145,0.037037037037037035,raw
model,9,young_20_29,4398,0,2,27,0.5439157827264723,0.5472344057309231,0.0,raw
model,9,young_20_29,4398,0,3,26,0.6410147566743603,0.6383302494952252,0.0,raw
model,9,young_20_29,4398,0,4,26,0.7597299029986778,0.7444180310451334,0.038461538461538464,raw
model,9,young_20_29,2553,0,1,27,0.41652155744826347,0.442420617056143,0.0,raw
model,9,young_20_29,2553,0,2,26,0.5325113863488271,0.5325468643320739,0.0,raw
model,9,young_20_29,2553,0,3,26,0.6183975847445085,0.6199998959851465,0.0,raw
model,9,young_20_29,2553,0,4,26,0.7407234406553923,0.7251035885012351,0.0,raw
model,9,older_80_89,6609,0,1,171,0.49351442710746285,0.5352870949542865,0.0,raw
model,9,older_80_89,6609,0,2,171,0.7244515227544078,0.723383550110553,0.011695906432748537,raw
model,9,older_80_89,6609,0,3,171,0.8823616331835199,0.8774406436112273,0.0,raw
model,9,older_80_89,6609,0,4,171,1.1487959575683027,1.113056015542888,0.005847953216374269,raw
model,9,older_80_89,984,0,1,172,0.49733877401718984,0.5239921915812713,0.005813953488372093,raw
model,9,older_80_89,984,0,2,172,0.7087040726579702,0.7133274195813817,0.005813953488372093,raw
model,9,older_80_89,984,0,3,172,0.8714873402788281,0.8652212315873664,0.005813953488372093,raw
model,9,older_80_89,984,0,4,172,1.1284115972639315,1.1002432938000855,0.011627906976744186,raw
model,9,older_80_89,6609,1,1,172,0.7664817850539457,0.7962786882369232,0.1744186046511628,raw
model,9,older_80_89,6609,1,2,171,1.0252527884991822,1.0334285178248588,0.06432748538011696,raw
model,9,older_80_89,6609,1,3,171,1.1837320396308368,1.1845478709245405,0.05263157894736842,raw
model,9,older_80_89,6609,1,4,171,1.4528378404833493,1.402259090570872,0.04678362573099415,raw
model,9,older_80_89,2410,0,1,157,0.506505543825153,0.525896529673366,0.012738853503184714,raw
model,9,older_80_89,2410,0,2,157,0.7347690950459544,0.7388524049572976,0.0,raw
model,9,older_80_89,2410,0,3,157,0.9047947889210776,0.9029931655196436,0.006369426751592357,raw
model,9,older_80_89,2410,0,4,156,1.1626440592631746,1.0924175853772875,0.0,raw
model,9,older_80_89,984,1,1,170,0.7809527406005575,0.8120978524184757,0.11764705882352941,raw
model,9,older_80_89,984,1,2,170,1.0414988922818011,1.0384371967982888,0.08235294117647059,raw
model,9,older_80_89,984,1,3,170,1.2153581621242127,1.2181501857488626,0.047058823529411764,raw
model,9,older_80_89,984,1,4,170,1.5008899750000884,1.4547849297015283,0.023529411764705882,raw
model,9,older_80_89,3403,0,1,128,0.5360983543979169,0.5550307031376117,0.0078125,raw
model,9,older_80_89,3403,0,2,128,0.7533686646865404,0.7572223012510687,0.0,raw
model,9,older_80_89,3403,0,3,127,0.9083203242076807,0.9063966373757034,0.015748031496062992,raw
model,9,older_80_89,3403,0,4,127,1.1660112324920506,1.1242482524983175,0.015748031496062992,raw
model,9,older_80_89,3403,1,1,127,0.7824623176001878,0.8156592005376211,0.14173228346456693,raw
model,9,older_80_89,3403,1,2,126,1.0290049632502372,1.0381926580153396,0.03968253968253968,raw
model,9,older_80_89,3403,1,3,126,1.2030016395787855,1.2002849365918582,0.047619047619047616,raw
model,9,older_80_89,3403,1,4,126,1.4669418562197392,1.4216409527882796,0.031746031746031744,raw
model,9,older_80_89,2410,1,1,156,0.794392495579289,0.8277991567948735,0.057692307692307696,raw
model,9,older_80_89,2410,1,2,155,1.0354775122965683,1.0298285476669689,0.08387096774193549,raw
model,9,older_80_89,2410,1,3,155,1.2050558404738134,1.20085802919554,0.07096774193548387,raw
model,9,older_80_89,2410,1,4,155,1.503436864661882,1.4697776867551284,0.04516129032258064,raw
human,observed,young_20_29,2918,0,1,163,0.47290388548057266,0.48333333333333334,0.049079754601226995,presentation_floor_60hz
human,observed,young_20_29,2918,0,2,162,0.5324074074074073,0.5333333333333333,0.030864197530864196,presentation_floor_60hz
human,observed,young_20_29,2918,0,3,162,0.6037037037037036,0.6,0.024691358024691357,presentation_floor_60hz
human,observed,young_20_29,2918,0,4,162,0.762448559670782,0.7166666666666667,0.030864197530864196,presentation_floor_60hz
human,observed,young_20_29,2918,1,1,162,0.4923868312757201,0.5,0.24691358024691357,presentation_floor_60hz
human,observed,young_20_29,2918,1,2,162,0.5676954732510286,0.5666666666666667,0.12345679012345678,presentation_floor_60hz
human,observed,young_20_29,2918,1,3,162,0.6417695473251029,0.6333333333333333,0.030864197530864196,presentation_floor_60hz
human,observed,young_20_29,2918,1,4,162,0.7889917695473251,0.75,0.024691358024691357,presentation_floor_60hz
human,observed,young_20_29,899,1,1,26,0.5794871794871795,0.5833333333333334,0.07692307692307693,presentation_floor_60hz
human,observed,young_20_29,899,1,2,25,0.6346666666666667,0.6333333333333333,0.0,presentation_floor_60hz
human,observed,young_20_29,899,1,3,25,0.6866666666666665,0.6833333333333333,0.0,presentation_floor_60hz
human,observed,young_20_29,899,1,4,25,0.8033333333333335,0.7833333333333333,0.0,presentation_floor_60hz
human,observed,young_20_29,182,1,1,34,0.4838235294117647,0.48333333333333334,0.08823529411764706,presentation_floor_60hz
human,observed,young_20_29,182,1,2,34,0.5397058823529413,0.5333333333333333,0.058823529411764705,presentation_floor_60hz
human,observed,young_20_29,182,1,3,34,0.5852941176470587,0.5833333333333334,0.029411764705882353,presentation_floor_60hz
human,observed,young_20_29,182,1,4,33,0.6676767676767678,0.65,0.0,presentation_floor_60hz
human,observed,young_20_29,5256,1,1,24,0.5694444444444444,0.5666666666666667,0.20833333333333334,presentation_floor_60hz
human,observed,young_20_29,5256,1,2,23,0.6159420289855072,0.6166666666666667,0.17391304347826086,presentation_floor_60hz
human,observed,young_20_29,5256,1,3,23,0.6666666666666667,0.6666666666666666,0.08695652173913043,presentation_floor_60hz
human,observed,young_20_29,5256,1,4,23,0.7572463768115941,0.7666666666666666,0.0,presentation_floor_60hz
human,observed,young_20_29,3875,0,1,77,0.4902597402597402,0.5166666666666666,0.025974025974025976,presentation_floor_60hz
human,observed,young_20_29,3875,0,2,77,0.5627705627705626,0.5666666666666667,0.012987012987012988,presentation_floor_60hz
human,observed,young_20_29,3875,0,3,77,0.6086580086580087,0.6,0.03896103896103896,presentation_floor_60hz
human,observed,young_20_29,3875,0,4,76,0.7230263157894737,0.6833333333333333,0.0,presentation_floor_60hz
human,observed,young_20_29,899,0,1,26,0.5249999999999999,0.5333333333333333,0.0,presentation_floor_60hz
human,observed,young_20_29,899,0,2,26,0.5653846153846154,0.5666666666666667,0.0,presentation_floor_60hz
human,observed,young_20_29,899,0,3,25,0.6133333333333334,0.6166666666666667,0.0,presentation_floor_60hz
human,observed,young_20_29,899,0,4,25,0.714,0.7,0.0,presentation_floor_60hz
human,observed,young_20_29,677,0,1,29,0.5287356321839081,0.5333333333333333,0.034482758620689655,presentation_floor_60hz
human,observed,young_20_29,677,0,2,28,0.5613095238095239,0.5583333333333333,0.0,presentation_floor_60hz
human,observed,young_20_29,677,0,3,28,0.5988095238095239,0.6,0.03571428571428571,presentation_floor_60hz
human,observed,young_20_29,677,0,4,28,0.6738095238095237,0.65,0.0,presentation_floor_60hz
human,observed,young_20_29,5675,0,1,147,0.4252834467120181,0.43333333333333335,0.02040816326530612,presentation_floor_60hz
human,observed,young_20_29,5675,0,2,147,0.46519274376417247,0.4666666666666667,0.0,presentation_floor_60hz
human,observed,young_20_29,5675,0,3,147,0.5130385487528344,0.5166666666666666,0.006802721088435374,presentation_floor_60hz
human,observed,young_20_29,5675,0,4,146,0.6067351598173516,0.6,0.0136986301369863,presentation_floor_60hz
human,observed,young_20_29,5675,1,1,145,0.44850574712643676,0.45,0.09655172413793103,presentation_floor_60hz
human,observed,young_20_29,5675,1,2,145,0.4972413793103449,0.5,0.041379310344827586,presentation_floor_60hz
human,observed,young_20_29,5675,1,3,145,0.5505747126436781,0.55,0.04827586206896552,presentation_floor_60hz
human,observed,young_20_29,5675,1,4,145,0.6574712643678161,0.65,0.04827586206896552,presentation_floor_60hz
human,observed,young_20_29,2553,1,1,27,0.5098765432098765,0.5166666666666666,0.14814814814814814,presentation_floor_60hz
human,observed,young_20_29,2553,1,2,27,0.5765432098765433,0.5833333333333334,0.1111111111111111,presentation_floor_60hz
human,observed,young_20_29,2553,1,3,27,0.6364197530864197,0.6333333333333333,0.037037037037037035,presentation_floor_60hz
human,observed,young_20_29,2553,1,4,26,0.7576923076923077,0.7166666666666667,0.038461538461538464,presentation_floor_60hz
human,observed,young_20_29,7862,0,1,30,0.5211111111111111,0.5333333333333333,0.03333333333333333,presentation_floor_60hz
human,observed,young_20_29,7862,0,2,30,0.6227777777777779,0.6166666666666667,0.03333333333333333,presentation_floor_60hz
human,observed,young_20_29,7862,0,3,30,0.7444444444444446,0.7333333333333333,0.03333333333333333,presentation_floor_60hz
human,observed,young_20_29,7862,0,4,30,1.1027777777777776,1.0,0.0,presentation_floor_60hz
human,observed,young_20_29,7862,1,1,31,0.5720430107526882,0.6,0.1935483870967742,presentation_floor_60hz
human,observed,young_20_29,7862,1,2,31,0.7010752688172042,0.6833333333333333,0.06451612903225806,presentation_floor_60hz
human,observed,young_20_29,7862,1,3,30,0.8366666666666667,0.825,0.03333333333333333,presentation_floor_60hz
human,observed,young_20_29,7862,1,4,30,1.3183333333333336,1.1833333333333333,0.06666666666666667,presentation_floor_60hz
human,observed,young_20_29,677,1,1,29,0.5482758620689655,0.55,0.13793103448275862,presentation_floor_60hz
human,observed,young_20_29,677,1,2,28,0.5940476190476189,0.6,0.14285714285714285,presentation_floor_60hz
human,observed,young_20_29,677,1,3,28,0.6279761904761905,0.6333333333333333,0.0,presentation_floor_60hz
human,observed,young_20_29,677,1,4,28,0.7309523809523809,0.7166666666666667,0.03571428571428571,presentation_floor_60hz
human,observed,young_20_29,3875,1,1,77,0.5086580086580086,0.5333333333333333,0.19480519480519481,presentation_floor_60hz
human,observed,young_20_29,3875,1,2,77,0.5997835497835499,0.6,0.11688311688311688,presentation_floor_60hz
human,observed,young_20_29,3875,1,3,77,0.6584415584415584,0.65,0.07792207792207792,presentation_floor_60hz
human,observed,young_20_29,3875,1,4,77,0.7980519480519481,0.7666666666666666,0.025974025974025976,presentation_floor_60hz
human,observed,young_20_29,4790,0,1,25,0.4646666666666667,0.48333333333333334,0.08,presentation_floor_60hz
human,observed,young_20_29,4790,0,2,25,0.5353333333333333,0.5333333333333333,0.04,presentation_floor_60hz
human,observed,young_20_29,4790,0,3,25,0.6,0.6,0.04,presentation_floor_60hz
human,observed,young_20_29,4790,0,4,24,0.779861111111111,0.7333333333333333,0.0,presentation_floor_60hz
human,observed,young_20_29,1478,0,1,22,0.5242424242424242,0.5333333333333333,0.045454545454545456,presentation_floor_60hz
human,observed,young_20_29,1478,0,2,22,0.5871212121212122,0.5833333333333334,0.0,presentation_floor_60hz
human,observed,young_20_29,1478,0,3,22,0.6416666666666667,0.6333333333333333,0.045454545454545456,presentation_floor_60hz
human,observed,young_20_29,1478,0,4,22,0.7772727272727272,0.7416666666666667,0.0,presentation_floor_60hz
human,observed,young_20_29,5256,0,1,23,0.5405797101449276,0.5333333333333333,0.0,presentation_floor_60hz
human,observed,young_20_29,5256,0,2,23,0.5797101449275363,0.5833333333333334,0.0,presentation_floor_60hz
human,observed,young_20_29,5256,0,3,22,0.6106060606060607,0.6083333333333334,0.0,presentation_floor_60hz
human,observed,young_20_29,5256,0,4,22,0.6901515151515151,0.6666666666666666,0.0,presentation_floor_60hz
human,observed,young_20_29,182,0,1,34,0.4676470588235294,0.4666666666666667,0.0,presentation_floor_60hz
human,observed,young_20_29,182,0,2,34,0.5044117647058823,0.5,0.0,presentation_floor_60hz
human,observed,young_20_29,182,0,3,34,0.5343137254901961,0.5333333333333333,0.0,presentation_floor_60hz
human,observed,young_20_29,182,0,4,34,0.5941176470588235,0.5833333333333334,0.0,presentation_floor_60hz
human,observed,young_20_29,4790,1,1,25,0.49599999999999994,0.5,0.2,presentation_floor_60hz
human,observed,young_20_29,4790,1,2,25,0.5713333333333334,0.5666666666666667,0.08,presentation_floor_60hz
human,observed,young_20_29,4790,1,3,24,0.6506944444444445,0.6416666666666666,0.041666666666666664,presentation_floor_60hz
human,observed,young_20_29,4790,1,4,24,0.7902777777777777,0.7583333333333333,0.08333333333333333,presentation_floor_60hz
human,observed,young_20_29,1478,1,1,22,0.5545454545454547,0.5666666666666667,0.18181818181818182,presentation_floor_60hz
human,observed,young_20_29,1478,1,2,22,0.6356060606060605,0.6333333333333333,0.13636363636363635,presentation_floor_60hz
human,observed,young_20_29,1478,1,3,22,0.7196969696969696,0.7166666666666667,0.045454545454545456,presentation_floor_60hz
human,observed,young_20_29,1478,1,4,21,0.8404761904761906,0.8166666666666667,0.047619047619047616,presentation_floor_60hz
human,observed,young_20_29,4398,1,1,27,0.4672839506172839,0.48333333333333334,0.07407407407407407,presentation_floor_60hz
human,observed,young_20_29,4398,1,2,27,0.5401234567901235,0.55,0.07407407407407407,presentation_floor_60hz
human,observed,young_20_29,4398,1,3,26,0.5814102564102565,0.5833333333333334,0.07692307692307693,presentation_floor_60hz
human,observed,young_20_29,4398,1,4,26,0.6653846153846152,0.6666666666666666,0.0,presentation_floor_60hz
human,observed,young_20_29,4398,0,1,27,0.4444444444444444,0.45,0.0,presentation_floor_60hz
human,observed,young_20_29,4398,0,2,27,0.48148148148148145,0.48333333333333334,0.0,presentation_floor_60hz
human,observed,young_20_29,4398,0,3,26,0.5198717948717948,0.5166666666666666,0.0,presentation_floor_60hz
human,observed,young_20_29,4398,0,4,26,0.6051282051282051,0.5916666666666667,0.0,presentation_floor_60hz
human,observed,young_20_29,2553,0,1,27,0.48456790123456794,0.48333333333333334,0.0,presentation_floor_60hz
human,observed,young_20_29,2553,0,2,26,0.5294871794871795,0.5333333333333333,0.0,presentation_floor_60hz
human,observed,young_20_29,2553,0,3,26,0.5717948717948719,0.575,0.0,presentation_floor_60hz
human,observed,young_20_29,2553,0,4,26,0.6538461538461539,0.65,0.0,presentation_floor_60hz
human,observed,older_80_89,6609,0,1,171,0.9007797270955163,0.9166666666666666,0.0,presentation_floor_60hz
human,observed,older_80_89,6609,0,2,171,1.0147173489278751,1.0166666666666666,0.0,presentation_floor_60hz
human,observed,older_80_89,6609,0,3,171,1.1333333333333333,1.1333333333333333,0.0,presentation_floor_60hz
human,observed,older_80_89,6609,0,4,171,1.5282651072124758,1.35,0.0,presentation_floor_60hz
human,observed,older_80_89,984,0,1,172,0.6538759689922481,0.6666666666666666,0.040697674418604654,presentation_floor_60hz
human,observed,older_80_89,984,0,2,172,0.7535852713178295,0.75,0.011627906976744186,presentation_floor_60hz
human,observed,older_80_89,984,0,3,172,0.8314922480620154,0.8333333333333334,0.005813953488372093,presentation_floor_60hz
human,observed,older_80_89,984,0,4,172,1.095251937984496,0.9833333333333333,0.011627906976744186,presentation_floor_60hz
human,observed,older_80_89,6609,1,1,172,0.9661821705426357,0.9833333333333333,0.01744186046511628,presentation_floor_60hz
human,observed,older_80_89,6609,1,2,171,1.0805068226120857,1.0833333333333333,0.0,presentation_floor_60hz
human,observed,older_80_89,6609,1,3,171,1.1920077972709553,1.2,0.005847953216374269,presentation_floor_60hz
human,observed,older_80_89,6609,1,4,171,1.5699805068226123,1.4,0.005847953216374269,presentation_floor_60hz
human,observed,older_80_89,2410,0,1,157,0.6360934182590234,0.65,0.03184713375796178,presentation_floor_60hz
human,observed,older_80_89,2410,0,2,157,0.7176220806794057,0.7166666666666667,0.012738853503184714,presentation_floor_60hz
human,observed,older_80_89,2410,0,3,157,0.7889596602972397,0.7833333333333333,0.0,presentation_floor_60hz
human,observed,older_80_89,2410,0,4,156,1.0005341880341878,0.9166666666666666,0.00641025641025641,presentation_floor_60hz
human,observed,older_80_89,984,1,1,170,0.7065686274509805,0.7333333333333333,0.1411764705882353,presentation_floor_60hz
human,observed,older_80_89,984,1,2,170,0.8374509803921567,0.8333333333333334,0.029411764705882353,presentation_floor_60hz
human,observed,older_80_89,984,1,3,170,0.9411764705882353,0.95,0.023529411764705882,presentation_floor_60hz
human,observed,older_80_89,984,1,4,170,1.2257843137254902,1.1166666666666667,0.01764705882352941,presentation_floor_60hz
human,observed,older_80_89,3403,0,1,128,0.6283854166666667,0.6333333333333333,0.015625,presentation_floor_60hz
human,observed,older_80_89,3403,0,2,128,0.6958333333333333,0.7,0.0078125,presentation_floor_60hz
human,observed,older_80_89,3403,0,3,127,0.7565616797900262,0.75,0.0,presentation_floor_60hz
human,observed,older_80_89,3403,0,4,127,0.9228346456692912,0.8666666666666667,0.015748031496062992,presentation_floor_60hz
human,observed,older_80_89,3403,1,1,127,0.6841207349081365,0.7,0.05511811023622047,presentation_floor_60hz
human,observed,older_80_89,3403,1,2,126,0.7947089947089946,0.8,0.023809523809523808,presentation_floor_60hz
human,observed,older_80_89,3403,1,3,126,0.8854497354497355,0.8833333333333333,0.015873015873015872,presentation_floor_60hz
human,observed,older_80_89,3403,1,4,126,1.1007936507936507,1.0416666666666665,0.031746031746031744,presentation_floor_60hz
human,observed,older_80_89,2410,1,1,156,0.6799145299145299,0.6833333333333333,0.14102564102564102,presentation_floor_60hz
human,observed,older_80_89,2410,1,2,155,0.7829032258064514,0.7833333333333333,0.05806451612903226,presentation_floor_60hz
human,observed,older_80_89,2410,1,3,155,0.878279569892473,0.8666666666666667,0.03870967741935484,presentation_floor_60hz
human,observed,older_80_89,2410,1,4,155,1.1382795698924733,1.0333333333333332,0.01935483870967742,presentation_floor_60hz
model,0,young_20_29,2918,0,1,163,0.4168711656441718,0.43333333333333335,0.018404907975460124,presentation_floor_60hz
model,0,young_20_29,2918,0,2,162,0.5388888888888888,0.5333333333333333,0.012345679012345678,presentation_floor_60hz
model,0,young_20_29,2918,0,3,162,0.623559670781893,0.6333333333333333,0.024691358024691357,presentation_floor_60hz
model,0,young_20_29,2918,0,4,162,0.7425925925925926,0.7333333333333333,0.04938271604938271,presentation_floor_60hz
model,0,young_20_29,2918,1,1,162,0.5911522633744856,0.6166666666666667,0.345679012345679,presentation_floor_60hz
model,0,young_20_29,2918,1,2,162,0.7659465020576132,0.7666666666666666,0.11728395061728394,presentation_floor_60hz
model,0,young_20_29,2918,1,3,162,0.8754115226337449,0.8666666666666667,0.08641975308641975,presentation_floor_60hz
model,0,young_20_29,2918,1,4,162,1.0372427983539094,1.025,0.037037037037037035,presentation_floor_60hz
model,0,young_20_29,899,1,1,26,0.6153846153846154,0.6333333333333333,0.2692307692307692,presentation_floor_60hz
model,0,young_20_29,899,1,2,25,0.7706666666666665,0.7666666666666666,0.12,presentation_floor_60hz
model,0,young_20_29,899,1,3,25,0.8733333333333333,0.8666666666666667,0.08,presentation_floor_60hz
model,0,young_20_29,899,1,4,25,1.05,1.0333333333333332,0.0,presentation_floor_60hz
model,0,young_20_29,182,1,1,34,0.5848039215686276,0.6,0.35294117647058826,presentation_floor_60hz
model,0,young_20_29,182,1,2,34,0.7549019607843137,0.7583333333333333,0.058823529411764705,presentation_floor_60hz
model,0,young_20_29,182,1,3,34,0.8838235294117647,0.8833333333333333,0.058823529411764705,presentation_floor_60hz
model,0,young_20_29,182,1,4,33,1.0555555555555558,1.0166666666666666,0.09090909090909091,presentation_floor_60hz
model,0,young_20_29,5256,1,1,24,0.6069444444444444,0.6083333333333334,0.20833333333333334,presentation_floor_60hz
model,0,young_20_29,5256,1,2,23,0.7913043478260869,0.8,0.17391304347826086,presentation_floor_60hz
model,0,young_20_29,5256,1,3,23,0.8862318840579712,0.8833333333333333,0.08695652173913043,presentation_floor_60hz
model,0,young_20_29,5256,1,4,23,1.0478260869565217,1.0,0.0,presentation_floor_60hz
model,0,young_20_29,3875,0,1,77,0.4173160173160173,0.43333333333333335,0.012987012987012988,presentation_floor_60hz
model,0,young_20_29,3875,0,2,77,0.5298701298701297,0.5333333333333333,0.025974025974025976,presentation_floor_60hz
model,0,young_20_29,3875,0,3,77,0.6177489177489178,0.6166666666666667,0.03896103896103896,presentation_floor_60hz
model,0,young_20_29,3875,0,4,76,0.7550438596491229,0.7333333333333333,0.02631578947368421,presentation_floor_60hz
model,0,young_20_29,899,0,1,26,0.4064102564102564,0.43333333333333335,0.0,presentation_floor_60hz
model,0,young_20_29,899,0,2,26,0.5083333333333333,0.5,0.038461538461538464,presentation_floor_60hz
model,0,young_20_29,899,0,3,25,0.6173333333333334,0.6166666666666667,0.0,presentation_floor_60hz
model,0,young_20_29,899,0,4,25,0.7380000000000001,0.7166666666666667,0.04,presentation_floor_60hz
model,0,young_20_29,677,0,1,29,0.4011494252873563,0.4166666666666667,0.0,presentation_floor_60hz
model,0,young_20_29,677,0,2,28,0.5339285714285714,0.5333333333333333,0.0,presentation_floor_60hz
model,0,young_20_29,677,0,3,28,0.6071428571428573,0.6083333333333334,0.0,presentation_floor_60hz
model,0,young_20_29,677,0,4,28,0.730952380952381,0.725,0.03571428571428571,presentation_floor_60hz
model,0,young_20_29,5675,0,1,147,0.41746031746031753,0.43333333333333335,0.02040816326530612,presentation_floor_60hz
model,0,young_20_29,5675,0,2,147,0.5396825396825398,0.5333333333333333,0.006802721088435374,presentation_floor_60hz
model,0,young_20_29,5675,0,3,147,0.6295918367346938,0.6333333333333333,0.006802721088435374,presentation_floor_60hz
model,0,young_20_29,5675,0,4,146,0.7547945205479453,0.75,0.02054794520547945,presentation_floor_60hz
model,0,young_20_29,5675,1,1,145,0.5966666666666667,0.6333333333333333,0.4068965517241379,presentation_floor_60hz
model,0,young_20_29,5675,1,2,145,0.7680459770114942,0.7666666666666666,0.10344827586206896,presentation_floor_60hz
model,0,young_20_29,5675,1,3,145,0.8819540229885057,0.8833333333333333,0.07586206896551724,presentation_floor_60hz
model,0,young_20_29,5675,1,4,145,1.0517241379310345,1.0333333333333332,0.013793103448275862,presentation_floor_60hz
model,0,young_20_29,2553,1,1,27,0.6333333333333334,0.6666666666666666,0.25925925925925924,presentation_floor_60hz
model,0,young_20_29,2553,1,2,27,0.7876543209876543,0.7833333333333333,0.14814814814814814,presentation_floor_60hz
model,0,young_20_29,2553,1,3,27,0.9,0.8833333333333333,0.0,presentation_floor_60hz
model,0,young_20_29,2553,1,4,26,1.0724358974358972,1.0666666666666667,0.0,presentation_floor_60hz
model,0,young_20_29,7862,0,1,30,0.4422222222222222,0.4666666666666667,0.1,presentation_floor_60hz
model,0,young_20_29,7862,0,2,30,0.5449999999999999,0.55,0.06666666666666667,presentation_floor_60hz
model,0,young_20_29,7862,0,3,30,0.6149999999999999,0.6,0.0,presentation_floor_60hz
model,0,young_20_29,7862,0,4,30,0.7488888888888887,0.7166666666666667,0.06666666666666667,presentation_floor_60hz
model,0,young_20_29,7862,1,1,31,0.6360215053763442,0.6666666666666666,0.2903225806451613,presentation_floor_60hz
model,0,young_20_29,7862,1,2,31,0.7854838709677419,0.7833333333333333,0.1935483870967742,presentation_floor_60hz
model,0,young_20_29,7862,1,3,30,0.8683333333333335,0.8666666666666667,0.06666666666666667,presentation_floor_60hz
model,0,young_20_29,7862,1,4,30,1.0277777777777777,1.0,0.0,presentation_floor_60hz
model,0,young_20_29,677,1,1,29,0.5827586206896551,0.6,0.3793103448275862,presentation_floor_60hz
model,0,young_20_29,677,1,2,28,0.7619047619047619,0.7833333333333333,0.10714285714285714,presentation_floor_60hz
model,0,young_20_29,677,1,3,28,0.8785714285714284,0.875,0.07142857142857142,presentation_floor_60hz
model,0,young_20_29,677,1,4,28,1.0273809523809523,1.0,0.07142857142857142,presentation_floor_60hz
model,0,young_20_29,3875,1,1,77,0.608008658008658,0.6333333333333333,0.3116883116883117,presentation_floor_60hz
model,0,young_20_29,3875,1,2,77,0.7564935064935064,0.7666666666666666,0.09090909090909091,presentation_floor_60hz
model,0,young_20_29,3875,1,3,77,0.8636363636363634,0.8666666666666667,0.025974025974025976,presentation_floor_60hz
model,0,young_20_29,3875,1,4,77,1.012987012987013,1.0,0.025974025974025976,presentation_floor_60hz
model,0,young_20_29,4790,0,1,25,0.42466666666666664,0.45,0.0,presentation_floor_60hz
model,0,young_20_29,4790,0,2,25,0.542,0.5333333333333333,0.04,presentation_floor_60hz
model,0,young_20_29,4790,0,3,25,0.6286666666666667,0.6333333333333333,0.0,presentation_floor_60hz
model,0,young_20_29,4790,0,4,24,0.7513888888888888,0.75,0.0,presentation_floor_60hz
model,0,young_20_29,1478,0,1,22,0.4371212121212121,0.45,0.0,presentation_floor_60hz
model,0,young_20_29,1478,0,2,22,0.5462121212121214,0.55,0.0,presentation_floor_60hz
model,0,young_20_29,1478,0,3,22,0.6242424242424242,0.6166666666666667,0.045454545454545456,presentation_floor_60hz
model,0,young_20_29,1478,0,4,22,0.7446969696969696,0.7333333333333333,0.045454545454545456,presentation_floor_60hz
model,0,young_20_29,5256,0,1,23,0.42318840579710143,0.43333333333333335,0.0,presentation_floor_60hz
model,0,young_20_29,5256,0,2,23,0.5384057971014492,0.5333333333333333,0.0,presentation_floor_60hz
model,0,young_20_29,5256,0,3,22,0.6098484848484849,0.6166666666666667,0.045454545454545456,presentation_floor_60hz
model,0,young_20_29,5256,0,4,22,0.731060606060606,0.7083333333333333,0.0,presentation_floor_60hz
model,0,young_20_29,182,0,1,34,0.4191176470588235,0.43333333333333335,0.0,presentation_floor_60hz
model,0,young_20_29,182,0,2,34,0.5401960784313725,0.5416666666666667,0.0,presentation_floor_60hz
model,0,young_20_29,182,0,3,34,0.6171568627450981,0.6083333333333334,0.0,presentation_floor_60hz
model,0,young_20_29,182,0,4,34,0.7740196078431373,0.75,0.0,presentation_floor_60hz
model,0,young_20_29,4790,1,1,25,0.6299999999999999,0.65,0.24,presentation_floor_60hz
model,0,young_20_29,4790,1,2,25,0.7633333333333334,0.7666666666666666,0.04,presentation_floor_60hz
model,0,young_20_29,4790,1,3,24,0.8701388888888889,0.8833333333333333,0.16666666666666666,presentation_floor_60hz
model,0,young_20_29,4790,1,4,24,1.0493055555555555,1.0333333333333332,0.0,presentation_floor_60hz
model,0,young_20_29,1478,1,1,22,0.5734848484848484,0.6,0.36363636363636365,presentation_floor_60hz
model,0,young_20_29,1478,1,2,22,0.7704545454545453,0.7833333333333333,0.045454545454545456,presentation_floor_60hz
model,0,young_20_29,1478,1,3,22,0.8977272727272726,0.9,0.09090909090909091,presentation_floor_60hz
model,0,young_20_29,1478,1,4,21,1.0738095238095238,1.05,0.0,presentation_floor_60hz
model,0,young_20_29,4398,1,1,27,0.5685185185185185,0.6,0.25925925925925924,presentation_floor_60hz
model,0,young_20_29,4398,1,2,27,0.7555555555555555,0.7666666666666666,0.037037037037037035,presentation_floor_60hz
model,0,young_20_29,4398,1,3,26,0.8775641025641026,0.8833333333333333,0.038461538461538464,presentation_floor_60hz
model,0,young_20_29,4398,1,4,26,1.0705128205128207,1.075,0.0,presentation_floor_60hz
model,0,young_20_29,4398,0,1,27,0.4117283950617284,0.43333333333333335,0.0,presentation_floor_60hz
model,0,young_20_29,4398,0,2,27,0.5364197530864198,0.5333333333333333,0.037037037037037035,presentation_floor_60hz
model,0,young_20_29,4398,0,3,26,0.6230769230769231,0.6166666666666667,0.0,presentation_floor_60hz
model,0,young_20_29,4398,0,4,26,0.7455128205128205,0.7333333333333333,0.038461538461538464,presentation_floor_60hz
model,0,young_20_29,2553,0,1,27,0.40925925925925927,0.4166666666666667,0.037037037037037035,presentation_floor_60hz
model,0,young_20_29,2553,0,2,26,0.5403846153846155,0.5333333333333333,0.0,presentation_floor_60hz
model,0,young_20_29,2553,0,3,26,0.6217948717948717,0.6166666666666667,0.0,presentation_floor_60hz
model,0,young_20_29,2553,0,4,26,0.7538461538461536,0.725,0.07692307692307693,presentation_floor_60hz
model,0,older_80_89,6609,0,1,171,0.48479532163742683,0.5166666666666666,0.029239766081871343,presentation_floor_60hz
model,0,older_80_89,6609,0,2,171,0.7229044834307993,0.7166666666666667,0.017543859649122806,presentation_floor_60hz
model,0,older_80_89,6609,0,3,171,0.8821637426900586,0.8833333333333333,0.0,presentation_floor_60hz
model,0,older_80_89,6609,0,4,171,1.1694931773879143,1.1166666666666667,0.0,presentation_floor_60hz
model,0,older_80_89,984,0,1,172,0.49670542635658915,0.5166666666666666,0.011627906976744186,presentation_floor_60hz
model,0,older_80_89,984,0,2,172,0.7041666666666666,0.7,0.005813953488372093,presentation_floor_60hz
model,0,older_80_89,984,0,3,172,0.862984496124031,0.8666666666666667,0.023255813953488372,presentation_floor_60hz
model,0,older_80_89,984,0,4,172,1.1159883720930233,1.0666666666666667,0.0,presentation_floor_60hz
model,0,older_80_89,6609,1,1,172,0.767829457364341,0.8,0.12209302325581395,presentation_floor_60hz
model,0,older_80_89,6609,1,2,171,1.013450292397661,1.0166666666666666,0.04093567251461988,presentation_floor_60hz
model,0,older_80_89,6609,1,3,171,1.1987329434697858,1.2,0.07017543859649122,presentation_floor_60hz
model,0,older_80_89,6609,1,4,171,1.4568226120857701,1.4166666666666667,0.03508771929824561,presentation_floor_60hz
model,0,older_80_89,2410,0,1,157,0.5106157112526538,0.5333333333333333,0.006369426751592357,presentation_floor_60hz
model,0,older_80_89,2410,0,2,157,0.7245222929936307,0.7166666666666667,0.006369426751592357,presentation_floor_60hz
model,0,older_80_89,2410,0,3,157,0.8867303609341826,0.8833333333333333,0.01910828025477707,presentation_floor_60hz
model,0,older_80_89,2410,0,4,156,1.151068376068376,1.1333333333333333,0.0,presentation_floor_60hz
model,0,older_80_89,984,1,1,170,0.7710784313725491,0.8,0.1,presentation_floor_60hz
model,0,older_80_89,984,1,2,170,1.0208823529411766,1.0166666666666666,0.041176470588235294,presentation_floor_60hz
model,0,older_80_89,984,1,3,170,1.1891176470588236,1.1833333333333333,0.047058823529411764,presentation_floor_60hz
model,0,older_80_89,984,1,4,170,1.4812745098039215,1.4333333333333333,0.01764705882352941,presentation_floor_60hz
model,0,older_80_89,3403,0,1,128,0.5322916666666666,0.55,0.0078125,presentation_floor_60hz
model,0,older_80_89,3403,0,2,128,0.73046875,0.7333333333333333,0.015625,presentation_floor_60hz
model,0,older_80_89,3403,0,3,127,0.8888451443569554,0.9,0.0,presentation_floor_60hz
model,0,older_80_89,3403,0,4,127,1.1240157480314963,1.0833333333333333,0.015748031496062992,presentation_floor_60hz
model,0,older_80_89,3403,1,1,127,0.7753280839895013,0.8,0.09448818897637795,presentation_floor_60hz
model,0,older_80_89,3403,1,2,126,1.0231481481481481,1.0166666666666666,0.06349206349206349,presentation_floor_60hz
model,0,older_80_89,3403,1,3,126,1.206216931216931,1.2,0.05555555555555555,presentation_floor_60hz
model,0,older_80_89,3403,1,4,126,1.4965608465608464,1.4666666666666666,0.015873015873015872,presentation_floor_60hz
model,0,older_80_89,2410,1,1,156,0.7784188034188033,0.8166666666666667,0.10256410256410256,presentation_floor_60hz
model,0,older_80_89,2410,1,2,155,1.0372043010752687,1.0333333333333332,0.05806451612903226,presentation_floor_60hz
model,0,older_80_89,2410,1,3,155,1.1976344086021504,1.2,0.03225806451612903,presentation_floor_60hz
model,0,older_80_89,2410,1,4,155,1.470537634408602,1.4333333333333333,0.025806451612903226,presentation_floor_60hz
model,1,young_20_29,2918,0,1,163,0.416359918200409,0.43333333333333335,0.018404907975460124,presentation_floor_60hz
model,1,young_20_29,2918,0,2,162,0.5425925925925926,0.55,0.030864197530864196,presentation_floor_60hz
model,1,young_20_29,2918,0,3,162,0.6208847736625515,0.6166666666666667,0.0,presentation_floor_60hz
model,1,young_20_29,2918,0,4,162,0.739917695473251,0.725,0.018518518518518517,presentation_floor_60hz
model,1,young_20_29,2918,1,1,162,0.5972222222222222,0.6166666666666667,0.345679012345679,presentation_floor_60hz
model,1,young_20_29,2918,1,2,162,0.7640946502057612,0.7666666666666666,0.16666666666666666,presentation_floor_60hz
model,1,young_20_29,2918,1,3,162,0.8716049382716049,0.8666666666666667,0.06790123456790123,presentation_floor_60hz
model,1,young_20_29,2918,1,4,162,1.0292181069958848,1.0166666666666666,0.018518518518518517,presentation_floor_60hz
model,1,young_20_29,899,1,1,26,0.6230769230769231,0.6333333333333333,0.2692307692307692,presentation_floor_60hz
model,1,young_20_29,899,1,2,25,0.7453333333333334,0.7333333333333333,0.16,presentation_floor_60hz
model,1,young_20_29,899,1,3,25,0.8753333333333333,0.8666666666666667,0.04,presentation_floor_60hz
model,1,young_20_29,899,1,4,25,1.0553333333333335,1.0333333333333332,0.0,presentation_floor_60hz
model,1,young_20_29,182,1,1,34,0.5970588235294116,0.6166666666666667,0.38235294117647056,presentation_floor_60hz
model,1,young_20_29,182,1,2,34,0.7745098039215687,0.7666666666666666,0.11764705882352941,presentation_floor_60hz
model,1,young_20_29,182,1,3,34,0.8887254901960785,0.8833333333333333,0.029411764705882353,presentation_floor_60hz
model,1,young_20_29,182,1,4,33,1.0530303030303028,1.0333333333333332,0.0,presentation_floor_60hz
model,1,young_20_29,5256,1,1,24,0.5881944444444445,0.6,0.2916666666666667,presentation_floor_60hz
model,1,young_20_29,5256,1,2,23,0.7615942028985508,0.7666666666666666,0.08695652173913043,presentation_floor_60hz
model,1,young_20_29,5256,1,3,23,0.8782608695652172,0.8833333333333333,0.13043478260869565,presentation_floor_60hz
model,1,young_20_29,5256,1,4,23,1.0239130434782604,1.0,0.0,presentation_floor_60hz
model,1,young_20_29,3875,0,1,77,0.42510822510822505,0.43333333333333335,0.03896103896103896,presentation_floor_60hz
model,1,young_20_29,3875,0,2,77,0.5329004329004329,0.5333333333333333,0.025974025974025976,presentation_floor_60hz
model,1,young_20_29,3875,0,3,77,0.6242424242424243,0.6166666666666667,0.012987012987012988,presentation_floor_60hz
model,1,young_20_29,3875,0,4,76,0.7495614035087721,0.7333333333333333,0.02631578947368421,presentation_floor_60hz
model,1,young_20_29,899,0,1,26,0.40961538461538455,0.43333333333333335,0.07692307692307693,presentation_floor_60hz
model,1,young_20_29,899,0,2,26,0.5294871794871795,0.5333333333333333,0.038461538461538464,presentation_floor_60hz
model,1,young_20_29,899,0,3,25,0.6286666666666667,0.6333333333333333,0.04,presentation_floor_60hz
model,1,young_20_29,899,0,4,25,0.7333333333333333,0.7333333333333333,0.0,presentation_floor_60hz
model,1,young_20_29,677,0,1,29,0.3867816091954022,0.4166666666666667,0.034482758620689655,presentation_floor_60hz
model,1,young_20_29,677,0,2,28,0.5125,0.5166666666666666,0.03571428571428571,presentation_floor_60hz
model,1,young_20_29,677,0,3,28,0.6065476190476191,0.6166666666666667,0.0,presentation_floor_60hz
model,1,young_20_29,677,0,4,28,0.7392857142857141,0.75,0.0,presentation_floor_60hz
model,1,young_20_29,5675,0,1,147,0.4158730158730159,0.43333333333333335,0.006802721088435374,presentation_floor_60hz
model,1,young_20_29,5675,0,2,147,0.5472789115646258,0.55,0.034013605442176874,presentation_floor_60hz
model,1,young_20_29,5675,0,3,147,0.6329931972789115,0.6333333333333333,0.006802721088435374,presentation_floor_60hz
model,1,young_20_29,5675,0,4,146,0.7609589041095891,0.75,0.0273972602739726,presentation_floor_60hz
model,1,young_20_29,5675,1,1,145,0.6011494252873563,0.6166666666666667,0.3448275862068966,presentation_floor_60hz
model,1,young_20_29,5675,1,2,145,0.7785057471264367,0.7833333333333333,0.10344827586206896,presentation_floor_60hz
model,1,young_20_29,5675,1,3,145,0.8918390804597701,0.9,0.07586206896551724,presentation_floor_60hz
model,1,young_20_29,5675,1,4,145,1.055632183908046,1.0333333333333332,0.027586206896551724,presentation_floor_60hz
model,1,young_20_29,2553,1,1,27,0.6493827160493827,0.65,0.2222222222222222,presentation_floor_60hz
model,1,young_20_29,2553,1,2,27,0.784567901234568,0.7833333333333333,0.14814814814814814,presentation_floor_60hz
model,1,young_20_29,2553,1,3,27,0.9074074074074074,0.9,0.037037037037037035,presentation_floor_60hz
model,1,young_20_29,2553,1,4,26,1.0717948717948718,1.0666666666666667,0.038461538461538464,presentation_floor_60hz
model,1,young_20_29,7862,0,1,30,0.45055555555555554,0.45833333333333337,0.03333333333333333,presentation_floor_60hz
model,1,young_20_29,7862,0,2,30,0.5500000000000002,0.55,0.0,presentation_floor_60hz
model,1,young_20_29,7862,0,3,30,0.6277777777777777,0.6333333333333333,0.03333333333333333,presentation_floor_60hz
model,1,young_20_29,7862,0,4,30,0.7488888888888888,0.725,0.03333333333333333,presentation_floor_60hz
model,1,young_20_29,7862,1,1,31,0.6198924731182796,0.6333333333333333,0.25806451612903225,presentation_floor_60hz
model,1,young_20_29,7862,1,2,31,0.7731182795698927,0.7666666666666666,0.25806451612903225,presentation_floor_60hz
model,1,young_20_29,7862,1,3,30,0.8638888888888887,0.8666666666666667,0.06666666666666667,presentation_floor_60hz
model,1,young_20_29,7862,1,4,30,1.0027777777777778,0.9833333333333333,0.03333333333333333,presentation_floor_60hz
model,1,young_20_29,677,1,1,29,0.5873563218390804,0.6,0.3448275862068966,presentation_floor_60hz
model,1,young_20_29,677,1,2,28,0.7821428571428574,0.7833333333333333,0.14285714285714285,presentation_floor_60hz
model,1,young_20_29,677,1,3,28,0.9011904761904761,0.9,0.10714285714285714,presentation_floor_60hz
model,1,young_20_29,677,1,4,28,1.0541666666666667,1.0333333333333332,0.03571428571428571,presentation_floor_60hz
model,1,young_20_29,3875,1,1,77,0.5974025974025973,0.6166666666666667,0.2597402597402597,presentation_floor_60hz
model,1,young_20_29,3875,1,2,77,0.7575757575757576,0.7666666666666666,0.14285714285714285,presentation_floor_60hz
model,1,young_20_29,3875,1,3,77,0.8664502164502167,0.8833333333333333,0.012987012987012988,presentation_floor_60hz
model,1,young_20_29,3875,1,4,77,1.0064935064935066,0.9833333333333333,0.025974025974025976,presentation_floor_60hz
model,1,young_20_29,4790,0,1,25,0.42199999999999993,0.43333333333333335,0.04,presentation_floor_60hz
model,1,young_20_29,4790,0,2,25,0.5486666666666666,0.55,0.0,presentation_floor_60hz
model,1,young_20_29,4790,0,3,25,0.6306666666666667,0.6333333333333333,0.0,presentation_floor_60hz
model,1,young_20_29,4790,0,4,24,0.7444444444444445,0.7333333333333333,0.0,presentation_floor_60hz
model,1,young_20_29,1478,0,1,22,0.4272727272727273,0.45,0.0,presentation_floor_60hz
model,1,young_20_29,1478,0,2,22,0.540909090909091,0.5416666666666667,0.09090909090909091,presentation_floor_60hz
model,1,young_20_29,1478,0,3,22,0.631060606060606,0.6333333333333333,0.0,presentation_floor_60hz
model,1,young_20_29,1478,0,4,22,0.7401515151515151,0.7083333333333333,0.045454545454545456,presentation_floor_60hz
model,1,young_20_29,5256,0,1,23,0.40724637681159415,0.4166666666666667,0.0,presentation_floor_60hz
model,1,young_20_29,5256,0,2,23,0.5318840579710146,0.5333333333333333,0.0,presentation_floor_60hz
model,1,young_20_29,5256,0,3,22,0.6106060606060606,0.6166666666666667,0.045454545454545456,presentation_floor_60hz
model,1,young_20_29,5256,0,4,22,0.7227272727272728,0.7,0.0,presentation_floor_60hz
model,1,young_20_29,182,0,1,34,0.4161764705882353,0.43333333333333335,0.0,presentation_floor_60hz
model,1,young_20_29,182,0,2,34,0.5245098039215687,0.5333333333333333,0.058823529411764705,presentation_floor_60hz
model,1,young_20_29,182,0,3,34,0.6215686274509803,0.625,0.0,presentation_floor_60hz
model,1,young_20_29,182,0,4,34,0.7627450980392156,0.75,0.0,presentation_floor_60hz
model,1,young_20_29,4790,1,1,25,0.6193333333333333,0.6333333333333333,0.32,presentation_floor_60hz
model,1,young_20_29,4790,1,2,25,0.7746666666666668,0.7833333333333333,0.12,presentation_floor_60hz
model,1,young_20_29,4790,1,3,24,0.8840277777777777,0.8916666666666666,0.08333333333333333,presentation_floor_60hz
model,1,young_20_29,4790,1,4,24,1.048611111111111,1.025,0.0,presentation_floor_60hz
model,1,young_20_29,1478,1,1,22,0.5689393939393939,0.575,0.36363636363636365,presentation_floor_60hz
model,1,young_20_29,1478,1,2,22,0.7454545454545454,0.7333333333333333,0.09090909090909091,presentation_floor_60hz
model,1,young_20_29,1478,1,3,22,0.9060606060606061,0.9,0.0,presentation_floor_60hz
model,1,young_20_29,1478,1,4,21,1.0777777777777777,1.0333333333333332,0.0,presentation_floor_60hz
model,1,young_20_29,4398,1,1,27,0.5759259259259258,0.5666666666666667,0.2222222222222222,presentation_floor_60hz
model,1,young_20_29,4398,1,2,27,0.7543209876543209,0.75,0.07407407407407407,presentation_floor_60hz
model,1,young_20_29,4398,1,3,26,0.8891025641025642,0.8833333333333333,0.0,presentation_floor_60hz
model,1,young_20_29,4398,1,4,26,1.0621794871794874,1.0333333333333332,0.038461538461538464,presentation_floor_60hz
model,1,young_20_29,4398,0,1,27,0.42222222222222217,0.43333333333333335,0.0,presentation_floor_60hz
model,1,young_20_29,4398,0,2,27,0.5450617283950617,0.55,0.0,presentation_floor_60hz
model,1,young_20_29,4398,0,3,26,0.6211538461538463,0.6166666666666667,0.0,presentation_floor_60hz
model,1,young_20_29,4398,0,4,26,0.7262820512820513,0.7166666666666667,0.0,presentation_floor_60hz
model,1,young_20_29,2553,0,1,27,0.41851851851851846,0.4166666666666667,0.037037037037037035,presentation_floor_60hz
model,1,young_20_29,2553,0,2,26,0.5314102564102564,0.5333333333333333,0.038461538461538464,presentation_floor_60hz
model,1,young_20_29,2553,0,3,26,0.6115384615384616,0.6166666666666667,0.038461538461538464,presentation_floor_60hz
model,1,young_20_29,2553,0,4,26,0.7423076923076923,0.7333333333333333,0.0,presentation_floor_60hz
model,1,older_80_89,6609,0,1,171,0.4958089668615984,0.5166666666666666,0.005847953216374269,presentation_floor_60hz
model,1,older_80_89,6609,0,2,171,0.7262183235867447,0.7333333333333333,0.017543859649122806,presentation_floor_60hz
model,1,older_80_89,6609,0,3,171,0.8756335282651073,0.8833333333333333,0.0,presentation_floor_60hz
model,1,older_80_89,6609,0,4,171,1.1339181286549707,1.1,0.011695906432748537,presentation_floor_60hz
model,1,older_80_89,984,0,1,172,0.49505813953488376,0.5249999999999999,0.011627906976744186,presentation_floor_60hz
model,1,older_80_89,984,0,2,172,0.7159883720930232,0.7166666666666667,0.0,presentation_floor_60hz
model,1,older_80_89,984,0,3,172,0.8631782945736434,0.8666666666666667,0.0,presentation_floor_60hz
model,1,older_80_89,984,0,4,172,1.1071705426356588,1.0666666666666667,0.029069767441860465,presentation_floor_60hz
model,1,older_80_89,6609,1,1,172,0.7709302325581393,0.8,0.16279069767441862,presentation_floor_60hz
model,1,older_80_89,6609,1,2,171,1.0024366471734891,1.0,0.08771929824561403,presentation_floor_60hz
model,1,older_80_89,6609,1,3,171,1.186647173489279,1.2,0.05263157894736842,presentation_floor_60hz
model,1,older_80_89,6609,1,4,171,1.4534113060428848,1.4166666666666667,0.04093567251461988,presentation_floor_60hz
model,1,older_80_89,2410,0,1,157,0.4976645435244161,0.5166666666666666,0.006369426751592357,presentation_floor_60hz
model,1,older_80_89,2410,0,2,157,0.7305732484076434,0.7333333333333333,0.012738853503184714,presentation_floor_60hz
model,1,older_80_89,2410,0,3,157,0.887791932059448,0.8833333333333333,0.0,presentation_floor_60hz
model,1,older_80_89,2410,0,4,156,1.1504273504273503,1.1083333333333334,0.01282051282051282,presentation_floor_60hz
model,1,older_80_89,984,1,1,170,0.7600980392156864,0.7833333333333333,0.14705882352941177,presentation_floor_60hz
model,1,older_80_89,984,1,2,170,1.0069607843137254,1.0166666666666666,0.029411764705882353,presentation_floor_60hz
model,1,older_80_89,984,1,3,170,1.1834313725490195,1.1833333333333333,0.047058823529411764,presentation_floor_60hz
model,1,older_80_89,984,1,4,170,1.4813725490196077,1.4333333333333333,0.01764705882352941,presentation_floor_60hz
model,1,older_80_89,3403,0,1,128,0.54375,0.5666666666666667,0.0078125,presentation_floor_60hz
model,1,older_80_89,3403,0,2,128,0.736328125,0.7333333333333333,0.0078125,presentation_floor_60hz
model,1,older_80_89,3403,0,3,127,0.8902887139107609,0.8833333333333333,0.007874015748031496,presentation_floor_60hz
model,1,older_80_89,3403,0,4,127,1.1791338582677162,1.1333333333333333,0.0,presentation_floor_60hz
model,1,older_80_89,3403,1,1,127,0.7725721784776902,0.8,0.12598425196850394,presentation_floor_60hz
model,1,older_80_89,3403,1,2,126,1.0238095238095237,1.0166666666666666,0.05555555555555555,presentation_floor_60hz
model,1,older_80_89,3403,1,3,126,1.2137566137566136,1.2166666666666666,0.047619047619047616,presentation_floor_60hz
model,1,older_80_89,3403,1,4,126,1.4970899470899472,1.4666666666666666,0.031746031746031744,presentation_floor_60hz
model,1,older_80_89,2410,1,1,156,0.7773504273504274,0.8,0.07051282051282051,presentation_floor_60hz
model,1,older_80_89,2410,1,2,155,1.0254838709677419,1.0166666666666666,0.04516129032258064,presentation_floor_60hz
model,1,older_80_89,2410,1,3,155,1.2109677419354838,1.2,0.03225806451612903,presentation_floor_60hz
model,1,older_80_89,2410,1,4,155,1.490537634408602,1.4333333333333333,0.05806451612903226,presentation_floor_60hz
model,2,young_20_29,2918,0,1,163,0.4197341513292434,0.43333333333333335,0.012269938650306749,presentation_floor_60hz
model,2,young_20_29,2918,0,2,162,0.5366255144032921,0.5333333333333333,0.018518518518518517,presentation_floor_60hz
model,2,young_20_29,2918,0,3,162,0.6185185185185186,0.6166666666666667,0.018518518518518517,presentation_floor_60hz
model,2,young_20_29,2918,0,4,162,0.7425925925925926,0.7166666666666667,0.030864197530864196,presentation_floor_60hz
model,2,young_20_29,2918,1,1,162,0.5965020576131688,0.6166666666666667,0.3395061728395062,presentation_floor_60hz
model,2,young_20_29,2918,1,2,162,0.7609053497942386,0.7666666666666666,0.19753086419753085,presentation_floor_60hz
model,2,young_20_29,2918,1,3,162,0.8695473251028807,0.8666666666666667,0.08024691358024691,presentation_floor_60hz
model,2,young_20_29,2918,1,4,162,1.037037037037037,1.0166666666666666,0.05555555555555555,presentation_floor_60hz
model,2,young_20_29,899,1,1,26,0.6211538461538463,0.6416666666666666,0.23076923076923078,presentation_floor_60hz
model,2,young_20_29,899,1,2,25,0.7553333333333332,0.75,0.12,presentation_floor_60hz
model,2,young_20_29,899,1,3,25,0.8760000000000001,0.8833333333333333,0.16,presentation_floor_60hz
model,2,young_20_29,899,1,4,25,1.0619999999999998,1.0333333333333332,0.0,presentation_floor_60hz
model,2,young_20_29,182,1,1,34,0.5955882352941176,0.6166666666666667,0.35294117647058826,presentation_floor_60hz
model,2,young_20_29,182,1,2,34,0.765686274509804,0.7666666666666666,0.058823529411764705,presentation_floor_60hz
model,2,young_20_29,182,1,3,34,0.8848039215686274,0.8833333333333333,0.058823529411764705,presentation_floor_60hz
model,2,young_20_29,182,1,4,33,1.048989898989899,1.0333333333333332,0.030303030303030304,presentation_floor_60hz
model,2,young_20_29,5256,1,1,24,0.6048611111111111,0.6083333333333334,0.125,presentation_floor_60hz
model,2,young_20_29,5256,1,2,23,0.7760869565217391,0.7666666666666666,0.2608695652173913,presentation_floor_60hz
model,2,young_20_29,5256,1,3,23,0.881159420289855,0.8666666666666667,0.043478260869565216,presentation_floor_60hz
model,2,young_20_29,5256,1,4,23,1.0304347826086955,1.0,0.0,presentation_floor_60hz
model,2,young_20_29,3875,0,1,77,0.4227272727272728,0.43333333333333335,0.06493506493506493,presentation_floor_60hz
model,2,young_20_29,3875,0,2,77,0.5335497835497834,0.5333333333333333,0.0,presentation_floor_60hz
model,2,young_20_29,3875,0,3,77,0.6292207792207791,0.6333333333333333,0.025974025974025976,presentation_floor_60hz
model,2,young_20_29,3875,0,4,76,0.7596491228070177,0.7333333333333333,0.013157894736842105,presentation_floor_60hz
model,2,young_20_29,899,0,1,26,0.41025641025641024,0.43333333333333335,0.038461538461538464,presentation_floor_60hz
model,2,young_20_29,899,0,2,26,0.5205128205128206,0.5333333333333333,0.0,presentation_floor_60hz
model,2,young_20_29,899,0,3,25,0.616,0.6166666666666667,0.0,presentation_floor_60hz
model,2,young_20_29,899,0,4,25,0.7480000000000001,0.7333333333333333,0.0,presentation_floor_60hz
model,2,young_20_29,677,0,1,29,0.3977011494252873,0.3833333333333333,0.0,presentation_floor_60hz
model,2,young_20_29,677,0,2,28,0.5279761904761904,0.5249999999999999,0.0,presentation_floor_60hz
model,2,young_20_29,677,0,3,28,0.6119047619047618,0.6166666666666667,0.0,presentation_floor_60hz
model,2,young_20_29,677,0,4,28,0.7386904761904762,0.725,0.0,presentation_floor_60hz
model,2,young_20_29,5675,0,1,147,0.4116780045351474,0.43333333333333335,0.034013605442176874,presentation_floor_60hz
model,2,young_20_29,5675,0,2,147,0.5479591836734693,0.55,0.04081632653061224,presentation_floor_60hz
model,2,young_20_29,5675,0,3,147,0.6298185941043084,0.6333333333333333,0.027210884353741496,presentation_floor_60hz
model,2,young_20_29,5675,0,4,146,0.7597031963470319,0.75,0.0136986301369863,presentation_floor_60hz
model,2,young_20_29,5675,1,1,145,0.6011494252873565,0.6166666666666667,0.38620689655172413,presentation_floor_60hz
model,2,young_20_29,5675,1,2,145,0.7737931034482758,0.7833333333333333,0.1310344827586207,presentation_floor_60hz
model,2,young_20_29,5675,1,3,145,0.8866666666666666,0.8833333333333333,0.0896551724137931,presentation_floor_60hz
model,2,young_20_29,5675,1,4,145,1.0485057471264367,1.0333333333333332,0.041379310344827586,presentation_floor_60hz
model,2,young_20_29,2553,1,1,27,0.6351851851851853,0.6333333333333333,0.37037037037037035,presentation_floor_60hz
model,2,young_20_29,2553,1,2,27,0.7901234567901234,0.7833333333333333,0.18518518518518517,presentation_floor_60hz
model,2,young_20_29,2553,1,3,27,0.9037037037037038,0.9,0.1111111111111111,presentation_floor_60hz
model,2,young_20_29,2553,1,4,26,1.0743589743589745,1.0499999999999998,0.0,presentation_floor_60hz
model,2,young_20_29,7862,0,1,30,0.4538888888888889,0.4666666666666667,0.06666666666666667,presentation_floor_60hz
model,2,young_20_29,7862,0,2,30,0.5538888888888889,0.55,0.0,presentation_floor_60hz
model,2,young_20_29,7862,0,3,30,0.6294444444444441,0.6333333333333333,0.03333333333333333,presentation_floor_60hz
model,2,young_20_29,7862,0,4,30,0.7338888888888888,0.7333333333333333,0.03333333333333333,presentation_floor_60hz
model,2,young_20_29,7862,1,1,31,0.6263440860215054,0.65,0.3870967741935484,presentation_floor_60hz
model,2,young_20_29,7862,1,2,31,0.7612903225806451,0.75,0.22580645161290322,presentation_floor_60hz
model,2,young_20_29,7862,1,3,30,0.8661111111111112,0.8666666666666667,0.1,presentation_floor_60hz
model,2,young_20_29,7862,1,4,30,1.0044444444444443,0.9833333333333333,0.0,presentation_floor_60hz
model,2,young_20_29,677,1,1,29,0.5775862068965518,0.5833333333333334,0.41379310344827586,presentation_floor_60hz
model,2,young_20_29,677,1,2,28,0.7827380952380955,0.8,0.17857142857142858,presentation_floor_60hz
model,2,young_20_29,677,1,3,28,0.8791666666666667,0.875,0.0,presentation_floor_60hz
model,2,young_20_29,677,1,4,28,1.0482142857142855,1.0083333333333333,0.07142857142857142,presentation_floor_60hz
model,2,young_20_29,3875,1,1,77,0.6125541125541124,0.6333333333333333,0.23376623376623376,presentation_floor_60hz
model,2,young_20_29,3875,1,2,77,0.7677489177489176,0.7666666666666666,0.09090909090909091,presentation_floor_60hz
model,2,young_20_29,3875,1,3,77,0.8625541125541124,0.85,0.06493506493506493,presentation_floor_60hz
model,2,young_20_29,3875,1,4,77,1.0145021645021646,1.0,0.012987012987012988,presentation_floor_60hz
model,2,young_20_29,4790,0,1,25,0.42200000000000004,0.43333333333333335,0.0,presentation_floor_60hz
model,2,young_20_29,4790,0,2,25,0.55,0.55,0.04,presentation_floor_60hz
model,2,young_20_29,4790,0,3,25,0.6193333333333334,0.6166666666666667,0.0,presentation_floor_60hz
model,2,young_20_29,4790,0,4,24,0.7381944444444445,0.7166666666666667,0.0,presentation_floor_60hz
model,2,young_20_29,1478,0,1,22,0.4462121212121212,0.4666666666666667,0.045454545454545456,presentation_floor_60hz
model,2,young_20_29,1478,0,2,22,0.5522727272727274,0.5583333333333333,0.0,presentation_floor_60hz
model,2,young_20_29,1478,0,3,22,0.6318181818181818,0.6416666666666666,0.045454545454545456,presentation_floor_60hz
model,2,young_20_29,1478,0,4,22,0.7371212121212122,0.7166666666666667,0.0,presentation_floor_60hz
model,2,young_20_29,5256,0,1,23,0.41014492753623183,0.4166666666666667,0.0,presentation_floor_60hz
model,2,young_20_29,5256,0,2,23,0.518840579710145,0.5166666666666666,0.043478260869565216,presentation_floor_60hz
model,2,young_20_29,5256,0,3,22,0.609090909090909,0.6,0.09090909090909091,presentation_floor_60hz
model,2,young_20_29,5256,0,4,22,0.7075757575757575,0.6833333333333333,0.0,presentation_floor_60hz
model,2,young_20_29,182,0,1,34,0.4176470588235294,0.43333333333333335,0.058823529411764705,presentation_floor_60hz
model,2,young_20_29,182,0,2,34,0.5299019607843137,0.5333333333333333,0.0,presentation_floor_60hz
model,2,young_20_29,182,0,3,34,0.6235294117647059,0.6166666666666667,0.0,presentation_floor_60hz
model,2,young_20_29,182,0,4,34,0.7666666666666666,0.7666666666666666,0.0,presentation_floor_60hz
model,2,young_20_29,4790,1,1,25,0.6346666666666667,0.65,0.2,presentation_floor_60hz
model,2,young_20_29,4790,1,2,25,0.7786666666666666,0.7833333333333333,0.08,presentation_floor_60hz
model,2,young_20_29,4790,1,3,24,0.8881944444444444,0.8833333333333333,0.0,presentation_floor_60hz
model,2,young_20_29,4790,1,4,24,1.05,1.05,0.041666666666666664,presentation_floor_60hz
model,2,young_20_29,1478,1,1,22,0.5727272727272728,0.6166666666666667,0.2727272727272727,presentation_floor_60hz
model,2,young_20_29,1478,1,2,22,0.7484848484848484,0.7583333333333333,0.045454545454545456,presentation_floor_60hz
model,2,young_20_29,1478,1,3,22,0.871969696969697,0.8666666666666667,0.045454545454545456,presentation_floor_60hz
model,2,young_20_29,1478,1,4,21,1.0896825396825396,1.0833333333333333,0.09523809523809523,presentation_floor_60hz
model,2,young_20_29,4398,1,1,27,0.5802469135802469,0.6166666666666667,0.18518518518518517,presentation_floor_60hz
model,2,young_20_29,4398,1,2,27,0.7592592592592591,0.7666666666666666,0.07407407407407407,presentation_floor_60hz
model,2,young_20_29,4398,1,3,26,0.887179487179487,0.9083333333333333,0.038461538461538464,presentation_floor_60hz
model,2,young_20_29,4398,1,4,26,1.0544871794871793,1.05,0.0,presentation_floor_60hz
model,2,young_20_29,4398,0,1,27,0.4308641975308642,0.43333333333333335,0.0,presentation_floor_60hz
model,2,young_20_29,4398,0,2,27,0.5450617283950617,0.55,0.07407407407407407,presentation_floor_60hz
model,2,young_20_29,4398,0,3,26,0.625,0.6166666666666667,0.0,presentation_floor_60hz
model,2,young_20_29,4398,0,4,26,0.7403846153846154,0.7166666666666667,0.0,presentation_floor_60hz
model,2,young_20_29,2553,0,1,27,0.42654320987654315,0.43333333333333335,0.037037037037037035,presentation_floor_60hz
model,2,young_20_29,2553,0,2,26,0.5307692307692308,0.5333333333333333,0.0,presentation_floor_60hz
model,2,young_20_29,2553,0,3,26,0.5948717948717949,0.5916666666666667,0.0,presentation_floor_60hz
model,2,young_20_29,2553,0,4,26,0.7173076923076924,0.6833333333333333,0.0,presentation_floor_60hz
model,2,older_80_89,6609,0,1,171,0.49132553606237805,0.5166666666666666,0.017543859649122806,presentation_floor_60hz
model,2,older_80_89,6609,0,2,171,0.7114035087719298,0.7,0.017543859649122806,presentation_floor_60hz
model,2,older_80_89,6609,0,3,171,0.8781676413255362,0.8666666666666667,0.0,presentation_floor_60hz
model,2,older_80_89,6609,0,4,171,1.1314814814814813,1.0833333333333333,0.011695906432748537,presentation_floor_60hz
model,2,older_80_89,984,0,1,172,0.4968992248062016,0.5166666666666666,0.029069767441860465,presentation_floor_60hz
model,2,older_80_89,984,0,2,172,0.7101744186046512,0.7166666666666667,0.005813953488372093,presentation_floor_60hz
model,2,older_80_89,984,0,3,172,0.8640503875968992,0.8666666666666667,0.011627906976744186,presentation_floor_60hz
model,2,older_80_89,984,0,4,172,1.1354651162790699,1.0833333333333333,0.0,presentation_floor_60hz
model,2,older_80_89,6609,1,1,172,0.7583333333333333,0.8,0.11627906976744186,presentation_floor_60hz
model,2,older_80_89,6609,1,2,171,0.9957115009746588,1.0,0.12280701754385964,presentation_floor_60hz
model,2,older_80_89,6609,1,3,171,1.1882066276803118,1.1833333333333333,0.03508771929824561,presentation_floor_60hz
model,2,older_80_89,6609,1,4,171,1.4546783625730992,1.4166666666666667,0.03508771929824561,presentation_floor_60hz
model,2,older_80_89,2410,0,1,157,0.5009554140127389,0.5333333333333333,0.012738853503184714,presentation_floor_60hz
model,2,older_80_89,2410,0,2,157,0.7265392781316349,0.7333333333333333,0.01910828025477707,presentation_floor_60hz
model,2,older_80_89,2410,0,3,157,0.8901273885350318,0.8833333333333333,0.012738853503184714,presentation_floor_60hz
model,2,older_80_89,2410,0,4,156,1.1595085470085469,1.1,0.00641025641025641,presentation_floor_60hz
model,2,older_80_89,984,1,1,170,0.7717647058823529,0.8,0.1,presentation_floor_60hz
model,2,older_80_89,984,1,2,170,1.0182352941176471,1.0166666666666666,0.07647058823529412,presentation_floor_60hz
model,2,older_80_89,984,1,3,170,1.1907843137254903,1.2,0.047058823529411764,presentation_floor_60hz
model,2,older_80_89,984,1,4,170,1.4844117647058825,1.4333333333333333,0.029411764705882353,presentation_floor_60hz
model,2,older_80_89,3403,0,1,128,0.5325520833333333,0.5583333333333333,0.0078125,presentation_floor_60hz
model,2,older_80_89,3403,0,2,128,0.7352864583333334,0.7333333333333333,0.0078125,presentation_floor_60hz
model,2,older_80_89,3403,0,3,127,0.8889763779527559,0.8833333333333333,0.007874015748031496,presentation_floor_60hz
model,2,older_80_89,3403,0,4,127,1.1465879265091865,1.1166666666666667,0.015748031496062992,presentation_floor_60hz
model,2,older_80_89,3403,1,1,127,0.7738845144356955,0.8166666666666667,0.10236220472440945,presentation_floor_60hz
model,2,older_80_89,3403,1,2,126,1.0242063492063491,1.0166666666666666,0.05555555555555555,presentation_floor_60hz
model,2,older_80_89,3403,1,3,126,1.2084656084656082,1.2,0.047619047619047616,presentation_floor_60hz
model,2,older_80_89,3403,1,4,126,1.497222222222222,1.45,0.007936507936507936,presentation_floor_60hz
model,2,older_80_89,2410,1,1,156,0.8041666666666667,0.8333333333333334,0.10256410256410256,presentation_floor_60hz
model,2,older_80_89,2410,1,2,155,1.0246236559139785,1.0166666666666666,0.05161290322580645,presentation_floor_60hz
model,2,older_80_89,2410,1,3,155,1.2061290322580644,1.2,0.06451612903225806,presentation_floor_60hz
model,2,older_80_89,2410,1,4,155,1.4751612903225808,1.4333333333333333,0.03225806451612903,presentation_floor_60hz
model,3,young_20_29,2918,0,1,163,0.4139059304703477,0.43333333333333335,0.04294478527607362,presentation_floor_60hz
model,3,young_20_29,2918,0,2,162,0.5335390946502058,0.5333333333333333,0.024691358024691357,presentation_floor_60hz
model,3,young_20_29,2918,0,3,162,0.6174897119341564,0.6166666666666667,0.024691358024691357,presentation_floor_60hz
model,3,young_20_29,2918,0,4,162,0.7371399176954733,0.7166666666666667,0.018518518518518517,presentation_floor_60hz
model,3,young_20_29,2918,1,1,162,0.6017489711934156,0.6333333333333333,0.3395061728395062,presentation_floor_60hz
model,3,young_20_29,2918,1,2,162,0.7677983539094649,0.7666666666666666,0.12962962962962962,presentation_floor_60hz
model,3,young_20_29,2918,1,3,162,0.8782921810699587,0.8833333333333333,0.07407407407407407,presentation_floor_60hz
model,3,young_20_29,2918,1,4,162,1.0308641975308641,1.0166666666666666,0.043209876543209874,presentation_floor_60hz
model,3,young_20_29,899,1,1,26,0.6333333333333333,0.6666666666666666,0.19230769230769232,presentation_floor_60hz
model,3,young_20_29,899,1,2,25,0.7706666666666665,0.7666666666666666,0.2,presentation_floor_60hz
model,3,young_20_29,899,1,3,25,0.8746666666666667,0.8666666666666667,0.12,presentation_floor_60hz
model,3,young_20_29,899,1,4,25,1.0493333333333335,1.0333333333333332,0.04,presentation_floor_60hz
model,3,young_20_29,182,1,1,34,0.6014705882352941,0.625,0.35294117647058826,presentation_floor_60hz
model,3,young_20_29,182,1,2,34,0.7671568627450979,0.7666666666666666,0.14705882352941177,presentation_floor_60hz
model,3,young_20_29,182,1,3,34,0.8862745098039216,0.8916666666666666,0.08823529411764706,presentation_floor_60hz
model,3,young_20_29,182,1,4,33,1.0474747474747474,1.0333333333333332,0.030303030303030304,presentation_floor_60hz
model,3,young_20_29,5256,1,1,24,0.5763888888888888,0.5833333333333334,0.3333333333333333,presentation_floor_60hz
model,3,young_20_29,5256,1,2,23,0.7717391304347826,0.7833333333333333,0.08695652173913043,presentation_floor_60hz
model,3,young_20_29,5256,1,3,23,0.8855072463768117,0.8833333333333333,0.13043478260869565,presentation_floor_60hz
model,3,young_20_29,5256,1,4,23,1.0304347826086955,1.0166666666666666,0.0,presentation_floor_60hz
model,3,young_20_29,3875,0,1,77,0.4235930735930736,0.43333333333333335,0.025974025974025976,presentation_floor_60hz
model,3,young_20_29,3875,0,2,77,0.5341991341991341,0.5333333333333333,0.0,presentation_floor_60hz
model,3,young_20_29,3875,0,3,77,0.6244588744588745,0.6166666666666667,0.012987012987012988,presentation_floor_60hz
model,3,young_20_29,3875,0,4,76,0.7412280701754387,0.7333333333333333,0.013157894736842105,presentation_floor_60hz
model,3,young_20_29,899,0,1,26,0.4211538461538462,0.43333333333333335,0.0,presentation_floor_60hz
model,3,young_20_29,899,0,2,26,0.5217948717948718,0.5166666666666666,0.07692307692307693,presentation_floor_60hz
model,3,young_20_29,899,0,3,25,0.622,0.6166666666666667,0.04,presentation_floor_60hz
model,3,young_20_29,899,0,4,25,0.7433333333333332,0.7166666666666667,0.0,presentation_floor_60hz
model,3,young_20_29,677,0,1,29,0.39885057471264374,0.4166666666666667,0.034482758620689655,presentation_floor_60hz
model,3,young_20_29,677,0,2,28,0.5196428571428572,0.5166666666666666,0.07142857142857142,presentation_floor_60hz
model,3,young_20_29,677,0,3,28,0.6065476190476191,0.6,0.0,presentation_floor_60hz
model,3,young_20_29,677,0,4,28,0.7428571428571428,0.725,0.0,presentation_floor_60hz
model,3,young_20_29,5675,0,1,147,0.4200680272108844,0.45,0.006802721088435374,presentation_floor_60hz
model,3,young_20_29,5675,0,2,147,0.5424036281179138,0.55,0.034013605442176874,presentation_floor_60hz
model,3,young_20_29,5675,0,3,147,0.6264172335600907,0.6166666666666667,0.013605442176870748,presentation_floor_60hz
model,3,young_20_29,5675,0,4,146,0.7531963470319635,0.7416666666666667,0.02054794520547945,presentation_floor_60hz
model,3,young_20_29,5675,1,1,145,0.6075862068965517,0.6333333333333333,0.33793103448275863,presentation_floor_60hz
model,3,young_20_29,5675,1,2,145,0.7731034482758621,0.7666666666666666,0.1310344827586207,presentation_floor_60hz
model,3,young_20_29,5675,1,3,145,0.8866666666666666,0.8833333333333333,0.05517241379310345,presentation_floor_60hz
model,3,young_20_29,5675,1,4,145,1.048390804597701,1.0333333333333332,0.006896551724137931,presentation_floor_60hz
model,3,young_20_29,2553,1,1,27,0.6462962962962961,0.65,0.3333333333333333,presentation_floor_60hz
model,3,young_20_29,2553,1,2,27,0.7925925925925924,0.7833333333333333,0.037037037037037035,presentation_floor_60hz
model,3,young_20_29,2553,1,3,27,0.9117283950617285,0.9166666666666666,0.037037037037037035,presentation_floor_60hz
model,3,young_20_29,2553,1,4,26,1.0724358974358972,1.0416666666666665,0.038461538461538464,presentation_floor_60hz
model,3,young_20_29,7862,0,1,30,0.4527777777777778,0.48333333333333334,0.03333333333333333,presentation_floor_60hz
model,3,young_20_29,7862,0,2,30,0.5477777777777778,0.55,0.0,presentation_floor_60hz
model,3,young_20_29,7862,0,3,30,0.6305555555555556,0.625,0.0,presentation_floor_60hz
model,3,young_20_29,7862,0,4,30,0.7366666666666666,0.7166666666666667,0.03333333333333333,presentation_floor_60hz
model,3,young_20_29,7862,1,1,31,0.6306451612903224,0.6666666666666666,0.3225806451612903,presentation_floor_60hz
model,3,young_20_29,7862,1,2,31,0.7795698924731184,0.7833333333333333,0.1935483870967742,presentation_floor_60hz
model,3,young_20_29,7862,1,3,30,0.8755555555555554,0.875,0.03333333333333333,presentation_floor_60hz
model,3,young_20_29,7862,1,4,30,1.0194444444444444,1.0083333333333333,0.03333333333333333,presentation_floor_60hz
model,3,young_20_29,677,1,1,29,0.5919540229885056,0.6166666666666667,0.3793103448275862,presentation_floor_60hz
model,3,young_20_29,677,1,2,28,0.7696428571428572,0.7833333333333333,0.14285714285714285,presentation_floor_60hz
model,3,young_20_29,677,1,3,28,0.8880952380952382,0.8833333333333333,0.03571428571428571,presentation_floor_60hz
model,3,young_20_29,677,1,4,28,1.0428571428571427,1.0083333333333333,0.03571428571428571,presentation_floor_60hz
model,3,young_20_29,3875,1,1,77,0.6086580086580086,0.6333333333333333,0.2727272727272727,presentation_floor_60hz
model,3,young_20_29,3875,1,2,77,0.7590909090909089,0.7666666666666666,0.12987012987012986,presentation_floor_60hz
model,3,young_20_29,3875,1,3,77,0.8575757575757575,0.85,0.025974025974025976,presentation_floor_60hz
model,3,young_20_29,3875,1,4,77,1.004978354978355,0.9833333333333333,0.03896103896103896,presentation_floor_60hz
model,3,young_20_29,4790,0,1,25,0.43733333333333335,0.45,0.04,presentation_floor_60hz
model,3,young_20_29,4790,0,2,25,0.5526666666666666,0.55,0.0,presentation_floor_60hz
model,3,young_20_29,4790,0,3,25,0.6313333333333333,0.6333333333333333,0.0,presentation_floor_60hz
model,3,young_20_29,4790,0,4,24,0.7534722222222223,0.7333333333333333,0.041666666666666664,presentation_floor_60hz
model,3,young_20_29,1478,0,1,22,0.4287878787878788,0.44166666666666665,0.0,presentation_floor_60hz
model,3,young_20_29,1478,0,2,22,0.5477272727272728,0.55,0.0,presentation_floor_60hz
model,3,young_20_29,1478,0,3,22,0.631060606060606,0.6166666666666667,0.0,presentation_floor_60hz
model,3,young_20_29,1478,0,4,22,0.7643939393939392,0.7666666666666666,0.09090909090909091,presentation_floor_60hz
model,3,young_20_29,5256,0,1,23,0.4101449275362319,0.4,0.0,presentation_floor_60hz
model,3,young_20_29,5256,0,2,23,0.5326086956521738,0.5333333333333333,0.043478260869565216,presentation_floor_60hz
model,3,young_20_29,5256,0,3,22,0.5924242424242425,0.5916666666666667,0.0,presentation_floor_60hz
model,3,young_20_29,5256,0,4,22,0.6893939393939393,0.6666666666666666,0.0,presentation_floor_60hz
model,3,young_20_29,182,0,1,34,0.42598039215686273,0.43333333333333335,0.058823529411764705,presentation_floor_60hz
model,3,young_20_29,182,0,2,34,0.5352941176470588,0.5333333333333333,0.058823529411764705,presentation_floor_60hz
model,3,young_20_29,182,0,3,34,0.6220588235294118,0.6166666666666667,0.0,presentation_floor_60hz
model,3,young_20_29,182,0,4,34,0.7598039215686274,0.7416666666666667,0.058823529411764705,presentation_floor_60hz
model,3,young_20_29,4790,1,1,25,0.622,0.6333333333333333,0.32,presentation_floor_60hz
model,3,young_20_29,4790,1,2,25,0.7606666666666666,0.7666666666666666,0.16,presentation_floor_60hz
model,3,young_20_29,4790,1,3,24,0.8791666666666668,0.8833333333333333,0.125,presentation_floor_60hz
model,3,young_20_29,4790,1,4,24,1.0374999999999999,1.0333333333333332,0.041666666666666664,presentation_floor_60hz
model,3,young_20_29,1478,1,1,22,0.5553030303030303,0.5583333333333333,0.36363636363636365,presentation_floor_60hz
model,3,young_20_29,1478,1,2,22,0.7492424242424243,0.75,0.09090909090909091,presentation_floor_60hz
model,3,young_20_29,1478,1,3,22,0.896969696969697,0.8916666666666666,0.09090909090909091,presentation_floor_60hz
model,3,young_20_29,1478,1,4,21,1.0531746031746032,1.0333333333333332,0.047619047619047616,presentation_floor_60hz
model,3,young_20_29,4398,1,1,27,0.587037037037037,0.6166666666666667,0.2222222222222222,presentation_floor_60hz
model,3,young_20_29,4398,1,2,27,0.7654320987654321,0.7666666666666666,0.07407407407407407,presentation_floor_60hz
model,3,young_20_29,4398,1,3,26,0.8794871794871797,0.8833333333333333,0.07692307692307693,presentation_floor_60hz
model,3,young_20_29,4398,1,4,26,1.0673076923076923,1.0666666666666667,0.0,presentation_floor_60hz
model,3,young_20_29,4398,0,1,27,0.4160493827160493,0.43333333333333335,0.0,presentation_floor_60hz
model,3,young_20_29,4398,0,2,27,0.5370370370370371,0.5333333333333333,0.0,presentation_floor_60hz
model,3,young_20_29,4398,0,3,26,0.6301282051282051,0.625,0.038461538461538464,presentation_floor_60hz
model,3,young_20_29,4398,0,4,26,0.7391025641025641,0.7333333333333333,0.0,presentation_floor_60hz
model,3,young_20_29,2553,0,1,27,0.3975308641975308,0.3833333333333333,0.037037037037037035,presentation_floor_60hz
model,3,young_20_29,2553,0,2,26,0.5282051282051281,0.5333333333333333,0.038461538461538464,presentation_floor_60hz
model,3,young_20_29,2553,0,3,26,0.608974358974359,0.6166666666666667,0.0,presentation_floor_60hz
model,3,young_20_29,2553,0,4,26,0.7256410256410255,0.7166666666666667,0.0,presentation_floor_60hz
model,3,older_80_89,6609,0,1,171,0.4906432748538012,0.5166666666666666,0.017543859649122806,presentation_floor_60hz
model,3,older_80_89,6609,0,2,171,0.7155945419103314,0.7166666666666667,0.005847953216374269,presentation_floor_60hz
model,3,older_80_89,6609,0,3,171,0.8858674463937621,0.8833333333333333,0.011695906432748537,presentation_floor_60hz
model,3,older_80_89,6609,0,4,171,1.149317738791423,1.1166666666666667,0.005847953216374269,presentation_floor_60hz
model,3,older_80_89,984,0,1,172,0.4907945736434108,0.5166666666666666,0.0,presentation_floor_60hz
model,3,older_80_89,984,0,2,172,0.7114341085271318,0.7,0.01744186046511628,presentation_floor_60hz
model,3,older_80_89,984,0,3,172,0.8652131782945737,0.8666666666666667,0.005813953488372093,presentation_floor_60hz
model,3,older_80_89,984,0,4,172,1.1202519379844962,1.0833333333333333,0.01744186046511628,presentation_floor_60hz
model,3,older_80_89,6609,1,1,172,0.7589147286821704,0.8,0.16279069767441862,presentation_floor_60hz
model,3,older_80_89,6609,1,2,171,1.004970760233918,1.0,0.07602339181286549,presentation_floor_60hz
model,3,older_80_89,6609,1,3,171,1.1903508771929825,1.1833333333333333,0.05263157894736842,presentation_floor_60hz
model,3,older_80_89,6609,1,4,171,1.4615009746588694,1.4333333333333333,0.029239766081871343,presentation_floor_60hz
model,3,older_80_89,2410,0,1,157,0.51380042462845,0.5333333333333333,0.006369426751592357,presentation_floor_60hz
model,3,older_80_89,2410,0,2,157,0.7235668789808917,0.7333333333333333,0.03184713375796178,presentation_floor_60hz
model,3,older_80_89,2410,0,3,157,0.887791932059448,0.9,0.006369426751592357,presentation_floor_60hz
model,3,older_80_89,2410,0,4,156,1.1580128205128204,1.1166666666666667,0.0,presentation_floor_60hz
model,3,older_80_89,984,1,1,170,0.7711764705882352,0.8,0.09411764705882353,presentation_floor_60hz
model,3,older_80_89,984,1,2,170,1.0220588235294117,1.0166666666666666,0.07058823529411765,presentation_floor_60hz
model,3,older_80_89,984,1,3,170,1.1941176470588235,1.1916666666666667,0.07647058823529412,presentation_floor_60hz
model,3,older_80_89,984,1,4,170,1.491470588235294,1.45,0.011764705882352941,presentation_floor_60hz
model,3,older_80_89,3403,0,1,128,0.5328125,0.55,0.0234375,presentation_floor_60hz
model,3,older_80_89,3403,0,2,128,0.7329427083333333,0.7333333333333333,0.015625,presentation_floor_60hz
model,3,older_80_89,3403,0,3,127,0.8961942257217848,0.9,0.007874015748031496,presentation_floor_60hz
model,3,older_80_89,3403,0,4,127,1.1349081364829396,1.1,0.0,presentation_floor_60hz
model,3,older_80_89,3403,1,1,127,0.774015748031496,0.8,0.14173228346456693,presentation_floor_60hz
model,3,older_80_89,3403,1,2,126,1.0263227513227513,1.025,0.06349206349206349,presentation_floor_60hz
model,3,older_80_89,3403,1,3,126,1.1928571428571426,1.1833333333333333,0.031746031746031744,presentation_floor_60hz
model,3,older_80_89,3403,1,4,126,1.4701058201058204,1.4166666666666667,0.023809523809523808,presentation_floor_60hz
model,3,older_80_89,2410,1,1,156,0.7783119658119657,0.8,0.08974358974358974,presentation_floor_60hz
model,3,older_80_89,2410,1,2,155,1.0287096774193547,1.0333333333333332,0.05161290322580645,presentation_floor_60hz
model,3,older_80_89,2410,1,3,155,1.206451612903226,1.2,0.01935483870967742,presentation_floor_60hz
model,3,older_80_89,2410,1,4,155,1.4974193548387096,1.45,0.025806451612903226,presentation_floor_60hz
model,4,young_20_29,2918,0,1,163,0.4250511247443763,0.45,0.012269938650306749,presentation_floor_60hz
model,4,young_20_29,2918,0,2,162,0.5410493827160492,0.5333333333333333,0.018518518518518517,presentation_floor_60hz
model,4,young_20_29,2918,0,3,162,0.6179012345679012,0.6166666666666667,0.018518518518518517,presentation_floor_60hz
model,4,young_20_29,2918,0,4,162,0.7423868312757201,0.7166666666666667,0.012345679012345678,presentation_floor_60hz
model,4,young_20_29,2918,1,1,162,0.6022633744855966,0.6166666666666667,0.3333333333333333,presentation_floor_60hz
model,4,young_20_29,2918,1,2,162,0.7588477366255143,0.75,0.15432098765432098,presentation_floor_60hz
model,4,young_20_29,2918,1,3,162,0.8729423868312755,0.8666666666666667,0.08024691358024691,presentation_floor_60hz
model,4,young_20_29,2918,1,4,162,1.037037037037037,1.0166666666666666,0.012345679012345678,presentation_floor_60hz
model,4,young_20_29,899,1,1,26,0.6391025641025642,0.6666666666666666,0.2692307692307692,presentation_floor_60hz
model,4,young_20_29,899,1,2,25,0.764,0.7666666666666666,0.24,presentation_floor_60hz
model,4,young_20_29,899,1,3,25,0.8746666666666667,0.8833333333333333,0.12,presentation_floor_60hz
model,4,young_20_29,899,1,4,25,1.0313333333333334,1.0166666666666666,0.0,presentation_floor_60hz
model,4,young_20_29,182,1,1,34,0.5794117647058823,0.6,0.35294117647058826,presentation_floor_60hz
model,4,young_20_29,182,1,2,34,0.7627450980392156,0.7666666666666666,0.08823529411764706,presentation_floor_60hz
model,4,young_20_29,182,1,3,34,0.8823529411764706,0.8833333333333333,0.058823529411764705,presentation_floor_60hz
model,4,young_20_29,182,1,4,33,1.0404040404040404,1.0166666666666666,0.0,presentation_floor_60hz
model,4,young_20_29,5256,1,1,24,0.5951388888888889,0.6333333333333333,0.16666666666666666,presentation_floor_60hz
model,4,young_20_29,5256,1,2,23,0.7768115942028986,0.7833333333333333,0.043478260869565216,presentation_floor_60hz
model,4,young_20_29,5256,1,3,23,0.8876811594202899,0.8833333333333333,0.08695652173913043,presentation_floor_60hz
model,4,young_20_29,5256,1,4,23,1.0289855072463767,1.0166666666666666,0.08695652173913043,presentation_floor_60hz
model,4,young_20_29,3875,0,1,77,0.43203463203463194,0.45,0.012987012987012988,presentation_floor_60hz
model,4,young_20_29,3875,0,2,77,0.5365800865800865,0.5333333333333333,0.0,presentation_floor_60hz
model,4,young_20_29,3875,0,3,77,0.6242424242424242,0.6166666666666667,0.0,presentation_floor_60hz
model,4,young_20_29,3875,0,4,76,0.7460526315789475,0.7333333333333333,0.05263157894736842,presentation_floor_60hz
model,4,young_20_29,899,0,1,26,0.4166666666666667,0.43333333333333335,0.0,presentation_floor_60hz
model,4,young_20_29,899,0,2,26,0.5224358974358974,0.5249999999999999,0.038461538461538464,presentation_floor_60hz
model,4,young_20_29,899,0,3,25,0.6259999999999999,0.6166666666666667,0.0,presentation_floor_60hz
model,4,young_20_29,899,0,4,25,0.7293333333333333,0.7,0.08,presentation_floor_60hz
model,4,young_20_29,677,0,1,29,0.39540229885057476,0.43333333333333335,0.0,presentation_floor_60hz
model,4,young_20_29,677,0,2,28,0.5226190476190476,0.5166666666666666,0.0,presentation_floor_60hz
model,4,young_20_29,677,0,3,28,0.6071428571428571,0.6,0.03571428571428571,presentation_floor_60hz
model,4,young_20_29,677,0,4,28,0.7446428571428572,0.725,0.0,presentation_floor_60hz
model,4,young_20_29,5675,0,1,147,0.4213151927437642,0.43333333333333335,0.013605442176870748,presentation_floor_60hz
model,4,young_20_29,5675,0,2,147,0.5444444444444444,0.55,0.013605442176870748,presentation_floor_60hz
model,4,young_20_29,5675,0,3,147,0.6351473922902495,0.6333333333333333,0.02040816326530612,presentation_floor_60hz
model,4,young_20_29,5675,0,4,146,0.7581050228310503,0.75,0.0136986301369863,presentation_floor_60hz
model,4,young_20_29,5675,1,1,145,0.5975862068965517,0.6166666666666667,0.4,presentation_floor_60hz
model,4,young_20_29,5675,1,2,145,0.7748275862068965,0.7666666666666666,0.10344827586206896,presentation_floor_60hz
model,4,young_20_29,5675,1,3,145,0.8816091954022989,0.8833333333333333,0.0896551724137931,presentation_floor_60hz
model,4,young_20_29,5675,1,4,145,1.0494252873563217,1.0333333333333332,0.013793103448275862,presentation_floor_60hz
model,4,young_20_29,2553,1,1,27,0.6462962962962963,0.6666666666666666,0.25925925925925924,presentation_floor_60hz
model,4,young_20_29,2553,1,2,27,0.7604938271604939,0.75,0.14814814814814814,presentation_floor_60hz
model,4,young_20_29,2553,1,3,27,0.8858024691358023,0.8833333333333333,0.037037037037037035,presentation_floor_60hz
model,4,young_20_29,2553,1,4,26,1.0544871794871793,1.0333333333333332,0.038461538461538464,presentation_floor_60hz
model,4,young_20_29,7862,0,1,30,0.4444444444444445,0.45833333333333337,0.0,presentation_floor_60hz
model,4,young_20_29,7862,0,2,30,0.55,0.55,0.0,presentation_floor_60hz
model,4,young_20_29,7862,0,3,30,0.6316666666666666,0.6333333333333333,0.03333333333333333,presentation_floor_60hz
model,4,young_20_29,7862,0,4,30,0.7288888888888888,0.725,0.0,presentation_floor_60hz
model,4,young_20_29,7862,1,1,31,0.6198924731182797,0.65,0.3870967741935484,presentation_floor_60hz
model,4,young_20_29,7862,1,2,31,0.7720430107526883,0.7666666666666666,0.0967741935483871,presentation_floor_60hz
model,4,young_20_29,7862,1,3,30,0.8672222222222224,0.8666666666666667,0.06666666666666667,presentation_floor_60hz
model,4,young_20_29,7862,1,4,30,0.9972222222222221,0.9833333333333333,0.06666666666666667,presentation_floor_60hz
model,4,young_20_29,677,1,1,29,0.5752873563218392,0.5833333333333334,0.3793103448275862,presentation_floor_60hz
model,4,young_20_29,677,1,2,28,0.7660714285714285,0.7666666666666666,0.14285714285714285,presentation_floor_60hz
model,4,young_20_29,677,1,3,28,0.8904761904761905,0.8916666666666666,0.0,presentation_floor_60hz
model,4,young_20_29,677,1,4,28,1.0482142857142858,1.0333333333333332,0.07142857142857142,presentation_floor_60hz
model,4,young_20_29,3875,1,1,77,0.6047619047619047,0.6166666666666667,0.22077922077922077,presentation_floor_60hz
model,4,young_20_29,3875,1,2,77,0.7679653679653679,0.7666666666666666,0.09090909090909091,presentation_floor_60hz
model,4,young_20_29,3875,1,3,77,0.8694805194805193,0.8666666666666667,0.06493506493506493,presentation_floor_60hz
model,4,young_20_29,3875,1,4,77,1.013852813852814,1.0,0.025974025974025976,presentation_floor_60hz
model,4,young_20_29,4790,0,1,25,0.42066666666666663,0.45,0.0,presentation_floor_60hz
model,4,young_20_29,4790,0,2,25,0.5406666666666666,0.5333333333333333,0.0,presentation_floor_60hz
model,4,young_20_29,4790,0,3,25,0.6273333333333333,0.6333333333333333,0.0,presentation_floor_60hz
model,4,young_20_29,4790,0,4,24,0.7388888888888889,0.7166666666666667,0.0,presentation_floor_60hz
model,4,young_20_29,1478,0,1,22,0.4446969696969697,0.4666666666666667,0.0,presentation_floor_60hz
model,4,young_20_29,1478,0,2,22,0.5348484848484849,0.5333333333333333,0.0,presentation_floor_60hz
model,4,young_20_29,1478,0,3,22,0.618181818181818,0.6166666666666667,0.0,presentation_floor_60hz
model,4,young_20_29,1478,0,4,22,0.7416666666666665,0.725,0.0,presentation_floor_60hz
model,4,young_20_29,5256,0,1,23,0.4253623188405798,0.43333333333333335,0.0,presentation_floor_60hz
model,4,young_20_29,5256,0,2,23,0.526086956521739,0.5333333333333333,0.043478260869565216,presentation_floor_60hz
model,4,young_20_29,5256,0,3,22,0.6053030303030303,0.6,0.0,presentation_floor_60hz
model,4,young_20_29,5256,0,4,22,0.7159090909090907,0.7,0.0,presentation_floor_60hz
model,4,young_20_29,182,0,1,34,0.42450980392156856,0.43333333333333335,0.0,presentation_floor_60hz
model,4,young_20_29,182,0,2,34,0.542156862745098,0.5333333333333333,0.0,presentation_floor_60hz
model,4,young_20_29,182,0,3,34,0.6176470588235295,0.6,0.058823529411764705,presentation_floor_60hz
model,4,young_20_29,182,0,4,34,0.7583333333333334,0.75,0.08823529411764706,presentation_floor_60hz
model,4,young_20_29,4790,1,1,25,0.618,0.6166666666666667,0.24,presentation_floor_60hz
model,4,young_20_29,4790,1,2,25,0.7659999999999999,0.7666666666666666,0.12,presentation_floor_60hz
model,4,young_20_29,4790,1,3,24,0.8840277777777779,0.8833333333333333,0.08333333333333333,presentation_floor_60hz
model,4,young_20_29,4790,1,4,24,1.0583333333333333,1.05,0.0,presentation_floor_60hz
model,4,young_20_29,1478,1,1,22,0.5719696969696969,0.6083333333333334,0.36363636363636365,presentation_floor_60hz
model,4,young_20_29,1478,1,2,22,0.7446969696969696,0.75,0.045454545454545456,presentation_floor_60hz
model,4,young_20_29,1478,1,3,22,0.8825757575757575,0.8666666666666667,0.0,presentation_floor_60hz
model,4,young_20_29,1478,1,4,21,1.0849206349206346,1.0666666666666667,0.0,presentation_floor_60hz
model,4,young_20_29,4398,1,1,27,0.5876543209876544,0.6166666666666667,0.25925925925925924,presentation_floor_60hz
model,4,young_20_29,4398,1,2,27,0.7574074074074074,0.7666666666666666,0.1111111111111111,presentation_floor_60hz
model,4,young_20_29,4398,1,3,26,0.8916666666666667,0.8999999999999999,0.038461538461538464,presentation_floor_60hz
model,4,young_20_29,4398,1,4,26,1.0647435897435897,1.025,0.0,presentation_floor_60hz
model,4,young_20_29,4398,0,1,27,0.4141975308641975,0.4166666666666667,0.0,presentation_floor_60hz
model,4,young_20_29,4398,0,2,27,0.5481481481481483,0.55,0.037037037037037035,presentation_floor_60hz
model,4,young_20_29,4398,0,3,26,0.617948717948718,0.6166666666666667,0.0,presentation_floor_60hz
model,4,young_20_29,4398,0,4,26,0.7262820512820513,0.7166666666666666,0.07692307692307693,presentation_floor_60hz
model,4,young_20_29,2553,0,1,27,0.40123456790123446,0.4166666666666667,0.0,presentation_floor_60hz
model,4,young_20_29,2553,0,2,26,0.5275641025641025,0.5166666666666666,0.038461538461538464,presentation_floor_60hz
model,4,young_20_29,2553,0,3,26,0.6166666666666667,0.6166666666666667,0.0,presentation_floor_60hz
model,4,young_20_29,2553,0,4,26,0.7147435897435899,0.7,0.0,presentation_floor_60hz
model,4,older_80_89,6609,0,1,171,0.49551656920077974,0.5333333333333333,0.005847953216374269,presentation_floor_60hz
model,4,older_80_89,6609,0,2,171,0.7168615984405459,0.7166666666666667,0.0,presentation_floor_60hz
model,4,older_80_89,6609,0,3,171,0.8959064327485381,0.9,0.017543859649122806,presentation_floor_60hz
model,4,older_80_89,6609,0,4,171,1.1492202729044834,1.1166666666666667,0.005847953216374269,presentation_floor_60hz
model,4,older_80_89,984,0,1,172,0.4884689922480621,0.5166666666666666,0.005813953488372093,presentation_floor_60hz
model,4,older_80_89,984,0,2,172,0.7164728682170544,0.7166666666666667,0.005813953488372093,presentation_floor_60hz
model,4,older_80_89,984,0,3,172,0.8651162790697673,0.8666666666666667,0.01744186046511628,presentation_floor_60hz
model,4,older_80_89,984,0,4,172,1.1039728682170542,1.0666666666666667,0.023255813953488372,presentation_floor_60hz
model,4,older_80_89,6609,1,1,172,0.7702519379844961,0.8,0.11627906976744186,presentation_floor_60hz
model,4,older_80_89,6609,1,2,171,1.0154970760233917,1.0166666666666666,0.05847953216374269,presentation_floor_60hz
model,4,older_80_89,6609,1,3,171,1.2028265107212477,1.2,0.04678362573099415,presentation_floor_60hz
model,4,older_80_89,6609,1,4,171,1.4842105263157896,1.4333333333333333,0.03508771929824561,presentation_floor_60hz
model,4,older_80_89,2410,0,1,157,0.5165605095541401,0.55,0.006369426751592357,presentation_floor_60hz
model,4,older_80_89,2410,0,2,157,0.7277070063694268,0.7333333333333333,0.0,presentation_floor_60hz
model,4,older_80_89,2410,0,3,157,0.890552016985138,0.8833333333333333,0.03184713375796178,presentation_floor_60hz
model,4,older_80_89,2410,0,4,156,1.1409188034188034,1.1,0.00641025641025641,presentation_floor_60hz
model,4,older_80_89,984,1,1,170,0.7664705882352942,0.8,0.11764705882352941,presentation_floor_60hz
model,4,older_80_89,984,1,2,170,1.0020588235294117,1.0,0.052941176470588235,presentation_floor_60hz
model,4,older_80_89,984,1,3,170,1.1772549019607843,1.1666666666666667,0.041176470588235294,presentation_floor_60hz
model,4,older_80_89,984,1,4,170,1.462156862745098,1.4333333333333333,0.023529411764705882,presentation_floor_60hz
model,4,older_80_89,3403,0,1,128,0.538671875,0.5583333333333333,0.0078125,presentation_floor_60hz
model,4,older_80_89,3403,0,2,128,0.72578125,0.7333333333333333,0.015625,presentation_floor_60hz
model,4,older_80_89,3403,0,3,127,0.8792650918635172,0.8833333333333333,0.0,presentation_floor_60hz
model,4,older_80_89,3403,0,4,127,1.1523622047244095,1.1166666666666667,0.007874015748031496,presentation_floor_60hz
model,4,older_80_89,3403,1,1,127,0.7772965879265094,0.8166666666666667,0.14173228346456693,presentation_floor_60hz
model,4,older_80_89,3403,1,2,126,1.0219576719576717,1.0166666666666666,0.06349206349206349,presentation_floor_60hz
model,4,older_80_89,3403,1,3,126,1.1957671957671958,1.1833333333333333,0.031746031746031744,presentation_floor_60hz
model,4,older_80_89,3403,1,4,126,1.4985449735449736,1.4666666666666666,0.015873015873015872,presentation_floor_60hz
model,4,older_80_89,2410,1,1,156,0.7866452991452991,0.8166666666666667,0.07051282051282051,presentation_floor_60hz
model,4,older_80_89,2410,1,2,155,1.0329032258064514,1.0333333333333332,0.025806451612903226,presentation_floor_60hz
model,4,older_80_89,2410,1,3,155,1.213440860215054,1.2166666666666666,0.03870967741935484,presentation_floor_60hz
model,4,older_80_89,2410,1,4,155,1.472258064516129,1.45,0.03225806451612903,presentation_floor_60hz
model,5,young_20_29,2918,0,1,163,0.4193251533742331,0.43333333333333335,0.03680981595092025,presentation_floor_60hz
model,5,young_20_29,2918,0,2,162,0.5363168724279835,0.5333333333333333,0.006172839506172839,presentation_floor_60hz
model,5,young_20_29,2918,0,3,162,0.6200617283950618,0.6166666666666667,0.018518518518518517,presentation_floor_60hz
model,5,young_20_29,2918,0,4,162,0.7431069958847736,0.7333333333333333,0.006172839506172839,presentation_floor_60hz
model,5,young_20_29,2918,1,1,162,0.5972222222222222,0.6166666666666667,0.3333333333333333,presentation_floor_60hz
model,5,young_20_29,2918,1,2,162,0.7659465020576132,0.7666666666666666,0.12962962962962962,presentation_floor_60hz
model,5,young_20_29,2918,1,3,162,0.8757201646090536,0.8666666666666667,0.10493827160493827,presentation_floor_60hz
model,5,young_20_29,2918,1,4,162,1.0365226337448559,1.0166666666666666,0.024691358024691357,presentation_floor_60hz
model,5,young_20_29,899,1,1,26,0.6307692307692309,0.6583333333333333,0.2692307692307692,presentation_floor_60hz
model,5,young_20_29,899,1,2,25,0.7566666666666666,0.75,0.28,presentation_floor_60hz
model,5,young_20_29,899,1,3,25,0.8639999999999999,0.8666666666666667,0.08,presentation_floor_60hz
model,5,young_20_29,899,1,4,25,1.0353333333333332,1.0166666666666666,0.0,presentation_floor_60hz
model,5,young_20_29,182,1,1,34,0.5887254901960786,0.6083333333333334,0.3235294117647059,presentation_floor_60hz
model,5,young_20_29,182,1,2,34,0.7553921568627451,0.75,0.14705882352941177,presentation_floor_60hz
model,5,young_20_29,182,1,3,34,0.8754901960784314,0.8666666666666667,0.08823529411764706,presentation_floor_60hz
model,5,young_20_29,182,1,4,33,1.034848484848485,1.0333333333333332,0.030303030303030304,presentation_floor_60hz
model,5,young_20_29,5256,1,1,24,0.60625,0.6333333333333333,0.25,presentation_floor_60hz
model,5,young_20_29,5256,1,2,23,0.767391304347826,0.7666666666666666,0.0,presentation_floor_60hz
model,5,young_20_29,5256,1,3,23,0.884782608695652,0.8833333333333333,0.13043478260869565,presentation_floor_60hz
model,5,young_20_29,5256,1,4,23,1.031159420289855,1.0,0.043478260869565216,presentation_floor_60hz
model,5,young_20_29,3875,0,1,77,0.42077922077922075,0.43333333333333335,0.03896103896103896,presentation_floor_60hz
model,5,young_20_29,3875,0,2,77,0.5398268398268397,0.5333333333333333,0.012987012987012988,presentation_floor_60hz
model,5,young_20_29,3875,0,3,77,0.6225108225108226,0.6166666666666667,0.025974025974025976,presentation_floor_60hz
model,5,young_20_29,3875,0,4,76,0.7484649122807019,0.7333333333333333,0.02631578947368421,presentation_floor_60hz
model,5,young_20_29,899,0,1,26,0.41923076923076924,0.43333333333333335,0.038461538461538464,presentation_floor_60hz
model,5,young_20_29,899,0,2,26,0.5237179487179486,0.5249999999999999,0.0,presentation_floor_60hz
model,5,young_20_29,899,0,3,25,0.6206666666666666,0.6166666666666667,0.0,presentation_floor_60hz
model,5,young_20_29,899,0,4,25,0.7406666666666666,0.7166666666666667,0.0,presentation_floor_60hz
model,5,young_20_29,677,0,1,29,0.39080459770114945,0.4,0.10344827586206896,presentation_floor_60hz
model,5,young_20_29,677,0,2,28,0.5357142857142857,0.5333333333333333,0.07142857142857142,presentation_floor_60hz
model,5,young_20_29,677,0,3,28,0.6166666666666666,0.6166666666666667,0.0,presentation_floor_60hz
model,5,young_20_29,677,0,4,28,0.7511904761904763,0.7416666666666667,0.0,presentation_floor_60hz
model,5,young_20_29,5675,0,1,147,0.42437641723356007,0.43333333333333335,0.013605442176870748,presentation_floor_60hz
model,5,young_20_29,5675,0,2,147,0.5492063492063491,0.55,0.02040816326530612,presentation_floor_60hz
model,5,young_20_29,5675,0,3,147,0.6329931972789116,0.6333333333333333,0.006802721088435374,presentation_floor_60hz
model,5,young_20_29,5675,0,4,146,0.7550228310502284,0.7333333333333333,0.0136986301369863,presentation_floor_60hz
model,5,young_20_29,5675,1,1,145,0.5983908045977011,0.6333333333333333,0.4,presentation_floor_60hz
model,5,young_20_29,5675,1,2,145,0.7725287356321838,0.7666666666666666,0.1103448275862069,presentation_floor_60hz
model,5,young_20_29,5675,1,3,145,0.8889655172413794,0.8833333333333333,0.04827586206896552,presentation_floor_60hz
model,5,young_20_29,5675,1,4,145,1.05816091954023,1.0333333333333332,0.013793103448275862,presentation_floor_60hz
model,5,young_20_29,2553,1,1,27,0.641358024691358,0.65,0.14814814814814814,presentation_floor_60hz
model,5,young_20_29,2553,1,2,27,0.790740740740741,0.7833333333333333,0.1111111111111111,presentation_floor_60hz
model,5,young_20_29,2553,1,3,27,0.9006172839506174,0.9,0.07407407407407407,presentation_floor_60hz
model,5,young_20_29,2553,1,4,26,1.0717948717948718,1.0416666666666665,0.0,presentation_floor_60hz
model,5,young_20_29,7862,0,1,30,0.4544444444444443,0.4666666666666667,0.0,presentation_floor_60hz
model,5,young_20_29,7862,0,2,30,0.558888888888889,0.5583333333333333,0.0,presentation_floor_60hz
model,5,young_20_29,7862,0,3,30,0.6277777777777777,0.6333333333333333,0.06666666666666667,presentation_floor_60hz
model,5,young_20_29,7862,0,4,30,0.7355555555555555,0.725,0.0,presentation_floor_60hz
model,5,young_20_29,7862,1,1,31,0.6188172043010753,0.6833333333333333,0.3225806451612903,presentation_floor_60hz
model,5,young_20_29,7862,1,2,31,0.7806451612903226,0.7833333333333333,0.06451612903225806,presentation_floor_60hz
model,5,young_20_29,7862,1,3,30,0.8711111111111111,0.875,0.1,presentation_floor_60hz
model,5,young_20_29,7862,1,4,30,1.0005555555555559,0.9833333333333333,0.0,presentation_floor_60hz
model,5,young_20_29,677,1,1,29,0.5977011494252874,0.6333333333333333,0.3448275862068966,presentation_floor_60hz
model,5,young_20_29,677,1,2,28,0.7720238095238096,0.7666666666666666,0.10714285714285714,presentation_floor_60hz
model,5,young_20_29,677,1,3,28,0.892857142857143,0.8916666666666666,0.0,presentation_floor_60hz
model,5,young_20_29,677,1,4,28,1.0428571428571427,1.0,0.0,presentation_floor_60hz
model,5,young_20_29,3875,1,1,77,0.6023809523809522,0.6333333333333333,0.2727272727272727,presentation_floor_60hz
model,5,young_20_29,3875,1,2,77,0.7560606060606061,0.75,0.07792207792207792,presentation_floor_60hz
model,5,young_20_29,3875,1,3,77,0.856060606060606,0.85,0.11688311688311688,presentation_floor_60hz
model,5,young_20_29,3875,1,4,77,1.0021645021645023,0.9833333333333333,0.05194805194805195,presentation_floor_60hz
model,5,young_20_29,4790,0,1,25,0.414,0.43333333333333335,0.0,presentation_floor_60hz
model,5,young_20_29,4790,0,2,25,0.5526666666666666,0.55,0.04,presentation_floor_60hz
model,5,young_20_29,4790,0,3,25,0.634,0.6333333333333333,0.04,presentation_floor_60hz
model,5,young_20_29,4790,0,4,24,0.7527777777777778,0.725,0.0,presentation_floor_60hz
model,5,young_20_29,1478,0,1,22,0.42196969696969694,0.43333333333333335,0.0,presentation_floor_60hz
model,5,young_20_29,1478,0,2,22,0.5333333333333333,0.5333333333333333,0.09090909090909091,presentation_floor_60hz
model,5,young_20_29,1478,0,3,22,0.6272727272727272,0.6333333333333333,0.0,presentation_floor_60hz
model,5,young_20_29,1478,0,4,22,0.7545454545454544,0.725,0.0,presentation_floor_60hz
model,5,young_20_29,5256,0,1,23,0.41811594202898544,0.4166666666666667,0.0,presentation_floor_60hz
model,5,young_20_29,5256,0,2,23,0.5239130434782607,0.5333333333333333,0.043478260869565216,presentation_floor_60hz
model,5,young_20_29,5256,0,3,22,0.596969696969697,0.6,0.0,presentation_floor_60hz
model,5,young_20_29,5256,0,4,22,0.7128787878787878,0.6916666666666667,0.0,presentation_floor_60hz
model,5,young_20_29,182,0,1,34,0.4132352941176471,0.4166666666666667,0.029411764705882353,presentation_floor_60hz
model,5,young_20_29,182,0,2,34,0.5333333333333332,0.5333333333333333,0.0,presentation_floor_60hz
model,5,young_20_29,182,0,3,34,0.6166666666666666,0.6166666666666667,0.029411764705882353,presentation_floor_60hz
model,5,young_20_29,182,0,4,34,0.7514705882352941,0.7416666666666667,0.0,presentation_floor_60hz
model,5,young_20_29,4790,1,1,25,0.6193333333333333,0.6166666666666667,0.28,presentation_floor_60hz
model,5,young_20_29,4790,1,2,25,0.7666666666666667,0.7666666666666666,0.16,presentation_floor_60hz
model,5,young_20_29,4790,1,3,24,0.876388888888889,0.875,0.125,presentation_floor_60hz
model,5,young_20_29,4790,1,4,24,1.0541666666666667,1.0416666666666665,0.08333333333333333,presentation_floor_60hz
model,5,young_20_29,1478,1,1,22,0.5719696969696969,0.575,0.3181818181818182,presentation_floor_60hz
model,5,young_20_29,1478,1,2,22,0.7386363636363636,0.7416666666666667,0.22727272727272727,presentation_floor_60hz
model,5,young_20_29,1478,1,3,22,0.8750000000000001,0.8666666666666667,0.0,presentation_floor_60hz
model,5,young_20_29,1478,1,4,21,1.0833333333333333,1.0666666666666667,0.09523809523809523,presentation_floor_60hz
model,5,young_20_29,4398,1,1,27,0.5734567901234567,0.6,0.2222222222222222,presentation_floor_60hz
model,5,young_20_29,4398,1,2,27,0.752469135802469,0.75,0.1111111111111111,presentation_floor_60hz
model,5,young_20_29,4398,1,3,26,0.8762820512820512,0.8833333333333333,0.0,presentation_floor_60hz
model,5,young_20_29,4398,1,4,26,1.0673076923076923,1.0666666666666667,0.0,presentation_floor_60hz
model,5,young_20_29,4398,0,1,27,0.41851851851851846,0.43333333333333335,0.0,presentation_floor_60hz
model,5,young_20_29,4398,0,2,27,0.5407407407407407,0.55,0.037037037037037035,presentation_floor_60hz
model,5,young_20_29,4398,0,3,26,0.617948717948718,0.6166666666666667,0.0,presentation_floor_60hz
model,5,young_20_29,4398,0,4,26,0.7243589743589743,0.7166666666666667,0.0,presentation_floor_60hz
model,5,young_20_29,2553,0,1,27,0.4191358024691358,0.43333333333333335,0.0,presentation_floor_60hz
model,5,young_20_29,2553,0,2,26,0.5423076923076923,0.55,0.038461538461538464,presentation_floor_60hz
model,5,young_20_29,2553,0,3,26,0.6076923076923078,0.6083333333333334,0.038461538461538464,presentation_floor_60hz
model,5,young_20_29,2553,0,4,26,0.7147435897435896,0.7,0.038461538461538464,presentation_floor_60hz
model,5,older_80_89,6609,0,1,171,0.4961013645224171,0.5333333333333333,0.029239766081871343,presentation_floor_60hz
model,5,older_80_89,6609,0,2,171,0.7165692007797272,0.7166666666666667,0.005847953216374269,presentation_floor_60hz
model,5,older_80_89,6609,0,3,171,0.8754385964912281,0.8666666666666667,0.011695906432748537,presentation_floor_60hz
model,5,older_80_89,6609,0,4,171,1.1400584795321638,1.0833333333333333,0.0,presentation_floor_60hz
model,5,older_80_89,984,0,1,172,0.4810077519379844,0.5,0.011627906976744186,presentation_floor_60hz
model,5,older_80_89,984,0,2,172,0.7089147286821705,0.7166666666666667,0.005813953488372093,presentation_floor_60hz
model,5,older_80_89,984,0,3,172,0.8620155038759689,0.8666666666666667,0.005813953488372093,presentation_floor_60hz
model,5,older_80_89,984,0,4,172,1.1218023255813954,1.0833333333333333,0.011627906976744186,presentation_floor_60hz
model,5,older_80_89,6609,1,1,172,0.771220930232558,0.8,0.13372093023255813,presentation_floor_60hz
model,5,older_80_89,6609,1,2,171,1.0129629629629628,1.0166666666666666,0.07017543859649122,presentation_floor_60hz
model,5,older_80_89,6609,1,3,171,1.191617933723197,1.1833333333333333,0.05263157894736842,presentation_floor_60hz
model,5,older_80_89,6609,1,4,171,1.4884990253411308,1.4333333333333333,0.03508771929824561,presentation_floor_60hz
model,5,older_80_89,2410,0,1,157,0.5147558386411889,0.5333333333333333,0.006369426751592357,presentation_floor_60hz
model,5,older_80_89,2410,0,2,157,0.7292993630573248,0.7333333333333333,0.01910828025477707,presentation_floor_60hz
model,5,older_80_89,2410,0,3,157,0.8895966029723993,0.8833333333333333,0.006369426751592357,presentation_floor_60hz
model,5,older_80_89,2410,0,4,156,1.1347222222222222,1.1,0.02564102564102564,presentation_floor_60hz
model,5,older_80_89,984,1,1,170,0.7658823529411765,0.8,0.12352941176470589,presentation_floor_60hz
model,5,older_80_89,984,1,2,170,1.0191176470588235,1.0166666666666666,0.052941176470588235,presentation_floor_60hz
model,5,older_80_89,984,1,3,170,1.2030392156862744,1.2,0.023529411764705882,presentation_floor_60hz
model,5,older_80_89,984,1,4,170,1.468529411764706,1.4083333333333332,0.011764705882352941,presentation_floor_60hz
model,5,older_80_89,3403,0,1,128,0.5230468749999999,0.55,0.0078125,presentation_floor_60hz
model,5,older_80_89,3403,0,2,128,0.7509114583333332,0.75,0.0078125,presentation_floor_60hz
model,5,older_80_89,3403,0,3,127,0.9014435695538058,0.9,0.007874015748031496,presentation_floor_60hz
model,5,older_80_89,3403,0,4,127,1.1497375328083992,1.1166666666666667,0.0,presentation_floor_60hz
model,5,older_80_89,3403,1,1,127,0.7692913385826772,0.7833333333333333,0.11811023622047244,presentation_floor_60hz
model,5,older_80_89,3403,1,2,126,1.0160052910052908,1.0166666666666666,0.07936507936507936,presentation_floor_60hz
model,5,older_80_89,3403,1,3,126,1.1849206349206347,1.1666666666666667,0.05555555555555555,presentation_floor_60hz
model,5,older_80_89,3403,1,4,126,1.457539682539683,1.4166666666666667,0.047619047619047616,presentation_floor_60hz
model,5,older_80_89,2410,1,1,156,0.7905982905982905,0.8166666666666667,0.1282051282051282,presentation_floor_60hz
model,5,older_80_89,2410,1,2,155,1.0291397849462365,1.0333333333333332,0.04516129032258064,presentation_floor_60hz
model,5,older_80_89,2410,1,3,155,1.2108602150537635,1.2166666666666666,0.04516129032258064,presentation_floor_60hz
model,5,older_80_89,2410,1,4,155,1.4874193548387098,1.45,0.012903225806451613,presentation_floor_60hz
model,6,young_20_29,2918,0,1,163,0.4130879345603273,0.4166666666666667,0.012269938650306749,presentation_floor_60hz
model,6,young_20_29,2918,0,2,162,0.5362139917695473,0.5333333333333333,0.018518518518518517,presentation_floor_60hz
model,6,young_20_29,2918,0,3,162,0.6184156378600824,0.6166666666666667,0.024691358024691357,presentation_floor_60hz
model,6,young_20_29,2918,0,4,162,0.7502057613168724,0.7333333333333333,0.012345679012345678,presentation_floor_60hz
model,6,young_20_29,2918,1,1,162,0.5944444444444443,0.6166666666666667,0.35802469135802467,presentation_floor_60hz
model,6,young_20_29,2918,1,2,162,0.7658436213991769,0.7666666666666666,0.1111111111111111,presentation_floor_60hz
model,6,young_20_29,2918,1,3,162,0.880144032921811,0.8833333333333333,0.05555555555555555,presentation_floor_60hz
model,6,young_20_29,2918,1,4,162,1.0363168724279834,1.0166666666666666,0.006172839506172839,presentation_floor_60hz
model,6,young_20_29,899,1,1,26,0.6134615384615385,0.6416666666666666,0.2692307692307692,presentation_floor_60hz
model,6,young_20_29,899,1,2,25,0.7539999999999999,0.75,0.2,presentation_floor_60hz
model,6,young_20_29,899,1,3,25,0.8846666666666668,0.8833333333333333,0.08,presentation_floor_60hz
model,6,young_20_29,899,1,4,25,1.0533333333333335,1.0333333333333332,0.04,presentation_floor_60hz
model,6,young_20_29,182,1,1,34,0.5936274509803922,0.6166666666666667,0.35294117647058826,presentation_floor_60hz
model,6,young_20_29,182,1,2,34,0.767156862745098,0.7666666666666666,0.08823529411764706,presentation_floor_60hz
model,6,young_20_29,182,1,3,34,0.8808823529411764,0.875,0.058823529411764705,presentation_floor_60hz
model,6,young_20_29,182,1,4,33,1.051010101010101,1.0333333333333332,0.0,presentation_floor_60hz
model,6,young_20_29,5256,1,1,24,0.5944444444444444,0.5916666666666667,0.25,presentation_floor_60hz
model,6,young_20_29,5256,1,2,23,0.777536231884058,0.7666666666666666,0.0,presentation_floor_60hz
model,6,young_20_29,5256,1,3,23,0.8956521739130434,0.9,0.08695652173913043,presentation_floor_60hz
model,6,young_20_29,5256,1,4,23,1.0326086956521734,1.0333333333333332,0.13043478260869565,presentation_floor_60hz
model,6,young_20_29,3875,0,1,77,0.4235930735930736,0.45,0.012987012987012988,presentation_floor_60hz
model,6,young_20_29,3875,0,2,77,0.5402597402597402,0.5333333333333333,0.03896103896103896,presentation_floor_60hz
model,6,young_20_29,3875,0,3,77,0.6231601731601732,0.6166666666666667,0.012987012987012988,presentation_floor_60hz
model,6,young_20_29,3875,0,4,76,0.7458333333333333,0.7333333333333333,0.013157894736842105,presentation_floor_60hz
model,6,young_20_29,899,0,1,26,0.4032051282051282,0.4166666666666667,0.0,presentation_floor_60hz
model,6,young_20_29,899,0,2,26,0.517948717948718,0.5166666666666666,0.0,presentation_floor_60hz
model,6,young_20_29,899,0,3,25,0.618,0.6166666666666667,0.0,presentation_floor_60hz
model,6,young_20_29,899,0,4,25,0.7446666666666667,0.7333333333333333,0.0,presentation_floor_60hz
model,6,young_20_29,677,0,1,29,0.4017241379310345,0.4166666666666667,0.0,presentation_floor_60hz
model,6,young_20_29,677,0,2,28,0.5232142857142856,0.5166666666666666,0.0,presentation_floor_60hz
model,6,young_20_29,677,0,3,28,0.6130952380952381,0.6166666666666667,0.0,presentation_floor_60hz
model,6,young_20_29,677,0,4,28,0.7714285714285715,0.7416666666666667,0.0,presentation_floor_60hz
model,6,young_20_29,5675,0,1,147,0.41802721088435374,0.43333333333333335,0.027210884353741496,presentation_floor_60hz
model,6,young_20_29,5675,0,2,147,0.5430839002267572,0.55,0.006802721088435374,presentation_floor_60hz
model,6,young_20_29,5675,0,3,147,0.6321995464852608,0.6333333333333333,0.027210884353741496,presentation_floor_60hz
model,6,young_20_29,5675,0,4,146,0.7476027397260274,0.7333333333333333,0.02054794520547945,presentation_floor_60hz
model,6,young_20_29,5675,1,1,145,0.6029885057471265,0.6333333333333333,0.4068965517241379,presentation_floor_60hz
model,6,young_20_29,5675,1,2,145,0.7740229885057471,0.7666666666666666,0.10344827586206896,presentation_floor_60hz
model,6,young_20_29,5675,1,3,145,0.8875862068965517,0.8833333333333333,0.09655172413793103,presentation_floor_60hz
model,6,young_20_29,5675,1,4,145,1.0526436781609194,1.0333333333333332,0.006896551724137931,presentation_floor_60hz
model,6,young_20_29,2553,1,1,27,0.6574074074074074,0.6666666666666666,0.18518518518518517,presentation_floor_60hz
model,6,young_20_29,2553,1,2,27,0.7808641975308641,0.7666666666666666,0.1111111111111111,presentation_floor_60hz
model,6,young_20_29,2553,1,3,27,0.8901234567901234,0.8833333333333333,0.037037037037037035,presentation_floor_60hz
model,6,young_20_29,2553,1,4,26,1.051282051282051,1.0333333333333332,0.0,presentation_floor_60hz
model,6,young_20_29,7862,0,1,30,0.4466666666666666,0.45,0.03333333333333333,presentation_floor_60hz
model,6,young_20_29,7862,0,2,30,0.5527777777777777,0.55,0.03333333333333333,presentation_floor_60hz
model,6,young_20_29,7862,0,3,30,0.6311111111111113,0.6333333333333333,0.06666666666666667,presentation_floor_60hz
model,6,young_20_29,7862,0,4,30,0.7333333333333333,0.7166666666666667,0.06666666666666667,presentation_floor_60hz
model,6,young_20_29,7862,1,1,31,0.6231182795698926,0.65,0.3548387096774194,presentation_floor_60hz
model,6,young_20_29,7862,1,2,31,0.7704301075268818,0.7666666666666666,0.1935483870967742,presentation_floor_60hz
model,6,young_20_29,7862,1,3,30,0.8766666666666668,0.8833333333333333,0.0,presentation_floor_60hz
model,6,young_20_29,7862,1,4,30,1.0205555555555554,0.9916666666666667,0.03333333333333333,presentation_floor_60hz
model,6,young_20_29,677,1,1,29,0.5833333333333334,0.6,0.4482758620689655,presentation_floor_60hz
model,6,young_20_29,677,1,2,28,0.7601190476190478,0.7666666666666666,0.25,presentation_floor_60hz
model,6,young_20_29,677,1,3,28,0.8857142857142856,0.9,0.0,presentation_floor_60hz
model,6,young_20_29,677,1,4,28,1.0482142857142855,1.0166666666666666,0.0,presentation_floor_60hz
model,6,young_20_29,3875,1,1,77,0.6132034632034631,0.6166666666666667,0.24675324675324675,presentation_floor_60hz
model,6,young_20_29,3875,1,2,77,0.761038961038961,0.7666666666666666,0.1038961038961039,presentation_floor_60hz
model,6,young_20_29,3875,1,3,77,0.8616883116883116,0.8666666666666667,0.06493506493506493,presentation_floor_60hz
model,6,young_20_29,3875,1,4,77,1.0134199134199133,0.9833333333333333,0.03896103896103896,presentation_floor_60hz
model,6,young_20_29,4790,0,1,25,0.4206666666666667,0.43333333333333335,0.04,presentation_floor_60hz
model,6,young_20_29,4790,0,2,25,0.5466666666666667,0.55,0.0,presentation_floor_60hz
model,6,young_20_29,4790,0,3,25,0.63,0.6333333333333333,0.0,presentation_floor_60hz
model,6,young_20_29,4790,0,4,24,0.7465277777777777,0.75,0.041666666666666664,presentation_floor_60hz
model,6,young_20_29,1478,0,1,22,0.4295454545454545,0.43333333333333335,0.045454545454545456,presentation_floor_60hz
model,6,young_20_29,1478,0,2,22,0.5257575757575756,0.5249999999999999,0.0,presentation_floor_60hz
model,6,young_20_29,1478,0,3,22,0.6242424242424244,0.625,0.0,presentation_floor_60hz
model,6,young_20_29,1478,0,4,22,0.753030303030303,0.725,0.09090909090909091,presentation_floor_60hz
model,6,young_20_29,5256,0,1,23,0.4028985507246377,0.4166666666666667,0.043478260869565216,presentation_floor_60hz
model,6,young_20_29,5256,0,2,23,0.5289855072463768,0.5166666666666666,0.043478260869565216,presentation_floor_60hz
model,6,young_20_29,5256,0,3,22,0.618939393939394,0.6166666666666667,0.0,presentation_floor_60hz
model,6,young_20_29,5256,0,4,22,0.743939393939394,0.7083333333333333,0.045454545454545456,presentation_floor_60hz
model,6,young_20_29,182,0,1,34,0.4196078431372549,0.43333333333333335,0.029411764705882353,presentation_floor_60hz
model,6,young_20_29,182,0,2,34,0.5387254901960785,0.55,0.0,presentation_floor_60hz
model,6,young_20_29,182,0,3,34,0.6176470588235294,0.6166666666666667,0.029411764705882353,presentation_floor_60hz
model,6,young_20_29,182,0,4,34,0.7661764705882352,0.7583333333333333,0.0,presentation_floor_60hz
model,6,young_20_29,4790,1,1,25,0.616,0.6166666666666667,0.32,presentation_floor_60hz
model,6,young_20_29,4790,1,2,25,0.7626666666666666,0.7666666666666666,0.04,presentation_floor_60hz
model,6,young_20_29,4790,1,3,24,0.86875,0.8666666666666667,0.125,presentation_floor_60hz
model,6,young_20_29,4790,1,4,24,1.0534722222222221,1.0416666666666665,0.0,presentation_floor_60hz
model,6,young_20_29,1478,1,1,22,0.5636363636363636,0.5833333333333334,0.4090909090909091,presentation_floor_60hz
model,6,young_20_29,1478,1,2,22,0.7545454545454544,0.75,0.045454545454545456,presentation_floor_60hz
model,6,young_20_29,1478,1,3,22,0.8954545454545456,0.8833333333333333,0.09090909090909091,presentation_floor_60hz
model,6,young_20_29,1478,1,4,21,1.069047619047619,1.0333333333333332,0.047619047619047616,presentation_floor_60hz
model,6,young_20_29,4398,1,1,27,0.5771604938271605,0.5833333333333334,0.2962962962962963,presentation_floor_60hz
model,6,young_20_29,4398,1,2,27,0.7654320987654321,0.7666666666666666,0.0,presentation_floor_60hz
model,6,young_20_29,4398,1,3,26,0.8814102564102566,0.875,0.07692307692307693,presentation_floor_60hz
model,6,young_20_29,4398,1,4,26,1.0814102564102563,1.05,0.0,presentation_floor_60hz
model,6,young_20_29,4398,0,1,27,0.43395061728395057,0.4666666666666667,0.037037037037037035,presentation_floor_60hz
model,6,young_20_29,4398,0,2,27,0.5413580246913581,0.5333333333333333,0.0,presentation_floor_60hz
model,6,young_20_29,4398,0,3,26,0.6211538461538461,0.6166666666666667,0.038461538461538464,presentation_floor_60hz
model,6,young_20_29,4398,0,4,26,0.7403846153846152,0.7333333333333333,0.0,presentation_floor_60hz
model,6,young_20_29,2553,0,1,27,0.4067901234567901,0.4,0.037037037037037035,presentation_floor_60hz
model,6,young_20_29,2553,0,2,26,0.5371794871794872,0.5333333333333333,0.0,presentation_floor_60hz
model,6,young_20_29,2553,0,3,26,0.5935897435897436,0.5833333333333334,0.038461538461538464,presentation_floor_60hz
model,6,young_20_29,2553,0,4,26,0.723076923076923,0.725,0.0,presentation_floor_60hz
model,6,older_80_89,6609,0,1,171,0.4944444444444445,0.5166666666666666,0.0,presentation_floor_60hz
model,6,older_80_89,6609,0,2,171,0.7167641325536064,0.7166666666666667,0.005847953216374269,presentation_floor_60hz
model,6,older_80_89,6609,0,3,171,0.870662768031189,0.8666666666666667,0.011695906432748537,presentation_floor_60hz
model,6,older_80_89,6609,0,4,171,1.1381091617933723,1.1166666666666667,0.011695906432748537,presentation_floor_60hz
model,6,older_80_89,984,0,1,172,0.47645348837209306,0.5,0.005813953488372093,presentation_floor_60hz
model,6,older_80_89,984,0,2,172,0.7037790697674419,0.7,0.011627906976744186,presentation_floor_60hz
model,6,older_80_89,984,0,3,172,0.8562984496124031,0.85,0.0,presentation_floor_60hz
model,6,older_80_89,984,0,4,172,1.118313953488372,1.0833333333333333,0.005813953488372093,presentation_floor_60hz
model,6,older_80_89,6609,1,1,172,0.7545542635658915,0.7833333333333333,0.11627906976744186,presentation_floor_60hz
model,6,older_80_89,6609,1,2,171,0.9991228070175439,1.0,0.03508771929824561,presentation_floor_60hz
model,6,older_80_89,6609,1,3,171,1.1899610136452243,1.1833333333333333,0.05263157894736842,presentation_floor_60hz
model,6,older_80_89,6609,1,4,171,1.4582846003898635,1.4166666666666667,0.07017543859649122,presentation_floor_60hz
model,6,older_80_89,2410,0,1,157,0.5100849256900213,0.5333333333333333,0.006369426751592357,presentation_floor_60hz
model,6,older_80_89,2410,0,2,157,0.7335456475583866,0.7333333333333333,0.0,presentation_floor_60hz
model,6,older_80_89,2410,0,3,157,0.89447983014862,0.9,0.0,presentation_floor_60hz
model,6,older_80_89,2410,0,4,156,1.1488247863247862,1.1166666666666667,0.00641025641025641,presentation_floor_60hz
model,6,older_80_89,984,1,1,170,0.7683333333333334,0.8,0.1,presentation_floor_60hz
model,6,older_80_89,984,1,2,170,1.018627450980392,1.0166666666666666,0.03529411764705882,presentation_floor_60hz
model,6,older_80_89,984,1,3,170,1.2000980392156861,1.2,0.03529411764705882,presentation_floor_60hz
model,6,older_80_89,984,1,4,170,1.4933333333333334,1.4333333333333333,0.041176470588235294,presentation_floor_60hz
model,6,older_80_89,3403,0,1,128,0.5302083333333333,0.5333333333333333,0.015625,presentation_floor_60hz
model,6,older_80_89,3403,0,2,128,0.7313802083333333,0.7333333333333333,0.015625,presentation_floor_60hz
model,6,older_80_89,3403,0,3,127,0.8959317585301836,0.9,0.023622047244094488,presentation_floor_60hz
model,6,older_80_89,3403,0,4,127,1.175984251968504,1.1333333333333333,0.0,presentation_floor_60hz
model,6,older_80_89,3403,1,1,127,0.7686351706036745,0.7833333333333333,0.14173228346456693,presentation_floor_60hz
model,6,older_80_89,3403,1,2,126,1.0251322751322751,1.0333333333333332,0.07936507936507936,presentation_floor_60hz
model,6,older_80_89,3403,1,3,126,1.2003968253968251,1.2,0.03968253968253968,presentation_floor_60hz
model,6,older_80_89,3403,1,4,126,1.4808201058201058,1.4166666666666667,0.023809523809523808,presentation_floor_60hz
model,6,older_80_89,2410,1,1,156,0.791880341880342,0.8166666666666667,0.11538461538461539,presentation_floor_60hz
model,6,older_80_89,2410,1,2,155,1.0429032258064515,1.05,0.06451612903225806,presentation_floor_60hz
model,6,older_80_89,2410,1,3,155,1.2108602150537635,1.2166666666666666,0.012903225806451613,presentation_floor_60hz
model,6,older_80_89,2410,1,4,155,1.4977419354838708,1.4666666666666666,0.01935483870967742,presentation_floor_60hz
model,7,young_20_29,2918,0,1,163,0.4148261758691207,0.43333333333333335,0.018404907975460124,presentation_floor_60hz
model,7,young_20_29,2918,0,2,162,0.5348765432098765,0.5333333333333333,0.012345679012345678,presentation_floor_60hz
model,7,young_20_29,2918,0,3,162,0.618312757201646,0.6166666666666667,0.012345679012345678,presentation_floor_60hz
model,7,young_20_29,2918,0,4,162,0.7463991769547326,0.7333333333333333,0.018518518518518517,presentation_floor_60hz
model,7,young_20_29,2918,1,1,162,0.5974279835390947,0.6166666666666667,0.35185185185185186,presentation_floor_60hz
model,7,young_20_29,2918,1,2,162,0.7654320987654321,0.7666666666666666,0.09876543209876543,presentation_floor_60hz
model,7,young_20_29,2918,1,3,162,0.872530864197531,0.8666666666666667,0.04938271604938271,presentation_floor_60hz
model,7,young_20_29,2918,1,4,162,1.0414609053497943,1.0166666666666666,0.024691358024691357,presentation_floor_60hz
model,7,young_20_29,899,1,1,26,0.6352564102564103,0.6666666666666666,0.19230769230769232,presentation_floor_60hz
model,7,young_20_29,899,1,2,25,0.7506666666666666,0.75,0.2,presentation_floor_60hz
model,7,young_20_29,899,1,3,25,0.8733333333333334,0.8666666666666667,0.04,presentation_floor_60hz
model,7,young_20_29,899,1,4,25,1.0459999999999998,1.0333333333333332,0.0,presentation_floor_60hz
model,7,young_20_29,182,1,1,34,0.6014705882352941,0.6333333333333333,0.3235294117647059,presentation_floor_60hz
model,7,young_20_29,182,1,2,34,0.7661764705882352,0.7666666666666666,0.17647058823529413,presentation_floor_60hz
model,7,young_20_29,182,1,3,34,0.8730392156862745,0.8666666666666667,0.08823529411764706,presentation_floor_60hz
model,7,young_20_29,182,1,4,33,1.0378787878787878,1.0333333333333332,0.0,presentation_floor_60hz
model,7,young_20_29,5256,1,1,24,0.5993055555555555,0.6166666666666667,0.25,presentation_floor_60hz
model,7,young_20_29,5256,1,2,23,0.7731884057971014,0.7833333333333333,0.13043478260869565,presentation_floor_60hz
model,7,young_20_29,5256,1,3,23,0.8746376811594203,0.8833333333333333,0.13043478260869565,presentation_floor_60hz
model,7,young_20_29,5256,1,4,23,1.0108695652173914,0.9833333333333333,0.0,presentation_floor_60hz
model,7,young_20_29,3875,0,1,77,0.4218614718614719,0.43333333333333335,0.012987012987012988,presentation_floor_60hz
model,7,young_20_29,3875,0,2,77,0.5385281385281384,0.5333333333333333,0.012987012987012988,presentation_floor_60hz
model,7,young_20_29,3875,0,3,77,0.6277056277056278,0.6333333333333333,0.06493506493506493,presentation_floor_60hz
model,7,young_20_29,3875,0,4,76,0.7528508771929825,0.7333333333333333,0.013157894736842105,presentation_floor_60hz
model,7,young_20_29,899,0,1,26,0.4083333333333333,0.43333333333333335,0.07692307692307693,presentation_floor_60hz
model,7,young_20_29,899,0,2,26,0.5269230769230769,0.5333333333333333,0.0,presentation_floor_60hz
model,7,young_20_29,899,0,3,25,0.642,0.6333333333333333,0.0,presentation_floor_60hz
model,7,young_20_29,899,0,4,25,0.7753333333333333,0.7666666666666666,0.04,presentation_floor_60hz
model,7,young_20_29,677,0,1,29,0.3948275862068965,0.4166666666666667,0.034482758620689655,presentation_floor_60hz
model,7,young_20_29,677,0,2,28,0.5154761904761904,0.5166666666666666,0.03571428571428571,presentation_floor_60hz
model,7,young_20_29,677,0,3,28,0.6023809523809524,0.6,0.0,presentation_floor_60hz
model,7,young_20_29,677,0,4,28,0.7398809523809522,0.7333333333333333,0.0,presentation_floor_60hz
model,7,young_20_29,5675,0,1,147,0.4102040816326531,0.4166666666666667,0.02040816326530612,presentation_floor_60hz
model,7,young_20_29,5675,0,2,147,0.5390022675736961,0.5333333333333333,0.013605442176870748,presentation_floor_60hz
model,7,young_20_29,5675,0,3,147,0.6267573696145124,0.6333333333333333,0.034013605442176874,presentation_floor_60hz
model,7,young_20_29,5675,0,4,146,0.7518264840182648,0.75,0.02054794520547945,presentation_floor_60hz
model,7,young_20_29,5675,1,1,145,0.5994252873563217,0.6333333333333333,0.36551724137931035,presentation_floor_60hz
model,7,young_20_29,5675,1,2,145,0.7744827586206895,0.7666666666666666,0.09655172413793103,presentation_floor_60hz
model,7,young_20_29,5675,1,3,145,0.8881609195402299,0.8833333333333333,0.08275862068965517,presentation_floor_60hz
model,7,young_20_29,5675,1,4,145,1.054367816091954,1.0333333333333332,0.013793103448275862,presentation_floor_60hz
model,7,young_20_29,2553,1,1,27,0.6512345679012347,0.6666666666666666,0.2962962962962963,presentation_floor_60hz
model,7,young_20_29,2553,1,2,27,0.7709876543209878,0.7666666666666666,0.07407407407407407,presentation_floor_60hz
model,7,young_20_29,2553,1,3,27,0.895679012345679,0.9,0.0,presentation_floor_60hz
model,7,young_20_29,2553,1,4,26,1.0666666666666667,1.05,0.07692307692307693,presentation_floor_60hz
model,7,young_20_29,7862,0,1,30,0.44777777777777783,0.4666666666666667,0.03333333333333333,presentation_floor_60hz
model,7,young_20_29,7862,0,2,30,0.56,0.5666666666666667,0.0,presentation_floor_60hz
model,7,young_20_29,7862,0,3,30,0.6366666666666665,0.6333333333333333,0.03333333333333333,presentation_floor_60hz
model,7,young_20_29,7862,0,4,30,0.7250000000000001,0.7083333333333333,0.03333333333333333,presentation_floor_60hz
model,7,young_20_29,7862,1,1,31,0.632795698924731,0.6666666666666666,0.3548387096774194,presentation_floor_60hz
model,7,young_20_29,7862,1,2,31,0.7833333333333334,0.7833333333333333,0.16129032258064516,presentation_floor_60hz
model,7,young_20_29,7862,1,3,30,0.8694444444444442,0.8666666666666667,0.06666666666666667,presentation_floor_60hz
model,7,young_20_29,7862,1,4,30,1.0288888888888887,1.0166666666666666,0.06666666666666667,presentation_floor_60hz
model,7,young_20_29,677,1,1,29,0.5890804597701149,0.6,0.3103448275862069,presentation_floor_60hz
model,7,young_20_29,677,1,2,28,0.770238095238095,0.7666666666666666,0.21428571428571427,presentation_floor_60hz
model,7,young_20_29,677,1,3,28,0.8845238095238095,0.8833333333333333,0.14285714285714285,presentation_floor_60hz
model,7,young_20_29,677,1,4,28,1.0363095238095237,1.0,0.07142857142857142,presentation_floor_60hz
model,7,young_20_29,3875,1,1,77,0.6093073593073594,0.6166666666666667,0.2727272727272727,presentation_floor_60hz
model,7,young_20_29,3875,1,2,77,0.7608225108225107,0.75,0.06493506493506493,presentation_floor_60hz
model,7,young_20_29,3875,1,3,77,0.8606060606060604,0.8666666666666667,0.05194805194805195,presentation_floor_60hz
model,7,young_20_29,3875,1,4,77,1.0075757575757578,1.0,0.03896103896103896,presentation_floor_60hz
model,7,young_20_29,4790,0,1,25,0.4293333333333333,0.45,0.04,presentation_floor_60hz
model,7,young_20_29,4790,0,2,25,0.5493333333333333,0.55,0.04,presentation_floor_60hz
model,7,young_20_29,4790,0,3,25,0.6359999999999999,0.6333333333333333,0.04,presentation_floor_60hz
model,7,young_20_29,4790,0,4,24,0.7444444444444445,0.7333333333333333,0.041666666666666664,presentation_floor_60hz
model,7,young_20_29,1478,0,1,22,0.43106060606060603,0.4666666666666667,0.045454545454545456,presentation_floor_60hz
model,7,young_20_29,1478,0,2,22,0.5424242424242425,0.5333333333333333,0.045454545454545456,presentation_floor_60hz
model,7,young_20_29,1478,0,3,22,0.628030303030303,0.625,0.0,presentation_floor_60hz
model,7,young_20_29,1478,0,4,22,0.756060606060606,0.7333333333333333,0.0,presentation_floor_60hz
model,7,young_20_29,5256,0,1,23,0.41304347826086957,0.4,0.043478260869565216,presentation_floor_60hz
model,7,young_20_29,5256,0,2,23,0.5289855072463767,0.5166666666666666,0.0,presentation_floor_60hz
model,7,young_20_29,5256,0,3,22,0.6083333333333333,0.6,0.045454545454545456,presentation_floor_60hz
model,7,young_20_29,5256,0,4,22,0.6992424242424241,0.6833333333333333,0.045454545454545456,presentation_floor_60hz
model,7,young_20_29,182,0,1,34,0.4151960784313725,0.43333333333333335,0.11764705882352941,presentation_floor_60hz
model,7,young_20_29,182,0,2,34,0.5333333333333334,0.5416666666666667,0.0,presentation_floor_60hz
model,7,young_20_29,182,0,3,34,0.6200980392156863,0.6166666666666667,0.0,presentation_floor_60hz
model,7,young_20_29,182,0,4,34,0.771078431372549,0.7666666666666666,0.0,presentation_floor_60hz
model,7,young_20_29,4790,1,1,25,0.6106666666666667,0.6333333333333333,0.32,presentation_floor_60hz
model,7,young_20_29,4790,1,2,25,0.7713333333333334,0.7666666666666666,0.04,presentation_floor_60hz
model,7,young_20_29,4790,1,3,24,0.8784722222222222,0.8666666666666667,0.0,presentation_floor_60hz
model,7,young_20_29,4790,1,4,24,1.0506944444444446,1.0166666666666666,0.041666666666666664,presentation_floor_60hz
model,7,young_20_29,1478,1,1,22,0.5825757575757575,0.6083333333333334,0.4090909090909091,presentation_floor_60hz
model,7,young_20_29,1478,1,2,22,0.7424242424242422,0.75,0.09090909090909091,presentation_floor_60hz
model,7,young_20_29,1478,1,3,22,0.8901515151515149,0.8833333333333333,0.045454545454545456,presentation_floor_60hz
model,7,young_20_29,1478,1,4,21,1.0880952380952382,1.0833333333333333,0.047619047619047616,presentation_floor_60hz
model,7,young_20_29,4398,1,1,27,0.6,0.6166666666666667,0.25925925925925924,presentation_floor_60hz
model,7,young_20_29,4398,1,2,27,0.7734567901234568,0.7666666666666666,0.037037037037037035,presentation_floor_60hz
model,7,young_20_29,4398,1,3,26,0.8993589743589745,0.9166666666666666,0.11538461538461539,presentation_floor_60hz
model,7,young_20_29,4398,1,4,26,1.0615384615384615,1.05,0.0,presentation_floor_60hz
model,7,young_20_29,4398,0,1,27,0.41234567901234565,0.43333333333333335,0.0,presentation_floor_60hz
model,7,young_20_29,4398,0,2,27,0.5376543209876543,0.55,0.037037037037037035,presentation_floor_60hz
model,7,young_20_29,4398,0,3,26,0.6224358974358974,0.6166666666666667,0.0,presentation_floor_60hz
model,7,young_20_29,4398,0,4,26,0.739102564102564,0.7416666666666667,0.0,presentation_floor_60hz
model,7,young_20_29,2553,0,1,27,0.40987654320987654,0.4166666666666667,0.037037037037037035,presentation_floor_60hz
model,7,young_20_29,2553,0,2,26,0.5256410256410257,0.5249999999999999,0.0,presentation_floor_60hz
model,7,young_20_29,2553,0,3,26,0.6064102564102564,0.6083333333333334,0.038461538461538464,presentation_floor_60hz
model,7,young_20_29,2553,0,4,26,0.7096153846153845,0.7,0.0,presentation_floor_60hz
model,7,older_80_89,6609,0,1,171,0.4835282651072125,0.5166666666666666,0.0,presentation_floor_60hz
model,7,older_80_89,6609,0,2,171,0.7137426900584796,0.7166666666666667,0.005847953216374269,presentation_floor_60hz
model,7,older_80_89,6609,0,3,171,0.8647173489278751,0.8666666666666667,0.005847953216374269,presentation_floor_60hz
model,7,older_80_89,6609,0,4,171,1.1530214424951268,1.1166666666666667,0.005847953216374269,presentation_floor_60hz
model,7,older_80_89,984,0,1,172,0.5062984496124031,0.5333333333333333,0.005813953488372093,presentation_floor_60hz
model,7,older_80_89,984,0,2,172,0.7130813953488372,0.7166666666666667,0.011627906976744186,presentation_floor_60hz
model,7,older_80_89,984,0,3,172,0.8645348837209303,0.8666666666666667,0.01744186046511628,presentation_floor_60hz
model,7,older_80_89,984,0,4,172,1.1026162790697676,1.0583333333333333,0.0,presentation_floor_60hz
model,7,older_80_89,6609,1,1,172,0.7695736434108528,0.7916666666666667,0.13953488372093023,presentation_floor_60hz
model,7,older_80_89,6609,1,2,171,1.000877192982456,1.0,0.08187134502923976,presentation_floor_60hz
model,7,older_80_89,6609,1,3,171,1.185672514619883,1.1833333333333333,0.029239766081871343,presentation_floor_60hz
model,7,older_80_89,6609,1,4,171,1.4619883040935673,1.4333333333333333,0.029239766081871343,presentation_floor_60hz
model,7,older_80_89,2410,0,1,157,0.5073248407643313,0.5333333333333333,0.006369426751592357,presentation_floor_60hz
model,7,older_80_89,2410,0,2,157,0.7221868365180467,0.7166666666666667,0.0,presentation_floor_60hz
model,7,older_80_89,2410,0,3,157,0.8760084925690023,0.8833333333333333,0.006369426751592357,presentation_floor_60hz
model,7,older_80_89,2410,0,4,156,1.1459401709401709,1.1166666666666667,0.01282051282051282,presentation_floor_60hz
model,7,older_80_89,984,1,1,170,0.7626470588235292,0.7833333333333333,0.10588235294117647,presentation_floor_60hz
model,7,older_80_89,984,1,2,170,1.0169607843137254,1.025,0.041176470588235294,presentation_floor_60hz
model,7,older_80_89,984,1,3,170,1.1887254901960784,1.1833333333333333,0.01764705882352941,presentation_floor_60hz
model,7,older_80_89,984,1,4,170,1.464607843137255,1.4333333333333333,0.023529411764705882,presentation_floor_60hz
model,7,older_80_89,3403,0,1,128,0.534765625,0.5666666666666667,0.0078125,presentation_floor_60hz
model,7,older_80_89,3403,0,2,128,0.7477864583333332,0.75,0.0078125,presentation_floor_60hz
model,7,older_80_89,3403,0,3,127,0.9057742782152232,0.9166666666666666,0.007874015748031496,presentation_floor_60hz
model,7,older_80_89,3403,0,4,127,1.1826771653543307,1.15,0.0,presentation_floor_60hz
model,7,older_80_89,3403,1,1,127,0.7641732283464566,0.8,0.13385826771653545,presentation_floor_60hz
model,7,older_80_89,3403,1,2,126,1.01521164021164,1.0166666666666666,0.0873015873015873,presentation_floor_60hz
model,7,older_80_89,3403,1,3,126,1.190343915343915,1.1833333333333333,0.031746031746031744,presentation_floor_60hz
model,7,older_80_89,3403,1,4,126,1.4880952380952381,1.4416666666666667,0.007936507936507936,presentation_floor_60hz
model,7,older_80_89,2410,1,1,156,0.7996794871794872,0.8333333333333334,0.057692307692307696,presentation_floor_60hz
model,7,older_80_89,2410,1,2,155,1.0462365591397849,1.05,0.04516129032258064,presentation_floor_60hz
model,7,older_80_89,2410,1,3,155,1.2092473118279568,1.2,0.05806451612903226,presentation_floor_60hz
model,7,older_80_89,2410,1,4,155,1.4832258064516128,1.45,0.012903225806451613,presentation_floor_60hz
model,8,young_20_29,2918,0,1,163,0.41697341513292435,0.43333333333333335,0.03067484662576687,presentation_floor_60hz
model,8,young_20_29,2918,0,2,162,0.5358024691358024,0.5333333333333333,0.006172839506172839,presentation_floor_60hz
model,8,young_20_29,2918,0,3,162,0.6162551440329219,0.6166666666666667,0.006172839506172839,presentation_floor_60hz
model,8,young_20_29,2918,0,4,162,0.7359053497942387,0.7166666666666667,0.024691358024691357,presentation_floor_60hz
model,8,young_20_29,2918,1,1,162,0.5977366255144033,0.6166666666666667,0.345679012345679,presentation_floor_60hz
model,8,young_20_29,2918,1,2,162,0.7613168724279835,0.7666666666666666,0.15432098765432098,presentation_floor_60hz
model,8,young_20_29,2918,1,3,162,0.8695473251028807,0.8666666666666667,0.06790123456790123,presentation_floor_60hz
model,8,young_20_29,2918,1,4,162,1.0341563786008232,1.0166666666666666,0.037037037037037035,presentation_floor_60hz
model,8,young_20_29,899,1,1,26,0.6256410256410257,0.65,0.23076923076923078,presentation_floor_60hz
model,8,young_20_29,899,1,2,25,0.742,0.7333333333333333,0.12,presentation_floor_60hz
model,8,young_20_29,899,1,3,25,0.8626666666666667,0.8666666666666667,0.08,presentation_floor_60hz
model,8,young_20_29,899,1,4,25,1.0493333333333335,1.05,0.04,presentation_floor_60hz
model,8,young_20_29,182,1,1,34,0.5862745098039216,0.6166666666666667,0.23529411764705882,presentation_floor_60hz
model,8,young_20_29,182,1,2,34,0.767156862745098,0.7666666666666666,0.11764705882352941,presentation_floor_60hz
model,8,young_20_29,182,1,3,34,0.886764705882353,0.8833333333333333,0.029411764705882353,presentation_floor_60hz
model,8,young_20_29,182,1,4,33,1.0565656565656565,1.05,0.09090909090909091,presentation_floor_60hz
model,8,young_20_29,5256,1,1,24,0.5951388888888889,0.6,0.375,presentation_floor_60hz
model,8,young_20_29,5256,1,2,23,0.7782608695652175,0.7833333333333333,0.08695652173913043,presentation_floor_60hz
model,8,young_20_29,5256,1,3,23,0.8934782608695653,0.8833333333333333,0.13043478260869565,presentation_floor_60hz
model,8,young_20_29,5256,1,4,23,1.0152173913043476,1.0,0.043478260869565216,presentation_floor_60hz
model,8,young_20_29,3875,0,1,77,0.4227272727272728,0.43333333333333335,0.025974025974025976,presentation_floor_60hz
model,8,young_20_29,3875,0,2,77,0.5419913419913418,0.55,0.025974025974025976,presentation_floor_60hz
model,8,young_20_29,3875,0,3,77,0.6272727272727273,0.6166666666666667,0.012987012987012988,presentation_floor_60hz
model,8,young_20_29,3875,0,4,76,0.7600877192982458,0.7333333333333333,0.02631578947368421,presentation_floor_60hz
model,8,young_20_29,899,0,1,26,0.40897435897435896,0.4166666666666667,0.0,presentation_floor_60hz
model,8,young_20_29,899,0,2,26,0.5262820512820513,0.5333333333333333,0.0,presentation_floor_60hz
model,8,young_20_29,899,0,3,25,0.6153333333333334,0.6166666666666667,0.12,presentation_floor_60hz
model,8,young_20_29,899,0,4,25,0.7446666666666666,0.7333333333333333,0.0,presentation_floor_60hz
model,8,young_20_29,677,0,1,29,0.39712643678160914,0.43333333333333335,0.034482758620689655,presentation_floor_60hz
model,8,young_20_29,677,0,2,28,0.5244047619047619,0.5249999999999999,0.07142857142857142,presentation_floor_60hz
model,8,young_20_29,677,0,3,28,0.605952380952381,0.6,0.0,presentation_floor_60hz
model,8,young_20_29,677,0,4,28,0.7440476190476193,0.7166666666666667,0.0,presentation_floor_60hz
model,8,young_20_29,5675,0,1,147,0.41417233560090705,0.43333333333333335,0.027210884353741496,presentation_floor_60hz
model,8,young_20_29,5675,0,2,147,0.5452380952380952,0.55,0.04081632653061224,presentation_floor_60hz
model,8,young_20_29,5675,0,3,147,0.6352607709750567,0.6333333333333333,0.02040816326530612,presentation_floor_60hz
model,8,young_20_29,5675,0,4,146,0.7535388127853881,0.7333333333333333,0.0136986301369863,presentation_floor_60hz
model,8,young_20_29,5675,1,1,145,0.6010344827586207,0.6166666666666667,0.3448275862068966,presentation_floor_60hz
model,8,young_20_29,5675,1,2,145,0.7754022988505748,0.7833333333333333,0.11724137931034483,presentation_floor_60hz
model,8,young_20_29,5675,1,3,145,0.8894252873563219,0.8833333333333333,0.05517241379310345,presentation_floor_60hz
model,8,young_20_29,5675,1,4,145,1.0550574712643679,1.0333333333333332,0.006896551724137931,presentation_floor_60hz
model,8,young_20_29,2553,1,1,27,0.6419753086419754,0.65,0.2222222222222222,presentation_floor_60hz
model,8,young_20_29,2553,1,2,27,0.7802469135802469,0.7833333333333333,0.1111111111111111,presentation_floor_60hz
model,8,young_20_29,2553,1,3,27,0.8925925925925925,0.9,0.037037037037037035,presentation_floor_60hz
model,8,young_20_29,2553,1,4,26,1.0717948717948718,1.075,0.038461538461538464,presentation_floor_60hz
model,8,young_20_29,7862,0,1,30,0.44888888888888884,0.45833333333333337,0.0,presentation_floor_60hz
model,8,young_20_29,7862,0,2,30,0.5500000000000002,0.55,0.06666666666666667,presentation_floor_60hz
model,8,young_20_29,7862,0,3,30,0.6194444444444444,0.6166666666666667,0.0,presentation_floor_60hz
model,8,young_20_29,7862,0,4,30,0.7433333333333335,0.7333333333333333,0.06666666666666667,presentation_floor_60hz
model,8,young_20_29,7862,1,1,31,0.6338709677419353,0.6666666666666666,0.3225806451612903,presentation_floor_60hz
model,8,young_20_29,7862,1,2,31,0.782258064516129,0.7833333333333333,0.0967741935483871,presentation_floor_60hz
model,8,young_20_29,7862,1,3,30,0.8827777777777777,0.8833333333333333,0.06666666666666667,presentation_floor_60hz
model,8,young_20_29,7862,1,4,30,1.0227777777777776,1.0,0.03333333333333333,presentation_floor_60hz
model,8,young_20_29,677,1,1,29,0.578735632183908,0.5833333333333334,0.3793103448275862,presentation_floor_60hz
model,8,young_20_29,677,1,2,28,0.7726190476190476,0.7833333333333333,0.17857142857142858,presentation_floor_60hz
model,8,young_20_29,677,1,3,28,0.8791666666666667,0.8833333333333333,0.0,presentation_floor_60hz
model,8,young_20_29,677,1,4,28,1.0375,1.0,0.07142857142857142,presentation_floor_60hz
model,8,young_20_29,3875,1,1,77,0.5967532467532467,0.6166666666666667,0.3246753246753247,presentation_floor_60hz
model,8,young_20_29,3875,1,2,77,0.7521645021645023,0.75,0.1038961038961039,presentation_floor_60hz
model,8,young_20_29,3875,1,3,77,0.8575757575757573,0.8666666666666667,0.07792207792207792,presentation_floor_60hz
model,8,young_20_29,3875,1,4,77,1.0134199134199136,0.9833333333333333,0.025974025974025976,presentation_floor_60hz
model,8,young_20_29,4790,0,1,25,0.42266666666666663,0.43333333333333335,0.12,presentation_floor_60hz
model,8,young_20_29,4790,0,2,25,0.5506666666666667,0.55,0.08,presentation_floor_60hz
model,8,young_20_29,4790,0,3,25,0.6306666666666666,0.6333333333333333,0.04,presentation_floor_60hz
model,8,young_20_29,4790,0,4,24,0.7430555555555555,0.725,0.0,presentation_floor_60hz
model,8,young_20_29,1478,0,1,22,0.42575757575757583,0.43333333333333335,0.0,presentation_floor_60hz
model,8,young_20_29,1478,0,2,22,0.5446969696969698,0.55,0.0,presentation_floor_60hz
model,8,young_20_29,1478,0,3,22,0.6295454545454544,0.6333333333333333,0.0,presentation_floor_60hz
model,8,young_20_29,1478,0,4,22,0.743939393939394,0.725,0.09090909090909091,presentation_floor_60hz
model,8,young_20_29,5256,0,1,23,0.4202898550724637,0.4166666666666667,0.0,presentation_floor_60hz
model,8,young_20_29,5256,0,2,23,0.5347826086956522,0.5333333333333333,0.0,presentation_floor_60hz
model,8,young_20_29,5256,0,3,22,0.6234848484848485,0.6166666666666667,0.0,presentation_floor_60hz
model,8,young_20_29,5256,0,4,22,0.7181818181818183,0.7,0.045454545454545456,presentation_floor_60hz
model,8,young_20_29,182,0,1,34,0.41813725490196074,0.4166666666666667,0.029411764705882353,presentation_floor_60hz
model,8,young_20_29,182,0,2,34,0.5441176470588236,0.55,0.0,presentation_floor_60hz
model,8,young_20_29,182,0,3,34,0.6230392156862745,0.6166666666666667,0.0,presentation_floor_60hz
model,8,young_20_29,182,0,4,34,0.7769607843137255,0.7749999999999999,0.029411764705882353,presentation_floor_60hz
model,8,young_20_29,4790,1,1,25,0.6253333333333333,0.65,0.28,presentation_floor_60hz
model,8,young_20_29,4790,1,2,25,0.7719999999999999,0.7666666666666666,0.08,presentation_floor_60hz
model,8,young_20_29,4790,1,3,24,0.8777777777777778,0.8833333333333333,0.041666666666666664,presentation_floor_60hz
model,8,young_20_29,4790,1,4,24,1.0381944444444444,1.0083333333333333,0.041666666666666664,presentation_floor_60hz
model,8,young_20_29,1478,1,1,22,0.568939393939394,0.5916666666666667,0.4090909090909091,presentation_floor_60hz
model,8,young_20_29,1478,1,2,22,0.7477272727272727,0.75,0.045454545454545456,presentation_floor_60hz
model,8,young_20_29,1478,1,3,22,0.8901515151515149,0.9,0.0,presentation_floor_60hz
model,8,young_20_29,1478,1,4,21,1.0714285714285712,1.0333333333333332,0.047619047619047616,presentation_floor_60hz
model,8,young_20_29,4398,1,1,27,0.5722222222222223,0.6,0.2222222222222222,presentation_floor_60hz
model,8,young_20_29,4398,1,2,27,0.7574074074074072,0.7666666666666666,0.037037037037037035,presentation_floor_60hz
model,8,young_20_29,4398,1,3,26,0.8839743589743588,0.8916666666666666,0.19230769230769232,presentation_floor_60hz
model,8,young_20_29,4398,1,4,26,1.0564102564102564,1.0333333333333332,0.0,presentation_floor_60hz
model,8,young_20_29,4398,0,1,27,0.41234567901234565,0.43333333333333335,0.037037037037037035,presentation_floor_60hz
model,8,young_20_29,4398,0,2,27,0.5425925925925926,0.5333333333333333,0.0,presentation_floor_60hz
model,8,young_20_29,4398,0,3,26,0.6230769230769232,0.625,0.038461538461538464,presentation_floor_60hz
model,8,young_20_29,4398,0,4,26,0.7403846153846154,0.725,0.07692307692307693,presentation_floor_60hz
model,8,young_20_29,2553,0,1,27,0.40925925925925927,0.4166666666666667,0.037037037037037035,presentation_floor_60hz
model,8,young_20_29,2553,0,2,26,0.5301282051282051,0.5333333333333333,0.0,presentation_floor_60hz
model,8,young_20_29,2553,0,3,26,0.5942307692307692,0.6,0.038461538461538464,presentation_floor_60hz
model,8,young_20_29,2553,0,4,26,0.7282051282051281,0.6916666666666667,0.0,presentation_floor_60hz
model,8,older_80_89,6609,0,1,171,0.47758284600389855,0.5,0.005847953216374269,presentation_floor_60hz
model,8,older_80_89,6609,0,2,171,0.7134502923976609,0.7166666666666667,0.0,presentation_floor_60hz
model,8,older_80_89,6609,0,3,171,0.8826510721247564,0.8833333333333333,0.011695906432748537,presentation_floor_60hz
model,8,older_80_89,6609,0,4,171,1.152923976608187,1.1,0.011695906432748537,presentation_floor_60hz
model,8,older_80_89,984,0,1,172,0.5048449612403101,0.5333333333333333,0.029069767441860465,presentation_floor_60hz
model,8,older_80_89,984,0,2,172,0.7223837209302327,0.7333333333333333,0.01744186046511628,presentation_floor_60hz
model,8,older_80_89,984,0,3,172,0.8664728682170543,0.8666666666666667,0.011627906976744186,presentation_floor_60hz
model,8,older_80_89,984,0,4,172,1.141860465116279,1.1,0.0,presentation_floor_60hz
model,8,older_80_89,6609,1,1,172,0.7623062015503876,0.7833333333333333,0.14534883720930233,presentation_floor_60hz
model,8,older_80_89,6609,1,2,171,1.0192982456140351,1.0166666666666666,0.08187134502923976,presentation_floor_60hz
model,8,older_80_89,6609,1,3,171,1.1973684210526316,1.2,0.04093567251461988,presentation_floor_60hz
model,8,older_80_89,6609,1,4,171,1.463840155945419,1.4166666666666667,0.04093567251461988,presentation_floor_60hz
model,8,older_80_89,2410,0,1,157,0.49501061571125266,0.5,0.006369426751592357,presentation_floor_60hz
model,8,older_80_89,2410,0,2,157,0.731104033970276,0.7333333333333333,0.006369426751592357,presentation_floor_60hz
model,8,older_80_89,2410,0,3,157,0.8856687898089175,0.8833333333333333,0.0,presentation_floor_60hz
model,8,older_80_89,2410,0,4,156,1.1432692307692307,1.1,0.02564102564102564,presentation_floor_60hz
model,8,older_80_89,984,1,1,170,0.7563725490196077,0.7833333333333333,0.12352941176470589,presentation_floor_60hz
model,8,older_80_89,984,1,2,170,1.009313725490196,1.0166666666666666,0.052941176470588235,presentation_floor_60hz
model,8,older_80_89,984,1,3,170,1.198921568627451,1.2,0.047058823529411764,presentation_floor_60hz
model,8,older_80_89,984,1,4,170,1.4931372549019606,1.45,0.011764705882352941,presentation_floor_60hz
model,8,older_80_89,3403,0,1,128,0.5229166666666667,0.55,0.0,presentation_floor_60hz
model,8,older_80_89,3403,0,2,128,0.73828125,0.7416666666666667,0.0,presentation_floor_60hz
model,8,older_80_89,3403,0,3,127,0.8874015748031495,0.8833333333333333,0.007874015748031496,presentation_floor_60hz
model,8,older_80_89,3403,0,4,127,1.1393700787401575,1.1166666666666667,0.023622047244094488,presentation_floor_60hz
model,8,older_80_89,3403,1,1,127,0.7709973753280838,0.8,0.11811023622047244,presentation_floor_60hz
model,8,older_80_89,3403,1,2,126,1.0156084656084654,1.0166666666666666,0.031746031746031744,presentation_floor_60hz
model,8,older_80_89,3403,1,3,126,1.197222222222222,1.2,0.03968253968253968,presentation_floor_60hz
model,8,older_80_89,3403,1,4,126,1.474074074074074,1.4333333333333333,0.023809523809523808,presentation_floor_60hz
model,8,older_80_89,2410,1,1,156,0.7973290598290599,0.85,0.07051282051282051,presentation_floor_60hz
model,8,older_80_89,2410,1,2,155,1.0346236559139783,1.0333333333333332,0.04516129032258064,presentation_floor_60hz
model,8,older_80_89,2410,1,3,155,1.1918279569892472,1.1833333333333333,0.05161290322580645,presentation_floor_60hz
model,8,older_80_89,2410,1,4,155,1.473010752688172,1.4333333333333333,0.03870967741935484,presentation_floor_60hz
model,9,young_20_29,2918,0,1,163,0.4148261758691207,0.43333333333333335,0.049079754601226995,presentation_floor_60hz
model,9,young_20_29,2918,0,2,162,0.5371399176954732,0.5333333333333333,0.018518518518518517,presentation_floor_60hz
model,9,young_20_29,2918,0,3,162,0.6204732510288065,0.6166666666666667,0.0,presentation_floor_60hz
model,9,young_20_29,2918,0,4,162,0.7452674897119341,0.7166666666666667,0.006172839506172839,presentation_floor_60hz
model,9,young_20_29,2918,1,1,162,0.5967078189300411,0.6166666666666667,0.35185185185185186,presentation_floor_60hz
model,9,young_20_29,2918,1,2,162,0.7638888888888888,0.7666666666666666,0.13580246913580246,presentation_floor_60hz
model,9,young_20_29,2918,1,3,162,0.875,0.8666666666666667,0.08641975308641975,presentation_floor_60hz
model,9,young_20_29,2918,1,4,162,1.0385802469135803,1.0166666666666666,0.018518518518518517,presentation_floor_60hz
model,9,young_20_29,899,1,1,26,0.6217948717948717,0.6416666666666666,0.19230769230769232,presentation_floor_60hz
model,9,young_20_29,899,1,2,25,0.7526666666666665,0.75,0.16,presentation_floor_60hz
model,9,young_20_29,899,1,3,25,0.878,0.8833333333333333,0.08,presentation_floor_60hz
model,9,young_20_29,899,1,4,25,1.048,1.0,0.04,presentation_floor_60hz
model,9,young_20_29,182,1,1,34,0.5916666666666668,0.6166666666666667,0.3235294117647059,presentation_floor_60hz
model,9,young_20_29,182,1,2,34,0.7578431372549019,0.7666666666666666,0.14705882352941177,presentation_floor_60hz
model,9,young_20_29,182,1,3,34,0.8808823529411766,0.8833333333333333,0.029411764705882353,presentation_floor_60hz
model,9,young_20_29,182,1,4,33,1.0494949494949495,1.0333333333333332,0.030303030303030304,presentation_floor_60hz
model,9,young_20_29,5256,1,1,24,0.6020833333333333,0.5916666666666667,0.25,presentation_floor_60hz
model,9,young_20_29,5256,1,2,23,0.7753623188405798,0.7666666666666666,0.043478260869565216,presentation_floor_60hz
model,9,young_20_29,5256,1,3,23,0.8891304347826086,0.8833333333333333,0.08695652173913043,presentation_floor_60hz
model,9,young_20_29,5256,1,4,23,1.0420289855072462,1.0166666666666666,0.0,presentation_floor_60hz
model,9,young_20_29,3875,0,1,77,0.4173160173160173,0.43333333333333335,0.025974025974025976,presentation_floor_60hz
model,9,young_20_29,3875,0,2,77,0.538961038961039,0.55,0.0,presentation_floor_60hz
model,9,young_20_29,3875,0,3,77,0.6244588744588745,0.6333333333333333,0.03896103896103896,presentation_floor_60hz
model,9,young_20_29,3875,0,4,76,0.7423245614035089,0.7166666666666667,0.02631578947368421,presentation_floor_60hz
model,9,young_20_29,899,0,1,26,0.4128205128205128,0.4166666666666667,0.038461538461538464,presentation_floor_60hz
model,9,young_20_29,899,0,2,26,0.5185897435897435,0.5083333333333333,0.038461538461538464,presentation_floor_60hz
model,9,young_20_29,899,0,3,25,0.616,0.6166666666666667,0.12,presentation_floor_60hz
model,9,young_20_29,899,0,4,25,0.7340000000000001,0.7166666666666667,0.0,presentation_floor_60hz
model,9,young_20_29,677,0,1,29,0.3839080459770115,0.4166666666666667,0.034482758620689655,presentation_floor_60hz
model,9,young_20_29,677,0,2,28,0.5220238095238096,0.5166666666666666,0.03571428571428571,presentation_floor_60hz
model,9,young_20_29,677,0,3,28,0.6083333333333334,0.6083333333333334,0.0,presentation_floor_60hz
model,9,young_20_29,677,0,4,28,0.7523809523809525,0.7333333333333333,0.03571428571428571,presentation_floor_60hz
model,9,young_20_29,5675,0,1,147,0.4184807256235828,0.43333333333333335,0.006802721088435374,presentation_floor_60hz
model,9,young_20_29,5675,0,2,147,0.5450113378684807,0.55,0.013605442176870748,presentation_floor_60hz
model,9,young_20_29,5675,0,3,147,0.6253968253968254,0.6166666666666667,0.034013605442176874,presentation_floor_60hz
model,9,young_20_29,5675,0,4,146,0.7607305936073059,0.75,0.02054794520547945,presentation_floor_60hz
model,9,young_20_29,5675,1,1,145,0.5898850574712644,0.6166666666666667,0.3931034482758621,presentation_floor_60hz
model,9,young_20_29,5675,1,2,145,0.7682758620689655,0.7666666666666666,0.1310344827586207,presentation_floor_60hz
model,9,young_20_29,5675,1,3,145,0.8825287356321839,0.8833333333333333,0.09655172413793103,presentation_floor_60hz
model,9,young_20_29,5675,1,4,145,1.0589655172413792,1.0333333333333332,0.013793103448275862,presentation_floor_60hz
model,9,young_20_29,2553,1,1,27,0.6432098765432099,0.6333333333333333,0.14814814814814814,presentation_floor_60hz
model,9,young_20_29,2553,1,2,27,0.7944444444444445,0.8,0.1111111111111111,presentation_floor_60hz
model,9,young_20_29,2553,1,3,27,0.8962962962962963,0.8833333333333333,0.037037037037037035,presentation_floor_60hz
model,9,young_20_29,2553,1,4,26,1.0692307692307692,1.0499999999999998,0.038461538461538464,presentation_floor_60hz
model,9,young_20_29,7862,0,1,30,0.43777777777777777,0.45,0.06666666666666667,presentation_floor_60hz
model,9,young_20_29,7862,0,2,30,0.55,0.55,0.1,presentation_floor_60hz
model,9,young_20_29,7862,0,3,30,0.6355555555555554,0.6416666666666666,0.0,presentation_floor_60hz
model,9,young_20_29,7862,0,4,30,0.7366666666666667,0.7333333333333333,0.03333333333333333,presentation_floor_60hz
model,9,young_20_29,7862,1,1,31,0.6258064516129032,0.6666666666666666,0.25806451612903225,presentation_floor_60hz
model,9,young_20_29,7862,1,2,31,0.785483870967742,0.8,0.3225806451612903,presentation_floor_60hz
model,9,young_20_29,7862,1,3,30,0.8655555555555555,0.85,0.06666666666666667,presentation_floor_60hz
model,9,young_20_29,7862,1,4,30,1.0133333333333332,0.9833333333333333,0.03333333333333333,presentation_floor_60hz
model,9,young_20_29,677,1,1,29,0.6063218390804599,0.6166666666666667,0.3448275862068966,presentation_floor_60hz
model,9,young_20_29,677,1,2,28,0.7630952380952379,0.7583333333333333,0.14285714285714285,presentation_floor_60hz
model,9,young_20_29,677,1,3,28,0.8821428571428572,0.8833333333333333,0.03571428571428571,presentation_floor_60hz
model,9,young_20_29,677,1,4,28,1.0488095238095236,1.0166666666666666,0.07142857142857142,presentation_floor_60hz
model,9,young_20_29,3875,1,1,77,0.6073593073593073,0.6166666666666667,0.24675324675324675,presentation_floor_60hz
model,9,young_20_29,3875,1,2,77,0.7649350649350649,0.7666666666666666,0.15584415584415584,presentation_floor_60hz
model,9,young_20_29,3875,1,3,77,0.8632034632034631,0.8666666666666667,0.05194805194805195,presentation_floor_60hz
model,9,young_20_29,3875,1,4,77,1.006060606060606,0.9833333333333333,0.0,presentation_floor_60hz
model,9,young_20_29,4790,0,1,25,0.42466666666666664,0.45,0.04,presentation_floor_60hz
model,9,young_20_29,4790,0,2,25,0.5473333333333333,0.55,0.04,presentation_floor_60hz
model,9,young_20_29,4790,0,3,25,0.6246666666666667,0.6333333333333333,0.04,presentation_floor_60hz
model,9,young_20_29,4790,0,4,24,0.7479166666666667,0.7333333333333333,0.0,presentation_floor_60hz
model,9,young_20_29,1478,0,1,22,0.41590909090909095,0.45,0.045454545454545456,presentation_floor_60hz
model,9,young_20_29,1478,0,2,22,0.5333333333333333,0.5333333333333333,0.0,presentation_floor_60hz
model,9,young_20_29,1478,0,3,22,0.6265151515151515,0.6333333333333333,0.0,presentation_floor_60hz
model,9,young_20_29,1478,0,4,22,0.7962121212121214,0.7666666666666666,0.045454545454545456,presentation_floor_60hz
model,9,young_20_29,5256,0,1,23,0.41884057971014493,0.43333333333333335,0.0,presentation_floor_60hz
model,9,young_20_29,5256,0,2,23,0.5318840579710146,0.5333333333333333,0.0,presentation_floor_60hz
model,9,young_20_29,5256,0,3,22,0.6143939393939394,0.6166666666666667,0.0,presentation_floor_60hz
model,9,young_20_29,5256,0,4,22,0.7234848484848485,0.6916666666666667,0.0,presentation_floor_60hz
model,9,young_20_29,182,0,1,34,0.4186274509803921,0.43333333333333335,0.029411764705882353,presentation_floor_60hz
model,9,young_20_29,182,0,2,34,0.5254901960784315,0.5333333333333333,0.0,presentation_floor_60hz
model,9,young_20_29,182,0,3,34,0.6137254901960785,0.6083333333333334,0.0,presentation_floor_60hz
model,9,young_20_29,182,0,4,34,0.7490196078431373,0.75,0.0,presentation_floor_60hz
model,9,young_20_29,4790,1,1,25,0.616,0.6166666666666667,0.2,presentation_floor_60hz
model,9,young_20_29,4790,1,2,25,0.7546666666666667,0.7666666666666666,0.08,presentation_floor_60hz
model,9,young_20_29,4790,1,3,24,0.88125,0.8833333333333333,0.041666666666666664,presentation_floor_60hz
model,9,young_20_29,4790,1,4,24,1.0590277777777777,1.0583333333333333,0.0,presentation_floor_60hz
model,9,young_20_29,1478,1,1,22,0.5689393939393939,0.5833333333333333,0.36363636363636365,presentation_floor_60hz
model,9,young_20_29,1478,1,2,22,0.7628787878787878,0.7749999999999999,0.13636363636363635,presentation_floor_60hz
model,9,young_20_29,1478,1,3,22,0.8878787878787876,0.8833333333333333,0.09090909090909091,presentation_floor_60hz
model,9,young_20_29,1478,1,4,21,1.0714285714285712,1.0666666666666667,0.0,presentation_floor_60hz
model,9,young_20_29,4398,1,1,27,0.5944444444444443,0.6166666666666667,0.18518518518518517,presentation_floor_60hz
model,9,young_20_29,4398,1,2,27,0.7697530864197532,0.7666666666666666,0.037037037037037035,presentation_floor_60hz
model,9,young_20_29,4398,1,3,26,0.9032051282051283,0.9166666666666666,0.07692307692307693,presentation_floor_60hz
model,9,young_20_29,4398,1,4,26,1.0717948717948718,1.0666666666666667,0.0,presentation_floor_60hz
model,9,young_20_29,4398,0,1,27,0.42160493827160483,0.45,0.037037037037037035,presentation_floor_60hz
model,9,young_20_29,4398,0,2,27,0.5358024691358025,0.5333333333333333,0.0,presentation_floor_60hz
model,9,young_20_29,4398,0,3,26,0.6326923076923077,0.6333333333333333,0.0,presentation_floor_60hz
model,9,young_20_29,4398,0,4,26,0.7519230769230769,0.7333333333333333,0.038461538461538464,presentation_floor_60hz
model,9,young_20_29,2553,0,1,27,0.4080246913580246,0.43333333333333335,0.0,presentation_floor_60hz
model,9,young_20_29,2553,0,2,26,0.5243589743589744,0.5249999999999999,0.0,presentation_floor_60hz
model,9,young_20_29,2553,0,3,26,0.6102564102564103,0.6166666666666667,0.0,presentation_floor_60hz
model,9,young_20_29,2553,0,4,26,0.7314102564102564,0.7166666666666667,0.0,presentation_floor_60hz
model,9,older_80_89,6609,0,1,171,0.48557504873294344,0.5333333333333333,0.0,presentation_floor_60hz
model,9,older_80_89,6609,0,2,171,0.7155945419103314,0.7166666666666667,0.011695906432748537,presentation_floor_60hz
model,9,older_80_89,6609,0,3,171,0.874561403508772,0.8666666666666667,0.0,presentation_floor_60hz
model,9,older_80_89,6609,0,4,171,1.1403508771929824,1.1,0.005847953216374269,presentation_floor_60hz
model,9,older_80_89,984,0,1,172,0.4885658914728682,0.5166666666666666,0.005813953488372093,presentation_floor_60hz
model,9,older_80_89,984,0,2,172,0.7014534883720931,0.7,0.005813953488372093,presentation_floor_60hz
model,9,older_80_89,984,0,3,172,0.863953488372093,0.85,0.011627906976744186,presentation_floor_60hz
model,9,older_80_89,984,0,4,172,1.119767441860465,1.0916666666666668,0.005813953488372093,presentation_floor_60hz
model,9,older_80_89,6609,1,1,172,0.7584302325581397,0.7833333333333333,0.1744186046511628,presentation_floor_60hz
model,9,older_80_89,6609,1,2,171,1.0169590643274853,1.0333333333333332,0.06432748538011696,presentation_floor_60hz
model,9,older_80_89,6609,1,3,171,1.1755360623781677,1.1833333333333333,0.05263157894736842,presentation_floor_60hz
model,9,older_80_89,6609,1,4,171,1.4445419103313843,1.4,0.04678362573099415,presentation_floor_60hz
model,9,older_80_89,2410,0,1,157,0.49787685774946916,0.5166666666666666,0.012738853503184714,presentation_floor_60hz
model,9,older_80_89,2410,0,2,157,0.7269639065817409,0.7333333333333333,0.0,presentation_floor_60hz
model,9,older_80_89,2410,0,3,157,0.8961783439490445,0.9,0.006369426751592357,presentation_floor_60hz
model,9,older_80_89,2410,0,4,156,1.1533119658119657,1.0833333333333333,0.0,presentation_floor_60hz
model,9,older_80_89,984,1,1,170,0.7723529411764707,0.8,0.11764705882352941,presentation_floor_60hz
model,9,older_80_89,984,1,2,170,1.0337254901960786,1.0333333333333332,0.07647058823529412,presentation_floor_60hz
model,9,older_80_89,984,1,3,170,1.2073529411764705,1.2166666666666666,0.052941176470588235,presentation_floor_60hz
model,9,older_80_89,984,1,4,170,1.4922549019607843,1.45,0.023529411764705882,presentation_floor_60hz
model,9,older_80_89,3403,0,1,128,0.5286458333333333,0.55,0.0078125,presentation_floor_60hz
model,9,older_80_89,3403,0,2,128,0.745703125,0.75,0.0,presentation_floor_60hz
model,9,older_80_89,3403,0,3,127,0.8996062992125982,0.9,0.015748031496062992,presentation_floor_60hz
model,9,older_80_89,3403,0,4,127,1.1581364829396326,1.1166666666666667,0.015748031496062992,presentation_floor_60hz
model,9,older_80_89,3403,1,1,127,0.774278215223097,0.8,0.13385826771653545,presentation_floor_60hz
model,9,older_80_89,3403,1,2,126,1.0207671957671955,1.0333333333333332,0.047619047619047616,presentation_floor_60hz
model,9,older_80_89,3403,1,3,126,1.1940476190476188,1.1916666666666667,0.05555555555555555,presentation_floor_60hz
model,9,older_80_89,3403,1,4,126,1.4584656084656085,1.4166666666666667,0.023809523809523808,presentation_floor_60hz
model,9,older_80_89,2410,1,1,156,0.7857905982905983,0.8166666666666667,0.057692307692307696,presentation_floor_60hz
model,9,older_80_89,2410,1,2,155,1.027741935483871,1.0166666666666666,0.09032258064516129,presentation_floor_60hz
model,9,older_80_89,2410,1,3,155,1.1968817204301077,1.2,0.06451612903225806,presentation_floor_60hz
model,9,older_80_89,2410,1,4,155,1.4948387096774194,1.4666666666666666,0.04516129032258064,presentation_floor_60hz
human,observed,young_20_29,2918,0,1,163,0.47106339468302666,0.48333333333333334,0.04294478527607362,combined_60hz_125hz
human,observed,young_20_29,2918,0,2,162,0.5252057613168724,0.5166666666666666,0.037037037037037035,combined_60hz_125hz
human,observed,young_20_29,2918,0,3,162,0.6005144032921811,0.6,0.024691358024691357,combined_60hz_125hz
human,observed,young_20_29,2918,0,4,162,0.7594650205761317,0.7166666666666667,0.030864197530864196,combined_60hz_125hz
human,observed,young_20_29,2918,1,1,162,0.4887860082304526,0.5,0.25925925925925924,combined_60hz_125hz
human,observed,young_20_29,2918,1,2,162,0.5619341563786007,0.5666666666666667,0.10493827160493827,combined_60hz_125hz
human,observed,young_20_29,2918,1,3,162,0.6401234567901234,0.6333333333333333,0.037037037037037035,combined_60hz_125hz
human,observed,young_20_29,2918,1,4,162,0.7834362139917695,0.75,0.024691358024691357,combined_60hz_125hz
human,observed,young_20_29,899,1,1,26,0.5743589743589743,0.5833333333333334,0.038461538461538464,combined_60hz_125hz
human,observed,young_20_29,899,1,2,25,0.6326666666666667,0.6333333333333333,0.04,combined_60hz_125hz
human,observed,young_20_29,899,1,3,25,0.6846666666666665,0.6833333333333333,0.0,combined_60hz_125hz
human,observed,young_20_29,899,1,4,25,0.7986666666666667,0.7833333333333333,0.0,combined_60hz_125hz
human,observed,young_20_29,182,1,1,34,0.48039215686274506,0.48333333333333334,0.11764705882352941,combined_60hz_125hz
human,observed,young_20_29,182,1,2,34,0.5343137254901962,0.5333333333333333,0.029411764705882353,combined_60hz_125hz
human,observed,young_20_29,182,1,3,34,0.5823529411764705,0.5833333333333334,0.029411764705882353,combined_60hz_125hz
human,observed,young_20_29,182,1,4,33,0.6661616161616161,0.65,0.0,combined_60hz_125hz
human,observed,young_20_29,5256,1,1,24,0.5631944444444444,0.5666666666666667,0.20833333333333334,combined_60hz_125hz
human,observed,young_20_29,5256,1,2,23,0.6123188405797101,0.6166666666666667,0.17391304347826086,combined_60hz_125hz
human,observed,young_20_29,5256,1,3,23,0.6666666666666666,0.6666666666666666,0.08695652173913043,combined_60hz_125hz
human,observed,young_20_29,5256,1,4,23,0.753623188405797,0.7666666666666666,0.0,combined_60hz_125hz
human,observed,young_20_29,3875,0,1,77,0.4859307359307359,0.5,0.025974025974025976,combined_60hz_125hz
human,observed,young_20_29,3875,0,2,77,0.5577922077922077,0.5666666666666667,0.012987012987012988,combined_60hz_125hz
human,observed,young_20_29,3875,0,3,77,0.6067099567099568,0.6,0.03896103896103896,combined_60hz_125hz
human,observed,young_20_29,3875,0,4,76,0.7201754385964912,0.6833333333333333,0.0,combined_60hz_125hz
human,observed,young_20_29,899,0,1,26,0.5205128205128206,0.5333333333333333,0.0,combined_60hz_125hz
human,observed,young_20_29,899,0,2,26,0.5602564102564104,0.55,0.0,combined_60hz_125hz
human,observed,young_20_29,899,0,3,25,0.6113333333333334,0.6,0.0,combined_60hz_125hz
human,observed,young_20_29,899,0,4,25,0.7119999999999999,0.7,0.0,combined_60hz_125hz
human,observed,young_20_29,677,0,1,29,0.5235632183908046,0.5333333333333333,0.034482758620689655,combined_60hz_125hz
human,observed,young_20_29,677,0,2,28,0.5565476190476192,0.55,0.0,combined_60hz_125hz
human,observed,young_20_29,677,0,3,28,0.5958333333333333,0.6,0.03571428571428571,combined_60hz_125hz
human,observed,young_20_29,677,0,4,28,0.6714285714285715,0.65,0.0,combined_60hz_125hz
human,observed,young_20_29,5675,0,1,147,0.4217687074829932,0.43333333333333335,0.02040816326530612,combined_60hz_125hz
human,observed,young_20_29,5675,0,2,147,0.4639455782312926,0.4666666666666667,0.0,combined_60hz_125hz
human,observed,young_20_29,5675,0,3,147,0.5071428571428571,0.5,0.006802721088435374,combined_60hz_125hz
human,observed,young_20_29,5675,0,4,146,0.6029680365296803,0.5833333333333334,0.0136986301369863,combined_60hz_125hz
human,observed,young_20_29,5675,1,1,145,0.44655172413793104,0.45,0.09655172413793103,combined_60hz_125hz
human,observed,young_20_29,5675,1,2,145,0.49425287356321834,0.5,0.041379310344827586,combined_60hz_125hz
human,observed,young_20_29,5675,1,3,145,0.5445977011494253,0.55,0.04827586206896552,combined_60hz_125hz
human,observed,young_20_29,5675,1,4,145,0.6551724137931034,0.65,0.04827586206896552,combined_60hz_125hz
human,observed,young_20_29,2553,1,1,27,0.5067901234567901,0.5166666666666666,0.18518518518518517,combined_60hz_125hz
human,observed,young_20_29,2553,1,2,27,0.5722222222222223,0.5666666666666667,0.07407407407407407,combined_60hz_125hz
human,observed,young_20_29,2553,1,3,27,0.6320987654320988,0.6333333333333333,0.037037037037037035,combined_60hz_125hz
human,observed,young_20_29,2553,1,4,26,0.7525641025641026,0.7166666666666667,0.038461538461538464,combined_60hz_125hz
human,observed,young_20_29,7862,0,1,30,0.5122222222222222,0.5249999999999999,0.03333333333333333,combined_60hz_125hz
human,observed,young_20_29,7862,0,2,30,0.6205555555555555,0.6166666666666667,0.03333333333333333,combined_60hz_125hz
human,observed,young_20_29,7862,0,3,30,0.7416666666666667,0.725,0.03333333333333333,combined_60hz_125hz
human,observed,young_20_29,7862,0,4,30,1.0977777777777777,0.9916666666666667,0.0,combined_60hz_125hz
human,observed,young_20_29,7862,1,1,31,0.5682795698924731,0.5833333333333334,0.1935483870967742,combined_60hz_125hz
human,observed,young_20_29,7862,1,2,31,0.6978494623655914,0.6833333333333333,0.06451612903225806,combined_60hz_125hz
human,observed,young_20_29,7862,1,3,30,0.8327777777777778,0.825,0.03333333333333333,combined_60hz_125hz
human,observed,young_20_29,7862,1,4,30,1.3144444444444443,1.175,0.06666666666666667,combined_60hz_125hz
human,observed,young_20_29,677,1,1,29,0.5390804597701149,0.55,0.13793103448275862,combined_60hz_125hz
human,observed,young_20_29,677,1,2,28,0.5898809523809525,0.5833333333333334,0.14285714285714285,combined_60hz_125hz
human,observed,young_20_29,677,1,3,28,0.6267857142857143,0.6333333333333333,0.0,combined_60hz_125hz
human,observed,young_20_29,677,1,4,28,0.7261904761904762,0.7,0.03571428571428571,combined_60hz_125hz
human,observed,young_20_29,3875,1,1,77,0.5038961038961036,0.5333333333333333,0.19480519480519481,combined_60hz_125hz
human,observed,young_20_29,3875,1,2,77,0.5961038961038961,0.6,0.1038961038961039,combined_60hz_125hz
human,observed,young_20_29,3875,1,3,77,0.6573593073593074,0.65,0.09090909090909091,combined_60hz_125hz
human,observed,young_20_29,3875,1,4,77,0.7922077922077921,0.7666666666666666,0.025974025974025976,combined_60hz_125hz
human,observed,young_20_29,4790,0,1,25,0.4633333333333334,0.48333333333333334,0.08,combined_60hz_125hz
human,observed,young_20_29,4790,0,2,25,0.528,0.5333333333333333,0.04,combined_60hz_125hz
human,observed,young_20_29,4790,0,3,25,0.5953333333333333,0.6,0.04,combined_60hz_125hz
human,observed,young_20_29,4790,0,4,24,0.7763888888888889,0.7166666666666667,0.0,combined_60hz_125hz
human,observed,young_20_29,1478,0,1,22,0.5242424242424242,0.5333333333333333,0.045454545454545456,combined_60hz_125hz
human,observed,young_20_29,1478,0,2,22,0.5848484848484848,0.5833333333333334,0.0,combined_60hz_125hz
human,observed,young_20_29,1478,0,3,22,0.6416666666666667,0.6333333333333333,0.045454545454545456,combined_60hz_125hz
human,observed,young_20_29,1478,0,4,22,0.7719696969696969,0.7333333333333333,0.0,combined_60hz_125hz
human,observed,young_20_29,5256,0,1,23,0.5355072463768117,0.5333333333333333,0.0,combined_60hz_125hz
human,observed,young_20_29,5256,0,2,23,0.5760869565217391,0.5833333333333334,0.0,combined_60hz_125hz
human,observed,young_20_29,5256,0,3,22,0.6060606060606062,0.6,0.0,combined_60hz_125hz
human,observed,young_20_29,5256,0,4,22,0.687121212121212,0.6583333333333333,0.0,combined_60hz_125hz
human,observed,young_20_29,182,0,1,34,0.4661764705882353,0.4666666666666667,0.0,combined_60hz_125hz
human,observed,young_20_29,182,0,2,34,0.4980392156862745,0.5,0.0,combined_60hz_125hz
human,observed,young_20_29,182,0,3,34,0.5279411764705882,0.5333333333333333,0.0,combined_60hz_125hz
human,observed,young_20_29,182,0,4,34,0.5901960784313726,0.5833333333333334,0.0,combined_60hz_125hz
human,observed,young_20_29,4790,1,1,25,0.49133333333333323,0.5,0.2,combined_60hz_125hz
human,observed,young_20_29,4790,1,2,25,0.5666666666666668,0.5666666666666667,0.08,combined_60hz_125hz
human,observed,young_20_29,4790,1,3,24,0.6493055555555555,0.6416666666666666,0.041666666666666664,combined_60hz_125hz
human,observed,young_20_29,4790,1,4,24,0.7861111111111111,0.75,0.08333333333333333,combined_60hz_125hz
human,observed,young_20_29,1478,1,1,22,0.5545454545454547,0.5666666666666667,0.18181818181818182,combined_60hz_125hz
human,observed,young_20_29,1478,1,2,22,0.6348484848484848,0.6333333333333333,0.13636363636363635,combined_60hz_125hz
human,observed,young_20_29,1478,1,3,22,0.712121212121212,0.7,0.045454545454545456,combined_60hz_125hz
human,observed,young_20_29,1478,1,4,21,0.8365079365079365,0.8166666666666667,0.047619047619047616,combined_60hz_125hz
human,observed,young_20_29,4398,1,1,27,0.46481481481481474,0.4666666666666667,0.1111111111111111,combined_60hz_125hz
human,observed,young_20_29,4398,1,2,27,0.5320987654320988,0.5333333333333333,0.07407407407407407,combined_60hz_125hz
human,observed,young_20_29,4398,1,3,26,0.575,0.5666666666666667,0.038461538461538464,combined_60hz_125hz
human,observed,young_20_29,4398,1,4,26,0.6634615384615383,0.65,0.0,combined_60hz_125hz
human,observed,young_20_29,4398,0,1,27,0.44320987654320987,0.45,0.0,combined_60hz_125hz
human,observed,young_20_29,4398,0,2,27,0.4808641975308642,0.48333333333333334,0.0,combined_60hz_125hz
human,observed,young_20_29,4398,0,3,26,0.5147435897435897,0.5166666666666666,0.0,combined_60hz_125hz
human,observed,young_20_29,4398,0,4,26,0.6006410256410256,0.5833333333333334,0.0,combined_60hz_125hz
human,observed,young_20_29,2553,0,1,27,0.48148148148148145,0.48333333333333334,0.0,combined_60hz_125hz
human,observed,young_20_29,2553,0,2,26,0.5243589743589744,0.5166666666666666,0.0,combined_60hz_125hz
human,observed,young_20_29,2553,0,3,26,0.5634615384615385,0.5666666666666667,0.0,combined_60hz_125hz
human,observed,young_20_29,2553,0,4,26,0.6519230769230769,0.65,0.0,combined_60hz_125hz
human,observed,older_80_89,6609,0,1,171,0.8968810916179337,0.9,0.0,combined_60hz_125hz
human,observed,older_80_89,6609,0,2,171,1.0127680311890839,1.0166666666666666,0.0,combined_60hz_125hz
human,observed,older_80_89,6609,0,3,171,1.1306042884990253,1.1333333333333333,0.0,combined_60hz_125hz
human,observed,older_80_89,6609,0,4,171,1.525341130604288,1.3333333333333333,0.0,combined_60hz_125hz
human,observed,older_80_89,984,0,1,172,0.6510658914728683,0.6666666666666666,0.046511627906976744,combined_60hz_125hz
human,observed,older_80_89,984,0,2,172,0.7483527131782945,0.75,0.0,combined_60hz_125hz
human,observed,older_80_89,984,0,3,172,0.8300387596899224,0.8333333333333334,0.011627906976744186,combined_60hz_125hz
human,observed,older_80_89,984,0,4,172,1.0910852713178296,0.9833333333333333,0.011627906976744186,combined_60hz_125hz
human,observed,older_80_89,6609,1,1,172,0.9615310077519379,0.9666666666666667,0.01744186046511628,combined_60hz_125hz
human,observed,older_80_89,6609,1,2,171,1.0778752436647174,1.0833333333333333,0.0,combined_60hz_125hz
human,observed,older_80_89,6609,1,3,171,1.1881091617933723,1.1833333333333333,0.005847953216374269,combined_60hz_125hz
human,observed,older_80_89,6609,1,4,171,1.567056530214425,1.4,0.005847953216374269,combined_60hz_125hz
human,observed,older_80_89,2410,0,1,157,0.6351380042462845,0.6333333333333333,0.03184713375796178,combined_60hz_125hz
human,observed,older_80_89,2410,0,2,157,0.7125265392781317,0.7166666666666667,0.0,combined_60hz_125hz
human,observed,older_80_89,2410,0,3,157,0.7850318471337578,0.7833333333333333,0.012738853503184714,combined_60hz_125hz
human,observed,older_80_89,2410,0,4,156,0.9974358974358974,0.9083333333333333,0.00641025641025641,combined_60hz_125hz
human,observed,older_80_89,984,1,1,170,0.7019607843137255,0.7166666666666667,0.13529411764705881,combined_60hz_125hz
human,observed,older_80_89,984,1,2,170,0.8368627450980392,0.8333333333333334,0.03529411764705882,combined_60hz_125hz
human,observed,older_80_89,984,1,3,170,0.9365686274509806,0.9333333333333333,0.023529411764705882,combined_60hz_125hz
human,observed,older_80_89,984,1,4,170,1.2236274509803922,1.1083333333333334,0.01764705882352941,combined_60hz_125hz
human,observed,older_80_89,3403,0,1,128,0.6266927083333333,0.6333333333333333,0.015625,combined_60hz_125hz
human,observed,older_80_89,3403,0,2,128,0.6934895833333332,0.7,0.0078125,combined_60hz_125hz
human,observed,older_80_89,3403,0,3,127,0.75,0.75,0.0,combined_60hz_125hz
human,observed,older_80_89,3403,0,4,127,0.9204724409448817,0.8666666666666667,0.015748031496062992,combined_60hz_125hz
human,observed,older_80_89,3403,1,1,127,0.6805774278215223,0.7,0.06299212598425197,combined_60hz_125hz
human,observed,older_80_89,3403,1,2,126,0.79021164021164,0.7833333333333333,0.015873015873015872,combined_60hz_125hz
human,observed,older_80_89,3403,1,3,126,0.8818783068783069,0.8833333333333333,0.015873015873015872,combined_60hz_125hz
human,observed,older_80_89,3403,1,4,126,1.096957671957672,1.0416666666666665,0.031746031746031744,combined_60hz_125hz
human,observed,older_80_89,2410,1,1,156,0.6757478632478634,0.6833333333333333,0.14102564102564102,combined_60hz_125hz
human,observed,older_80_89,2410,1,2,155,0.7791397849462365,0.7833333333333333,0.05806451612903226,combined_60hz_125hz
human,observed,older_80_89,2410,1,3,155,0.8745161290322582,0.8666666666666667,0.03870967741935484,combined_60hz_125hz
human,observed,older_80_89,2410,1,4,155,1.1344086021505375,1.0333333333333332,0.01935483870967742,combined_60hz_125hz
model,0,young_20_29,2918,0,1,163,0.41411042944785276,0.43333333333333335,0.018404907975460124,combined_60hz_125hz
model,0,young_20_29,2918,0,2,162,0.5330246913580247,0.5333333333333333,0.012345679012345678,combined_60hz_125hz
model,0,young_20_29,2918,0,3,162,0.6202674897119341,0.6166666666666667,0.024691358024691357,combined_60hz_125hz
model,0,young_20_29,2918,0,4,162,0.7398148148148148,0.7166666666666667,0.04938271604938271,combined_60hz_125hz
model,0,young_20_29,2918,1,1,162,0.5880658436213991,0.6083333333333334,0.3395061728395062,combined_60hz_125hz
model,0,young_20_29,2918,1,2,162,0.7601851851851852,0.7666666666666666,0.12962962962962962,combined_60hz_125hz
model,0,young_20_29,2918,1,3,162,0.8731481481481481,0.8666666666666667,0.08024691358024691,combined_60hz_125hz
model,0,young_20_29,2918,1,4,162,1.0333333333333334,1.025,0.037037037037037035,combined_60hz_125hz
model,0,young_20_29,899,1,1,26,0.6134615384615384,0.6333333333333333,0.2692307692307692,combined_60hz_125hz
model,0,young_20_29,899,1,2,25,0.7659999999999998,0.7666666666666666,0.12,combined_60hz_125hz
model,0,young_20_29,899,1,3,25,0.8706666666666666,0.8666666666666667,0.08,combined_60hz_125hz
model,0,young_20_29,899,1,4,25,1.0473333333333334,1.0333333333333332,0.0,combined_60hz_125hz
model,0,young_20_29,182,1,1,34,0.5818627450980393,0.5916666666666667,0.3235294117647059,combined_60hz_125hz
model,0,young_20_29,182,1,2,34,0.7495098039215686,0.75,0.08823529411764706,combined_60hz_125hz
model,0,young_20_29,182,1,3,34,0.8813725490196078,0.8833333333333333,0.058823529411764705,combined_60hz_125hz
model,0,young_20_29,182,1,4,33,1.05,1.0166666666666666,0.09090909090909091,combined_60hz_125hz
model,0,young_20_29,5256,1,1,24,0.6048611111111112,0.6083333333333334,0.20833333333333334,combined_60hz_125hz
model,0,young_20_29,5256,1,2,23,0.7862318840579711,0.8,0.17391304347826086,combined_60hz_125hz
model,0,young_20_29,5256,1,3,23,0.8840579710144927,0.8833333333333333,0.08695652173913043,combined_60hz_125hz
model,0,young_20_29,5256,1,4,23,1.0420289855072462,1.0,0.0,combined_60hz_125hz
model,0,young_20_29,3875,0,1,77,0.41428571428571426,0.43333333333333335,0.012987012987012988,combined_60hz_125hz
model,0,young_20_29,3875,0,2,77,0.5235930735930735,0.5166666666666666,0.025974025974025976,combined_60hz_125hz
model,0,young_20_29,3875,0,3,77,0.614935064935065,0.6166666666666667,0.03896103896103896,combined_60hz_125hz
model,0,young_20_29,3875,0,4,76,0.7519736842105263,0.7166666666666667,0.02631578947368421,combined_60hz_125hz
model,0,young_20_29,899,0,1,26,0.40448717948717944,0.4166666666666667,0.0,combined_60hz_125hz
model,0,young_20_29,899,0,2,26,0.5057692307692307,0.5,0.038461538461538464,combined_60hz_125hz
model,0,young_20_29,899,0,3,25,0.6140000000000001,0.6166666666666667,0.0,combined_60hz_125hz
model,0,young_20_29,899,0,4,25,0.7346666666666666,0.7166666666666667,0.04,combined_60hz_125hz
model,0,young_20_29,677,0,1,29,0.3994252873563218,0.4166666666666667,0.0,combined_60hz_125hz
model,0,young_20_29,677,0,2,28,0.5291666666666667,0.5333333333333333,0.0,combined_60hz_125hz
model,0,young_20_29,677,0,3,28,0.6029761904761904,0.6,0.0,combined_60hz_125hz
model,0,young_20_29,677,0,4,28,0.7273809523809524,0.7083333333333333,0.03571428571428571,combined_60hz_125hz
model,0,young_20_29,5675,0,1,147,0.41507936507936505,0.43333333333333335,0.02040816326530612,combined_60hz_125hz
model,0,young_20_29,5675,0,2,147,0.5344671201814059,0.5333333333333333,0.006802721088435374,combined_60hz_125hz
model,0,young_20_29,5675,0,3,147,0.6264172335600907,0.6333333333333333,0.006802721088435374,combined_60hz_125hz
model,0,young_20_29,5675,0,4,146,0.7503424657534248,0.7333333333333333,0.02054794520547945,combined_60hz_125hz
model,0,young_20_29,5675,1,1,145,0.5936781609195403,0.6166666666666667,0.4,combined_60hz_125hz
model,0,young_20_29,5675,1,2,145,0.7632183908045977,0.7666666666666666,0.1103448275862069,combined_60hz_125hz
model,0,young_20_29,5675,1,3,145,0.879080459770115,0.8833333333333333,0.07586206896551724,combined_60hz_125hz
model,0,young_20_29,5675,1,4,145,1.0475862068965516,1.0333333333333332,0.013793103448275862,combined_60hz_125hz
model,0,young_20_29,2553,1,1,27,0.6296296296296297,0.6666666666666666,0.25925925925925924,combined_60hz_125hz
model,0,young_20_29,2553,1,2,27,0.7820987654320987,0.7833333333333333,0.14814814814814814,combined_60hz_125hz
model,0,young_20_29,2553,1,3,27,0.8975308641975309,0.8833333333333333,0.0,combined_60hz_125hz
model,0,young_20_29,2553,1,4,26,1.0698717948717948,1.0666666666666667,0.0,combined_60hz_125hz
model,0,young_20_29,7862,0,1,30,0.4383333333333333,0.4666666666666667,0.13333333333333333,combined_60hz_125hz
model,0,young_20_29,7862,0,2,30,0.541111111111111,0.5416666666666667,0.03333333333333333,combined_60hz_125hz
model,0,young_20_29,7862,0,3,30,0.6138888888888887,0.6,0.0,combined_60hz_125hz
model,0,young_20_29,7862,0,4,30,0.7433333333333333,0.7166666666666667,0.06666666666666667,combined_60hz_125hz
model,0,young_20_29,7862,1,1,31,0.6327956989247313,0.6666666666666666,0.3225806451612903,combined_60hz_125hz
model,0,young_20_29,7862,1,2,31,0.7806451612903226,0.7833333333333333,0.16129032258064516,combined_60hz_125hz
model,0,young_20_29,7862,1,3,30,0.8666666666666668,0.8666666666666667,0.06666666666666667,combined_60hz_125hz
model,0,young_20_29,7862,1,4,30,1.0244444444444443,1.0,0.0,combined_60hz_125hz
model,0,young_20_29,677,1,1,29,0.5798850574712643,0.5833333333333334,0.3793103448275862,combined_60hz_125hz
model,0,young_20_29,677,1,2,28,0.7589285714285714,0.7833333333333333,0.10714285714285714,combined_60hz_125hz
model,0,young_20_29,677,1,3,28,0.875595238095238,0.875,0.03571428571428571,combined_60hz_125hz
model,0,young_20_29,677,1,4,28,1.0238095238095237,0.9833333333333333,0.10714285714285714,combined_60hz_125hz
model,0,young_20_29,3875,1,1,77,0.6049783549783551,0.6333333333333333,0.3116883116883117,combined_60hz_125hz
model,0,young_20_29,3875,1,2,77,0.7521645021645023,0.75,0.09090909090909091,combined_60hz_125hz
model,0,young_20_29,3875,1,3,77,0.8614718614718614,0.8666666666666667,0.025974025974025976,combined_60hz_125hz
model,0,young_20_29,3875,1,4,77,1.0097402597402598,0.9833333333333333,0.025974025974025976,combined_60hz_125hz
model,0,young_20_29,4790,0,1,25,0.42266666666666663,0.45,0.0,combined_60hz_125hz
model,0,young_20_29,4790,0,2,25,0.538,0.5333333333333333,0.04,combined_60hz_125hz
model,0,young_20_29,4790,0,3,25,0.626,0.6333333333333333,0.0,combined_60hz_125hz
model,0,young_20_29,4790,0,4,24,0.7465277777777778,0.7416666666666667,0.0,combined_60hz_125hz
model,0,young_20_29,1478,0,1,22,0.43560606060606055,0.45,0.0,combined_60hz_125hz
model,0,young_20_29,1478,0,2,22,0.5416666666666667,0.5333333333333333,0.045454545454545456,combined_60hz_125hz
model,0,young_20_29,1478,0,3,22,0.6227272727272728,0.6166666666666667,0.0,combined_60hz_125hz
model,0,young_20_29,1478,0,4,22,0.7409090909090907,0.725,0.045454545454545456,combined_60hz_125hz
model,0,young_20_29,5256,0,1,23,0.4210144927536231,0.43333333333333335,0.0,combined_60hz_125hz
model,0,young_20_29,5256,0,2,23,0.5340579710144927,0.5333333333333333,0.0,combined_60hz_125hz
model,0,young_20_29,5256,0,3,22,0.6060606060606062,0.6,0.045454545454545456,combined_60hz_125hz
model,0,young_20_29,5256,0,4,22,0.7265151515151516,0.7,0.0,combined_60hz_125hz
model,0,young_20_29,182,0,1,34,0.41666666666666663,0.43333333333333335,0.0,combined_60hz_125hz
model,0,young_20_29,182,0,2,34,0.5357843137254903,0.5333333333333333,0.0,combined_60hz_125hz
model,0,young_20_29,182,0,3,34,0.6142156862745098,0.6,0.0,combined_60hz_125hz
model,0,young_20_29,182,0,4,34,0.7681372549019608,0.7333333333333333,0.0,combined_60hz_125hz
model,0,young_20_29,4790,1,1,25,0.6259999999999999,0.65,0.28,combined_60hz_125hz
model,0,young_20_29,4790,1,2,25,0.76,0.7666666666666666,0.0,combined_60hz_125hz
model,0,young_20_29,4790,1,3,24,0.86875,0.8833333333333333,0.16666666666666666,combined_60hz_125hz
model,0,young_20_29,4790,1,4,24,1.0465277777777777,1.0333333333333332,0.0,combined_60hz_125hz
model,0,young_20_29,1478,1,1,22,0.5734848484848484,0.6,0.36363636363636365,combined_60hz_125hz
model,0,young_20_29,1478,1,2,22,0.7659090909090908,0.7666666666666666,0.045454545454545456,combined_60hz_125hz
model,0,young_20_29,1478,1,3,22,0.8916666666666665,0.9,0.09090909090909091,combined_60hz_125hz
model,0,young_20_29,1478,1,4,21,1.0690476190476188,1.05,0.0,combined_60hz_125hz
model,0,young_20_29,4398,1,1,27,0.5666666666666667,0.6,0.25925925925925924,combined_60hz_125hz
model,0,young_20_29,4398,1,2,27,0.7512345679012346,0.75,0.037037037037037035,combined_60hz_125hz
model,0,young_20_29,4398,1,3,26,0.8743589743589743,0.8833333333333333,0.038461538461538464,combined_60hz_125hz
model,0,young_20_29,4398,1,4,26,1.06474358974359,1.075,0.0,combined_60hz_125hz
model,0,young_20_29,4398,0,1,27,0.40740740740740733,0.4166666666666667,0.0,combined_60hz_125hz
model,0,young_20_29,4398,0,2,27,0.5277777777777778,0.5166666666666666,0.037037037037037035,combined_60hz_125hz
model,0,young_20_29,4398,0,3,26,0.6198717948717949,0.6166666666666667,0.0,combined_60hz_125hz
model,0,young_20_29,4398,0,4,26,0.7416666666666667,0.7333333333333333,0.038461538461538464,combined_60hz_125hz
model,0,young_20_29,2553,0,1,27,0.40617283950617283,0.4,0.037037037037037035,combined_60hz_125hz
model,0,young_20_29,2553,0,2,26,0.5333333333333332,0.5333333333333333,0.0,combined_60hz_125hz
model,0,young_20_29,2553,0,3,26,0.6192307692307693,0.6166666666666667,0.0,combined_60hz_125hz
model,0,young_20_29,2553,0,4,26,0.7499999999999999,0.725,0.07692307692307693,combined_60hz_125hz
model,0,older_80_89,6609,0,1,171,0.4805068226120857,0.5166666666666666,0.029239766081871343,combined_60hz_125hz
model,0,older_80_89,6609,0,2,171,0.7198830409356725,0.7166666666666667,0.017543859649122806,combined_60hz_125hz
model,0,older_80_89,6609,0,3,171,0.8782651072124756,0.8833333333333333,0.0,combined_60hz_125hz
model,0,older_80_89,6609,0,4,171,1.1657894736842107,1.1,0.0,combined_60hz_125hz
model,0,older_80_89,984,0,1,172,0.4917635658914729,0.5166666666666666,0.011627906976744186,combined_60hz_125hz
model,0,older_80_89,984,0,2,172,0.7010658914728682,0.7,0.005813953488372093,combined_60hz_125hz
model,0,older_80_89,984,0,3,172,0.8598837209302328,0.8666666666666667,0.023255813953488372,combined_60hz_125hz
model,0,older_80_89,984,0,4,172,1.111531007751938,1.0666666666666667,0.0,combined_60hz_125hz
model,0,older_80_89,6609,1,1,172,0.7636627906976745,0.8,0.12209302325581395,combined_60hz_125hz
model,0,older_80_89,6609,1,2,171,1.010233918128655,1.0166666666666666,0.04093567251461988,combined_60hz_125hz
model,0,older_80_89,6609,1,3,171,1.1960038986354775,1.2,0.07017543859649122,combined_60hz_125hz
model,0,older_80_89,6609,1,4,171,1.452534113060429,1.4166666666666667,0.03508771929824561,combined_60hz_125hz
model,0,older_80_89,2410,0,1,157,0.5061571125265392,0.5166666666666666,0.0,combined_60hz_125hz
model,0,older_80_89,2410,0,2,157,0.7204883227176221,0.7166666666666667,0.012738853503184714,combined_60hz_125hz
model,0,older_80_89,2410,0,3,157,0.88343949044586,0.8833333333333333,0.01910828025477707,combined_60hz_125hz
model,0,older_80_89,2410,0,4,156,1.1467948717948717,1.1166666666666667,0.0,combined_60hz_125hz
model,0,older_80_89,984,1,1,170,0.7675490196078433,0.7833333333333333,0.09411764705882353,combined_60hz_125hz
model,0,older_80_89,984,1,2,170,1.0178431372549017,1.0166666666666666,0.047058823529411764,combined_60hz_125hz
model,0,older_80_89,984,1,3,170,1.1851960784313724,1.1833333333333333,0.047058823529411764,combined_60hz_125hz
model,0,older_80_89,984,1,4,170,1.4769607843137258,1.4166666666666667,0.01764705882352941,combined_60hz_125hz
model,0,older_80_89,3403,0,1,128,0.527734375,0.55,0.0078125,combined_60hz_125hz
model,0,older_80_89,3403,0,2,128,0.7272135416666666,0.725,0.015625,combined_60hz_125hz
model,0,older_80_89,3403,0,3,127,0.8856955380577427,0.9,0.0,combined_60hz_125hz
model,0,older_80_89,3403,0,4,127,1.1212598425196851,1.0833333333333333,0.015748031496062992,combined_60hz_125hz
model,0,older_80_89,3403,1,1,127,0.770734908136483,0.8,0.09448818897637795,combined_60hz_125hz
model,0,older_80_89,3403,1,2,126,1.0205026455026454,1.0166666666666666,0.06349206349206349,combined_60hz_125hz
model,0,older_80_89,3403,1,3,126,1.2027777777777775,1.2,0.05555555555555555,combined_60hz_125hz
model,0,older_80_89,3403,1,4,126,1.4917989417989417,1.4666666666666666,0.015873015873015872,combined_60hz_125hz
model,0,older_80_89,2410,1,1,156,0.7742521367521368,0.8083333333333333,0.10256410256410256,combined_60hz_125hz
model,0,older_80_89,2410,1,2,155,1.0340860215053764,1.0333333333333332,0.05806451612903226,combined_60hz_125hz
model,0,older_80_89,2410,1,3,155,1.1935483870967742,1.2,0.03225806451612903,combined_60hz_125hz
model,0,older_80_89,2410,1,4,155,1.4672043010752687,1.4333333333333333,0.025806451612903226,combined_60hz_125hz
model,1,young_20_29,2918,0,1,163,0.4139059304703477,0.43333333333333335,0.018404907975460124,combined_60hz_125hz
model,1,young_20_29,2918,0,2,162,0.5378600823045268,0.5333333333333333,0.030864197530864196,combined_60hz_125hz
model,1,young_20_29,2918,0,3,162,0.6185185185185185,0.6166666666666667,0.0,combined_60hz_125hz
model,1,young_20_29,2918,0,4,162,0.7367283950617284,0.7166666666666667,0.018518518518518517,combined_60hz_125hz
model,1,young_20_29,2918,1,1,162,0.5944444444444446,0.6166666666666667,0.345679012345679,combined_60hz_125hz
model,1,young_20_29,2918,1,2,162,0.7588477366255144,0.75,0.16666666666666666,combined_60hz_125hz
model,1,young_20_29,2918,1,3,162,0.8691358024691359,0.8666666666666667,0.06790123456790123,combined_60hz_125hz
model,1,young_20_29,2918,1,4,162,1.0250000000000001,1.0166666666666666,0.018518518518518517,combined_60hz_125hz
model,1,young_20_29,899,1,1,26,0.6211538461538461,0.6333333333333333,0.2692307692307692,combined_60hz_125hz
model,1,young_20_29,899,1,2,25,0.74,0.7333333333333333,0.16,combined_60hz_125hz
model,1,young_20_29,899,1,3,25,0.8740000000000001,0.8666666666666667,0.04,combined_60hz_125hz
model,1,young_20_29,899,1,4,25,1.048,1.0166666666666666,0.0,combined_60hz_125hz
model,1,young_20_29,182,1,1,34,0.592156862745098,0.6166666666666667,0.4117647058823529,combined_60hz_125hz
model,1,young_20_29,182,1,2,34,0.7700980392156863,0.7666666666666666,0.08823529411764706,combined_60hz_125hz
model,1,young_20_29,182,1,3,34,0.8872549019607845,0.8833333333333333,0.0,combined_60hz_125hz
model,1,young_20_29,182,1,4,33,1.0484848484848486,1.0333333333333332,0.030303030303030304,combined_60hz_125hz
model,1,young_20_29,5256,1,1,24,0.5847222222222223,0.5916666666666667,0.2916666666666667,combined_60hz_125hz
model,1,young_20_29,5256,1,2,23,0.7594202898550724,0.75,0.08695652173913043,combined_60hz_125hz
model,1,young_20_29,5256,1,3,23,0.8753623188405796,0.8833333333333333,0.08695652173913043,combined_60hz_125hz
model,1,young_20_29,5256,1,4,23,1.0181159420289854,0.9833333333333333,0.043478260869565216,combined_60hz_125hz
model,1,young_20_29,3875,0,1,77,0.4216450216450216,0.43333333333333335,0.03896103896103896,combined_60hz_125hz
model,1,young_20_29,3875,0,2,77,0.5298701298701298,0.5333333333333333,0.025974025974025976,combined_60hz_125hz
model,1,young_20_29,3875,0,3,77,0.6225108225108225,0.6166666666666667,0.012987012987012988,combined_60hz_125hz
model,1,young_20_29,3875,0,4,76,0.7469298245614037,0.7333333333333333,0.02631578947368421,combined_60hz_125hz
model,1,young_20_29,899,0,1,26,0.40769230769230763,0.43333333333333335,0.07692307692307693,combined_60hz_125hz
model,1,young_20_29,899,0,2,26,0.5256410256410255,0.5166666666666666,0.038461538461538464,combined_60hz_125hz
model,1,young_20_29,899,0,3,25,0.6273333333333333,0.6333333333333333,0.04,combined_60hz_125hz
model,1,young_20_29,899,0,4,25,0.7306666666666665,0.7166666666666667,0.0,combined_60hz_125hz
model,1,young_20_29,677,0,1,29,0.3844827586206896,0.4,0.034482758620689655,combined_60hz_125hz
model,1,young_20_29,677,0,2,28,0.5089285714285714,0.5,0.03571428571428571,combined_60hz_125hz
model,1,young_20_29,677,0,3,28,0.6041666666666666,0.6083333333333334,0.0,combined_60hz_125hz
model,1,young_20_29,677,0,4,28,0.7374999999999999,0.7333333333333333,0.0,combined_60hz_125hz
model,1,young_20_29,5675,0,1,147,0.41371882086167805,0.43333333333333335,0.006802721088435374,combined_60hz_125hz
model,1,young_20_29,5675,0,2,147,0.5418367346938776,0.5333333333333333,0.034013605442176874,combined_60hz_125hz
model,1,young_20_29,5675,0,3,147,0.6299319727891156,0.6333333333333333,0.013605442176870748,combined_60hz_125hz
model,1,young_20_29,5675,0,4,146,0.7567351598173517,0.7333333333333333,0.02054794520547945,combined_60hz_125hz
model,1,young_20_29,5675,1,1,145,0.5981609195402299,0.6166666666666667,0.35172413793103446,combined_60hz_125hz
model,1,young_20_29,5675,1,2,145,0.7726436781609194,0.7833333333333333,0.09655172413793103,combined_60hz_125hz
model,1,young_20_29,5675,1,3,145,0.8875862068965517,0.9,0.07586206896551724,combined_60hz_125hz
model,1,young_20_29,5675,1,4,145,1.0528735632183908,1.0333333333333332,0.027586206896551724,combined_60hz_125hz
model,1,young_20_29,2553,1,1,27,0.6462962962962961,0.65,0.2222222222222222,combined_60hz_125hz
model,1,young_20_29,2553,1,2,27,0.7790123456790125,0.7833333333333333,0.14814814814814814,combined_60hz_125hz
model,1,young_20_29,2553,1,3,27,0.9043209876543209,0.9,0.037037037037037035,combined_60hz_125hz
model,1,young_20_29,2553,1,4,26,1.0705128205128205,1.0666666666666667,0.038461538461538464,combined_60hz_125hz
model,1,young_20_29,7862,0,1,30,0.4472222222222222,0.45833333333333337,0.03333333333333333,combined_60hz_125hz
model,1,young_20_29,7862,0,2,30,0.545,0.55,0.0,combined_60hz_125hz
model,1,young_20_29,7862,0,3,30,0.626111111111111,0.625,0.03333333333333333,combined_60hz_125hz
model,1,young_20_29,7862,0,4,30,0.7444444444444444,0.7166666666666667,0.03333333333333333,combined_60hz_125hz
model,1,young_20_29,7862,1,1,31,0.6155913978494624,0.6333333333333333,0.25806451612903225,combined_60hz_125hz
model,1,young_20_29,7862,1,2,31,0.7698924731182797,0.7666666666666666,0.25806451612903225,combined_60hz_125hz
model,1,young_20_29,7862,1,3,30,0.8622222222222221,0.8666666666666667,0.06666666666666667,combined_60hz_125hz
model,1,young_20_29,7862,1,4,30,0.9983333333333332,0.975,0.03333333333333333,combined_60hz_125hz
model,1,young_20_29,677,1,1,29,0.5833333333333334,0.6,0.3448275862068966,combined_60hz_125hz
model,1,young_20_29,677,1,2,28,0.7791666666666667,0.7833333333333333,0.14285714285714285,combined_60hz_125hz
model,1,young_20_29,677,1,3,28,0.8976190476190476,0.9,0.10714285714285714,combined_60hz_125hz
model,1,young_20_29,677,1,4,28,1.049404761904762,1.025,0.03571428571428571,combined_60hz_125hz
model,1,young_20_29,3875,1,1,77,0.5945887445887446,0.6166666666666667,0.2597402597402597,combined_60hz_125hz
model,1,young_20_29,3875,1,2,77,0.7534632034632035,0.75,0.14285714285714285,combined_60hz_125hz
model,1,young_20_29,3875,1,3,77,0.864935064935065,0.8666666666666667,0.0,combined_60hz_125hz
model,1,young_20_29,3875,1,4,77,1.0030303030303032,0.9833333333333333,0.03896103896103896,combined_60hz_125hz
model,1,young_20_29,4790,0,1,25,0.41800000000000004,0.43333333333333335,0.04,combined_60hz_125hz
model,1,young_20_29,4790,0,2,25,0.5466666666666667,0.5333333333333333,0.0,combined_60hz_125hz
model,1,young_20_29,4790,0,3,25,0.6273333333333333,0.6333333333333333,0.0,combined_60hz_125hz
model,1,young_20_29,4790,0,4,24,0.7402777777777777,0.725,0.0,combined_60hz_125hz
model,1,young_20_29,1478,0,1,22,0.42651515151515157,0.45,0.0,combined_60hz_125hz
model,1,young_20_29,1478,0,2,22,0.537878787878788,0.5333333333333333,0.09090909090909091,combined_60hz_125hz
model,1,young_20_29,1478,0,3,22,0.628030303030303,0.6333333333333333,0.0,combined_60hz_125hz
model,1,young_20_29,1478,0,4,22,0.7363636363636363,0.7,0.045454545454545456,combined_60hz_125hz
model,1,young_20_29,5256,0,1,23,0.40507246376811595,0.4166666666666667,0.0,combined_60hz_125hz
model,1,young_20_29,5256,0,2,23,0.5260869565217392,0.5333333333333333,0.0,combined_60hz_125hz
model,1,young_20_29,5256,0,3,22,0.6068181818181818,0.6,0.045454545454545456,combined_60hz_125hz
model,1,young_20_29,5256,0,4,22,0.7219696969696969,0.7,0.0,combined_60hz_125hz
model,1,young_20_29,182,0,1,34,0.4137254901960784,0.43333333333333335,0.0,combined_60hz_125hz
model,1,young_20_29,182,0,2,34,0.5196078431372549,0.5166666666666666,0.058823529411764705,combined_60hz_125hz
model,1,young_20_29,182,0,3,34,0.6200980392156863,0.625,0.0,combined_60hz_125hz
model,1,young_20_29,182,0,4,34,0.7617647058823529,0.75,0.0,combined_60hz_125hz
model,1,young_20_29,4790,1,1,25,0.6153333333333333,0.6333333333333333,0.32,combined_60hz_125hz
model,1,young_20_29,4790,1,2,25,0.7706666666666666,0.7833333333333333,0.12,combined_60hz_125hz
model,1,young_20_29,4790,1,3,24,0.8812500000000001,0.8916666666666666,0.08333333333333333,combined_60hz_125hz
model,1,young_20_29,4790,1,4,24,1.0458333333333334,1.0166666666666666,0.0,combined_60hz_125hz
model,1,young_20_29,1478,1,1,22,0.5651515151515151,0.575,0.36363636363636365,combined_60hz_125hz
model,1,young_20_29,1478,1,2,22,0.7401515151515151,0.725,0.09090909090909091,combined_60hz_125hz
model,1,young_20_29,1478,1,3,22,0.8992424242424242,0.9,0.0,combined_60hz_125hz
model,1,young_20_29,1478,1,4,21,1.0761904761904764,1.0333333333333332,0.0,combined_60hz_125hz
model,1,young_20_29,4398,1,1,27,0.5746913580246914,0.5666666666666667,0.2222222222222222,combined_60hz_125hz
model,1,young_20_29,4398,1,2,27,0.7469135802469135,0.75,0.07407407407407407,combined_60hz_125hz
model,1,young_20_29,4398,1,3,26,0.8865384615384614,0.8833333333333333,0.0,combined_60hz_125hz
model,1,young_20_29,4398,1,4,26,1.060897435897436,1.0333333333333332,0.038461538461538464,combined_60hz_125hz
model,1,young_20_29,4398,0,1,27,0.4209876543209876,0.43333333333333335,0.0,combined_60hz_125hz
model,1,young_20_29,4398,0,2,27,0.5388888888888889,0.5333333333333333,0.0,combined_60hz_125hz
model,1,young_20_29,4398,0,3,26,0.6185897435897437,0.6166666666666667,0.0,combined_60hz_125hz
model,1,young_20_29,4398,0,4,26,0.7230769230769231,0.7166666666666667,0.0,combined_60hz_125hz
model,1,young_20_29,2553,0,1,27,0.41419753086419747,0.4166666666666667,0.037037037037037035,combined_60hz_125hz
model,1,young_20_29,2553,0,2,26,0.5294871794871795,0.5333333333333333,0.038461538461538464,combined_60hz_125hz
model,1,young_20_29,2553,0,3,26,0.6083333333333335,0.6083333333333334,0.038461538461538464,combined_60hz_125hz
model,1,young_20_29,2553,0,4,26,0.7378205128205129,0.7166666666666667,0.0,combined_60hz_125hz
model,1,older_80_89,6609,0,1,171,0.49132553606237817,0.5,0.005847953216374269,combined_60hz_125hz
model,1,older_80_89,6609,0,2,171,0.7224171539961014,0.7333333333333333,0.017543859649122806,combined_60hz_125hz
model,1,older_80_89,6609,0,3,171,0.8723196881091619,0.8666666666666667,0.0,combined_60hz_125hz
model,1,older_80_89,6609,0,4,171,1.130019493177388,1.1,0.011695906432748537,combined_60hz_125hz
model,1,older_80_89,984,0,1,172,0.4910852713178295,0.5166666666666666,0.011627906976744186,combined_60hz_125hz
model,1,older_80_89,984,0,2,172,0.711046511627907,0.7166666666666667,0.0,combined_60hz_125hz
model,1,older_80_89,984,0,3,172,0.8597868217054265,0.8666666666666667,0.0,combined_60hz_125hz
model,1,older_80_89,984,0,4,172,1.1031976744186045,1.0666666666666667,0.029069767441860465,combined_60hz_125hz
model,1,older_80_89,6609,1,1,172,0.7679263565891472,0.7916666666666667,0.16279069767441862,combined_60hz_125hz
model,1,older_80_89,6609,1,2,171,0.9992202729044833,1.0,0.08771929824561403,combined_60hz_125hz
model,1,older_80_89,6609,1,3,171,1.1821637426900584,1.1833333333333333,0.05263157894736842,combined_60hz_125hz
model,1,older_80_89,6609,1,4,171,1.4493177387914231,1.4166666666666667,0.04093567251461988,combined_60hz_125hz
model,1,older_80_89,2410,0,1,157,0.4925690021231423,0.5166666666666666,0.006369426751592357,combined_60hz_125hz
model,1,older_80_89,2410,0,2,157,0.7266454352441614,0.7166666666666667,0.006369426751592357,combined_60hz_125hz
model,1,older_80_89,2410,0,3,157,0.883864118895966,0.8833333333333333,0.006369426751592357,combined_60hz_125hz
model,1,older_80_89,2410,0,4,156,1.1476495726495726,1.1,0.01282051282051282,combined_60hz_125hz
model,1,older_80_89,984,1,1,170,0.757450980392157,0.7833333333333333,0.14705882352941177,combined_60hz_125hz
model,1,older_80_89,984,1,2,170,1.0030392156862746,1.0166666666666666,0.029411764705882353,combined_60hz_125hz
model,1,older_80_89,984,1,3,170,1.1797058823529412,1.1833333333333333,0.047058823529411764,combined_60hz_125hz
model,1,older_80_89,984,1,4,170,1.4772549019607844,1.4333333333333333,0.01764705882352941,combined_60hz_125hz
model,1,older_80_89,3403,0,1,128,0.539453125,0.5666666666666667,0.0078125,combined_60hz_125hz
model,1,older_80_89,3403,0,2,128,0.73125,0.7333333333333333,0.0078125,combined_60hz_125hz
model,1,older_80_89,3403,0,3,127,0.8867454068241468,0.8833333333333333,0.007874015748031496,combined_60hz_125hz
model,1,older_80_89,3403,0,4,127,1.1757217847769028,1.1333333333333333,0.0,combined_60hz_125hz
model,1,older_80_89,3403,1,1,127,0.7675853018372703,0.8,0.12598425196850394,combined_60hz_125hz
model,1,older_80_89,3403,1,2,126,1.0190476190476192,1.0166666666666666,0.05555555555555555,combined_60hz_125hz
model,1,older_80_89,3403,1,3,126,1.2105820105820104,1.2083333333333333,0.05555555555555555,combined_60hz_125hz
model,1,older_80_89,3403,1,4,126,1.4929894179894183,1.4666666666666666,0.023809523809523808,combined_60hz_125hz
model,1,older_80_89,2410,1,1,156,0.7745726495726496,0.8,0.0641025641025641,combined_60hz_125hz
model,1,older_80_89,2410,1,2,155,1.020967741935484,1.0166666666666666,0.05161290322580645,combined_60hz_125hz
model,1,older_80_89,2410,1,3,155,1.2074193548387098,1.2,0.03225806451612903,combined_60hz_125hz
model,1,older_80_89,2410,1,4,155,1.4860215053763441,1.4333333333333333,0.05806451612903226,combined_60hz_125hz
model,2,young_20_29,2918,0,1,163,0.4180981595092025,0.43333333333333335,0.012269938650306749,combined_60hz_125hz
model,2,young_20_29,2918,0,2,162,0.5308641975308642,0.5333333333333333,0.018518518518518517,combined_60hz_125hz
model,2,young_20_29,2918,0,3,162,0.6160493827160495,0.6166666666666667,0.018518518518518517,combined_60hz_125hz
model,2,young_20_29,2918,0,4,162,0.7389917695473252,0.7166666666666667,0.030864197530864196,combined_60hz_125hz
model,2,young_20_29,2918,1,1,162,0.5932098765432099,0.6166666666666667,0.345679012345679,combined_60hz_125hz
model,2,young_20_29,2918,1,2,162,0.7554526748971193,0.75,0.19135802469135801,combined_60hz_125hz
model,2,young_20_29,2918,1,3,162,0.8669753086419754,0.8666666666666667,0.08024691358024691,combined_60hz_125hz
model,2,young_20_29,2918,1,4,162,1.0325102880658434,1.0166666666666666,0.05555555555555555,combined_60hz_125hz
model,2,young_20_29,899,1,1,26,0.6192307692307693,0.6333333333333333,0.23076923076923078,combined_60hz_125hz
model,2,young_20_29,899,1,2,25,0.7493333333333332,0.75,0.12,combined_60hz_125hz
model,2,young_20_29,899,1,3,25,0.8733333333333334,0.8833333333333333,0.16,combined_60hz_125hz
model,2,young_20_29,899,1,4,25,1.058,1.0333333333333332,0.0,combined_60hz_125hz
model,2,young_20_29,182,1,1,34,0.5936274509803922,0.6166666666666667,0.35294117647058826,combined_60hz_125hz
model,2,young_20_29,182,1,2,34,0.7578431372549018,0.75,0.058823529411764705,combined_60hz_125hz
model,2,young_20_29,182,1,3,34,0.8813725490196077,0.8833333333333333,0.058823529411764705,combined_60hz_125hz
model,2,young_20_29,182,1,4,33,1.0454545454545452,1.0333333333333332,0.030303030303030304,combined_60hz_125hz
model,2,young_20_29,5256,1,1,24,0.6027777777777777,0.6083333333333334,0.125,combined_60hz_125hz
model,2,young_20_29,5256,1,2,23,0.772463768115942,0.7666666666666666,0.2608695652173913,combined_60hz_125hz
model,2,young_20_29,5256,1,3,23,0.8789855072463769,0.8666666666666667,0.043478260869565216,combined_60hz_125hz
model,2,young_20_29,5256,1,4,23,1.0260869565217392,1.0,0.0,combined_60hz_125hz
model,2,young_20_29,3875,0,1,77,0.41991341991341996,0.43333333333333335,0.06493506493506493,combined_60hz_125hz
model,2,young_20_29,3875,0,2,77,0.5277056277056276,0.5166666666666666,0.0,combined_60hz_125hz
model,2,young_20_29,3875,0,3,77,0.627056277056277,0.6333333333333333,0.025974025974025976,combined_60hz_125hz
model,2,young_20_29,3875,0,4,76,0.755921052631579,0.7333333333333333,0.013157894736842105,combined_60hz_125hz
model,2,young_20_29,899,0,1,26,0.4064102564102564,0.42500000000000004,0.038461538461538464,combined_60hz_125hz
model,2,young_20_29,899,0,2,26,0.5173076923076922,0.5249999999999999,0.0,combined_60hz_125hz
model,2,young_20_29,899,0,3,25,0.612,0.6,0.0,combined_60hz_125hz
model,2,young_20_29,899,0,4,25,0.7433333333333333,0.7333333333333333,0.0,combined_60hz_125hz
model,2,young_20_29,677,0,1,29,0.39425287356321836,0.3833333333333333,0.0,combined_60hz_125hz
model,2,young_20_29,677,0,2,28,0.525,0.5166666666666666,0.0,combined_60hz_125hz
model,2,young_20_29,677,0,3,28,0.6071428571428573,0.6166666666666667,0.0,combined_60hz_125hz
model,2,young_20_29,677,0,4,28,0.7363095238095239,0.725,0.0,combined_60hz_125hz
model,2,young_20_29,5675,0,1,147,0.4091836734693878,0.4166666666666667,0.034013605442176874,combined_60hz_125hz
model,2,young_20_29,5675,0,2,147,0.5430839002267572,0.55,0.04081632653061224,combined_60hz_125hz
model,2,young_20_29,5675,0,3,147,0.6267573696145124,0.6333333333333333,0.027210884353741496,combined_60hz_125hz
model,2,young_20_29,5675,0,4,146,0.7558219178082192,0.7333333333333333,0.0136986301369863,combined_60hz_125hz
model,2,young_20_29,5675,1,1,145,0.5985057471264368,0.6166666666666667,0.3793103448275862,combined_60hz_125hz
model,2,young_20_29,5675,1,2,145,0.7686206896551724,0.7666666666666666,0.1310344827586207,combined_60hz_125hz
model,2,young_20_29,5675,1,3,145,0.8840229885057471,0.8833333333333333,0.10344827586206896,combined_60hz_125hz
model,2,young_20_29,5675,1,4,145,1.0451724137931033,1.0333333333333332,0.034482758620689655,combined_60hz_125hz
model,2,young_20_29,2553,1,1,27,0.632716049382716,0.6333333333333333,0.37037037037037035,combined_60hz_125hz
model,2,young_20_29,2553,1,2,27,0.7882716049382716,0.7833333333333333,0.18518518518518517,combined_60hz_125hz
model,2,young_20_29,2553,1,3,27,0.9012345679012347,0.9,0.1111111111111111,combined_60hz_125hz
model,2,young_20_29,2553,1,4,26,1.0711538461538461,1.0416666666666665,0.0,combined_60hz_125hz
model,2,young_20_29,7862,0,1,30,0.4488888888888889,0.4666666666666667,0.06666666666666667,combined_60hz_125hz
model,2,young_20_29,7862,0,2,30,0.55,0.55,0.0,combined_60hz_125hz
model,2,young_20_29,7862,0,3,30,0.6277777777777778,0.6333333333333333,0.03333333333333333,combined_60hz_125hz
model,2,young_20_29,7862,0,4,30,0.7316666666666667,0.725,0.03333333333333333,combined_60hz_125hz
model,2,young_20_29,7862,1,1,31,0.6231182795698923,0.65,0.3548387096774194,combined_60hz_125hz
model,2,young_20_29,7862,1,2,31,0.7553763440860212,0.75,0.25806451612903225,combined_60hz_125hz
model,2,young_20_29,7862,1,3,30,0.8638888888888888,0.8666666666666667,0.1,combined_60hz_125hz
model,2,young_20_29,7862,1,4,30,1.0016666666666667,0.9833333333333333,0.0,combined_60hz_125hz
model,2,young_20_29,677,1,1,29,0.5741379310344827,0.5833333333333334,0.41379310344827586,combined_60hz_125hz
model,2,young_20_29,677,1,2,28,0.7773809523809526,0.7833333333333333,0.17857142857142858,combined_60hz_125hz
model,2,young_20_29,677,1,3,28,0.8761904761904761,0.875,0.0,combined_60hz_125hz
model,2,young_20_29,677,1,4,28,1.042857142857143,1.0083333333333333,0.07142857142857142,combined_60hz_125hz
model,2,young_20_29,3875,1,1,77,0.6080086580086579,0.6333333333333333,0.23376623376623376,combined_60hz_125hz
model,2,young_20_29,3875,1,2,77,0.7614718614718614,0.7666666666666666,0.09090909090909091,combined_60hz_125hz
model,2,young_20_29,3875,1,3,77,0.8599567099567098,0.85,0.06493506493506493,combined_60hz_125hz
model,2,young_20_29,3875,1,4,77,1.00995670995671,1.0,0.012987012987012988,combined_60hz_125hz
model,2,young_20_29,4790,0,1,25,0.4186666666666667,0.4166666666666667,0.0,combined_60hz_125hz
model,2,young_20_29,4790,0,2,25,0.5446666666666666,0.55,0.04,combined_60hz_125hz
model,2,young_20_29,4790,0,3,25,0.6173333333333334,0.6166666666666667,0.0,combined_60hz_125hz
model,2,young_20_29,4790,0,4,24,0.7333333333333333,0.7166666666666667,0.0,combined_60hz_125hz
model,2,young_20_29,1478,0,1,22,0.44242424242424244,0.4666666666666667,0.045454545454545456,combined_60hz_125hz
model,2,young_20_29,1478,0,2,22,0.5462121212121213,0.55,0.0,combined_60hz_125hz
model,2,young_20_29,1478,0,3,22,0.6303030303030304,0.6416666666666666,0.045454545454545456,combined_60hz_125hz
model,2,young_20_29,1478,0,4,22,0.7340909090909092,0.7166666666666667,0.0,combined_60hz_125hz
model,2,young_20_29,5256,0,1,23,0.40652173913043477,0.4166666666666667,0.0,combined_60hz_125hz
model,2,young_20_29,5256,0,2,23,0.5130434782608695,0.5,0.043478260869565216,combined_60hz_125hz
model,2,young_20_29,5256,0,3,22,0.6053030303030302,0.6,0.09090909090909091,combined_60hz_125hz
model,2,young_20_29,5256,0,4,22,0.7068181818181818,0.6833333333333333,0.0,combined_60hz_125hz
model,2,young_20_29,182,0,1,34,0.4156862745098039,0.4166666666666667,0.058823529411764705,combined_60hz_125hz
model,2,young_20_29,182,0,2,34,0.5230392156862744,0.5166666666666666,0.0,combined_60hz_125hz
model,2,young_20_29,182,0,3,34,0.6205882352941176,0.6166666666666667,0.0,combined_60hz_125hz
model,2,young_20_29,182,0,4,34,0.7627450980392156,0.7583333333333333,0.0,combined_60hz_125hz
model,2,young_20_29,4790,1,1,25,0.6313333333333333,0.65,0.2,combined_60hz_125hz
model,2,young_20_29,4790,1,2,25,0.7753333333333333,0.7666666666666666,0.08,combined_60hz_125hz
model,2,young_20_29,4790,1,3,24,0.8854166666666666,0.8833333333333333,0.0,combined_60hz_125hz
model,2,young_20_29,4790,1,4,24,1.0493055555555555,1.05,0.041666666666666664,combined_60hz_125hz
model,2,young_20_29,1478,1,1,22,0.5704545454545454,0.6083333333333334,0.2727272727272727,combined_60hz_125hz
model,2,young_20_29,1478,1,2,22,0.7416666666666665,0.7416666666666667,0.045454545454545456,combined_60hz_125hz
model,2,young_20_29,1478,1,3,22,0.8704545454545454,0.8666666666666667,0.045454545454545456,combined_60hz_125hz
model,2,young_20_29,1478,1,4,21,1.0857142857142856,1.0666666666666667,0.09523809523809523,combined_60hz_125hz
model,2,young_20_29,4398,1,1,27,0.5759259259259258,0.6166666666666667,0.18518518518518517,combined_60hz_125hz
model,2,young_20_29,4398,1,2,27,0.7543209876543209,0.75,0.07407407407407407,combined_60hz_125hz
model,2,young_20_29,4398,1,3,26,0.8807692307692309,0.9,0.038461538461538464,combined_60hz_125hz
model,2,young_20_29,4398,1,4,26,1.0519230769230767,1.05,0.0,combined_60hz_125hz
model,2,young_20_29,4398,0,1,27,0.4308641975308642,0.43333333333333335,0.0,combined_60hz_125hz
model,2,young_20_29,4398,0,2,27,0.5419753086419753,0.55,0.07407407407407407,combined_60hz_125hz
model,2,young_20_29,4398,0,3,26,0.6224358974358974,0.6166666666666667,0.0,combined_60hz_125hz
model,2,young_20_29,4398,0,4,26,0.7378205128205129,0.7166666666666667,0.0,combined_60hz_125hz
model,2,young_20_29,2553,0,1,27,0.4246913580246914,0.43333333333333335,0.037037037037037035,combined_60hz_125hz
model,2,young_20_29,2553,0,2,26,0.5249999999999999,0.5333333333333333,0.0,combined_60hz_125hz
model,2,young_20_29,2553,0,3,26,0.591025641025641,0.5833333333333334,0.0,combined_60hz_125hz
model,2,young_20_29,2553,0,4,26,0.7153846153846153,0.6833333333333333,0.0,combined_60hz_125hz
model,2,older_80_89,6609,0,1,171,0.4866471734892788,0.5166666666666666,0.017543859649122806,combined_60hz_125hz
model,2,older_80_89,6609,0,2,171,0.7081871345029239,0.7,0.017543859649122806,combined_60hz_125hz
model,2,older_80_89,6609,0,3,171,0.8743664717348927,0.8666666666666667,0.0,combined_60hz_125hz
model,2,older_80_89,6609,0,4,171,1.1280701754385964,1.0833333333333333,0.011695906432748537,combined_60hz_125hz
model,2,older_80_89,984,0,1,172,0.49273255813953487,0.5166666666666666,0.029069767441860465,combined_60hz_125hz
model,2,older_80_89,984,0,2,172,0.706201550387597,0.7,0.005813953488372093,combined_60hz_125hz
model,2,older_80_89,984,0,3,172,0.8609496124031006,0.8666666666666667,0.011627906976744186,combined_60hz_125hz
model,2,older_80_89,984,0,4,172,1.1314922480620155,1.0833333333333333,0.0,combined_60hz_125hz
model,2,older_80_89,6609,1,1,172,0.7555232558139534,0.7833333333333333,0.11627906976744186,combined_60hz_125hz
model,2,older_80_89,6609,1,2,171,0.9923976608187134,0.9833333333333333,0.12280701754385964,combined_60hz_125hz
model,2,older_80_89,6609,1,3,171,1.1839181286549707,1.1833333333333333,0.03508771929824561,combined_60hz_125hz
model,2,older_80_89,6609,1,4,171,1.4503898635477581,1.4166666666666667,0.03508771929824561,combined_60hz_125hz
model,2,older_80_89,2410,0,1,157,0.49777070063694273,0.5166666666666666,0.012738853503184714,combined_60hz_125hz
model,2,older_80_89,2410,0,2,157,0.722611464968153,0.7166666666666667,0.01910828025477707,combined_60hz_125hz
model,2,older_80_89,2410,0,3,157,0.8865180467091295,0.8833333333333333,0.012738853503184714,combined_60hz_125hz
model,2,older_80_89,2410,0,4,156,1.1566239316239315,1.1,0.00641025641025641,combined_60hz_125hz
model,2,older_80_89,984,1,1,170,0.7677450980392156,0.7833333333333333,0.1,combined_60hz_125hz
model,2,older_80_89,984,1,2,170,1.015,1.0166666666666666,0.07647058823529412,combined_60hz_125hz
model,2,older_80_89,984,1,3,170,1.187156862745098,1.1916666666666667,0.047058823529411764,combined_60hz_125hz
model,2,older_80_89,984,1,4,170,1.4800000000000002,1.4333333333333333,0.029411764705882353,combined_60hz_125hz
model,2,older_80_89,3403,0,1,128,0.528515625,0.55,0.0078125,combined_60hz_125hz
model,2,older_80_89,3403,0,2,128,0.73125,0.7333333333333333,0.0078125,combined_60hz_125hz
model,2,older_80_89,3403,0,3,127,0.8850393700787401,0.8833333333333333,0.007874015748031496,combined_60hz_125hz
model,2,older_80_89,3403,0,4,127,1.1440944881889763,1.1166666666666667,0.015748031496062992,combined_60hz_125hz
model,2,older_80_89,3403,1,1,127,0.7706036745406825,0.8166666666666667,0.10236220472440945,combined_60hz_125hz
model,2,older_80_89,3403,1,2,126,1.0198412698412698,1.0166666666666666,0.05555555555555555,combined_60hz_125hz
model,2,older_80_89,3403,1,3,126,1.2054232804232803,1.2,0.047619047619047616,combined_60hz_125hz
model,2,older_80_89,3403,1,4,126,1.4936507936507932,1.45,0.007936507936507936,combined_60hz_125hz
model,2,older_80_89,2410,1,1,156,0.8002136752136751,0.8333333333333334,0.10897435897435898,combined_60hz_125hz
model,2,older_80_89,2410,1,2,155,1.0210752688172042,1.0166666666666666,0.04516129032258064,combined_60hz_125hz
model,2,older_80_89,2410,1,3,155,1.2035483870967743,1.2,0.06451612903225806,combined_60hz_125hz
model,2,older_80_89,2410,1,4,155,1.4712903225806453,1.4333333333333333,0.03225806451612903,combined_60hz_125hz
model,3,young_20_29,2918,0,1,163,0.4106339468302659,0.43333333333333335,0.04294478527607362,combined_60hz_125hz
model,3,young_20_29,2918,0,2,162,0.5286008230452675,0.5249999999999999,0.024691358024691357,combined_60hz_125hz
model,3,young_20_29,2918,0,3,162,0.6145061728395063,0.6166666666666667,0.024691358024691357,combined_60hz_125hz
model,3,young_20_29,2918,0,4,162,0.733127572016461,0.7083333333333333,0.018518518518518517,combined_60hz_125hz
model,3,young_20_29,2918,1,1,162,0.5991769547325103,0.6166666666666667,0.3333333333333333,combined_60hz_125hz
model,3,young_20_29,2918,1,2,162,0.761111111111111,0.7666666666666666,0.13580246913580246,combined_60hz_125hz
model,3,young_20_29,2918,1,3,162,0.8761316872427982,0.8833333333333333,0.08024691358024691,combined_60hz_125hz
model,3,young_20_29,2918,1,4,162,1.0277777777777777,1.0166666666666666,0.037037037037037035,combined_60hz_125hz
model,3,young_20_29,899,1,1,26,0.6294871794871795,0.6666666666666666,0.23076923076923078,combined_60hz_125hz
model,3,young_20_29,899,1,2,25,0.7659999999999999,0.7666666666666666,0.16,combined_60hz_125hz
model,3,young_20_29,899,1,3,25,0.8726666666666667,0.8666666666666667,0.12,combined_60hz_125hz
model,3,young_20_29,899,1,4,25,1.0473333333333332,1.0333333333333332,0.04,combined_60hz_125hz
model,3,young_20_29,182,1,1,34,0.5995098039215686,0.625,0.35294117647058826,combined_60hz_125hz
model,3,young_20_29,182,1,2,34,0.7612745098039215,0.7666666666666666,0.14705882352941177,combined_60hz_125hz
model,3,young_20_29,182,1,3,34,0.884313725490196,0.8916666666666666,0.08823529411764706,combined_60hz_125hz
model,3,young_20_29,182,1,4,33,1.0449494949494949,1.0166666666666666,0.030303030303030304,combined_60hz_125hz
model,3,young_20_29,5256,1,1,24,0.5729166666666666,0.575,0.3333333333333333,combined_60hz_125hz
model,3,young_20_29,5256,1,2,23,0.7695652173913043,0.7833333333333333,0.08695652173913043,combined_60hz_125hz
model,3,young_20_29,5256,1,3,23,0.8833333333333335,0.8833333333333333,0.13043478260869565,combined_60hz_125hz
model,3,young_20_29,5256,1,4,23,1.0282608695652173,1.0166666666666666,0.0,combined_60hz_125hz
model,3,young_20_29,3875,0,1,77,0.42077922077922075,0.43333333333333335,0.025974025974025976,combined_60hz_125hz
model,3,young_20_29,3875,0,2,77,0.5298701298701297,0.5333333333333333,0.0,combined_60hz_125hz
model,3,young_20_29,3875,0,3,77,0.6218614718614719,0.6166666666666667,0.012987012987012988,combined_60hz_125hz
model,3,young_20_29,3875,0,4,76,0.7383771929824562,0.7166666666666667,0.013157894736842105,combined_60hz_125hz
model,3,young_20_29,899,0,1,26,0.41987179487179493,0.43333333333333335,0.0,combined_60hz_125hz
model,3,young_20_29,899,0,2,26,0.5198717948717948,0.5083333333333333,0.11538461538461539,combined_60hz_125hz
model,3,young_20_29,899,0,3,25,0.6200000000000001,0.6166666666666667,0.0,combined_60hz_125hz
model,3,young_20_29,899,0,4,25,0.7419999999999999,0.7166666666666667,0.0,combined_60hz_125hz
model,3,young_20_29,677,0,1,29,0.39540229885057465,0.4166666666666667,0.034482758620689655,combined_60hz_125hz
model,3,young_20_29,677,0,2,28,0.5130952380952379,0.5166666666666666,0.07142857142857142,combined_60hz_125hz
model,3,young_20_29,677,0,3,28,0.6035714285714286,0.6,0.0,combined_60hz_125hz
model,3,young_20_29,677,0,4,28,0.7386904761904759,0.7083333333333333,0.0,combined_60hz_125hz
model,3,young_20_29,5675,0,1,147,0.41780045351473927,0.45,0.006802721088435374,combined_60hz_125hz
model,3,young_20_29,5675,0,2,147,0.5374149659863944,0.5333333333333333,0.034013605442176874,combined_60hz_125hz
model,3,young_20_29,5675,0,3,147,0.6238095238095238,0.6166666666666667,0.013605442176870748,combined_60hz_125hz
model,3,young_20_29,5675,0,4,146,0.7498858447488584,0.7333333333333333,0.02054794520547945,combined_60hz_125hz
model,3,young_20_29,5675,1,1,145,0.6050574712643678,0.6333333333333333,0.33793103448275863,combined_60hz_125hz
model,3,young_20_29,5675,1,2,145,0.7688505747126436,0.7666666666666666,0.1310344827586207,combined_60hz_125hz
model,3,young_20_29,5675,1,3,145,0.8836781609195403,0.8833333333333333,0.04827586206896552,combined_60hz_125hz
model,3,young_20_29,5675,1,4,145,1.045287356321839,1.0166666666666666,0.013793103448275862,combined_60hz_125hz
model,3,young_20_29,2553,1,1,27,0.6425925925925925,0.65,0.3333333333333333,combined_60hz_125hz
model,3,young_20_29,2553,1,2,27,0.7876543209876542,0.7833333333333333,0.037037037037037035,combined_60hz_125hz
model,3,young_20_29,2553,1,3,27,0.9067901234567901,0.9166666666666666,0.037037037037037035,combined_60hz_125hz
model,3,young_20_29,2553,1,4,26,1.067948717948718,1.0416666666666665,0.038461538461538464,combined_60hz_125hz
model,3,young_20_29,7862,0,1,30,0.44777777777777766,0.48333333333333334,0.03333333333333333,combined_60hz_125hz
model,3,young_20_29,7862,0,2,30,0.5438888888888889,0.5333333333333333,0.0,combined_60hz_125hz
model,3,young_20_29,7862,0,3,30,0.6277777777777778,0.625,0.0,combined_60hz_125hz
model,3,young_20_29,7862,0,4,30,0.7316666666666667,0.7166666666666667,0.03333333333333333,combined_60hz_125hz
model,3,young_20_29,7862,1,1,31,0.625268817204301,0.6666666666666666,0.3225806451612903,combined_60hz_125hz
model,3,young_20_29,7862,1,2,31,0.7747311827956989,0.7666666666666666,0.16129032258064516,combined_60hz_125hz
model,3,young_20_29,7862,1,3,30,0.8755555555555555,0.875,0.06666666666666667,combined_60hz_125hz
model,3,young_20_29,7862,1,4,30,1.0150000000000001,1.0,0.03333333333333333,combined_60hz_125hz
model,3,young_20_29,677,1,1,29,0.5890804597701148,0.6,0.3793103448275862,combined_60hz_125hz
model,3,young_20_29,677,1,2,28,0.7642857142857143,0.7833333333333333,0.14285714285714285,combined_60hz_125hz
model,3,young_20_29,677,1,3,28,0.8857142857142858,0.8833333333333333,0.03571428571428571,combined_60hz_125hz
model,3,young_20_29,677,1,4,28,1.038690476190476,1.0083333333333333,0.03571428571428571,combined_60hz_125hz
model,3,young_20_29,3875,1,1,77,0.6069264069264069,0.6333333333333333,0.2857142857142857,combined_60hz_125hz
model,3,young_20_29,3875,1,2,77,0.7543290043290043,0.75,0.09090909090909091,combined_60hz_125hz
model,3,young_20_29,3875,1,3,77,0.8556277056277055,0.85,0.05194805194805195,combined_60hz_125hz
model,3,young_20_29,3875,1,4,77,1.0006493506493508,0.9833333333333333,0.03896103896103896,combined_60hz_125hz
model,3,young_20_29,4790,0,1,25,0.436,0.45,0.04,combined_60hz_125hz
model,3,young_20_29,4790,0,2,25,0.5453333333333333,0.55,0.0,combined_60hz_125hz
model,3,young_20_29,4790,0,3,25,0.6293333333333333,0.6333333333333333,0.0,combined_60hz_125hz
model,3,young_20_29,4790,0,4,24,0.75,0.7166666666666667,0.041666666666666664,combined_60hz_125hz
model,3,young_20_29,1478,0,1,22,0.4272727272727273,0.44166666666666665,0.0,combined_60hz_125hz
model,3,young_20_29,1478,0,2,22,0.5416666666666669,0.55,0.0,combined_60hz_125hz
model,3,young_20_29,1478,0,3,22,0.6295454545454545,0.6166666666666667,0.0,combined_60hz_125hz
model,3,young_20_29,1478,0,4,22,0.7613636363636362,0.7583333333333333,0.09090909090909091,combined_60hz_125hz
model,3,young_20_29,5256,0,1,23,0.40652173913043477,0.4,0.0,combined_60hz_125hz
model,3,young_20_29,5256,0,2,23,0.5239130434782607,0.5333333333333333,0.043478260869565216,combined_60hz_125hz
model,3,young_20_29,5256,0,3,22,0.5878787878787879,0.5916666666666667,0.0,combined_60hz_125hz
model,3,young_20_29,5256,0,4,22,0.6863636363636363,0.6666666666666666,0.0,combined_60hz_125hz
model,3,young_20_29,182,0,1,34,0.42401960784313725,0.43333333333333335,0.058823529411764705,combined_60hz_125hz
model,3,young_20_29,182,0,2,34,0.5308823529411765,0.5333333333333333,0.058823529411764705,combined_60hz_125hz
model,3,young_20_29,182,0,3,34,0.6171568627450981,0.6166666666666667,0.0,combined_60hz_125hz
model,3,young_20_29,182,0,4,34,0.7563725490196079,0.7333333333333333,0.058823529411764705,combined_60hz_125hz
model,3,young_20_29,4790,1,1,25,0.62,0.6333333333333333,0.32,combined_60hz_125hz
model,3,young_20_29,4790,1,2,25,0.7553333333333333,0.75,0.16,combined_60hz_125hz
model,3,young_20_29,4790,1,3,24,0.8770833333333332,0.8833333333333333,0.16666666666666666,combined_60hz_125hz
model,3,young_20_29,4790,1,4,24,1.0326388888888889,1.0333333333333332,0.0,combined_60hz_125hz
model,3,young_20_29,1478,1,1,22,0.5530303030303031,0.55,0.36363636363636365,combined_60hz_125hz
model,3,young_20_29,1478,1,2,22,0.743181818181818,0.75,0.09090909090909091,combined_60hz_125hz
model,3,young_20_29,1478,1,3,22,0.8924242424242425,0.8916666666666666,0.09090909090909091,combined_60hz_125hz
model,3,young_20_29,1478,1,4,21,1.050793650793651,1.0333333333333332,0.047619047619047616,combined_60hz_125hz
model,3,young_20_29,4398,1,1,27,0.5839506172839507,0.6,0.2222222222222222,combined_60hz_125hz
model,3,young_20_29,4398,1,2,27,0.7611111111111112,0.7666666666666666,0.07407407407407407,combined_60hz_125hz
model,3,young_20_29,4398,1,3,26,0.8775641025641026,0.8833333333333333,0.07692307692307693,combined_60hz_125hz
model,3,young_20_29,4398,1,4,26,1.062179487179487,1.0666666666666667,0.0,combined_60hz_125hz
model,3,young_20_29,4398,0,1,27,0.4148148148148148,0.43333333333333335,0.0,combined_60hz_125hz
model,3,young_20_29,4398,0,2,27,0.5308641975308641,0.5333333333333333,0.0,combined_60hz_125hz
model,3,young_20_29,4398,0,3,26,0.6282051282051283,0.625,0.038461538461538464,combined_60hz_125hz
model,3,young_20_29,4398,0,4,26,0.7320512820512821,0.7166666666666667,0.0,combined_60hz_125hz
model,3,young_20_29,2553,0,1,27,0.39382716049382716,0.3833333333333333,0.037037037037037035,combined_60hz_125hz
model,3,young_20_29,2553,0,2,26,0.5243589743589744,0.5249999999999999,0.038461538461538464,combined_60hz_125hz
model,3,young_20_29,2553,0,3,26,0.6057692307692307,0.6083333333333334,0.0,combined_60hz_125hz
model,3,young_20_29,2553,0,4,26,0.7230769230769231,0.7083333333333333,0.0,combined_60hz_125hz
model,3,older_80_89,6609,0,1,171,0.48635477582846004,0.5166666666666666,0.017543859649122806,combined_60hz_125hz
model,3,older_80_89,6609,0,2,171,0.7118908382066277,0.7166666666666667,0.005847953216374269,combined_60hz_125hz
model,3,older_80_89,6609,0,3,171,0.8817738791423002,0.8833333333333333,0.011695906432748537,combined_60hz_125hz
model,3,older_80_89,6609,0,4,171,1.1461013645224172,1.1,0.005847953216374269,combined_60hz_125hz
model,3,older_80_89,984,0,1,172,0.4870155038759691,0.5166666666666666,0.0,combined_60hz_125hz
model,3,older_80_89,984,0,2,172,0.7083333333333333,0.7,0.01744186046511628,combined_60hz_125hz
model,3,older_80_89,984,0,3,172,0.8624031007751939,0.8666666666666667,0.005813953488372093,combined_60hz_125hz
model,3,older_80_89,984,0,4,172,1.1160852713178295,1.0833333333333333,0.01744186046511628,combined_60hz_125hz
model,3,older_80_89,6609,1,1,172,0.7556201550387596,0.8,0.16279069767441862,combined_60hz_125hz
model,3,older_80_89,6609,1,2,171,1.0012670565302144,1.0,0.07602339181286549,combined_60hz_125hz
model,3,older_80_89,6609,1,3,171,1.185672514619883,1.1833333333333333,0.05263157894736842,combined_60hz_125hz
model,3,older_80_89,6609,1,4,171,1.4579922027290448,1.4333333333333333,0.029239766081871343,combined_60hz_125hz
model,3,older_80_89,2410,0,1,157,0.5094479830148619,0.5333333333333333,0.006369426751592357,combined_60hz_125hz
model,3,older_80_89,2410,0,2,157,0.7194267515923567,0.7166666666666667,0.03184713375796178,combined_60hz_125hz
model,3,older_80_89,2410,0,3,157,0.8847133757961781,0.9,0.0,combined_60hz_125hz
model,3,older_80_89,2410,0,4,156,1.1533119658119657,1.1,0.00641025641025641,combined_60hz_125hz
model,3,older_80_89,984,1,1,170,0.7677450980392156,0.7916666666666667,0.09411764705882353,combined_60hz_125hz
model,3,older_80_89,984,1,2,170,1.0185294117647057,1.0166666666666666,0.07647058823529412,combined_60hz_125hz
model,3,older_80_89,984,1,3,170,1.1908823529411765,1.1833333333333333,0.07058823529411765,combined_60hz_125hz
model,3,older_80_89,984,1,4,170,1.4863725490196078,1.4333333333333333,0.011764705882352941,combined_60hz_125hz
model,3,older_80_89,3403,0,1,128,0.5289062499999999,0.55,0.0234375,combined_60hz_125hz
model,3,older_80_89,3403,0,2,128,0.7294270833333334,0.7333333333333333,0.015625,combined_60hz_125hz
model,3,older_80_89,3403,0,3,127,0.891994750656168,0.9,0.007874015748031496,combined_60hz_125hz
model,3,older_80_89,3403,0,4,127,1.1312335958005253,1.1,0.0,combined_60hz_125hz
model,3,older_80_89,3403,1,1,127,0.7711286089238844,0.8,0.14173228346456693,combined_60hz_125hz
model,3,older_80_89,3403,1,2,126,1.0234126984126986,1.0166666666666666,0.06349206349206349,combined_60hz_125hz
model,3,older_80_89,3403,1,3,126,1.1891534391534393,1.1833333333333333,0.03968253968253968,combined_60hz_125hz
model,3,older_80_89,3403,1,4,126,1.4650793650793654,1.4166666666666667,0.015873015873015872,combined_60hz_125hz
model,3,older_80_89,2410,1,1,156,0.7754273504273502,0.8,0.08974358974358974,combined_60hz_125hz
model,3,older_80_89,2410,1,2,155,1.0264516129032257,1.0333333333333332,0.05161290322580645,combined_60hz_125hz
model,3,older_80_89,2410,1,3,155,1.2022580645161292,1.2,0.01935483870967742,combined_60hz_125hz
model,3,older_80_89,2410,1,4,155,1.4934408602150537,1.45,0.025806451612903226,combined_60hz_125hz
model,4,young_20_29,2918,0,1,163,0.4224948875255624,0.43333333333333335,0.018404907975460124,combined_60hz_125hz
model,4,young_20_29,2918,0,2,162,0.534156378600823,0.5333333333333333,0.012345679012345678,combined_60hz_125hz
model,4,young_20_29,2918,0,3,162,0.6155349794238684,0.6166666666666667,0.018518518518518517,combined_60hz_125hz
model,4,young_20_29,2918,0,4,162,0.7389917695473252,0.7166666666666667,0.012345679012345678,combined_60hz_125hz
model,4,young_20_29,2918,1,1,162,0.6001028806584362,0.6166666666666667,0.3395061728395062,combined_60hz_125hz
model,4,young_20_29,2918,1,2,162,0.7532921810699589,0.75,0.15432098765432098,combined_60hz_125hz
model,4,young_20_29,2918,1,3,162,0.8693415637860082,0.8666666666666667,0.07407407407407407,combined_60hz_125hz
model,4,young_20_29,2918,1,4,162,1.0329218106995883,1.0166666666666666,0.012345679012345678,combined_60hz_125hz
model,4,young_20_29,899,1,1,26,0.635897435897436,0.6666666666666666,0.2692307692307692,combined_60hz_125hz
model,4,young_20_29,899,1,2,25,0.758,0.7666666666666666,0.24,combined_60hz_125hz
model,4,young_20_29,899,1,3,25,0.8740000000000001,0.8833333333333333,0.12,combined_60hz_125hz
model,4,young_20_29,899,1,4,25,1.028,1.0166666666666666,0.0,combined_60hz_125hz
model,4,young_20_29,182,1,1,34,0.5774509803921568,0.5916666666666667,0.35294117647058826,combined_60hz_125hz
model,4,young_20_29,182,1,2,34,0.7578431372549018,0.75,0.08823529411764706,combined_60hz_125hz
model,4,young_20_29,182,1,3,34,0.8799019607843138,0.8833333333333333,0.058823529411764705,combined_60hz_125hz
model,4,young_20_29,182,1,4,33,1.0338383838383838,1.0166666666666666,0.0,combined_60hz_125hz
model,4,young_20_29,5256,1,1,24,0.5923611111111111,0.6333333333333333,0.16666666666666666,combined_60hz_125hz
model,4,young_20_29,5256,1,2,23,0.773913043478261,0.7833333333333333,0.043478260869565216,combined_60hz_125hz
model,4,young_20_29,5256,1,3,23,0.8833333333333333,0.8833333333333333,0.08695652173913043,combined_60hz_125hz
model,4,young_20_29,5256,1,4,23,1.0217391304347825,1.0166666666666666,0.08695652173913043,combined_60hz_125hz
model,4,young_20_29,3875,0,1,77,0.43008658008658,0.45,0.012987012987012988,combined_60hz_125hz
model,4,young_20_29,3875,0,2,77,0.5311688311688311,0.5333333333333333,0.0,combined_60hz_125hz
model,4,young_20_29,3875,0,3,77,0.6212121212121212,0.6166666666666667,0.0,combined_60hz_125hz
model,4,young_20_29,3875,0,4,76,0.7421052631578949,0.7166666666666667,0.05263157894736842,combined_60hz_125hz
model,4,young_20_29,899,0,1,26,0.4147435897435897,0.43333333333333335,0.0,combined_60hz_125hz
model,4,young_20_29,899,0,2,26,0.5185897435897436,0.5166666666666666,0.038461538461538464,combined_60hz_125hz
model,4,young_20_29,899,0,3,25,0.6233333333333333,0.6166666666666667,0.0,combined_60hz_125hz
model,4,young_20_29,899,0,4,25,0.7260000000000001,0.7,0.08,combined_60hz_125hz
model,4,young_20_29,677,0,1,29,0.3936781609195403,0.4166666666666667,0.0,combined_60hz_125hz
model,4,young_20_29,677,0,2,28,0.518452380952381,0.5166666666666666,0.0,combined_60hz_125hz
model,4,young_20_29,677,0,3,28,0.604761904761905,0.6,0.03571428571428571,combined_60hz_125hz
model,4,young_20_29,677,0,4,28,0.7422619047619047,0.7083333333333333,0.0,combined_60hz_125hz
model,4,young_20_29,5675,0,1,147,0.4193877551020408,0.43333333333333335,0.013605442176870748,combined_60hz_125hz
model,4,young_20_29,5675,0,2,147,0.537641723356009,0.5333333333333333,0.02040816326530612,combined_60hz_125hz
model,4,young_20_29,5675,0,3,147,0.6325396825396825,0.6333333333333333,0.013605442176870748,combined_60hz_125hz
model,4,young_20_29,5675,0,4,146,0.7547945205479453,0.7333333333333333,0.0136986301369863,combined_60hz_125hz
model,4,young_20_29,5675,1,1,145,0.5942528735632183,0.6166666666666667,0.38620689655172413,combined_60hz_125hz
model,4,young_20_29,5675,1,2,145,0.7703448275862069,0.7666666666666666,0.12413793103448276,combined_60hz_125hz
model,4,young_20_29,5675,1,3,145,0.8794252873563219,0.8833333333333333,0.08275862068965517,combined_60hz_125hz
model,4,young_20_29,5675,1,4,145,1.0462068965517242,1.0333333333333332,0.013793103448275862,combined_60hz_125hz
model,4,young_20_29,2553,1,1,27,0.6438271604938272,0.65,0.25925925925925924,combined_60hz_125hz
model,4,young_20_29,2553,1,2,27,0.754320987654321,0.75,0.14814814814814814,combined_60hz_125hz
model,4,young_20_29,2553,1,3,27,0.8833333333333333,0.8833333333333333,0.037037037037037035,combined_60hz_125hz
model,4,young_20_29,2553,1,4,26,1.05,1.0333333333333332,0.038461538461538464,combined_60hz_125hz
model,4,young_20_29,7862,0,1,30,0.44055555555555564,0.45,0.0,combined_60hz_125hz
model,4,young_20_29,7862,0,2,30,0.5422222222222223,0.5333333333333333,0.0,combined_60hz_125hz
model,4,young_20_29,7862,0,3,30,0.63,0.6333333333333333,0.03333333333333333,combined_60hz_125hz
model,4,young_20_29,7862,0,4,30,0.726111111111111,0.725,0.0,combined_60hz_125hz
model,4,young_20_29,7862,1,1,31,0.6145161290322582,0.6333333333333333,0.3870967741935484,combined_60hz_125hz
model,4,young_20_29,7862,1,2,31,0.7672043010752689,0.7666666666666666,0.0967741935483871,combined_60hz_125hz
model,4,young_20_29,7862,1,3,30,0.8633333333333334,0.8666666666666667,0.06666666666666667,combined_60hz_125hz
model,4,young_20_29,7862,1,4,30,0.9911111111111112,0.975,0.06666666666666667,combined_60hz_125hz
model,4,young_20_29,677,1,1,29,0.5729885057471266,0.5833333333333334,0.3793103448275862,combined_60hz_125hz
model,4,young_20_29,677,1,2,28,0.7619047619047619,0.7666666666666666,0.14285714285714285,combined_60hz_125hz
model,4,young_20_29,677,1,3,28,0.8857142857142858,0.8916666666666666,0.0,combined_60hz_125hz
model,4,young_20_29,677,1,4,28,1.045238095238095,1.025,0.07142857142857142,combined_60hz_125hz
model,4,young_20_29,3875,1,1,77,0.6017316017316017,0.6166666666666667,0.22077922077922077,combined_60hz_125hz
model,4,young_20_29,3875,1,2,77,0.7632034632034632,0.7666666666666666,0.09090909090909091,combined_60hz_125hz
model,4,young_20_29,3875,1,3,77,0.8668831168831169,0.8666666666666667,0.07792207792207792,combined_60hz_125hz
model,4,young_20_29,3875,1,4,77,1.0086580086580088,0.9833333333333333,0.012987012987012988,combined_60hz_125hz
model,4,young_20_29,4790,0,1,25,0.41866666666666674,0.43333333333333335,0.0,combined_60hz_125hz
model,4,young_20_29,4790,0,2,25,0.5366666666666667,0.5333333333333333,0.0,combined_60hz_125hz
model,4,young_20_29,4790,0,3,25,0.6213333333333333,0.6166666666666667,0.0,combined_60hz_125hz
model,4,young_20_29,4790,0,4,24,0.736111111111111,0.7166666666666667,0.0,combined_60hz_125hz
model,4,young_20_29,1478,0,1,22,0.4424242424242424,0.45,0.0,combined_60hz_125hz
model,4,young_20_29,1478,0,2,22,0.5295454545454544,0.5333333333333333,0.0,combined_60hz_125hz
model,4,young_20_29,1478,0,3,22,0.6151515151515152,0.6083333333333334,0.0,combined_60hz_125hz
model,4,young_20_29,1478,0,4,22,0.7378787878787878,0.7083333333333333,0.0,combined_60hz_125hz
model,4,young_20_29,5256,0,1,23,0.42173913043478267,0.4166666666666667,0.0,combined_60hz_125hz
model,4,young_20_29,5256,0,2,23,0.5195652173913043,0.5166666666666666,0.043478260869565216,combined_60hz_125hz
model,4,young_20_29,5256,0,3,22,0.603030303030303,0.6,0.0,combined_60hz_125hz
model,4,young_20_29,5256,0,4,22,0.7159090909090907,0.7,0.0,combined_60hz_125hz
model,4,young_20_29,182,0,1,34,0.42156862745098034,0.42500000000000004,0.0,combined_60hz_125hz
model,4,young_20_29,182,0,2,34,0.5372549019607843,0.5333333333333333,0.0,combined_60hz_125hz
model,4,young_20_29,182,0,3,34,0.6161764705882353,0.6,0.058823529411764705,combined_60hz_125hz
model,4,young_20_29,182,0,4,34,0.753921568627451,0.75,0.08823529411764706,combined_60hz_125hz
model,4,young_20_29,4790,1,1,25,0.616,0.6166666666666667,0.24,combined_60hz_125hz
model,4,young_20_29,4790,1,2,25,0.7593333333333332,0.75,0.12,combined_60hz_125hz
model,4,young_20_29,4790,1,3,24,0.8826388888888889,0.8833333333333333,0.08333333333333333,combined_60hz_125hz
model,4,young_20_29,4790,1,4,24,1.0534722222222224,1.0416666666666665,0.0,combined_60hz_125hz
model,4,young_20_29,1478,1,1,22,0.5712121212121212,0.6083333333333334,0.36363636363636365,combined_60hz_125hz
model,4,young_20_29,1478,1,2,22,0.7401515151515152,0.7416666666666667,0.045454545454545456,combined_60hz_125hz
model,4,young_20_29,1478,1,3,22,0.8803030303030304,0.8666666666666667,0.0,combined_60hz_125hz
model,4,young_20_29,1478,1,4,21,1.0825396825396827,1.0666666666666667,0.0,combined_60hz_125hz
model,4,young_20_29,4398,1,1,27,0.5851851851851853,0.6166666666666667,0.25925925925925924,combined_60hz_125hz
model,4,young_20_29,4398,1,2,27,0.752469135802469,0.75,0.1111111111111111,combined_60hz_125hz
model,4,young_20_29,4398,1,3,26,0.8891025641025642,0.8999999999999999,0.038461538461538464,combined_60hz_125hz
model,4,young_20_29,4398,1,4,26,1.0596153846153846,1.025,0.0,combined_60hz_125hz
model,4,young_20_29,4398,0,1,27,0.40987654320987654,0.4166666666666667,0.0,combined_60hz_125hz
model,4,young_20_29,4398,0,2,27,0.5450617283950618,0.55,0.037037037037037035,combined_60hz_125hz
model,4,young_20_29,4398,0,3,26,0.6147435897435898,0.6166666666666667,0.0,combined_60hz_125hz
model,4,young_20_29,4398,0,4,26,0.7243589743589745,0.7083333333333333,0.07692307692307693,combined_60hz_125hz
model,4,young_20_29,2553,0,1,27,0.39691358024691353,0.4,0.0,combined_60hz_125hz
model,4,young_20_29,2553,0,2,26,0.5243589743589744,0.5166666666666666,0.038461538461538464,combined_60hz_125hz
model,4,young_20_29,2553,0,3,26,0.6128205128205129,0.6166666666666667,0.0,combined_60hz_125hz
model,4,young_20_29,2553,0,4,26,0.7108974358974358,0.7,0.0,combined_60hz_125hz
model,4,older_80_89,6609,0,1,171,0.4910331384015594,0.5166666666666666,0.005847953216374269,combined_60hz_125hz
model,4,older_80_89,6609,0,2,171,0.71364522417154,0.7166666666666667,0.0,combined_60hz_125hz
model,4,older_80_89,6609,0,3,171,0.8924951267056531,0.9,0.017543859649122806,combined_60hz_125hz
model,4,older_80_89,6609,0,4,171,1.1461013645224172,1.1,0.005847953216374269,combined_60hz_125hz
model,4,older_80_89,984,0,1,172,0.484593023255814,0.5083333333333333,0.005813953488372093,combined_60hz_125hz
model,4,older_80_89,984,0,2,172,0.7124031007751939,0.7166666666666667,0.011627906976744186,combined_60hz_125hz
model,4,older_80_89,984,0,3,172,0.8621124031007752,0.8666666666666667,0.011627906976744186,combined_60hz_125hz
model,4,older_80_89,984,0,4,172,1.1000968992248061,1.0666666666666667,0.023255813953488372,combined_60hz_125hz
model,4,older_80_89,6609,1,1,172,0.7668604651162791,0.8,0.12209302325581395,combined_60hz_125hz
model,4,older_80_89,6609,1,2,171,1.011111111111111,1.0166666666666666,0.04678362573099415,combined_60hz_125hz
model,4,older_80_89,6609,1,3,171,1.1989278752436647,1.2,0.05263157894736842,combined_60hz_125hz
model,4,older_80_89,6609,1,4,171,1.4805068226120857,1.4333333333333333,0.03508771929824561,combined_60hz_125hz
model,4,older_80_89,2410,0,1,157,0.5134819532908704,0.5333333333333333,0.006369426751592357,combined_60hz_125hz
model,4,older_80_89,2410,0,2,157,0.7223991507430998,0.7166666666666667,0.0,combined_60hz_125hz
model,4,older_80_89,2410,0,3,157,0.8870488322717623,0.8833333333333333,0.03184713375796178,combined_60hz_125hz
model,4,older_80_89,2410,0,4,156,1.1371794871794871,1.1,0.00641025641025641,combined_60hz_125hz
model,4,older_80_89,984,1,1,170,0.7631372549019608,0.8,0.11764705882352941,combined_60hz_125hz
model,4,older_80_89,984,1,2,170,0.9985294117647059,1.0,0.052941176470588235,combined_60hz_125hz
model,4,older_80_89,984,1,3,170,1.172450980392157,1.1666666666666667,0.041176470588235294,combined_60hz_125hz
model,4,older_80_89,984,1,4,170,1.4576470588235295,1.4333333333333333,0.023529411764705882,combined_60hz_125hz
model,4,older_80_89,3403,0,1,128,0.5352864583333333,0.55,0.0078125,combined_60hz_125hz
model,4,older_80_89,3403,0,2,128,0.721484375,0.7166666666666667,0.015625,combined_60hz_125hz
model,4,older_80_89,3403,0,3,127,0.8761154855643044,0.8833333333333333,0.0,combined_60hz_125hz
model,4,older_80_89,3403,0,4,127,1.1489501312335957,1.1166666666666667,0.007874015748031496,combined_60hz_125hz
model,4,older_80_89,3403,1,1,127,0.7741469816272967,0.8166666666666667,0.14173228346456693,combined_60hz_125hz
model,4,older_80_89,3403,1,2,126,1.0185185185185184,1.0166666666666666,0.06349206349206349,combined_60hz_125hz
model,4,older_80_89,3403,1,3,126,1.1903439153439155,1.1666666666666667,0.031746031746031744,combined_60hz_125hz
model,4,older_80_89,3403,1,4,126,1.4944444444444445,1.4666666666666666,0.015873015873015872,combined_60hz_125hz
model,4,older_80_89,2410,1,1,156,0.78258547008547,0.8166666666666667,0.07051282051282051,combined_60hz_125hz
model,4,older_80_89,2410,1,2,155,1.0292473118279568,1.0333333333333332,0.025806451612903226,combined_60hz_125hz
model,4,older_80_89,2410,1,3,155,1.209247311827957,1.2166666666666666,0.03870967741935484,combined_60hz_125hz
model,4,older_80_89,2410,1,4,155,1.467741935483871,1.45,0.03225806451612903,combined_60hz_125hz
model,5,young_20_29,2918,0,1,163,0.4176891615541923,0.43333333333333335,0.03680981595092025,combined_60hz_125hz
model,5,young_20_29,2918,0,2,162,0.5309670781893003,0.5333333333333333,0.006172839506172839,combined_60hz_125hz
model,5,young_20_29,2918,0,3,162,0.6174897119341564,0.6166666666666667,0.018518518518518517,combined_60hz_125hz
model,5,young_20_29,2918,0,4,162,0.7393004115226338,0.7333333333333333,0.006172839506172839,combined_60hz_125hz
model,5,young_20_29,2918,1,1,162,0.5937242798353909,0.6,0.3271604938271605,combined_60hz_125hz
model,5,young_20_29,2918,1,2,162,0.7606995884773662,0.7666666666666666,0.13580246913580246,combined_60hz_125hz
model,5,young_20_29,2918,1,3,162,0.872119341563786,0.8666666666666667,0.10493827160493827,combined_60hz_125hz
model,5,young_20_29,2918,1,4,162,1.0333333333333332,1.0166666666666666,0.024691358024691357,combined_60hz_125hz
model,5,young_20_29,899,1,1,26,0.6282051282051282,0.6583333333333333,0.2692307692307692,combined_60hz_125hz
model,5,young_20_29,899,1,2,25,0.7486666666666666,0.75,0.28,combined_60hz_125hz
model,5,young_20_29,899,1,3,25,0.8626666666666667,0.8666666666666667,0.08,combined_60hz_125hz
model,5,young_20_29,899,1,4,25,1.0306666666666664,1.0166666666666666,0.0,combined_60hz_125hz
model,5,young_20_29,182,1,1,34,0.5862745098039217,0.6083333333333334,0.3235294117647059,combined_60hz_125hz
model,5,young_20_29,182,1,2,34,0.7495098039215686,0.75,0.14705882352941177,combined_60hz_125hz
model,5,young_20_29,182,1,3,34,0.8730392156862745,0.8666666666666667,0.08823529411764706,combined_60hz_125hz
model,5,young_20_29,182,1,4,33,1.0292929292929291,1.0166666666666666,0.030303030303030304,combined_60hz_125hz
model,5,young_20_29,5256,1,1,24,0.6041666666666666,0.6333333333333333,0.25,combined_60hz_125hz
model,5,young_20_29,5256,1,2,23,0.7666666666666666,0.7666666666666666,0.0,combined_60hz_125hz
model,5,young_20_29,5256,1,3,23,0.883333333333333,0.8833333333333333,0.13043478260869565,combined_60hz_125hz
model,5,young_20_29,5256,1,4,23,1.029710144927536,1.0,0.043478260869565216,combined_60hz_125hz
model,5,young_20_29,3875,0,1,77,0.41904761904761906,0.43333333333333335,0.03896103896103896,combined_60hz_125hz
model,5,young_20_29,3875,0,2,77,0.5341991341991341,0.5333333333333333,0.012987012987012988,combined_60hz_125hz
model,5,young_20_29,3875,0,3,77,0.620995670995671,0.6166666666666667,0.025974025974025976,combined_60hz_125hz
model,5,young_20_29,3875,0,4,76,0.7445175438596492,0.725,0.02631578947368421,combined_60hz_125hz
model,5,young_20_29,899,0,1,26,0.41410256410256413,0.42500000000000004,0.038461538461538464,combined_60hz_125hz
model,5,young_20_29,899,0,2,26,0.5173076923076922,0.5166666666666666,0.0,combined_60hz_125hz
model,5,young_20_29,899,0,3,25,0.6173333333333333,0.6166666666666667,0.0,combined_60hz_125hz
model,5,young_20_29,899,0,4,25,0.7366666666666667,0.7166666666666667,0.0,combined_60hz_125hz
model,5,young_20_29,677,0,1,29,0.3862068965517242,0.3833333333333333,0.10344827586206896,combined_60hz_125hz
model,5,young_20_29,677,0,2,28,0.5297619047619048,0.5333333333333333,0.07142857142857142,combined_60hz_125hz
model,5,young_20_29,677,0,3,28,0.6095238095238097,0.6166666666666667,0.0,combined_60hz_125hz
model,5,young_20_29,677,0,4,28,0.7464285714285713,0.7416666666666667,0.0,combined_60hz_125hz
model,5,young_20_29,5675,0,1,147,0.422108843537415,0.43333333333333335,0.013605442176870748,combined_60hz_125hz
model,5,young_20_29,5675,0,2,147,0.54421768707483,0.55,0.013605442176870748,combined_60hz_125hz
model,5,young_20_29,5675,0,3,147,0.6306122448979591,0.6333333333333333,0.013605442176870748,combined_60hz_125hz
model,5,young_20_29,5675,0,4,146,0.7492009132420091,0.7333333333333333,0.0136986301369863,combined_60hz_125hz
model,5,young_20_29,5675,1,1,145,0.5960919540229885,0.6333333333333333,0.3931034482758621,combined_60hz_125hz
model,5,young_20_29,5675,1,2,145,0.7667816091954023,0.7666666666666666,0.1103448275862069,combined_60hz_125hz
model,5,young_20_29,5675,1,3,145,0.8854022988505746,0.8833333333333333,0.05517241379310345,combined_60hz_125hz
model,5,young_20_29,5675,1,4,145,1.0542528735632184,1.0333333333333332,0.013793103448275862,combined_60hz_125hz
model,5,young_20_29,2553,1,1,27,0.6351851851851852,0.65,0.14814814814814814,combined_60hz_125hz
model,5,young_20_29,2553,1,2,27,0.7851851851851853,0.7833333333333333,0.1111111111111111,combined_60hz_125hz
model,5,young_20_29,2553,1,3,27,0.8962962962962963,0.9,0.07407407407407407,combined_60hz_125hz
model,5,young_20_29,2553,1,4,26,1.067307692307692,1.0333333333333332,0.0,combined_60hz_125hz
model,5,young_20_29,7862,0,1,30,0.45333333333333325,0.4666666666666667,0.0,combined_60hz_125hz
model,5,young_20_29,7862,0,2,30,0.5527777777777777,0.55,0.03333333333333333,combined_60hz_125hz
model,5,young_20_29,7862,0,3,30,0.625,0.625,0.03333333333333333,combined_60hz_125hz
model,5,young_20_29,7862,0,4,30,0.731111111111111,0.7166666666666667,0.0,combined_60hz_125hz
model,5,young_20_29,7862,1,1,31,0.6155913978494625,0.6833333333333333,0.3225806451612903,combined_60hz_125hz
model,5,young_20_29,7862,1,2,31,0.7736559139784946,0.7666666666666666,0.0967741935483871,combined_60hz_125hz
model,5,young_20_29,7862,1,3,30,0.8694444444444444,0.875,0.06666666666666667,combined_60hz_125hz
model,5,young_20_29,7862,1,4,30,0.9966666666666668,0.975,0.0,combined_60hz_125hz
model,5,young_20_29,677,1,1,29,0.593103448275862,0.6333333333333333,0.3448275862068966,combined_60hz_125hz
model,5,young_20_29,677,1,2,28,0.7666666666666667,0.7583333333333333,0.10714285714285714,combined_60hz_125hz
model,5,young_20_29,677,1,3,28,0.8910714285714286,0.8916666666666666,0.0,combined_60hz_125hz
model,5,young_20_29,677,1,4,28,1.0404761904761906,1.0,0.0,combined_60hz_125hz
model,5,young_20_29,3875,1,1,77,0.6012987012987012,0.6333333333333333,0.2727272727272727,combined_60hz_125hz
model,5,young_20_29,3875,1,2,77,0.7510822510822511,0.75,0.09090909090909091,combined_60hz_125hz
model,5,young_20_29,3875,1,3,77,0.8545454545454543,0.85,0.1038961038961039,combined_60hz_125hz
model,5,young_20_29,3875,1,4,77,0.998701298701299,0.9833333333333333,0.05194805194805195,combined_60hz_125hz
model,5,young_20_29,4790,0,1,25,0.4093333333333333,0.43333333333333335,0.0,combined_60hz_125hz
model,5,young_20_29,4790,0,2,25,0.5453333333333333,0.55,0.04,combined_60hz_125hz
model,5,young_20_29,4790,0,3,25,0.632,0.6333333333333333,0.04,combined_60hz_125hz
model,5,young_20_29,4790,0,4,24,0.7493055555555556,0.725,0.0,combined_60hz_125hz
model,5,young_20_29,1478,0,1,22,0.4196969696969697,0.43333333333333335,0.0,combined_60hz_125hz
model,5,young_20_29,1478,0,2,22,0.5250000000000001,0.5249999999999999,0.09090909090909091,combined_60hz_125hz
model,5,young_20_29,1478,0,3,22,0.6234848484848484,0.625,0.0,combined_60hz_125hz
model,5,young_20_29,1478,0,4,22,0.753030303030303,0.7166666666666666,0.0,combined_60hz_125hz
model,5,young_20_29,5256,0,1,23,0.417391304347826,0.4166666666666667,0.0,combined_60hz_125hz
model,5,young_20_29,5256,0,2,23,0.5166666666666666,0.5166666666666666,0.043478260869565216,combined_60hz_125hz
model,5,young_20_29,5256,0,3,22,0.5939393939393939,0.6,0.0,combined_60hz_125hz
model,5,young_20_29,5256,0,4,22,0.7098484848484847,0.6833333333333333,0.0,combined_60hz_125hz
model,5,young_20_29,182,0,1,34,0.4107843137254902,0.4166666666666667,0.029411764705882353,combined_60hz_125hz
model,5,young_20_29,182,0,2,34,0.5274509803921569,0.5333333333333333,0.0,combined_60hz_125hz
model,5,young_20_29,182,0,3,34,0.6142156862745098,0.6,0.029411764705882353,combined_60hz_125hz
model,5,young_20_29,182,0,4,34,0.7485294117647059,0.7333333333333333,0.0,combined_60hz_125hz
model,5,young_20_29,4790,1,1,25,0.618,0.6166666666666667,0.28,combined_60hz_125hz
model,5,young_20_29,4790,1,2,25,0.7613333333333334,0.7666666666666666,0.16,combined_60hz_125hz
model,5,young_20_29,4790,1,3,24,0.8736111111111112,0.875,0.125,combined_60hz_125hz
model,5,young_20_29,4790,1,4,24,1.0472222222222223,1.0333333333333332,0.08333333333333333,combined_60hz_125hz
model,5,young_20_29,1478,1,1,22,0.5674242424242424,0.575,0.3181818181818182,combined_60hz_125hz
model,5,young_20_29,1478,1,2,22,0.7348484848484848,0.7333333333333333,0.22727272727272727,combined_60hz_125hz
model,5,young_20_29,1478,1,3,22,0.8704545454545454,0.8583333333333334,0.045454545454545456,combined_60hz_125hz
model,5,young_20_29,1478,1,4,21,1.08015873015873,1.0666666666666667,0.047619047619047616,combined_60hz_125hz
model,5,young_20_29,4398,1,1,27,0.5722222222222223,0.6,0.2222222222222222,combined_60hz_125hz
model,5,young_20_29,4398,1,2,27,0.7493827160493827,0.75,0.1111111111111111,combined_60hz_125hz
model,5,young_20_29,4398,1,3,26,0.8730769230769231,0.8833333333333333,0.0,combined_60hz_125hz
model,5,young_20_29,4398,1,4,26,1.066025641025641,1.0583333333333333,0.0,combined_60hz_125hz
model,5,young_20_29,4398,0,1,27,0.41604938271604935,0.43333333333333335,0.0,combined_60hz_125hz
model,5,young_20_29,4398,0,2,27,0.5333333333333334,0.5333333333333333,0.037037037037037035,combined_60hz_125hz
model,5,young_20_29,4398,0,3,26,0.6160256410256412,0.6166666666666667,0.0,combined_60hz_125hz
model,5,young_20_29,4398,0,4,26,0.7192307692307692,0.7083333333333333,0.0,combined_60hz_125hz
model,5,young_20_29,2553,0,1,27,0.41604938271604935,0.43333333333333335,0.0,combined_60hz_125hz
model,5,young_20_29,2553,0,2,26,0.5326923076923078,0.5416666666666667,0.038461538461538464,combined_60hz_125hz
model,5,young_20_29,2553,0,3,26,0.6038461538461539,0.6,0.0,combined_60hz_125hz
model,5,young_20_29,2553,0,4,26,0.7128205128205128,0.7,0.07692307692307693,combined_60hz_125hz
model,5,older_80_89,6609,0,1,171,0.4923976608187134,0.5166666666666666,0.029239766081871343,combined_60hz_125hz
model,5,older_80_89,6609,0,2,171,0.7120857699805069,0.7166666666666667,0.005847953216374269,combined_60hz_125hz
model,5,older_80_89,6609,0,3,171,0.8719298245614037,0.8666666666666667,0.011695906432748537,combined_60hz_125hz
model,5,older_80_89,6609,0,4,171,1.137231968810916,1.0833333333333333,0.0,combined_60hz_125hz
model,5,older_80_89,984,0,1,172,0.4773255813953488,0.5,0.011627906976744186,combined_60hz_125hz
model,5,older_80_89,984,0,2,172,0.7061046511627908,0.7,0.005813953488372093,combined_60hz_125hz
model,5,older_80_89,984,0,3,172,0.8590116279069767,0.8666666666666667,0.005813953488372093,combined_60hz_125hz
model,5,older_80_89,984,0,4,172,1.1179263565891473,1.0833333333333333,0.011627906976744186,combined_60hz_125hz
model,5,older_80_89,6609,1,1,172,0.7660852713178293,0.8,0.13372093023255813,combined_60hz_125hz
model,5,older_80_89,6609,1,2,171,1.009259259259259,1.0,0.07017543859649122,combined_60hz_125hz
model,5,older_80_89,6609,1,3,171,1.1879142300194931,1.1833333333333333,0.05263157894736842,combined_60hz_125hz
model,5,older_80_89,6609,1,4,171,1.4844054580896688,1.4333333333333333,0.03508771929824561,combined_60hz_125hz
model,5,older_80_89,2410,0,1,157,0.5097664543524416,0.5333333333333333,0.006369426751592357,combined_60hz_125hz
model,5,older_80_89,2410,0,2,157,0.7253715498938429,0.7166666666666667,0.01910828025477707,combined_60hz_125hz
model,5,older_80_89,2410,0,3,157,0.88619957537155,0.8833333333333333,0.006369426751592357,combined_60hz_125hz
model,5,older_80_89,2410,0,4,156,1.1310897435897436,1.1,0.02564102564102564,combined_60hz_125hz
model,5,older_80_89,984,1,1,170,0.7627450980392158,0.7916666666666667,0.11764705882352941,combined_60hz_125hz
model,5,older_80_89,984,1,2,170,1.0152941176470587,1.0166666666666666,0.058823529411764705,combined_60hz_125hz
model,5,older_80_89,984,1,3,170,1.1999019607843138,1.2,0.023529411764705882,combined_60hz_125hz
model,5,older_80_89,984,1,4,170,1.464705882352941,1.4,0.011764705882352941,combined_60hz_125hz
model,5,older_80_89,3403,0,1,128,0.519140625,0.5333333333333333,0.0078125,combined_60hz_125hz
model,5,older_80_89,3403,0,2,128,0.7467447916666665,0.75,0.0078125,combined_60hz_125hz
model,5,older_80_89,3403,0,3,127,0.8985564304461943,0.9,0.007874015748031496,combined_60hz_125hz
model,5,older_80_89,3403,0,4,127,1.1461942257217852,1.1,0.0,combined_60hz_125hz
model,5,older_80_89,3403,1,1,127,0.7650918635170604,0.7833333333333333,0.11811023622047244,combined_60hz_125hz
model,5,older_80_89,3403,1,2,126,1.0123015873015873,1.0166666666666666,0.07936507936507936,combined_60hz_125hz
model,5,older_80_89,3403,1,3,126,1.1810846560846557,1.1666666666666667,0.05555555555555555,combined_60hz_125hz
model,5,older_80_89,3403,1,4,126,1.4539682539682544,1.4166666666666667,0.047619047619047616,combined_60hz_125hz
model,5,older_80_89,2410,1,1,156,0.7872863247863248,0.8166666666666667,0.1282051282051282,combined_60hz_125hz
model,5,older_80_89,2410,1,2,155,1.02505376344086,1.0333333333333332,0.03870967741935484,combined_60hz_125hz
model,5,older_80_89,2410,1,3,155,1.2079569892473117,1.2166666666666666,0.05161290322580645,combined_60hz_125hz
model,5,older_80_89,2410,1,4,155,1.4837634408602147,1.45,0.012903225806451613,combined_60hz_125hz
model,6,young_20_29,2918,0,1,163,0.41083844580777096,0.4166666666666667,0.012269938650306749,combined_60hz_125hz
model,6,young_20_29,2918,0,2,162,0.5299382716049382,0.5333333333333333,0.012345679012345678,combined_60hz_125hz
model,6,young_20_29,2918,0,3,162,0.6161522633744857,0.6166666666666667,0.030864197530864196,combined_60hz_125hz
model,6,young_20_29,2918,0,4,162,0.7473251028806585,0.7333333333333333,0.012345679012345678,combined_60hz_125hz
model,6,young_20_29,2918,1,1,162,0.5911522633744855,0.6166666666666667,0.35802469135802467,combined_60hz_125hz
model,6,young_20_29,2918,1,2,162,0.7616255144032922,0.7666666666666666,0.09876543209876543,combined_60hz_125hz
model,6,young_20_29,2918,1,3,162,0.876954732510288,0.8833333333333333,0.06790123456790123,combined_60hz_125hz
model,6,young_20_29,2918,1,4,162,1.0324074074074074,1.0166666666666666,0.006172839506172839,combined_60hz_125hz
model,6,young_20_29,899,1,1,26,0.6102564102564103,0.6416666666666666,0.2692307692307692,combined_60hz_125hz
model,6,young_20_29,899,1,2,25,0.7506666666666666,0.75,0.2,combined_60hz_125hz
model,6,young_20_29,899,1,3,25,0.8800000000000001,0.8833333333333333,0.08,combined_60hz_125hz
model,6,young_20_29,899,1,4,25,1.0486666666666666,1.0333333333333332,0.04,combined_60hz_125hz
model,6,young_20_29,182,1,1,34,0.5926470588235294,0.6166666666666667,0.35294117647058826,combined_60hz_125hz
model,6,young_20_29,182,1,2,34,0.7598039215686273,0.7583333333333333,0.08823529411764706,combined_60hz_125hz
model,6,young_20_29,182,1,3,34,0.877450980392157,0.875,0.058823529411764705,combined_60hz_125hz
model,6,young_20_29,182,1,4,33,1.0469696969696967,1.0333333333333332,0.0,combined_60hz_125hz
model,6,young_20_29,5256,1,1,24,0.5909722222222222,0.5833333333333334,0.25,combined_60hz_125hz
model,6,young_20_29,5256,1,2,23,0.7739130434782607,0.7666666666666666,0.0,combined_60hz_125hz
model,6,young_20_29,5256,1,3,23,0.8913043478260869,0.9,0.08695652173913043,combined_60hz_125hz
model,6,young_20_29,5256,1,4,23,1.0311594202898549,1.0333333333333332,0.13043478260869565,combined_60hz_125hz
model,6,young_20_29,3875,0,1,77,0.42121212121212126,0.45,0.012987012987012988,combined_60hz_125hz
model,6,young_20_29,3875,0,2,77,0.5341991341991342,0.5333333333333333,0.03896103896103896,combined_60hz_125hz
model,6,young_20_29,3875,0,3,77,0.620995670995671,0.6166666666666667,0.012987012987012988,combined_60hz_125hz
model,6,young_20_29,3875,0,4,76,0.7427631578947369,0.725,0.013157894736842105,combined_60hz_125hz
model,6,young_20_29,899,0,1,26,0.39935897435897433,0.4166666666666667,0.0,combined_60hz_125hz
model,6,young_20_29,899,0,2,26,0.5147435897435897,0.5166666666666666,0.0,combined_60hz_125hz
model,6,young_20_29,899,0,3,25,0.6146666666666667,0.6166666666666667,0.0,combined_60hz_125hz
model,6,young_20_29,899,0,4,25,0.742,0.7166666666666667,0.0,combined_60hz_125hz
model,6,young_20_29,677,0,1,29,0.39597701149425285,0.4,0.0,combined_60hz_125hz
model,6,young_20_29,677,0,2,28,0.5202380952380953,0.5166666666666666,0.0,combined_60hz_125hz
model,6,young_20_29,677,0,3,28,0.6077380952380953,0.6,0.0,combined_60hz_125hz
model,6,young_20_29,677,0,4,28,0.7666666666666666,0.7333333333333333,0.0,combined_60hz_125hz
model,6,young_20_29,5675,0,1,147,0.41564625850340137,0.43333333333333335,0.027210884353741496,combined_60hz_125hz
model,6,young_20_29,5675,0,2,147,0.5375283446712018,0.5333333333333333,0.006802721088435374,combined_60hz_125hz
model,6,young_20_29,5675,0,3,147,0.6295918367346939,0.6333333333333333,0.027210884353741496,combined_60hz_125hz
model,6,young_20_29,5675,0,4,146,0.7441780821917808,0.7333333333333333,0.02054794520547945,combined_60hz_125hz
model,6,young_20_29,5675,1,1,145,0.5995402298850575,0.6166666666666667,0.3931034482758621,combined_60hz_125hz
model,6,young_20_29,5675,1,2,145,0.769080459770115,0.7666666666666666,0.11724137931034483,combined_60hz_125hz
model,6,young_20_29,5675,1,3,145,0.8845977011494252,0.8833333333333333,0.09655172413793103,combined_60hz_125hz
model,6,young_20_29,5675,1,4,145,1.0489655172413792,1.0333333333333332,0.006896551724137931,combined_60hz_125hz
model,6,young_20_29,2553,1,1,27,0.6549382716049382,0.6666666666666666,0.18518518518518517,combined_60hz_125hz
model,6,young_20_29,2553,1,2,27,0.7765432098765431,0.7666666666666666,0.1111111111111111,combined_60hz_125hz
model,6,young_20_29,2553,1,3,27,0.8876543209876544,0.8833333333333333,0.037037037037037035,combined_60hz_125hz
model,6,young_20_29,2553,1,4,26,1.0455128205128204,1.0333333333333332,0.0,combined_60hz_125hz
model,6,young_20_29,7862,0,1,30,0.44555555555555554,0.45,0.03333333333333333,combined_60hz_125hz
model,6,young_20_29,7862,0,2,30,0.5472222222222222,0.55,0.03333333333333333,combined_60hz_125hz
model,6,young_20_29,7862,0,3,30,0.6272222222222222,0.6333333333333333,0.06666666666666667,combined_60hz_125hz
model,6,young_20_29,7862,0,4,30,0.7300000000000001,0.7166666666666667,0.06666666666666667,combined_60hz_125hz
model,6,young_20_29,7862,1,1,31,0.6215053763440861,0.65,0.3548387096774194,combined_60hz_125hz
model,6,young_20_29,7862,1,2,31,0.7645161290322582,0.7666666666666666,0.1935483870967742,combined_60hz_125hz
model,6,young_20_29,7862,1,3,30,0.8744444444444446,0.8833333333333333,0.0,combined_60hz_125hz
model,6,young_20_29,7862,1,4,30,1.0161111111111112,0.9833333333333333,0.03333333333333333,combined_60hz_125hz
model,6,young_20_29,677,1,1,29,0.5793103448275863,0.6,0.4482758620689655,combined_60hz_125hz
model,6,young_20_29,677,1,2,28,0.755357142857143,0.75,0.25,combined_60hz_125hz
model,6,young_20_29,677,1,3,28,0.8821428571428572,0.9,0.0,combined_60hz_125hz
model,6,young_20_29,677,1,4,28,1.0470238095238096,1.0166666666666666,0.0,combined_60hz_125hz
model,6,young_20_29,3875,1,1,77,0.6106060606060605,0.6166666666666667,0.22077922077922077,combined_60hz_125hz
model,6,young_20_29,3875,1,2,77,0.7556277056277056,0.7666666666666666,0.12987012987012986,combined_60hz_125hz
model,6,young_20_29,3875,1,3,77,0.861038961038961,0.8666666666666667,0.06493506493506493,combined_60hz_125hz
model,6,young_20_29,3875,1,4,77,1.0086580086580088,0.9833333333333333,0.03896103896103896,combined_60hz_125hz
model,6,young_20_29,4790,0,1,25,0.4193333333333334,0.4166666666666667,0.04,combined_60hz_125hz
model,6,young_20_29,4790,0,2,25,0.5433333333333333,0.55,0.0,combined_60hz_125hz
model,6,young_20_29,4790,0,3,25,0.6266666666666667,0.6333333333333333,0.0,combined_60hz_125hz
model,6,young_20_29,4790,0,4,24,0.74375,0.7333333333333333,0.041666666666666664,combined_60hz_125hz
model,6,young_20_29,1478,0,1,22,0.42424242424242425,0.42500000000000004,0.045454545454545456,combined_60hz_125hz
model,6,young_20_29,1478,0,2,22,0.5204545454545455,0.5166666666666666,0.0,combined_60hz_125hz
model,6,young_20_29,1478,0,3,22,0.6219696969696971,0.6166666666666667,0.0,combined_60hz_125hz
model,6,young_20_29,1478,0,4,22,0.7484848484848484,0.725,0.09090909090909091,combined_60hz_125hz
model,6,young_20_29,5256,0,1,23,0.3992753623188406,0.4,0.043478260869565216,combined_60hz_125hz
model,6,young_20_29,5256,0,2,23,0.5246376811594201,0.5166666666666666,0.043478260869565216,combined_60hz_125hz
model,6,young_20_29,5256,0,3,22,0.6166666666666667,0.6166666666666667,0.0,combined_60hz_125hz
model,6,young_20_29,5256,0,4,22,0.7378787878787879,0.7,0.045454545454545456,combined_60hz_125hz
model,6,young_20_29,182,0,1,34,0.4161764705882353,0.43333333333333335,0.029411764705882353,combined_60hz_125hz
model,6,young_20_29,182,0,2,34,0.5308823529411764,0.5333333333333333,0.0,combined_60hz_125hz
model,6,young_20_29,182,0,3,34,0.615686274509804,0.6166666666666667,0.029411764705882353,combined_60hz_125hz
model,6,young_20_29,182,0,4,34,0.7622549019607842,0.75,0.0,combined_60hz_125hz
model,6,young_20_29,4790,1,1,25,0.6133333333333334,0.6166666666666667,0.32,combined_60hz_125hz
model,6,young_20_29,4790,1,2,25,0.7553333333333333,0.75,0.04,combined_60hz_125hz
model,6,young_20_29,4790,1,3,24,0.8680555555555557,0.8666666666666667,0.125,combined_60hz_125hz
model,6,young_20_29,4790,1,4,24,1.051388888888889,1.0333333333333332,0.0,combined_60hz_125hz
model,6,young_20_29,1478,1,1,22,0.5606060606060607,0.5833333333333334,0.4090909090909091,combined_60hz_125hz
model,6,young_20_29,1478,1,2,22,0.75,0.75,0.045454545454545456,combined_60hz_125hz
model,6,young_20_29,1478,1,3,22,0.8924242424242425,0.8833333333333333,0.09090909090909091,combined_60hz_125hz
model,6,young_20_29,1478,1,4,21,1.0634920634920635,1.0333333333333332,0.047619047619047616,combined_60hz_125hz
model,6,young_20_29,4398,1,1,27,0.5746913580246914,0.5833333333333334,0.2962962962962963,combined_60hz_125hz
model,6,young_20_29,4398,1,2,27,0.7592592592592591,0.7666666666666666,0.0,combined_60hz_125hz
model,6,young_20_29,4398,1,3,26,0.8807692307692309,0.875,0.07692307692307693,combined_60hz_125hz
model,6,young_20_29,4398,1,4,26,1.0743589743589743,1.05,0.0,combined_60hz_125hz
model,6,young_20_29,4398,0,1,27,0.4302469135802469,0.45,0.037037037037037035,combined_60hz_125hz
model,6,young_20_29,4398,0,2,27,0.5364197530864198,0.5333333333333333,0.0,combined_60hz_125hz
model,6,young_20_29,4398,0,3,26,0.6192307692307693,0.6166666666666667,0.038461538461538464,combined_60hz_125hz
model,6,young_20_29,4398,0,4,26,0.7384615384615383,0.7333333333333333,0.0,combined_60hz_125hz
model,6,young_20_29,2553,0,1,27,0.40370370370370373,0.4,0.037037037037037035,combined_60hz_125hz
model,6,young_20_29,2553,0,2,26,0.5301282051282052,0.5333333333333333,0.0,combined_60hz_125hz
model,6,young_20_29,2553,0,3,26,0.5897435897435898,0.5833333333333334,0.038461538461538464,combined_60hz_125hz
model,6,young_20_29,2553,0,4,26,0.7205128205128204,0.7083333333333333,0.0,combined_60hz_125hz
model,6,older_80_89,6609,0,1,171,0.48986354775828467,0.5166666666666666,0.0,combined_60hz_125hz
model,6,older_80_89,6609,0,2,171,0.7126705653021443,0.7166666666666667,0.005847953216374269,combined_60hz_125hz
model,6,older_80_89,6609,0,3,171,0.8672514619883042,0.8666666666666667,0.011695906432748537,combined_60hz_125hz
model,6,older_80_89,6609,0,4,171,1.1340155945419101,1.1,0.011695906432748537,combined_60hz_125hz
model,6,older_80_89,984,0,1,172,0.47286821705426363,0.5,0.005813953488372093,combined_60hz_125hz
model,6,older_80_89,984,0,2,172,0.6997093023255814,0.7,0.011627906976744186,combined_60hz_125hz
model,6,older_80_89,984,0,3,172,0.8532945736434108,0.85,0.0,combined_60hz_125hz
model,6,older_80_89,984,0,4,172,1.114341085271318,1.075,0.005813953488372093,combined_60hz_125hz
model,6,older_80_89,6609,1,1,172,0.7515503875968992,0.7833333333333333,0.11627906976744186,combined_60hz_125hz
model,6,older_80_89,6609,1,2,171,0.9956140350877193,1.0,0.04093567251461988,combined_60hz_125hz
model,6,older_80_89,6609,1,3,171,1.1861598440545809,1.1833333333333333,0.04678362573099415,combined_60hz_125hz
model,6,older_80_89,6609,1,4,171,1.454288499025341,1.4166666666666667,0.07017543859649122,combined_60hz_125hz
model,6,older_80_89,2410,0,1,157,0.5061571125265393,0.5333333333333333,0.006369426751592357,combined_60hz_125hz
model,6,older_80_89,2410,0,2,157,0.7296178343949046,0.7166666666666667,0.0,combined_60hz_125hz
model,6,older_80_89,2410,0,3,157,0.8912951167728238,0.9,0.0,combined_60hz_125hz
model,6,older_80_89,2410,0,4,156,1.1451923076923076,1.1083333333333334,0.00641025641025641,combined_60hz_125hz
model,6,older_80_89,984,1,1,170,0.7641176470588236,0.8,0.09411764705882353,combined_60hz_125hz
model,6,older_80_89,984,1,2,170,1.0159803921568626,1.0166666666666666,0.047058823529411764,combined_60hz_125hz
model,6,older_80_89,984,1,3,170,1.1959803921568628,1.1833333333333333,0.029411764705882353,combined_60hz_125hz
model,6,older_80_89,984,1,4,170,1.488137254901961,1.425,0.041176470588235294,combined_60hz_125hz
model,6,older_80_89,3403,0,1,128,0.52578125,0.5333333333333333,0.015625,combined_60hz_125hz
model,6,older_80_89,3403,0,2,128,0.7266927083333332,0.7333333333333333,0.015625,combined_60hz_125hz
model,6,older_80_89,3403,0,3,127,0.8923884514435695,0.9,0.023622047244094488,combined_60hz_125hz
model,6,older_80_89,3403,0,4,127,1.173753280839895,1.1166666666666667,0.0,combined_60hz_125hz
model,6,older_80_89,3403,1,1,127,0.7649606299212599,0.7833333333333333,0.14960629921259844,combined_60hz_125hz
model,6,older_80_89,3403,1,2,126,1.021957671957672,1.0333333333333332,0.07142857142857142,combined_60hz_125hz
model,6,older_80_89,3403,1,3,126,1.1968253968253968,1.2,0.03968253968253968,combined_60hz_125hz
model,6,older_80_89,3403,1,4,126,1.4764550264550267,1.4166666666666667,0.023809523809523808,combined_60hz_125hz
model,6,older_80_89,2410,1,1,156,0.7885683760683762,0.8166666666666667,0.11538461538461539,combined_60hz_125hz
model,6,older_80_89,2410,1,2,155,1.0392473118279568,1.05,0.06451612903225806,combined_60hz_125hz
model,6,older_80_89,2410,1,3,155,1.2073118279569892,1.2,0.012903225806451613,combined_60hz_125hz
model,6,older_80_89,2410,1,4,155,1.4931182795698925,1.4666666666666666,0.01935483870967742,combined_60hz_125hz
model,7,young_20_29,2918,0,1,163,0.4125766871165644,0.43333333333333335,0.018404907975460124,combined_60hz_125hz
model,7,young_20_29,2918,0,2,162,0.5295267489711935,0.5333333333333333,0.018518518518518517,combined_60hz_125hz
model,7,young_20_29,2918,0,3,162,0.614506172839506,0.6166666666666667,0.006172839506172839,combined_60hz_125hz
model,7,young_20_29,2918,0,4,162,0.7421810699588478,0.7166666666666667,0.018518518518518517,combined_60hz_125hz
model,7,young_20_29,2918,1,1,162,0.5941358024691358,0.6166666666666667,0.35185185185185186,combined_60hz_125hz
model,7,young_20_29,2918,1,2,162,0.7619341563786008,0.7666666666666666,0.09876543209876543,combined_60hz_125hz
model,7,young_20_29,2918,1,3,162,0.8698559670781895,0.8666666666666667,0.04938271604938271,combined_60hz_125hz
model,7,young_20_29,2918,1,4,162,1.0380658436213992,1.0166666666666666,0.024691358024691357,combined_60hz_125hz
model,7,young_20_29,899,1,1,26,0.632051282051282,0.6666666666666666,0.19230769230769232,combined_60hz_125hz
model,7,young_20_29,899,1,2,25,0.7453333333333333,0.75,0.16,combined_60hz_125hz
model,7,young_20_29,899,1,3,25,0.872,0.8666666666666667,0.08,combined_60hz_125hz
model,7,young_20_29,899,1,4,25,1.0426666666666666,1.0333333333333332,0.0,combined_60hz_125hz
model,7,young_20_29,182,1,1,34,0.6000000000000001,0.625,0.3235294117647059,combined_60hz_125hz
model,7,young_20_29,182,1,2,34,0.7598039215686275,0.75,0.17647058823529413,combined_60hz_125hz
model,7,young_20_29,182,1,3,34,0.8696078431372549,0.8666666666666667,0.08823529411764706,combined_60hz_125hz
model,7,young_20_29,182,1,4,33,1.0338383838383838,1.0333333333333332,0.0,combined_60hz_125hz
model,7,young_20_29,5256,1,1,24,0.5972222222222222,0.6083333333333334,0.25,combined_60hz_125hz
model,7,young_20_29,5256,1,2,23,0.7695652173913045,0.7833333333333333,0.13043478260869565,combined_60hz_125hz
model,7,young_20_29,5256,1,3,23,0.8717391304347825,0.8666666666666667,0.08695652173913043,combined_60hz_125hz
model,7,young_20_29,5256,1,4,23,1.0079710144927534,0.9833333333333333,0.043478260869565216,combined_60hz_125hz
model,7,young_20_29,3875,0,1,77,0.41839826839826844,0.43333333333333335,0.012987012987012988,combined_60hz_125hz
model,7,young_20_29,3875,0,2,77,0.532034632034632,0.5333333333333333,0.012987012987012988,combined_60hz_125hz
model,7,young_20_29,3875,0,3,77,0.6246753246753248,0.6166666666666667,0.06493506493506493,combined_60hz_125hz
model,7,young_20_29,3875,0,4,76,0.7484649122807018,0.7333333333333333,0.013157894736842105,combined_60hz_125hz
model,7,young_20_29,899,0,1,26,0.4044871794871795,0.42500000000000004,0.07692307692307693,combined_60hz_125hz
model,7,young_20_29,899,0,2,26,0.5230769230769231,0.5166666666666666,0.0,combined_60hz_125hz
model,7,young_20_29,899,0,3,25,0.6386666666666667,0.6333333333333333,0.0,combined_60hz_125hz
model,7,young_20_29,899,0,4,25,0.7713333333333332,0.75,0.04,combined_60hz_125hz
model,7,young_20_29,677,0,1,29,0.3908045977011494,0.4166666666666667,0.034482758620689655,combined_60hz_125hz
model,7,young_20_29,677,0,2,28,0.5119047619047619,0.5,0.03571428571428571,combined_60hz_125hz
model,7,young_20_29,677,0,3,28,0.599404761904762,0.6,0.0,combined_60hz_125hz
model,7,young_20_29,677,0,4,28,0.7363095238095237,0.7333333333333333,0.0,combined_60hz_125hz
model,7,young_20_29,5675,0,1,147,0.40793650793650793,0.4166666666666667,0.02040816326530612,combined_60hz_125hz
model,7,young_20_29,5675,0,2,147,0.5343537414965985,0.5333333333333333,0.013605442176870748,combined_60hz_125hz
model,7,young_20_29,5675,0,3,147,0.6243764172335601,0.6166666666666667,0.034013605442176874,combined_60hz_125hz
model,7,young_20_29,5675,0,4,146,0.7481735159817352,0.7333333333333333,0.02054794520547945,combined_60hz_125hz
model,7,young_20_29,5675,1,1,145,0.5977011494252873,0.6333333333333333,0.36551724137931035,combined_60hz_125hz
model,7,young_20_29,5675,1,2,145,0.7703448275862068,0.7666666666666666,0.0896551724137931,combined_60hz_125hz
model,7,young_20_29,5675,1,3,145,0.8852873563218391,0.8833333333333333,0.0896551724137931,combined_60hz_125hz
model,7,young_20_29,5675,1,4,145,1.049655172413793,1.0333333333333332,0.013793103448275862,combined_60hz_125hz
model,7,young_20_29,2553,1,1,27,0.6450617283950618,0.6666666666666666,0.25925925925925924,combined_60hz_125hz
model,7,young_20_29,2553,1,2,27,0.7654320987654323,0.75,0.1111111111111111,combined_60hz_125hz
model,7,young_20_29,2553,1,3,27,0.8907407407407407,0.9,0.0,combined_60hz_125hz
model,7,young_20_29,2553,1,4,26,1.064102564102564,1.05,0.07692307692307693,combined_60hz_125hz
model,7,young_20_29,7862,0,1,30,0.4455555555555556,0.4666666666666667,0.03333333333333333,combined_60hz_125hz
model,7,young_20_29,7862,0,2,30,0.5566666666666668,0.55,0.0,combined_60hz_125hz
model,7,young_20_29,7862,0,3,30,0.6344444444444441,0.6333333333333333,0.03333333333333333,combined_60hz_125hz
model,7,young_20_29,7862,0,4,30,0.7216666666666666,0.7,0.03333333333333333,combined_60hz_125hz
model,7,young_20_29,7862,1,1,31,0.629032258064516,0.6666666666666666,0.3548387096774194,combined_60hz_125hz
model,7,young_20_29,7862,1,2,31,0.778494623655914,0.7833333333333333,0.16129032258064516,combined_60hz_125hz
model,7,young_20_29,7862,1,3,30,0.8666666666666666,0.8583333333333334,0.06666666666666667,combined_60hz_125hz
model,7,young_20_29,7862,1,4,30,1.0244444444444443,1.0166666666666666,0.06666666666666667,combined_60hz_125hz
model,7,young_20_29,677,1,1,29,0.5856321839080461,0.6,0.3103448275862069,combined_60hz_125hz
model,7,young_20_29,677,1,2,28,0.7672619047619047,0.75,0.21428571428571427,combined_60hz_125hz
model,7,young_20_29,677,1,3,28,0.881547619047619,0.8833333333333333,0.14285714285714285,combined_60hz_125hz
model,7,young_20_29,677,1,4,28,1.0291666666666666,0.9833333333333333,0.07142857142857142,combined_60hz_125hz
model,7,young_20_29,3875,1,1,77,0.6077922077922078,0.6166666666666667,0.2597402597402597,combined_60hz_125hz
model,7,young_20_29,3875,1,2,77,0.7564935064935064,0.75,0.07792207792207792,combined_60hz_125hz
model,7,young_20_29,3875,1,3,77,0.8577922077922076,0.85,0.05194805194805195,combined_60hz_125hz
model,7,young_20_29,3875,1,4,77,1.0028138528138528,1.0,0.03896103896103896,combined_60hz_125hz
model,7,young_20_29,4790,0,1,25,0.4286666666666666,0.45,0.04,combined_60hz_125hz
model,7,young_20_29,4790,0,2,25,0.5446666666666666,0.55,0.04,combined_60hz_125hz
model,7,young_20_29,4790,0,3,25,0.6333333333333333,0.6333333333333333,0.04,combined_60hz_125hz
model,7,young_20_29,4790,0,4,24,0.7409722222222221,0.725,0.041666666666666664,combined_60hz_125hz
model,7,young_20_29,1478,0,1,22,0.4287878787878788,0.45833333333333337,0.045454545454545456,combined_60hz_125hz
model,7,young_20_29,1478,0,2,22,0.5348484848484848,0.5333333333333333,0.045454545454545456,combined_60hz_125hz
model,7,young_20_29,1478,0,3,22,0.6257575757575758,0.625,0.0,combined_60hz_125hz
model,7,young_20_29,1478,0,4,22,0.753030303030303,0.7333333333333333,0.0,combined_60hz_125hz
model,7,young_20_29,5256,0,1,23,0.40942028985507234,0.4,0.043478260869565216,combined_60hz_125hz
model,7,young_20_29,5256,0,2,23,0.5253623188405797,0.5166666666666666,0.0,combined_60hz_125hz
model,7,young_20_29,5256,0,3,22,0.6053030303030303,0.6,0.045454545454545456,combined_60hz_125hz
model,7,young_20_29,5256,0,4,22,0.6977272727272726,0.6833333333333333,0.045454545454545456,combined_60hz_125hz
model,7,young_20_29,182,0,1,34,0.4127450980392156,0.42500000000000004,0.11764705882352941,combined_60hz_125hz
model,7,young_20_29,182,0,2,34,0.5269607843137255,0.5333333333333333,0.0,combined_60hz_125hz
model,7,young_20_29,182,0,3,34,0.6186274509803922,0.6166666666666667,0.0,combined_60hz_125hz
model,7,young_20_29,182,0,4,34,0.767156862745098,0.7666666666666666,0.0,combined_60hz_125hz
model,7,young_20_29,4790,1,1,25,0.6093333333333334,0.6333333333333333,0.32,combined_60hz_125hz
model,7,young_20_29,4790,1,2,25,0.7660000000000001,0.75,0.04,combined_60hz_125hz
model,7,young_20_29,4790,1,3,24,0.875,0.8666666666666667,0.0,combined_60hz_125hz
model,7,young_20_29,4790,1,4,24,1.0465277777777777,1.0083333333333333,0.041666666666666664,combined_60hz_125hz
model,7,young_20_29,1478,1,1,22,0.5795454545454545,0.6083333333333334,0.4090909090909091,combined_60hz_125hz
model,7,young_20_29,1478,1,2,22,0.7386363636363634,0.75,0.09090909090909091,combined_60hz_125hz
model,7,young_20_29,1478,1,3,22,0.8848484848484848,0.8833333333333333,0.045454545454545456,combined_60hz_125hz
model,7,young_20_29,1478,1,4,21,1.0873015873015872,1.0833333333333333,0.047619047619047616,combined_60hz_125hz
model,7,young_20_29,4398,1,1,27,0.5975308641975309,0.6166666666666667,0.25925925925925924,combined_60hz_125hz
model,7,young_20_29,4398,1,2,27,0.7703703703703704,0.7666666666666666,0.037037037037037035,combined_60hz_125hz
model,7,young_20_29,4398,1,3,26,0.894871794871795,0.9,0.07692307692307693,combined_60hz_125hz
model,7,young_20_29,4398,1,4,26,1.0596153846153844,1.05,0.038461538461538464,combined_60hz_125hz
model,7,young_20_29,4398,0,1,27,0.41049382716049376,0.43333333333333335,0.0,combined_60hz_125hz
model,7,young_20_29,4398,0,2,27,0.532716049382716,0.5333333333333333,0.037037037037037035,combined_60hz_125hz
model,7,young_20_29,4398,0,3,26,0.6192307692307693,0.6166666666666667,0.0,combined_60hz_125hz
model,7,young_20_29,4398,0,4,26,0.7365384615384616,0.7333333333333333,0.0,combined_60hz_125hz
model,7,young_20_29,2553,0,1,27,0.40802469135802466,0.4166666666666667,0.037037037037037035,combined_60hz_125hz
model,7,young_20_29,2553,0,2,26,0.5198717948717949,0.5166666666666666,0.0,combined_60hz_125hz
model,7,young_20_29,2553,0,3,26,0.6012820512820514,0.6,0.038461538461538464,combined_60hz_125hz
model,7,young_20_29,2553,0,4,26,0.7057692307692307,0.7,0.0,combined_60hz_125hz
model,7,older_80_89,6609,0,1,171,0.478849902534113,0.5,0.0,combined_60hz_125hz
model,7,older_80_89,6609,0,2,171,0.7094541910331384,0.7166666666666667,0.005847953216374269,combined_60hz_125hz
model,7,older_80_89,6609,0,3,171,0.8611111111111112,0.8666666666666667,0.005847953216374269,combined_60hz_125hz
model,7,older_80_89,6609,0,4,171,1.1493177387914228,1.1,0.005847953216374269,combined_60hz_125hz
model,7,older_80_89,984,0,1,172,0.5027131782945736,0.5249999999999999,0.005813953488372093,combined_60hz_125hz
model,7,older_80_89,984,0,2,172,0.7087209302325582,0.7,0.011627906976744186,combined_60hz_125hz
model,7,older_80_89,984,0,3,172,0.8607558139534884,0.8666666666666667,0.01744186046511628,combined_60hz_125hz
model,7,older_80_89,984,0,4,172,1.099515503875969,1.0583333333333333,0.0,combined_60hz_125hz
model,7,older_80_89,6609,1,1,172,0.7668604651162789,0.7833333333333333,0.13372093023255813,combined_60hz_125hz
model,7,older_80_89,6609,1,2,171,0.9966861598440546,1.0,0.08771929824561403,combined_60hz_125hz
model,7,older_80_89,6609,1,3,171,1.1822612085769981,1.1833333333333333,0.029239766081871343,combined_60hz_125hz
model,7,older_80_89,6609,1,4,171,1.4580896686159845,1.4166666666666667,0.029239766081871343,combined_60hz_125hz
model,7,older_80_89,2410,0,1,157,0.50276008492569,0.5166666666666666,0.006369426751592357,combined_60hz_125hz
model,7,older_80_89,2410,0,2,157,0.718683651804671,0.7166666666666667,0.0,combined_60hz_125hz
model,7,older_80_89,2410,0,3,157,0.8725053078556264,0.8833333333333333,0.006369426751592357,combined_60hz_125hz
model,7,older_80_89,2410,0,4,156,1.1423076923076922,1.1,0.01282051282051282,combined_60hz_125hz
model,7,older_80_89,984,1,1,170,0.7596078431372548,0.7833333333333333,0.10588235294117647,combined_60hz_125hz
model,7,older_80_89,984,1,2,170,1.0141176470588236,1.0166666666666666,0.029411764705882353,combined_60hz_125hz
model,7,older_80_89,984,1,3,170,1.1836274509803921,1.1833333333333333,0.029411764705882353,combined_60hz_125hz
model,7,older_80_89,984,1,4,170,1.4608823529411763,1.4333333333333333,0.023529411764705882,combined_60hz_125hz
model,7,older_80_89,3403,0,1,128,0.5316406250000001,0.5583333333333333,0.0078125,combined_60hz_125hz
model,7,older_80_89,3403,0,2,128,0.7433593749999999,0.7333333333333333,0.0078125,combined_60hz_125hz
model,7,older_80_89,3403,0,3,127,0.9023622047244095,0.9,0.007874015748031496,combined_60hz_125hz
model,7,older_80_89,3403,0,4,127,1.1788713910761155,1.15,0.0,combined_60hz_125hz
model,7,older_80_89,3403,1,1,127,0.759711286089239,0.7833333333333333,0.14173228346456693,combined_60hz_125hz
model,7,older_80_89,3403,1,2,126,1.012169312169312,1.0166666666666666,0.07936507936507936,combined_60hz_125hz
model,7,older_80_89,3403,1,3,126,1.1861111111111113,1.1833333333333333,0.031746031746031744,combined_60hz_125hz
model,7,older_80_89,3403,1,4,126,1.4841269841269842,1.4333333333333333,0.007936507936507936,combined_60hz_125hz
model,7,older_80_89,2410,1,1,156,0.7957264957264958,0.8333333333333334,0.057692307692307696,combined_60hz_125hz
model,7,older_80_89,2410,1,2,155,1.043225806451613,1.05,0.03870967741935484,combined_60hz_125hz
model,7,older_80_89,2410,1,3,155,1.2055913978494621,1.2,0.05806451612903226,combined_60hz_125hz
model,7,older_80_89,2410,1,4,155,1.4784946236559138,1.4333333333333333,0.01935483870967742,combined_60hz_125hz
model,8,young_20_29,2918,0,1,163,0.4142126789366054,0.43333333333333335,0.03067484662576687,combined_60hz_125hz
model,8,young_20_29,2918,0,2,162,0.5295267489711935,0.5333333333333333,0.006172839506172839,combined_60hz_125hz
model,8,young_20_29,2918,0,3,162,0.6126543209876543,0.6166666666666667,0.006172839506172839,combined_60hz_125hz
model,8,young_20_29,2918,0,4,162,0.733127572016461,0.7166666666666667,0.024691358024691357,combined_60hz_125hz
model,8,young_20_29,2918,1,1,162,0.5951646090534979,0.6166666666666667,0.345679012345679,combined_60hz_125hz
model,8,young_20_29,2918,1,2,162,0.756275720164609,0.7666666666666666,0.15432098765432098,combined_60hz_125hz
model,8,young_20_29,2918,1,3,162,0.867798353909465,0.8666666666666667,0.06790123456790123,combined_60hz_125hz
model,8,young_20_29,2918,1,4,162,1.029732510288066,1.0166666666666666,0.037037037037037035,combined_60hz_125hz
model,8,young_20_29,899,1,1,26,0.6230769230769232,0.65,0.23076923076923078,combined_60hz_125hz
model,8,young_20_29,899,1,2,25,0.7373333333333334,0.7333333333333333,0.12,combined_60hz_125hz
model,8,young_20_29,899,1,3,25,0.8593333333333334,0.8666666666666667,0.08,combined_60hz_125hz
model,8,young_20_29,899,1,4,25,1.0453333333333334,1.0333333333333332,0.04,combined_60hz_125hz
model,8,young_20_29,182,1,1,34,0.5838235294117649,0.6083333333333334,0.23529411764705882,combined_60hz_125hz
model,8,young_20_29,182,1,2,34,0.7622549019607843,0.7666666666666666,0.11764705882352941,combined_60hz_125hz
model,8,young_20_29,182,1,3,34,0.8843137254901962,0.8833333333333333,0.029411764705882353,combined_60hz_125hz
model,8,young_20_29,182,1,4,33,1.0545454545454545,1.05,0.09090909090909091,combined_60hz_125hz
model,8,young_20_29,5256,1,1,24,0.5923611111111111,0.5916666666666667,0.375,combined_60hz_125hz
model,8,young_20_29,5256,1,2,23,0.7746376811594203,0.7833333333333333,0.08695652173913043,combined_60hz_125hz
model,8,young_20_29,5256,1,3,23,0.889855072463768,0.8833333333333333,0.08695652173913043,combined_60hz_125hz
model,8,young_20_29,5256,1,4,23,1.0144927536231882,0.9833333333333333,0.08695652173913043,combined_60hz_125hz
model,8,young_20_29,3875,0,1,77,0.41839826839826844,0.43333333333333335,0.025974025974025976,combined_60hz_125hz
model,8,young_20_29,3875,0,2,77,0.5363636363636362,0.5333333333333333,0.025974025974025976,combined_60hz_125hz
model,8,young_20_29,3875,0,3,77,0.6238095238095239,0.6166666666666667,0.012987012987012988,combined_60hz_125hz
model,8,young_20_29,3875,0,4,76,0.7546052631578949,0.7333333333333333,0.02631578947368421,combined_60hz_125hz
model,8,young_20_29,899,0,1,26,0.40769230769230763,0.4166666666666667,0.0,combined_60hz_125hz
model,8,young_20_29,899,0,2,26,0.5179487179487179,0.5166666666666666,0.0,combined_60hz_125hz
model,8,young_20_29,899,0,3,25,0.6100000000000001,0.6166666666666667,0.12,combined_60hz_125hz
model,8,young_20_29,899,0,4,25,0.7406666666666665,0.7333333333333333,0.0,combined_60hz_125hz
model,8,young_20_29,677,0,1,29,0.3936781609195402,0.4166666666666667,0.034482758620689655,combined_60hz_125hz
model,8,young_20_29,677,0,2,28,0.5208333333333333,0.5166666666666666,0.07142857142857142,combined_60hz_125hz
model,8,young_20_29,677,0,3,28,0.6011904761904763,0.6,0.0,combined_60hz_125hz
model,8,young_20_29,677,0,4,28,0.7398809523809523,0.7083333333333333,0.0,combined_60hz_125hz
model,8,young_20_29,5675,0,1,147,0.41156462585034015,0.43333333333333335,0.027210884353741496,combined_60hz_125hz
model,8,young_20_29,5675,0,2,147,0.5405895691609977,0.55,0.04081632653061224,combined_60hz_125hz
model,8,young_20_29,5675,0,3,147,0.6327664399092972,0.6333333333333333,0.02040816326530612,combined_60hz_125hz
model,8,young_20_29,5675,0,4,146,0.7494292237442922,0.7333333333333333,0.0136986301369863,combined_60hz_125hz
model,8,young_20_29,5675,1,1,145,0.597816091954023,0.6166666666666667,0.35172413793103446,combined_60hz_125hz
model,8,young_20_29,5675,1,2,145,0.7698850574712643,0.7666666666666666,0.1103448275862069,combined_60hz_125hz
model,8,young_20_29,5675,1,3,145,0.8866666666666666,0.8833333333333333,0.05517241379310345,combined_60hz_125hz
model,8,young_20_29,5675,1,4,145,1.0517241379310345,1.0333333333333332,0.006896551724137931,combined_60hz_125hz
model,8,young_20_29,2553,1,1,27,0.6370370370370372,0.65,0.2222222222222222,combined_60hz_125hz
model,8,young_20_29,2553,1,2,27,0.7777777777777778,0.7833333333333333,0.1111111111111111,combined_60hz_125hz
model,8,young_20_29,2553,1,3,27,0.8907407407407406,0.9,0.07407407407407407,combined_60hz_125hz
model,8,young_20_29,2553,1,4,26,1.0673076923076923,1.075,0.0,combined_60hz_125hz
model,8,young_20_29,7862,0,1,30,0.446111111111111,0.45,0.0,combined_60hz_125hz
model,8,young_20_29,7862,0,2,30,0.5455555555555556,0.55,0.03333333333333333,combined_60hz_125hz
model,8,young_20_29,7862,0,3,30,0.6172222222222223,0.6166666666666667,0.03333333333333333,combined_60hz_125hz
model,8,young_20_29,7862,0,4,30,0.7400000000000001,0.7333333333333333,0.06666666666666667,combined_60hz_125hz
model,8,young_20_29,7862,1,1,31,0.6311827956989247,0.6666666666666666,0.3225806451612903,combined_60hz_125hz
model,8,young_20_29,7862,1,2,31,0.7763440860215054,0.7666666666666666,0.0967741935483871,combined_60hz_125hz
model,8,young_20_29,7862,1,3,30,0.8799999999999998,0.8833333333333333,0.06666666666666667,combined_60hz_125hz
model,8,young_20_29,7862,1,4,30,1.018333333333333,1.0,0.03333333333333333,combined_60hz_125hz
model,8,young_20_29,677,1,1,29,0.5775862068965517,0.5833333333333334,0.41379310344827586,combined_60hz_125hz
model,8,young_20_29,677,1,2,28,0.7672619047619048,0.7833333333333333,0.14285714285714285,combined_60hz_125hz
model,8,young_20_29,677,1,3,28,0.8773809523809524,0.8833333333333333,0.0,combined_60hz_125hz
model,8,young_20_29,677,1,4,28,1.0327380952380953,0.9916666666666667,0.07142857142857142,combined_60hz_125hz
model,8,young_20_29,3875,1,1,77,0.5941558441558441,0.6166666666666667,0.3246753246753247,combined_60hz_125hz
model,8,young_20_29,3875,1,2,77,0.7463203463203464,0.7333333333333333,0.1038961038961039,combined_60hz_125hz
model,8,young_20_29,3875,1,3,77,0.8556277056277053,0.8666666666666667,0.07792207792207792,combined_60hz_125hz
model,8,young_20_29,3875,1,4,77,1.00952380952381,0.9833333333333333,0.025974025974025976,combined_60hz_125hz
model,8,young_20_29,4790,0,1,25,0.42133333333333334,0.43333333333333335,0.16,combined_60hz_125hz
model,8,young_20_29,4790,0,2,25,0.5466666666666667,0.55,0.04,combined_60hz_125hz
model,8,young_20_29,4790,0,3,25,0.6259999999999999,0.6333333333333333,0.04,combined_60hz_125hz
model,8,young_20_29,4790,0,4,24,0.7375000000000002,0.7166666666666667,0.0,combined_60hz_125hz
model,8,young_20_29,1478,0,1,22,0.42348484848484846,0.42500000000000004,0.0,combined_60hz_125hz
model,8,young_20_29,1478,0,2,22,0.540909090909091,0.55,0.0,combined_60hz_125hz
model,8,young_20_29,1478,0,3,22,0.6257575757575758,0.6166666666666667,0.0,combined_60hz_125hz
model,8,young_20_29,1478,0,4,22,0.7416666666666667,0.725,0.09090909090909091,combined_60hz_125hz
model,8,young_20_29,5256,0,1,23,0.41666666666666663,0.4166666666666667,0.0,combined_60hz_125hz
model,8,young_20_29,5256,0,2,23,0.5289855072463767,0.5166666666666666,0.0,combined_60hz_125hz
model,8,young_20_29,5256,0,3,22,0.6204545454545456,0.6166666666666667,0.0,combined_60hz_125hz
model,8,young_20_29,5256,0,4,22,0.7166666666666667,0.7,0.045454545454545456,combined_60hz_125hz
model,8,young_20_29,182,0,1,34,0.411764705882353,0.4083333333333333,0.029411764705882353,combined_60hz_125hz
model,8,young_20_29,182,0,2,34,0.5387254901960785,0.55,0.0,combined_60hz_125hz
model,8,young_20_29,182,0,3,34,0.6205882352941177,0.6166666666666667,0.0,combined_60hz_125hz
model,8,young_20_29,182,0,4,34,0.7730392156862743,0.7583333333333333,0.029411764705882353,combined_60hz_125hz
model,8,young_20_29,4790,1,1,25,0.6240000000000001,0.65,0.24,combined_60hz_125hz
model,8,young_20_29,4790,1,2,25,0.7666666666666667,0.7666666666666666,0.12,combined_60hz_125hz
model,8,young_20_29,4790,1,3,24,0.875,0.8833333333333333,0.041666666666666664,combined_60hz_125hz
model,8,young_20_29,4790,1,4,24,1.0319444444444446,1.0083333333333333,0.041666666666666664,combined_60hz_125hz
model,8,young_20_29,1478,1,1,22,0.5666666666666667,0.5833333333333334,0.4090909090909091,combined_60hz_125hz
model,8,young_20_29,1478,1,2,22,0.7454545454545454,0.75,0.045454545454545456,combined_60hz_125hz
model,8,young_20_29,1478,1,3,22,0.8886363636363636,0.9,0.0,combined_60hz_125hz
model,8,young_20_29,1478,1,4,21,1.0658730158730154,1.0333333333333332,0.047619047619047616,combined_60hz_125hz
model,8,young_20_29,4398,1,1,27,0.5703703703703704,0.6,0.2222222222222222,combined_60hz_125hz
model,8,young_20_29,4398,1,2,27,0.7512345679012346,0.7666666666666666,0.037037037037037035,combined_60hz_125hz
model,8,young_20_29,4398,1,3,26,0.8814102564102563,0.8916666666666666,0.19230769230769232,combined_60hz_125hz
model,8,young_20_29,4398,1,4,26,1.0525641025641024,1.025,0.0,combined_60hz_125hz
model,8,young_20_29,4398,0,1,27,0.40925925925925927,0.4166666666666667,0.037037037037037035,combined_60hz_125hz
model,8,young_20_29,4398,0,2,27,0.5370370370370371,0.5333333333333333,0.0,combined_60hz_125hz
model,8,young_20_29,4398,0,3,26,0.6205128205128206,0.6166666666666667,0.038461538461538464,combined_60hz_125hz
model,8,young_20_29,4398,0,4,26,0.7365384615384616,0.7166666666666667,0.07692307692307693,combined_60hz_125hz
model,8,young_20_29,2553,0,1,27,0.40679012345679016,0.4166666666666667,0.037037037037037035,combined_60hz_125hz
model,8,young_20_29,2553,0,2,26,0.5243589743589744,0.5166666666666666,0.0,combined_60hz_125hz
model,8,young_20_29,2553,0,3,26,0.5935897435897435,0.6,0.038461538461538464,combined_60hz_125hz
model,8,young_20_29,2553,0,4,26,0.7250000000000001,0.6916666666666667,0.0,combined_60hz_125hz
model,8,older_80_89,6609,0,1,171,0.47319688109161795,0.5,0.005847953216374269,combined_60hz_125hz
model,8,older_80_89,6609,0,2,171,0.7092592592592593,0.7166666666666667,0.0,combined_60hz_125hz
model,8,older_80_89,6609,0,3,171,0.8799220272904483,0.8833333333333333,0.011695906432748537,combined_60hz_125hz
model,8,older_80_89,6609,0,4,171,1.149317738791423,1.1,0.011695906432748537,combined_60hz_125hz
model,8,older_80_89,984,0,1,172,0.49912790697674414,0.5333333333333333,0.023255813953488372,combined_60hz_125hz
model,8,older_80_89,984,0,2,172,0.7182170542635661,0.7166666666666667,0.023255813953488372,combined_60hz_125hz
model,8,older_80_89,984,0,3,172,0.8632751937984495,0.8666666666666667,0.011627906976744186,combined_60hz_125hz
model,8,older_80_89,984,0,4,172,1.1378875968992248,1.1,0.0,combined_60hz_125hz
model,8,older_80_89,6609,1,1,172,0.7593992248062016,0.7833333333333333,0.13953488372093023,combined_60hz_125hz
model,8,older_80_89,6609,1,2,171,1.0161793372319687,1.0166666666666666,0.08771929824561403,combined_60hz_125hz
model,8,older_80_89,6609,1,3,171,1.1929824561403508,1.1833333333333333,0.04093567251461988,combined_60hz_125hz
model,8,older_80_89,6609,1,4,171,1.459551656920078,1.4166666666666667,0.04093567251461988,combined_60hz_125hz
model,8,older_80_89,2410,0,1,157,0.4906581740976646,0.5,0.006369426751592357,combined_60hz_125hz
model,8,older_80_89,2410,0,2,157,0.7272823779193206,0.7333333333333333,0.006369426751592357,combined_60hz_125hz
model,8,older_80_89,2410,0,3,157,0.8826963906581742,0.8833333333333333,0.0,combined_60hz_125hz
model,8,older_80_89,2410,0,4,156,1.1409188034188036,1.1,0.02564102564102564,combined_60hz_125hz
model,8,older_80_89,984,1,1,170,0.7540196078431373,0.7833333333333333,0.12941176470588237,combined_60hz_125hz
model,8,older_80_89,984,1,2,170,1.0058823529411764,1.0166666666666666,0.047058823529411764,combined_60hz_125hz
model,8,older_80_89,984,1,3,170,1.195392156862745,1.2,0.047058823529411764,combined_60hz_125hz
model,8,older_80_89,984,1,4,170,1.4884313725490195,1.45,0.011764705882352941,combined_60hz_125hz
model,8,older_80_89,3403,0,1,128,0.5180989583333333,0.55,0.0,combined_60hz_125hz
model,8,older_80_89,3403,0,2,128,0.7329427083333333,0.7333333333333333,0.0,combined_60hz_125hz
model,8,older_80_89,3403,0,3,127,0.8837270341207349,0.8833333333333333,0.007874015748031496,combined_60hz_125hz
model,8,older_80_89,3403,0,4,127,1.1358267716535435,1.1166666666666667,0.023622047244094488,combined_60hz_125hz
model,8,older_80_89,3403,1,1,127,0.7678477690288714,0.8,0.11811023622047244,combined_60hz_125hz
model,8,older_80_89,3403,1,2,126,1.0126984126984124,1.0166666666666666,0.031746031746031744,combined_60hz_125hz
model,8,older_80_89,3403,1,3,126,1.1921957671957668,1.2,0.03968253968253968,combined_60hz_125hz
model,8,older_80_89,3403,1,4,126,1.4711640211640211,1.4333333333333333,0.023809523809523808,combined_60hz_125hz
model,8,older_80_89,2410,1,1,156,0.7930555555555556,0.85,0.07051282051282051,combined_60hz_125hz
model,8,older_80_89,2410,1,2,155,1.0313978494623657,1.0333333333333332,0.03870967741935484,combined_60hz_125hz
model,8,older_80_89,2410,1,3,155,1.187311827956989,1.1833333333333333,0.05806451612903226,combined_60hz_125hz
model,8,older_80_89,2410,1,4,155,1.468279569892473,1.4333333333333333,0.03870967741935484,combined_60hz_125hz
model,9,young_20_29,2918,0,1,163,0.4123721881390593,0.43333333333333335,0.049079754601226995,combined_60hz_125hz
model,9,young_20_29,2918,0,2,162,0.5306584362139917,0.5333333333333333,0.018518518518518517,combined_60hz_125hz
model,9,young_20_29,2918,0,3,162,0.6174897119341564,0.6166666666666667,0.0,combined_60hz_125hz
model,9,young_20_29,2918,0,4,162,0.7419753086419754,0.7166666666666667,0.006172839506172839,combined_60hz_125hz
model,9,young_20_29,2918,1,1,162,0.5936213991769547,0.6166666666666667,0.345679012345679,combined_60hz_125hz
model,9,young_20_29,2918,1,2,162,0.7585390946502057,0.7666666666666666,0.1419753086419753,combined_60hz_125hz
model,9,young_20_29,2918,1,3,162,0.8722222222222221,0.8666666666666667,0.08641975308641975,combined_60hz_125hz
model,9,young_20_29,2918,1,4,162,1.0348765432098765,1.0166666666666666,0.018518518518518517,combined_60hz_125hz
model,9,young_20_29,899,1,1,26,0.6192307692307691,0.6333333333333333,0.19230769230769232,combined_60hz_125hz
model,9,young_20_29,899,1,2,25,0.746,0.75,0.16,combined_60hz_125hz
model,9,young_20_29,899,1,3,25,0.8740000000000001,0.8833333333333333,0.08,combined_60hz_125hz
model,9,young_20_29,899,1,4,25,1.0473333333333334,1.0,0.04,combined_60hz_125hz
model,9,young_20_29,182,1,1,34,0.5887254901960786,0.6166666666666667,0.3235294117647059,combined_60hz_125hz
model,9,young_20_29,182,1,2,34,0.752450980392157,0.75,0.14705882352941177,combined_60hz_125hz
model,9,young_20_29,182,1,3,34,0.877450980392157,0.8833333333333333,0.029411764705882353,combined_60hz_125hz
model,9,young_20_29,182,1,4,33,1.0474747474747474,1.0333333333333332,0.030303030303030304,combined_60hz_125hz
model,9,young_20_29,5256,1,1,24,0.5972222222222222,0.5916666666666667,0.25,combined_60hz_125hz
model,9,young_20_29,5256,1,2,23,0.7724637681159419,0.7666666666666666,0.043478260869565216,combined_60hz_125hz
model,9,young_20_29,5256,1,3,23,0.8869565217391304,0.8833333333333333,0.08695652173913043,combined_60hz_125hz
model,9,young_20_29,5256,1,4,23,1.038405797101449,1.0166666666666666,0.0,combined_60hz_125hz
model,9,young_20_29,3875,0,1,77,0.4147186147186147,0.4166666666666667,0.025974025974025976,combined_60hz_125hz
model,9,young_20_29,3875,0,2,77,0.5324675324675324,0.5333333333333333,0.0,combined_60hz_125hz
model,9,young_20_29,3875,0,3,77,0.6214285714285714,0.6166666666666667,0.03896103896103896,combined_60hz_125hz
model,9,young_20_29,3875,0,4,76,0.7383771929824562,0.7083333333333333,0.02631578947368421,combined_60hz_125hz
model,9,young_20_29,899,0,1,26,0.40833333333333327,0.4166666666666667,0.038461538461538464,combined_60hz_125hz
model,9,young_20_29,899,0,2,26,0.5134615384615384,0.5,0.038461538461538464,combined_60hz_125hz
model,9,young_20_29,899,0,3,25,0.6140000000000001,0.6166666666666667,0.12,combined_60hz_125hz
model,9,young_20_29,899,0,4,25,0.73,0.7,0.0,combined_60hz_125hz
model,9,young_20_29,677,0,1,29,0.3810344827586206,0.4,0.034482758620689655,combined_60hz_125hz
model,9,young_20_29,677,0,2,28,0.5142857142857143,0.5,0.03571428571428571,combined_60hz_125hz
model,9,young_20_29,677,0,3,28,0.6047619047619047,0.6,0.0,combined_60hz_125hz
model,9,young_20_29,677,0,4,28,0.7494047619047618,0.725,0.03571428571428571,combined_60hz_125hz
model,9,young_20_29,5675,0,1,147,0.4163265306122449,0.43333333333333335,0.006802721088435374,combined_60hz_125hz
model,9,young_20_29,5675,0,2,147,0.5387755102040815,0.5333333333333333,0.013605442176870748,combined_60hz_125hz
model,9,young_20_29,5675,0,3,147,0.6229024943310657,0.6166666666666667,0.034013605442176874,combined_60hz_125hz
model,9,young_20_29,5675,0,4,146,0.7568493150684932,0.75,0.02054794520547945,combined_60hz_125hz
model,9,young_20_29,5675,1,1,145,0.5866666666666667,0.6166666666666667,0.3931034482758621,combined_60hz_125hz
model,9,young_20_29,5675,1,2,145,0.7639080459770115,0.7666666666666666,0.1310344827586207,combined_60hz_125hz
model,9,young_20_29,5675,1,3,145,0.8788505747126437,0.8833333333333333,0.0896551724137931,combined_60hz_125hz
model,9,young_20_29,5675,1,4,145,1.0545977011494252,1.0333333333333332,0.020689655172413793,combined_60hz_125hz
model,9,young_20_29,2553,1,1,27,0.6407407407407407,0.6333333333333333,0.14814814814814814,combined_60hz_125hz
model,9,young_20_29,2553,1,2,27,0.7895061728395062,0.8,0.1111111111111111,combined_60hz_125hz
model,9,young_20_29,2553,1,3,27,0.8919753086419754,0.8833333333333333,0.037037037037037035,combined_60hz_125hz
model,9,young_20_29,2553,1,4,26,1.064102564102564,1.0499999999999998,0.038461538461538464,combined_60hz_125hz
model,9,young_20_29,7862,0,1,30,0.43722222222222223,0.45,0.06666666666666667,combined_60hz_125hz
model,9,young_20_29,7862,0,2,30,0.543888888888889,0.5333333333333333,0.1,combined_60hz_125hz
model,9,young_20_29,7862,0,3,30,0.6338888888888888,0.6416666666666666,0.0,combined_60hz_125hz
model,9,young_20_29,7862,0,4,30,0.7327777777777779,0.7166666666666667,0.03333333333333333,combined_60hz_125hz
model,9,young_20_29,7862,1,1,31,0.6198924731182796,0.6666666666666666,0.25806451612903225,combined_60hz_125hz
model,9,young_20_29,7862,1,2,31,0.7795698924731185,0.7833333333333333,0.2903225806451613,combined_60hz_125hz
model,9,young_20_29,7862,1,3,30,0.8633333333333333,0.85,0.1,combined_60hz_125hz
model,9,young_20_29,7862,1,4,30,1.0077777777777779,0.9833333333333333,0.03333333333333333,combined_60hz_125hz
model,9,young_20_29,677,1,1,29,0.6040229885057472,0.6166666666666667,0.3448275862068966,combined_60hz_125hz
model,9,young_20_29,677,1,2,28,0.7601190476190477,0.7583333333333333,0.14285714285714285,combined_60hz_125hz
model,9,young_20_29,677,1,3,28,0.880952380952381,0.8833333333333333,0.03571428571428571,combined_60hz_125hz
model,9,young_20_29,677,1,4,28,1.0464285714285713,1.0166666666666666,0.07142857142857142,combined_60hz_125hz
model,9,young_20_29,3875,1,1,77,0.604112554112554,0.6166666666666667,0.24675324675324675,combined_60hz_125hz
model,9,young_20_29,3875,1,2,77,0.7584415584415585,0.75,0.15584415584415584,combined_60hz_125hz
model,9,young_20_29,3875,1,3,77,0.8612554112554112,0.8666666666666667,0.05194805194805195,combined_60hz_125hz
model,9,young_20_29,3875,1,4,77,1.0023809523809526,0.9833333333333333,0.0,combined_60hz_125hz
model,9,young_20_29,4790,0,1,25,0.42133333333333334,0.43333333333333335,0.04,combined_60hz_125hz
model,9,young_20_29,4790,0,2,25,0.5379999999999999,0.55,0.04,combined_60hz_125hz
model,9,young_20_29,4790,0,3,25,0.6233333333333333,0.6333333333333333,0.04,combined_60hz_125hz
model,9,young_20_29,4790,0,4,24,0.7437499999999999,0.7333333333333333,0.0,combined_60hz_125hz
model,9,young_20_29,1478,0,1,22,0.4151515151515151,0.44166666666666665,0.045454545454545456,combined_60hz_125hz
model,9,young_20_29,1478,0,2,22,0.5310606060606061,0.5333333333333333,0.0,combined_60hz_125hz
model,9,young_20_29,1478,0,3,22,0.6242424242424243,0.6166666666666667,0.0,combined_60hz_125hz
model,9,young_20_29,1478,0,4,22,0.7931818181818183,0.7583333333333333,0.045454545454545456,combined_60hz_125hz
model,9,young_20_29,5256,0,1,23,0.41594202898550714,0.4166666666666667,0.0,combined_60hz_125hz
model,9,young_20_29,5256,0,2,23,0.5260869565217391,0.5333333333333333,0.0,combined_60hz_125hz
model,9,young_20_29,5256,0,3,22,0.6098484848484849,0.6166666666666667,0.0,combined_60hz_125hz
model,9,young_20_29,5256,0,4,22,0.7212121212121212,0.6916666666666667,0.0,combined_60hz_125hz
model,9,young_20_29,182,0,1,34,0.4147058823529411,0.43333333333333335,0.029411764705882353,combined_60hz_125hz
model,9,young_20_29,182,0,2,34,0.5200980392156863,0.5166666666666666,0.0,combined_60hz_125hz
model,9,young_20_29,182,0,3,34,0.6102941176470589,0.6,0.0,combined_60hz_125hz
model,9,young_20_29,182,0,4,34,0.7455882352941176,0.7416666666666667,0.0,combined_60hz_125hz
model,9,young_20_29,4790,1,1,25,0.6153333333333333,0.6166666666666667,0.2,combined_60hz_125hz
model,9,young_20_29,4790,1,2,25,0.7513333333333334,0.7666666666666666,0.08,combined_60hz_125hz
model,9,young_20_29,4790,1,3,24,0.8805555555555555,0.8833333333333333,0.041666666666666664,combined_60hz_125hz
model,9,young_20_29,4790,1,4,24,1.0534722222222221,1.0583333333333333,0.0,combined_60hz_125hz
model,9,young_20_29,1478,1,1,22,0.5651515151515152,0.5833333333333333,0.36363636363636365,combined_60hz_125hz
model,9,young_20_29,1478,1,2,22,0.7583333333333332,0.7666666666666666,0.13636363636363635,combined_60hz_125hz
model,9,young_20_29,1478,1,3,22,0.8833333333333332,0.8833333333333333,0.09090909090909091,combined_60hz_125hz
model,9,young_20_29,1478,1,4,21,1.068253968253968,1.0666666666666667,0.0,combined_60hz_125hz
model,9,young_20_29,4398,1,1,27,0.591358024691358,0.6166666666666667,0.18518518518518517,combined_60hz_125hz
model,9,young_20_29,4398,1,2,27,0.7672839506172839,0.7666666666666666,0.037037037037037035,combined_60hz_125hz
model,9,young_20_29,4398,1,3,26,0.8993589743589745,0.9,0.07692307692307693,combined_60hz_125hz
model,9,young_20_29,4398,1,4,26,1.0673076923076923,1.0666666666666667,0.0,combined_60hz_125hz
model,9,young_20_29,4398,0,1,27,0.41913580246913573,0.43333333333333335,0.037037037037037035,combined_60hz_125hz
model,9,young_20_29,4398,0,2,27,0.528395061728395,0.5333333333333333,0.0,combined_60hz_125hz
model,9,young_20_29,4398,0,3,26,0.6288461538461537,0.6333333333333333,0.0,combined_60hz_125hz
model,9,young_20_29,4398,0,4,26,0.7467948717948718,0.7333333333333333,0.038461538461538464,combined_60hz_125hz
model,9,young_20_29,2553,0,1,27,0.4037037037037037,0.43333333333333335,0.0,combined_60hz_125hz
model,9,young_20_29,2553,0,2,26,0.5205128205128206,0.5166666666666666,0.0,combined_60hz_125hz
model,9,young_20_29,2553,0,3,26,0.6076923076923078,0.6083333333333334,0.0,combined_60hz_125hz
model,9,young_20_29,2553,0,4,26,0.7307692307692307,0.7166666666666667,0.0,combined_60hz_125hz
model,9,older_80_89,6609,0,1,171,0.48089668615984404,0.5166666666666666,0.0,combined_60hz_125hz
model,9,older_80_89,6609,0,2,171,0.7120857699805068,0.7,0.011695906432748537,combined_60hz_125hz
model,9,older_80_89,6609,0,3,171,0.8707602339181287,0.8666666666666667,0.0,combined_60hz_125hz
model,9,older_80_89,6609,0,4,171,1.1369395711500974,1.1,0.005847953216374269,combined_60hz_125hz
model,9,older_80_89,984,0,1,172,0.48517441860465116,0.5083333333333333,0.005813953488372093,combined_60hz_125hz
model,9,older_80_89,984,0,2,172,0.696124031007752,0.7,0.005813953488372093,combined_60hz_125hz
model,9,older_80_89,984,0,3,172,0.8594961240310076,0.85,0.005813953488372093,combined_60hz_125hz
model,9,older_80_89,984,0,4,172,1.1167635658914727,1.0916666666666668,0.011627906976744186,combined_60hz_125hz
model,9,older_80_89,6609,1,1,172,0.7549418604651162,0.7833333333333333,0.16279069767441862,combined_60hz_125hz
model,9,older_80_89,6609,1,2,171,1.0142300194931775,1.0166666666666666,0.07602339181286549,combined_60hz_125hz
model,9,older_80_89,6609,1,3,171,1.171832358674464,1.1666666666666667,0.05263157894736842,combined_60hz_125hz
model,9,older_80_89,6609,1,4,171,1.4408382066276804,1.3833333333333333,0.04678362573099415,combined_60hz_125hz
model,9,older_80_89,2410,0,1,157,0.49501061571125266,0.5166666666666666,0.012738853503184714,combined_60hz_125hz
model,9,older_80_89,2410,0,2,157,0.7222929936305732,0.7166666666666667,0.0,combined_60hz_125hz
model,9,older_80_89,2410,0,3,157,0.8926751592356686,0.9,0.006369426751592357,combined_60hz_125hz
model,9,older_80_89,2410,0,4,156,1.1506410256410255,1.0833333333333333,0.0,combined_60hz_125hz
model,9,older_80_89,984,1,1,170,0.7698039215686273,0.8,0.11176470588235295,combined_60hz_125hz
model,9,older_80_89,984,1,2,170,1.0297058823529412,1.0333333333333332,0.08823529411764706,combined_60hz_125hz
model,9,older_80_89,984,1,3,170,1.2034313725490196,1.2,0.047058823529411764,combined_60hz_125hz
model,9,older_80_89,984,1,4,170,1.4886274509803925,1.45,0.023529411764705882,combined_60hz_125hz
model,9,older_80_89,3403,0,1,128,0.5236979166666667,0.5416666666666667,0.0078125,combined_60hz_125hz
model,9,older_80_89,3403,0,2,128,0.7407552083333333,0.7416666666666667,0.0,combined_60hz_125hz
model,9,older_80_89,3403,0,3,127,0.8969816272965878,0.9,0.015748031496062992,combined_60hz_125hz
model,9,older_80_89,3403,0,4,127,1.1541994750656173,1.1166666666666667,0.015748031496062992,combined_60hz_125hz
model,9,older_80_89,3403,1,1,127,0.7700787401574805,0.8,0.13385826771653545,combined_60hz_125hz
model,9,older_80_89,3403,1,2,126,1.017989417989418,1.0333333333333332,0.05555555555555555,combined_60hz_125hz
model,9,older_80_89,3403,1,3,126,1.1904761904761902,1.1833333333333333,0.047619047619047616,combined_60hz_125hz
model,9,older_80_89,3403,1,4,126,1.4547619047619047,1.4166666666666667,0.023809523809523808,combined_60hz_125hz
model,9,older_80_89,2410,1,1,156,0.7826923076923077,0.8166666666666667,0.057692307692307696,combined_60hz_125hz
model,9,older_80_89,2410,1,2,155,1.0239784946236556,1.0166666666666666,0.09032258064516129,combined_60hz_125hz
model,9,older_80_89,2410,1,3,155,1.1921505376344088,1.1833333333333333,0.05806451612903226,combined_60hz_125hz
model,9,older_80_89,2410,1,4,155,1.4908602150537633,1.4666666666666666,0.05161290322580645,combined_60hz_125hz
