{
  "schema_version": "true_single_subject_feasibility.subject_eval.v1",
  "age_group": "20-29",
  "user_id": "5675",
  "fit": {
    "scale": 0.5,
    "time_steps": 77,
    "epochs": 8,
    "best_epoch": 5,
    "choice_temperature": 0.05,
    "seed": 0,
    "scales": [
      0.10000000149011612,
      0.30000001192092896,
      0.5
    ],
    "rt_normalization": {
      "log_rt_min": -2.1715567111968994,
      "log_rt_max": -0.035627204924821854,
      "log_rt_range": 2.1359295062720776
    }
  },
  "test_metrics": {
    "pred_mean": 0.5931500196456909,
    "pred_median": 0.6399999856948853,
    "pred_skewness": -0.64511638879776,
    "true_mean": 0.5320194959640503,
    "true_median": 0.5139999985694885,
    "true_skewness": 2.1572206020355225,
    "pred_q90": 0.7599999904632568,
    "pred_q95": 0.7599999904632568,
    "pred_q99": 0.7599999904632568,
    "true_q90": 0.6510999798774719,
    "true_q95": 0.687049925327301,
    "true_q99": 0.7910100221633911,
    "skewness_score": 0.0,
    "mean_score": 0.8850972056388855,
    "median_score": 0.7548638582229614,
    "coverage_score": 0.3665241301059723,
    "q90_score": 0.8327445646576761,
    "q95_score": 0.8938213040323039,
    "q99_score": 0.9607969168136168,
    "quantile_score": 0.8957875951678655,
    "mean_median_score": 0.8199805021286011,
    "rt_shape_score": 0.42348289489746094,
    "rt_score": 0.5060372352600098,
    "human_accuracy": 0.966,
    "model_accuracy": 1.0,
    "response_agreement": 0.966,
    "pred_error_rt": NaN,
    "pred_correct_rt": 0.5931500196456909,
    "human_error_rt": 0.5104705691337585,
    "human_correct_rt": 0.5327779650688171,
    "error_minus_correct_rt": NaN,
    "human_error_minus_correct_rt": -0.022307395935058594,
    "accuracy_score": 0.9648033126293996,
    "human_congruency_rt_gap": 0.04115194082260132,
    "model_congruency_rt_gap": 0.12947875261306763,
    "congruency_score": 0,
    "total_score": 0.544823169708252,
    "behavior_optimal_score": 0.5894314050674438
  },
  "test_n_trials": 2000,
  "test_n_errors": 68
}