{
  "schema_version": "true_single_subject_feasibility.subject_eval.v1",
  "age_group": "20-29",
  "user_id": "677",
  "fit": {
    "scale": 0.30000001192092896,
    "time_steps": 100,
    "epochs": 8,
    "best_epoch": 5,
    "choice_temperature": 0.05,
    "seed": 0,
    "scales": [
      0.10000000149011612,
      0.30000001192092896,
      0.5
    ],
    "rt_normalization": {
      "log_rt_min": -2.047942876815796,
      "log_rt_max": 3.5001673698425293,
      "log_rt_range": 5.548110246658325
    }
  },
  "test_metrics": {
    "pred_mean": 0.4411749839782715,
    "pred_median": 0.4099999964237213,
    "pred_skewness": 0.6350741982460022,
    "true_mean": 0.6176429986953735,
    "true_median": 0.6010000109672546,
    "true_skewness": 21.774171829223633,
    "pred_q90": 0.699999988079071,
    "pred_q95": 0.7699999809265137,
    "pred_q99": 0.9401000738143921,
    "true_q90": 0.699999988079071,
    "true_q95": 0.7430998086929321,
    "true_q99": 0.8900800347328186,
    "skewness_score": 0.02916640043258667,
    "mean_score": 0.7142879962921143,
    "median_score": 0.682196319103241,
    "coverage_score": 0.17662763595581055,
    "q90_score": 1.0,
    "q95_score": 0.9638000549604536,
    "q99_score": 0.9438027625273178,
    "quantile_score": 0.9692009391625905,
    "mean_median_score": 0.6982421875,
    "rt_shape_score": 0.402416855096817,
    "rt_score": 0.4744841456413269,
    "human_accuracy": 0.9455,
    "model_accuracy": 1.0,
    "response_agreement": 0.9455,
    "pred_error_rt": NaN,
    "pred_correct_rt": 0.4411749839782715,
    "human_error_rt": 0.5709357857704163,
    "human_correct_rt": 0.6203352212905884,
    "error_minus_correct_rt": NaN,
    "human_error_minus_correct_rt": -0.04939943552017212,
    "accuracy_score": 0.9423585404547858,
    "human_congruency_rt_gap": 0.04144841432571411,
    "model_congruency_rt_gap": 0.11725872755050659,
    "congruency_score": 0,
    "total_score": 0.520280122756958,
    "behavior_optimal_score": 0.5615589022636414
  },
  "test_n_trials": 2000,
  "test_n_errors": 109
}