diagnostic_order,user_id,age_group,nth_play,trial,xpos,ypos,stimulus_layout,target_direction,flanker_direction,response_direction,target_label,flanker_label,response_label,correct,congruency,congruency_code,rt_s,global_stimulus_key
0,182,20-29,50,1,120,267,0,L,R,L,0,1,0,True,incongruent,1,0.665,2bf872c1809c22dd
1,182,20-29,50,2,331,189,0,R,L,R,1,0,1,True,incongruent,1,0.515,dab14fa34829f10e
2,182,20-29,50,3,123,205,1,R,R,R,1,1,1,True,congruent,0,0.511,37eb42275c1235fc
3,182,20-29,50,4,426,229,6,R,R,R,1,1,1,True,congruent,0,0.551,9801c66883845fac
4,182,20-29,50,5,244,176,3,U,L,U,2,0,2,True,incongruent,1,0.553,c86346119430440c
5,182,20-29,50,6,483,262,5,L,D,L,0,3,0,True,incongruent,1,0.635,db908dd39a0a4cfd
6,182,20-29,50,7,314,205,4,D,D,D,3,3,3,True,congruent,0,0.552,2b55b4f96601670d
7,182,20-29,50,8,449,273,5,U,U,U,2,2,2,True,congruent,0,0.68,f41d0aaeb038e27b
8,182,20-29,50,9,145,174,5,U,U,U,2,2,2,True,congruent,0,0.503,dea37e38f958a091
9,182,20-29,50,10,499,217,0,R,U,R,1,2,1,True,incongruent,1,0.504,66fe5747bae2590b
10,182,20-29,50,11,195,220,1,U,U,U,2,2,2,True,congruent,0,0.521,0bdecf337287ba2e
11,182,20-29,50,12,364,175,2,D,D,D,3,3,3,True,congruent,0,0.606,e2102f4c16c6e5d2
12,182,20-29,50,13,190,212,6,R,U,R,1,2,1,True,incongruent,1,0.496,a742fdab728ff2a3
13,182,20-29,50,14,413,223,1,R,R,R,1,1,1,True,congruent,0,0.518,f0db0ad8a4428f81
14,182,20-29,50,15,121,219,3,R,R,R,1,1,1,True,congruent,0,0.487,8f6dad603930d6a1
15,182,20-29,50,16,479,193,2,U,L,U,2,0,2,True,incongruent,1,0.584,1c147b4ede178c40
16,182,20-29,50,17,304,204,2,D,L,D,3,0,3,True,incongruent,1,0.6,4df823069ab93a7d
17,182,20-29,50,18,129,205,1,L,D,L,0,3,0,True,incongruent,1,0.592,32acb324f588677f
18,182,20-29,50,19,375,286,0,U,R,U,2,1,2,True,incongruent,1,0.519,b60db7272a48757d
19,182,20-29,50,20,229,268,0,D,D,D,3,3,3,True,congruent,0,0.6,54fe626090f50ca8
20,182,20-29,50,21,489,278,6,R,U,R,1,2,1,True,incongruent,1,0.625,10a2840941e831af
21,182,20-29,50,22,121,208,2,U,R,U,2,1,2,True,incongruent,1,0.543,d6566a7a4aa7edcf
22,182,20-29,50,23,497,266,0,D,R,D,3,1,3,True,incongruent,1,0.805,0a9cff61af4e5402
23,182,20-29,50,24,118,202,1,L,R,L,0,1,0,True,incongruent,1,0.473,5c2c953cb92b15ef
24,182,20-29,50,25,483,258,1,R,U,R,1,2,1,True,incongruent,1,0.526,ca8726c6bae0a458
25,182,20-29,50,26,269,233,0,R,U,R,1,2,1,True,incongruent,1,0.689,634f8f9f9873e9a0
26,182,20-29,50,27,418,222,5,U,L,U,2,0,2,True,incongruent,1,0.591,afd17835ae9e8df7
27,182,20-29,50,28,153,178,2,D,D,D,3,3,3,True,congruent,0,0.608,cad146e3bca70fb2
28,182,20-29,50,29,472,286,3,D,L,D,3,0,3,True,incongruent,1,0.638,9649c95d7adc47d0
29,182,20-29,50,30,192,237,5,R,U,R,1,2,1,True,incongruent,1,0.536,da0d69fae419934f
30,182,20-29,50,31,465,270,0,D,R,D,3,1,3,True,incongruent,1,0.553,851baa49bb916449
31,182,20-29,50,32,167,275,0,D,D,D,3,3,3,True,congruent,0,0.471,df3e2397a985443c
32,182,20-29,50,33,425,182,5,L,R,L,0,1,0,True,incongruent,1,0.655,394bd77858a60233
33,182,20-29,50,34,233,186,5,D,R,D,3,1,3,True,incongruent,1,0.488,e3bc4245e103604f
34,182,20-29,50,35,428,244,6,U,U,U,2,2,2,True,congruent,0,0.495,3cbb48d6b922cee1
35,182,20-29,50,36,239,221,1,L,R,L,0,1,0,True,incongruent,1,0.487,c42065ac19e791dc
36,182,20-29,50,37,480,227,5,D,U,D,3,2,3,True,incongruent,1,0.567,fbbe8d90cfddec14
37,182,20-29,50,38,219,204,4,D,U,D,3,2,3,True,incongruent,1,0.728,91ce02c7937b71a0
38,182,20-29,50,39,357,278,5,U,U,U,2,2,2,True,congruent,0,0.592,2800d81794bb0efc
39,182,20-29,50,40,223,178,6,U,U,U,2,2,2,True,congruent,0,0.672,cfe64f111110fe8e
40,182,20-29,50,41,499,270,5,U,D,U,2,3,2,True,incongruent,1,0.592,f89cf1e0373bbaa0
41,182,20-29,50,42,266,178,5,U,D,U,2,3,2,True,incongruent,1,0.559,3e4b1ae1e607b063
42,182,20-29,50,43,428,271,0,U,L,U,2,0,2,True,incongruent,1,0.647,3a1f3040fbcc33c3
43,182,20-29,50,44,274,228,5,U,R,U,2,1,2,True,incongruent,1,0.56,8b87b499658c483a
44,182,20-29,50,45,458,269,2,L,L,L,0,0,0,True,congruent,0,0.569,61badfecac982115
45,182,20-29,50,46,185,196,2,R,D,R,1,3,1,True,incongruent,1,0.712,a3c401b9e794adb2
46,182,20-29,50,47,404,277,4,U,R,U,2,1,2,True,incongruent,1,0.591,695d292662393940
47,182,20-29,50,48,249,288,1,L,L,L,0,0,0,True,congruent,0,0.545,2ee23c08a3085a8f
48,182,20-29,50,49,414,216,3,U,L,U,2,0,2,True,incongruent,1,0.574,b87ddef28080d0f8
49,182,20-29,50,50,212,181,4,D,U,D,3,2,3,True,incongruent,1,0.682,24b94f92ff4ddfba
50,182,20-29,50,51,429,220,2,D,U,D,3,2,3,True,incongruent,1,0.527,e5cfe5e9a60218f5
51,182,20-29,50,52,136,227,2,R,D,R,1,3,1,True,incongruent,1,0.607,3233eaa242a4fbb2
52,182,20-29,50,53,380,289,6,D,D,D,3,3,3,True,congruent,0,0.464,824b92ce207e7670
53,182,20-29,50,54,133,276,6,D,D,D,3,3,3,True,congruent,0,0.561,9255c624f89b0d65
54,182,20-29,50,55,394,275,1,U,U,U,2,2,2,True,congruent,0,0.576,78c06a26103b316c
55,182,20-29,50,56,127,216,1,U,D,U,2,3,2,True,incongruent,1,0.558,279c3bf98e2d93bb
56,182,20-29,50,57,368,227,3,D,R,D,3,1,3,True,incongruent,1,0.608,d79ab3470f4ccaa7
57,182,20-29,50,58,510,206,0,R,D,D,1,3,3,False,incongruent,1,0.591,51b4265d40fe6c29
58,182,20-29,50,59,119,244,2,L,L,L,0,0,0,True,congruent,0,0.753,39b9d1d3c31a2010
59,182,20-29,50,60,268,233,4,D,D,D,3,3,3,True,congruent,0,0.815,f718241352cd3839
60,182,20-29,50,61,128,250,6,U,U,U,2,2,2,True,congruent,0,0.519,ea29e263cf758633
61,182,20-29,50,62,355,180,5,U,D,U,2,3,2,True,incongruent,1,0.607,38fdd74e03f9c4ad
62,182,20-29,50,63,181,273,0,U,U,U,2,2,2,True,congruent,0,0.591,f5c60d77bb54c3db
63,182,20-29,50,64,413,210,1,U,R,R,2,1,1,False,incongruent,1,0.633,5e1d151be783f494
64,182,20-29,50,65,268,212,5,R,R,R,1,1,1,True,congruent,0,0.654,c83bb6f4ac664f39
65,182,20-29,50,66,441,225,4,L,L,L,0,0,0,True,congruent,0,0.559,ddfa01fcc3ff8ba3
66,182,20-29,50,67,278,212,0,R,R,R,1,1,1,True,congruent,0,0.513,1da9263ea524aa57
67,182,20-29,50,68,513,183,5,U,U,U,2,2,2,True,congruent,0,0.51,ea682951d3cea718
68,182,20-29,50,69,259,275,6,U,D,U,2,3,2,True,incongruent,1,0.623,d70f285dddd145d3
69,182,20-29,50,70,134,208,3,U,R,U,2,1,2,True,incongruent,1,0.6,80677ae2684d336c
70,182,20-29,50,71,253,286,6,U,U,U,2,2,2,True,congruent,0,0.72,26512008ddc360f9
71,182,20-29,50,72,508,189,1,U,R,U,2,1,2,True,incongruent,1,0.584,e9aafef93508ab39
72,182,20-29,50,73,225,231,1,U,R,U,2,1,2,True,incongruent,1,0.56,1e079e114eb2b10d
73,182,20-29,50,74,478,208,1,U,U,U,2,2,2,True,congruent,0,0.505,352efbb1aa1e2a83
74,182,20-29,50,75,196,279,1,R,R,R,1,1,1,True,congruent,0,0.551,6552ee5f428065f7
75,182,20-29,50,76,519,274,0,U,L,U,2,0,2,True,incongruent,1,0.649,0e715d560e65433e
76,182,20-29,51,1,301,226,4,L,R,L,0,1,0,True,incongruent,1,0.575,79db252790d12244
77,182,20-29,51,2,470,185,4,R,R,R,1,1,1,True,congruent,0,0.508,1c2d2ad615171709
78,182,20-29,51,3,318,208,4,D,D,D,3,3,3,True,congruent,0,0.511,e3c0652595d52343
79,182,20-29,51,4,509,230,3,R,R,R,1,1,1,True,congruent,0,0.625,1a802ad4ebff6c9d
80,182,20-29,51,5,326,221,4,R,R,R,1,1,1,True,congruent,0,0.432,b3a630a1c8909148
81,182,20-29,51,6,163,215,2,U,U,U,2,2,2,True,congruent,0,0.604,b653c112fb2b1650
82,182,20-29,51,7,517,205,4,R,R,R,1,1,1,True,congruent,0,0.48,cb0d160af0458b63
83,182,20-29,51,8,170,238,6,L,U,L,0,2,0,True,incongruent,1,0.487,9a8fede70c7bc38f
84,182,20-29,51,9,451,201,5,R,R,R,1,1,1,True,congruent,0,0.473,38bd15cb5b9de642
85,182,20-29,51,10,268,233,5,U,R,U,2,1,2,True,incongruent,1,0.599,3f3041b025269d21
86,182,20-29,51,11,417,232,4,U,U,U,2,2,2,True,congruent,0,0.575,8a4ba571b30132cc
87,182,20-29,51,12,218,188,2,D,R,D,3,1,3,True,incongruent,1,0.618,a930a2177ca65ad3
88,182,20-29,51,13,376,227,3,U,L,U,2,0,2,True,incongruent,1,0.553,f41e991935776b88
89,182,20-29,51,14,184,238,0,L,D,L,0,3,0,True,incongruent,1,0.672,4e555b958ade4b8d
90,182,20-29,51,15,519,203,0,D,D,D,3,3,3,True,congruent,0,0.511,eb649f30cec22bd4
91,182,20-29,51,16,139,203,2,L,L,L,0,0,0,True,congruent,0,0.581,e2b53eb08f3e62cc
92,182,20-29,51,17,356,204,5,L,R,L,0,1,0,True,incongruent,1,0.631,7a3459ea38a0fe89
93,182,20-29,51,18,500,265,2,L,R,L,0,1,0,True,incongruent,1,0.631,463d2a9eb1ae9a39
94,182,20-29,51,19,358,244,1,D,D,D,3,3,3,True,congruent,0,0.503,85c61dfe403c27fa
95,182,20-29,51,20,178,255,0,R,R,R,1,1,1,True,congruent,0,0.569,de4e6b155b88306f
96,182,20-29,51,21,464,228,6,U,R,U,2,1,2,True,incongruent,1,0.527,13a122993e6cf01c
97,182,20-29,51,22,260,262,3,R,L,R,1,0,1,True,incongruent,1,0.537,d02efa188178a2c9
98,182,20-29,51,23,416,223,4,L,L,L,0,0,0,True,congruent,0,0.511,8f9451f60b6578b2
99,182,20-29,51,24,263,205,3,L,L,L,0,0,0,True,congruent,0,0.521,71eb04959010bbd5
100,182,20-29,51,25,452,232,6,R,R,U,1,1,2,False,congruent,0,0.551,0327b6be17835852
101,182,20-29,51,26,318,176,0,R,D,R,1,3,1,True,incongruent,1,0.662,6d60553df54ef8e0
102,182,20-29,51,27,180,203,6,D,R,D,3,1,3,True,incongruent,1,0.695,7b176ed6ad6df203
103,182,20-29,51,28,516,282,1,L,L,L,0,0,0,True,congruent,0,0.479,28ee69c7729cbef0
104,182,20-29,51,29,222,189,3,R,R,R,1,1,1,True,congruent,0,0.523,e0f8ef524723724b
105,182,20-29,51,30,524,259,6,U,U,U,2,2,2,True,congruent,0,0.503,ad736922c20ecc33
106,182,20-29,51,31,285,258,1,D,U,D,3,2,3,True,incongruent,1,0.639,979dbdce6b20ae10
107,182,20-29,51,32,490,244,1,L,L,L,0,0,0,True,congruent,0,0.489,172115861058dd40
108,182,20-29,51,33,229,175,6,L,U,L,0,2,0,True,incongruent,1,0.542,9f45d4b050a9359b
109,182,20-29,51,34,402,198,4,R,R,R,1,1,1,True,congruent,0,0.489,09447c1e5a548b12
110,182,20-29,51,35,237,189,1,D,D,D,3,3,3,True,congruent,0,0.533,cdcfa94a2757a062
111,182,20-29,51,36,394,286,6,L,U,L,0,2,0,True,incongruent,1,0.591,934bd72c4f28e0d7
112,182,20-29,51,37,519,194,1,U,U,U,2,2,2,True,congruent,0,0.561,01d5b8acc20eb810
113,182,20-29,51,38,161,253,5,D,D,D,3,3,3,True,congruent,0,0.525,1a0edc8ab80a1861
114,182,20-29,51,39,304,247,3,L,L,L,0,0,0,True,congruent,0,0.489,7f7666a7652065e6
115,182,20-29,51,40,449,263,5,D,R,D,3,1,3,True,incongruent,1,0.529,01cdcc99f97a5b82
116,182,20-29,51,41,201,287,3,U,D,U,2,3,2,True,incongruent,1,0.621,32ea68203f905f82
117,182,20-29,51,42,469,226,1,L,D,L,0,3,0,True,incongruent,1,0.48,110c0011317b186c
118,182,20-29,51,43,313,265,3,D,D,D,3,3,3,True,congruent,0,0.626,6161fd6407fdc519
119,182,20-29,51,44,482,265,6,D,D,D,3,3,3,True,congruent,0,0.534,56462e1bd10e2033
120,182,20-29,51,45,332,216,5,U,U,U,2,2,2,True,congruent,0,0.584,59a419acbdcf8c3d
121,182,20-29,51,46,163,282,4,L,R,L,0,1,0,True,incongruent,1,0.686,979fcec0133b6c03
122,182,20-29,51,47,362,286,0,D,L,D,3,0,3,True,incongruent,1,0.697,e8ed693e83256d6d
123,182,20-29,51,48,483,191,5,D,L,D,3,0,3,True,incongruent,1,0.606,283ad44c513f2969
124,182,20-29,51,49,284,187,5,D,D,D,3,3,3,True,congruent,0,0.585,f3d1ab2312b77e8f
125,182,20-29,51,50,516,236,1,L,R,L,0,1,0,True,incongruent,1,0.582,87c979f2036d032c
126,182,20-29,51,51,124,222,5,D,D,D,3,3,3,True,congruent,0,0.504,157cef586a0b60f4
127,182,20-29,51,52,301,280,6,D,D,D,3,3,3,True,congruent,0,0.632,75f566057f0929d2
128,182,20-29,51,53,148,223,1,R,D,R,1,3,1,True,incongruent,1,0.519,e6a8160d12698fdd
129,182,20-29,51,54,337,201,5,D,R,D,3,1,3,True,incongruent,1,0.526,f4b481e4d49918c9
130,182,20-29,51,55,490,289,1,U,U,U,2,2,2,True,congruent,0,0.552,9b86ad7f17837a05
131,182,20-29,51,56,182,190,1,R,U,R,1,2,1,True,incongruent,1,0.544,a1d2be0b84432af8
132,182,20-29,51,57,472,247,1,L,U,L,0,2,0,True,incongruent,1,0.48,7b23fa62f3b11f31
133,182,20-29,51,58,223,203,6,R,R,R,1,1,1,True,congruent,0,0.543,b3f3df16a7c11274
134,182,20-29,51,59,471,215,4,L,L,L,0,0,0,True,congruent,0,0.479,1dd2fb46b39f0031
135,182,20-29,51,60,267,220,5,U,U,U,2,2,2,True,congruent,0,0.518,dd6a393259d0496e
136,182,20-29,51,61,482,224,3,L,L,L,0,0,0,True,congruent,0,0.575,7e4cececc0c7b1cb
137,182,20-29,51,62,326,278,3,R,D,R,1,3,1,True,incongruent,1,0.592,b23ba73c7a10f4cf
138,182,20-29,51,63,494,240,4,R,L,R,1,0,1,True,incongruent,1,0.767,97cf5f9d2832914b
139,182,20-29,51,64,268,261,6,D,R,D,3,1,3,True,incongruent,1,0.49,e0e4aee0a547aa4c
140,182,20-29,51,65,481,214,3,L,D,L,0,3,0,True,incongruent,1,0.918,e024169982b19972
141,182,20-29,51,66,302,249,1,U,U,U,2,2,2,True,congruent,0,0.495,155356eebdbefd9b
142,182,20-29,51,67,518,265,5,U,U,U,2,2,2,True,congruent,0,0.592,639957860054e65b
143,182,20-29,51,68,195,197,5,R,R,R,1,1,1,True,congruent,0,0.555,9cedacf99d682fd3
144,182,20-29,51,69,395,188,6,U,D,U,2,3,2,True,incongruent,1,0.741,4ded4859c941d2f7
145,182,20-29,51,70,184,183,4,R,R,R,1,1,1,True,congruent,0,0.48,94b14a1baf708881
146,182,20-29,51,71,456,247,6,R,R,R,1,1,1,True,congruent,0,0.584,21cefc6cfcd21de9
147,182,20-29,51,72,182,267,2,R,D,R,1,3,1,True,incongruent,1,0.687,60f32e3f1625efc4
148,182,20-29,51,73,407,239,3,L,L,L,0,0,0,True,congruent,0,0.442,547ac07966bd37a3
149,182,20-29,51,74,150,270,6,R,U,R,1,2,1,True,incongruent,1,0.679,de52f710b5063299
150,182,20-29,51,75,512,212,5,D,D,D,3,3,3,True,congruent,0,0.616,d416f0f12fcdca1b
151,182,20-29,51,76,329,219,1,U,U,U,2,2,2,True,congruent,0,0.566,1a3c65f740d5d84e
152,182,20-29,51,77,145,276,2,L,U,L,0,2,0,True,incongruent,1,0.688,cb3588c3bbc2c12e
153,182,20-29,51,78,468,247,0,D,D,D,3,3,3,True,congruent,0,0.589,3aebb0b6644c49da
154,182,20-29,51,79,255,287,6,D,D,D,3,3,3,True,congruent,0,0.571,e82ca6659760b6aa
155,182,20-29,52,1,177,263,2,L,L,L,0,0,0,True,congruent,0,0.735,e95f8b2811423f2d
156,182,20-29,52,2,382,172,3,U,L,U,2,0,2,True,incongruent,1,0.595,630ba9fda992428a
157,182,20-29,52,3,496,284,1,L,L,L,0,0,0,True,congruent,0,0.645,29b4bb169c0d18fa
158,182,20-29,52,4,184,247,2,U,L,U,2,0,2,True,incongruent,1,0.537,bd654b65364dcfc1
159,182,20-29,52,5,404,182,3,U,U,U,2,2,2,True,congruent,0,0.554,78922df17771ed8d
160,182,20-29,52,6,188,243,1,D,U,D,3,2,3,True,incongruent,1,0.604,95dd732d800436a8
161,182,20-29,52,7,419,192,3,L,R,L,0,1,0,True,incongruent,1,0.569,7c9e93054ce3243c
162,182,20-29,52,8,193,276,1,D,L,D,3,0,3,True,incongruent,1,0.568,244a0b0bb20a866a
163,182,20-29,52,9,492,174,0,L,L,L,0,0,0,True,congruent,0,0.52,df583e427a654d74
164,182,20-29,52,10,319,288,5,U,U,U,2,2,2,True,congruent,0,0.622,53ae56d901ae3fcc
165,182,20-29,52,11,148,182,0,D,D,D,3,3,3,True,congruent,0,0.61,fadfb82cc832bdc7
166,182,20-29,52,12,335,204,5,D,R,D,3,1,3,True,incongruent,1,0.67,9c32fa0555560bfe
167,182,20-29,52,13,143,212,6,L,L,L,0,0,0,True,congruent,0,0.591,346f4766192c9a44
168,182,20-29,52,14,359,263,2,L,L,L,0,0,0,True,congruent,0,0.536,ec37eb840e042f40
169,182,20-29,52,15,129,184,6,D,U,D,3,2,3,True,incongruent,1,0.656,74eac97837970647
170,182,20-29,52,16,317,192,5,R,R,R,1,1,1,True,congruent,0,0.512,50e9dd4ed262c0c8
171,182,20-29,52,17,448,250,2,L,U,L,0,2,0,True,incongruent,1,0.624,787018655e9c2dc5
172,182,20-29,52,18,285,269,3,D,D,D,3,3,3,True,congruent,0,0.67,6fa321f1ff349225
173,182,20-29,52,19,476,258,6,D,U,D,3,2,3,True,incongruent,1,0.704,f9f8369f7cc8f245
174,182,20-29,52,20,175,193,3,R,R,R,1,1,1,True,congruent,0,0.511,7583ae75d23f3e1c
175,182,20-29,52,21,452,261,0,D,L,D,3,0,3,True,incongruent,1,0.599,cb7eacfba7f209d8
176,182,20-29,52,22,160,226,1,L,L,L,0,0,0,True,congruent,0,0.512,558c08f27b75510b
177,182,20-29,52,23,445,279,3,U,U,U,2,2,2,True,congruent,0,0.569,2dad5f54e438d29c
178,182,20-29,52,24,291,222,0,R,R,R,1,1,1,True,congruent,0,0.526,bb60d4e965d5fb31
179,182,20-29,52,25,490,174,6,D,R,D,3,1,3,True,incongruent,1,0.704,328692ab11441691
180,182,20-29,52,26,306,205,4,R,R,R,1,1,1,True,congruent,0,0.551,48a29fd6b1cc0e70
181,182,20-29,52,27,463,277,1,L,L,L,0,0,0,True,congruent,0,0.535,7fbfb3c180d7bc0b
182,182,20-29,52,28,233,290,6,U,L,U,2,0,2,True,incongruent,1,0.567,ead7c68ab2672df8
183,182,20-29,52,29,379,205,4,D,U,D,3,2,3,True,incongruent,1,0.647,c1350e934b8a8777
184,182,20-29,52,30,226,244,3,D,L,L,3,0,0,False,incongruent,1,0.578,4907c180e8545463
185,182,20-29,52,31,472,238,3,R,U,R,1,2,1,True,incongruent,1,0.635,66a4c8da2b1182a6
186,182,20-29,52,32,117,228,6,L,L,L,0,0,0,True,congruent,0,0.625,6dcddf37994b674a
187,182,20-29,52,33,291,274,2,R,R,R,1,1,1,True,congruent,0,0.646,fa95d6a3e5c1ebe5
188,182,20-29,52,34,494,263,6,R,R,R,1,1,1,True,congruent,0,0.68,57eee80e34f6ae06
189,182,20-29,52,35,161,179,6,U,U,U,2,2,2,True,congruent,0,0.544,8713439b7bf893ea
190,182,20-29,52,36,496,171,0,L,U,L,0,2,0,True,incongruent,1,0.733,9e3ca2c1c6707d1e
191,182,20-29,52,37,122,277,4,L,R,L,0,1,0,True,incongruent,1,0.568,24ae7022c1004618
192,182,20-29,52,38,336,262,2,L,U,L,0,2,0,True,incongruent,1,0.608,869d5dca68482505
193,182,20-29,52,39,188,264,3,D,D,D,3,3,3,True,congruent,0,0.591,f7b4a50a09a5bf37
194,182,20-29,52,40,470,253,2,U,D,U,2,3,2,True,incongruent,1,0.647,bb5e97e1a391625c
195,182,20-29,52,41,196,259,2,L,L,L,0,0,0,True,congruent,0,0.529,e93f50713044a89e
196,182,20-29,52,42,504,264,3,U,U,U,2,2,2,True,congruent,0,0.559,66482ea655d733b1
197,182,20-29,52,43,181,210,1,U,D,U,2,3,2,True,incongruent,1,0.711,18c862ab489fbcd5
198,182,20-29,52,44,371,185,4,D,D,D,3,3,3,True,congruent,0,0.474,26e55b0343f0e012
199,182,20-29,52,45,494,252,5,U,L,U,2,0,2,True,incongruent,1,0.709,36e912edfd6cb1de
200,182,20-29,52,46,275,269,4,R,R,R,1,1,1,True,congruent,0,0.48,35b0555746907a49
201,182,20-29,52,47,511,274,6,R,L,L,1,0,0,False,incongruent,1,0.552,d9833dcf1f21790d
202,182,20-29,52,48,354,285,3,R,R,R,1,1,1,True,congruent,0,0.599,3346af86c20cd322
203,182,20-29,52,49,146,179,1,D,L,D,3,0,3,True,incongruent,1,0.768,81be8ed07bae003d
204,182,20-29,52,50,382,206,5,D,D,D,3,3,3,True,congruent,0,0.647,fc97c670d51e5953
205,182,20-29,52,51,230,236,1,D,L,D,3,0,3,True,incongruent,1,0.64,666612f788bcb664
206,182,20-29,52,52,399,233,4,D,L,D,3,0,3,True,incongruent,1,0.673,c1ea643a0876ed8d
207,182,20-29,52,53,172,267,0,L,L,L,0,0,0,True,congruent,0,0.615,5dca017e39c9a62d
208,182,20-29,52,54,437,239,0,U,D,U,2,3,2,True,incongruent,1,0.535,c43f3d047803f75d
209,182,20-29,52,55,269,268,3,L,L,L,0,0,0,True,congruent,0,0.631,5ac7af21fdcfbac8
210,182,20-29,52,56,122,252,2,L,L,L,0,0,0,True,congruent,0,0.92,d5be112a41f71a1e
211,182,20-29,52,57,380,269,5,L,R,R,0,1,1,False,incongruent,1,0.567,05b5102d900d7d43
212,182,20-29,52,58,123,214,5,R,U,R,1,2,1,True,incongruent,1,0.728,afd35709a6e8c5a3
213,182,20-29,52,59,483,276,4,L,L,L,0,0,0,True,congruent,0,0.646,b843592554b28e44
214,182,20-29,52,60,187,282,2,U,L,U,2,0,2,True,incongruent,1,0.609,c8852b2634f4b4b7
215,182,20-29,52,61,447,272,1,D,U,D,3,2,3,True,incongruent,1,0.59,14715f149427fa94
216,182,20-29,52,62,270,206,4,D,D,D,3,3,3,True,congruent,0,0.543,fabc804b580f487d
217,182,20-29,52,63,522,242,5,L,U,L,0,2,0,True,incongruent,1,0.599,c89cd59647e48fd9
218,182,20-29,52,64,203,183,6,U,L,U,2,0,2,True,incongruent,1,0.479,08a2f5b989a74b5d
219,182,20-29,52,65,352,274,5,U,U,U,2,2,2,True,congruent,0,0.584,1d8a3a1f1e393ce8
220,182,20-29,52,66,184,256,5,D,U,D,3,2,3,True,incongruent,1,0.577,d7dc7d9ddd29e4b3
221,182,20-29,52,67,508,228,4,D,U,D,3,2,3,True,incongruent,1,0.75,6a1c0a9a3612167f
222,182,20-29,52,68,361,226,2,R,D,R,1,3,1,True,incongruent,1,0.592,0a0a993f48b4e332
223,182,20-29,52,69,118,219,4,D,U,D,3,2,3,True,incongruent,1,0.623,4e9cf29cab7ffa1c
224,182,20-29,52,70,293,180,2,D,D,D,3,3,3,True,congruent,0,0.512,b7a756caa1c339e2
225,182,20-29,52,71,482,196,4,L,L,L,0,0,0,True,congruent,0,0.566,4ca5c48306e0354f
226,182,20-29,52,72,140,203,2,L,L,L,0,0,0,True,congruent,0,0.552,3ae3c4ac1be19ed0
227,182,20-29,52,73,312,229,5,R,U,R,1,2,1,True,incongruent,1,0.577,df0c4c77536dd601
228,182,20-29,53,1,380,186,1,D,D,D,3,3,3,True,congruent,0,0.55,07918ac9527d9f40
229,182,20-29,53,2,154,281,4,D,R,D,3,1,3,True,incongruent,1,0.62,2e296bdcaa29dc5e
230,182,20-29,53,3,331,286,3,U,D,U,2,3,2,True,incongruent,1,0.631,63a319066a470a05
231,182,20-29,53,4,177,197,5,D,R,D,3,1,3,True,incongruent,1,0.511,fb19f754124f757e
232,182,20-29,53,5,402,213,4,U,U,U,2,2,2,True,congruent,0,0.528,6870fbeaa6b6bdff
233,182,20-29,53,6,187,174,5,U,U,U,2,2,2,True,congruent,0,0.519,69fd458b66ff06a6
234,182,20-29,53,7,407,205,1,R,R,R,1,1,1,True,congruent,0,0.521,4ce96e5092be96bf
235,182,20-29,53,8,163,215,2,L,U,L,0,2,0,True,incongruent,1,0.517,f90565c2cf581e60
236,182,20-29,53,9,522,245,6,R,R,R,1,1,1,True,congruent,0,0.552,f607846298e21c50
237,182,20-29,53,10,212,193,0,U,U,U,2,2,2,True,congruent,0,0.447,6a56d0b4720c69b3
238,182,20-29,53,11,524,216,0,R,D,R,1,3,1,True,incongruent,1,0.69,4d50bdfc77d32ef2
239,182,20-29,53,12,345,182,0,L,L,L,0,0,0,True,congruent,0,0.575,67c49385640f5139
240,182,20-29,53,13,500,196,3,L,L,L,0,0,0,True,congruent,0,0.56,29f62c9ce2f8aad6
241,182,20-29,53,14,179,179,5,R,D,R,1,3,1,True,incongruent,1,0.585,2930454d2bc56f70
242,182,20-29,53,15,445,198,0,L,R,L,0,1,0,True,incongruent,1,0.525,d68aca6ed9ea8349
243,182,20-29,53,16,193,205,6,R,R,R,1,1,1,True,congruent,0,0.52,3012bf914be93052
244,182,20-29,53,17,468,189,2,L,U,L,0,2,0,True,incongruent,1,0.574,42176dae92c83849
245,182,20-29,53,18,307,211,6,U,U,U,2,2,2,True,congruent,0,0.512,1c8ce8ce890d1721
246,182,20-29,53,19,163,221,5,R,R,R,1,1,1,True,congruent,0,0.616,352da4e7a1ebaa9b
247,182,20-29,53,20,495,221,0,U,U,U,2,2,2,True,congruent,0,0.544,9bfa37089feff297
248,182,20-29,53,21,247,179,4,R,D,R,1,3,1,True,incongruent,1,0.552,d7d0afc71300b788
249,182,20-29,53,22,380,281,2,R,R,R,1,1,1,True,congruent,0,0.693,58dadd2537258877
250,182,20-29,53,23,163,238,5,R,R,R,1,1,1,True,congruent,0,0.552,bf32aaef87e2311c
251,182,20-29,53,24,431,202,3,U,D,U,2,3,2,True,incongruent,1,0.745,46176d60cc6fb880
252,182,20-29,53,25,179,247,4,R,D,R,1,3,1,True,incongruent,1,0.486,62aa30005e23e496
253,182,20-29,53,26,401,227,4,D,D,D,3,3,3,True,congruent,0,0.608,6cd102401be7539d
254,182,20-29,53,27,151,227,0,U,D,U,2,3,2,True,incongruent,1,0.584,d34d862723d00241
255,182,20-29,53,28,425,174,5,D,L,D,3,0,3,True,incongruent,1,0.67,370541db58878781
256,677,20-29,50,1,401,278,4,R,D,R,1,3,1,True,incongruent,1,0.646,a67d2109f6454821
257,677,20-29,50,2,263,247,3,U,D,U,2,3,2,True,incongruent,1,0.718,922394a02f212df0
258,677,20-29,50,3,422,268,6,D,U,D,3,2,3,True,incongruent,1,0.643,36242611c4713eab
259,677,20-29,50,4,524,172,4,U,R,U,2,1,2,True,incongruent,1,0.821,5ca15f09d6a7cd92
260,677,20-29,50,5,174,200,2,R,R,R,1,1,1,True,congruent,0,0.686,5198be1aa4df7b02
261,677,20-29,50,6,361,231,1,R,D,R,1,3,1,True,incongruent,1,0.606,bfadfd3b7b5f8860
262,677,20-29,50,7,181,173,0,U,D,U,2,3,2,True,incongruent,1,0.677,6407b47c46f67390
263,677,20-29,50,8,491,257,5,L,D,L,0,3,0,True,incongruent,1,0.709,0861e136a475a018
264,677,20-29,50,9,115,283,1,L,D,L,0,3,0,True,incongruent,1,0.8,45676550c1de4a14
265,677,20-29,50,10,371,280,0,R,L,R,1,0,1,True,incongruent,1,0.612,9d2f8b6f7f1bdff0
266,677,20-29,50,11,167,222,6,L,L,L,0,0,0,True,congruent,0,0.647,80fab9d36556ed96
267,677,20-29,50,12,356,205,0,U,L,U,2,0,2,True,incongruent,1,0.839,d7bef0fb4e9edf77
268,677,20-29,50,13,219,261,3,L,D,L,0,3,0,True,incongruent,1,0.667,bcb48bb93f4cf76f
269,677,20-29,50,14,416,258,3,U,L,U,2,0,2,True,incongruent,1,0.709,6ae3372bd8be23d0
270,677,20-29,50,15,231,249,6,D,D,D,3,3,3,True,congruent,0,0.543,197394d323c45350
271,677,20-29,50,16,463,241,5,D,R,R,3,1,1,False,incongruent,1,0.623,dff51882ee5e16e0
272,677,20-29,50,17,282,241,3,L,U,L,0,2,0,True,incongruent,1,0.602,57ec1767cc6f9eca
273,677,20-29,50,18,449,246,1,R,D,R,1,3,1,True,incongruent,1,0.581,911a0482117e6a2d
274,677,20-29,50,19,236,271,2,U,U,U,2,2,2,True,congruent,0,0.625,982a01e1ec782d62
275,677,20-29,50,20,396,176,3,D,R,D,3,1,3,True,incongruent,1,0.689,9b92c8d3a5366922
276,677,20-29,50,21,153,262,1,D,D,D,3,3,3,True,congruent,0,0.588,67e6047ee5d4f6aa
277,677,20-29,50,22,421,209,3,U,L,U,2,0,2,True,incongruent,1,0.69,f837fc77c99b249e
278,677,20-29,50,23,121,287,3,R,R,R,1,1,1,True,congruent,0,0.581,c766e6384aab796a
279,677,20-29,50,24,392,214,3,U,U,U,2,2,2,True,congruent,0,0.657,75637b2c9e756f4f
280,677,20-29,50,25,161,248,2,L,L,L,0,0,0,True,congruent,0,0.728,3c82ccc1f5cd5b08
281,677,20-29,50,26,368,234,1,L,L,L,0,0,0,True,congruent,0,0.558,8b78c2d54aaedfc7
282,677,20-29,50,27,171,264,5,L,L,L,0,0,0,True,congruent,0,0.568,d288c7459252c002
283,677,20-29,50,28,321,237,6,L,R,L,0,1,0,True,incongruent,1,0.621,567cf2e249f84568
284,677,20-29,50,29,468,241,2,L,D,L,0,3,0,True,incongruent,1,0.744,2dc70e163e6092bb
285,677,20-29,50,30,176,224,1,R,L,R,1,0,1,True,incongruent,1,0.595,768088edb020b226
286,677,20-29,50,31,427,214,2,L,D,R,0,3,1,False,incongruent,1,0.658,f69ec717df7abe41
287,677,20-29,50,32,197,197,6,L,L,L,0,0,0,True,congruent,0,0.609,276a59521dbd5773
288,677,20-29,50,33,337,222,6,L,R,L,0,1,0,True,incongruent,1,0.597,8ca383aec72726db
289,677,20-29,50,34,171,239,4,R,R,R,1,1,1,True,congruent,0,0.538,4f64a2f4c2751345
290,677,20-29,50,35,465,230,1,L,L,L,0,0,0,True,congruent,0,0.868,1885c9e3c569a8ea
291,677,20-29,50,36,304,273,5,D,U,L,3,2,0,False,incongruent,1,0.624,b21a8af8e28aaea5
292,677,20-29,50,37,483,180,6,U,R,U,2,1,2,True,incongruent,1,0.628,2cf577db9bebc35d
293,677,20-29,50,38,157,255,0,U,U,U,2,2,2,True,congruent,0,0.577,7f805675d9e46045
294,677,20-29,50,39,458,178,3,U,R,U,2,1,2,True,incongruent,1,0.629,ab7ade7d5a509802
295,677,20-29,50,40,271,216,1,D,D,D,3,3,3,True,congruent,0,0.671,96e49b697ef3cef2
296,677,20-29,50,41,422,272,1,L,L,L,0,0,0,True,congruent,0,0.808,34071497c4e84e00
297,677,20-29,50,42,203,237,5,L,D,L,0,3,0,True,incongruent,1,0.634,bab42025a87fef23
298,677,20-29,50,43,504,267,5,D,R,R,3,1,1,False,incongruent,1,0.639,f3637309bff72c71
299,677,20-29,50,44,130,251,3,U,L,D,2,0,3,False,incongruent,1,0.624,76195cdb66ab01d4
300,677,20-29,50,45,429,237,3,D,L,D,3,0,3,True,incongruent,1,0.69,fd4350b64fa803de
301,677,20-29,50,46,206,282,2,D,D,D,3,3,3,True,congruent,0,0.549,dc78151256995524
302,677,20-29,50,47,419,240,0,L,U,L,0,2,0,True,incongruent,1,0.638,b7073d671257fae1
303,677,20-29,50,48,134,208,0,D,L,L,3,0,0,False,incongruent,1,0.649,00e9d83c485c91be
304,677,20-29,50,49,383,265,2,R,U,R,1,2,1,True,incongruent,1,0.778,d241a77d65aa81fc
305,677,20-29,50,50,182,201,3,U,L,D,2,0,3,False,incongruent,1,0.608,1c2b1093a97e33a5
306,677,20-29,50,51,438,283,1,L,L,L,0,0,0,True,congruent,0,0.752,7b3ef26511c60289
307,677,20-29,50,52,132,179,0,R,R,R,1,1,1,True,congruent,0,0.646,c92dada09ef63119
308,677,20-29,50,53,402,230,3,D,D,D,3,3,3,True,congruent,0,0.801,2c16de0096bd494a
309,677,20-29,50,54,144,189,5,U,U,U,2,2,2,True,congruent,0,0.693,1c37a08e20dc7da6
310,677,20-29,50,55,410,252,2,R,U,R,1,2,1,True,incongruent,1,0.599,c83b3a16708dfd08
311,677,20-29,50,56,240,198,1,U,U,U,2,2,2,True,congruent,0,0.594,956c720396bc832f
312,677,20-29,50,57,522,207,2,U,R,D,2,1,3,False,incongruent,1,0.633,18d8ec7f1b1526e3
313,677,20-29,50,59,138,242,6,D,L,D,3,0,3,True,incongruent,1,0.782,7e02eb6f9f64f926
314,677,20-29,50,60,340,198,1,L,U,U,0,2,2,False,incongruent,1,0.748,001dd1dc228c9053
315,677,20-29,50,61,115,206,5,U,U,U,2,2,2,True,congruent,0,0.836,5cf0baab5c2d4ad9
316,677,20-29,50,62,514,286,0,D,D,D,3,3,3,True,congruent,0,0.608,27bd6a8fddef46a2
317,677,20-29,50,63,234,205,4,U,R,U,2,1,2,True,incongruent,1,0.666,5665d20853b9c849
318,677,20-29,50,64,432,193,5,U,R,D,2,1,3,False,incongruent,1,0.581,6296725ce98e5326
319,677,20-29,50,65,154,194,6,L,L,L,0,0,0,True,congruent,0,0.663,eb89c5814528e485
320,677,20-29,50,66,405,249,3,L,L,L,0,0,0,True,congruent,0,0.527,f0dd47147634aa90
321,677,20-29,50,67,224,250,3,D,L,D,3,0,3,True,incongruent,1,0.66,be87820b829e5781
322,677,20-29,51,1,121,270,0,D,D,D,3,3,3,True,congruent,0,0.562,8841cf5071185527
323,677,20-29,51,2,494,176,3,L,L,L,0,0,0,True,congruent,0,0.526,4d13dd8ef3ee0014
324,677,20-29,51,3,147,191,6,R,R,R,1,1,1,True,congruent,0,0.544,9fbd8ac18163305f
325,677,20-29,51,4,288,222,3,D,L,D,3,0,3,True,incongruent,1,0.641,9c51037156d798c6
326,677,20-29,51,5,454,248,4,U,R,U,2,1,2,True,incongruent,1,0.782,a2234ab3a8020b20
327,677,20-29,51,6,248,264,6,R,D,R,1,3,1,True,incongruent,1,0.573,78efe785394cc649
328,677,20-29,51,7,458,289,4,R,R,R,1,1,1,True,congruent,0,0.556,64cbf70bda5c5149
329,677,20-29,51,8,117,237,3,R,L,R,1,0,1,True,incongruent,1,0.699,d975d8a9ff7f515d
330,677,20-29,51,9,288,247,1,D,U,D,3,2,3,True,incongruent,1,0.6,0bbef3106f0ce8d8
331,677,20-29,51,10,504,277,3,L,L,L,0,0,0,True,congruent,0,0.623,bee04230df084eb9
332,677,20-29,51,11,332,290,1,R,L,R,1,0,1,True,incongruent,1,0.614,019e779a27badeec
333,677,20-29,51,12,214,175,1,L,D,L,0,3,0,True,incongruent,1,0.805,653dae3ab34df2ca
334,677,20-29,51,13,346,245,0,U,L,U,2,0,2,True,incongruent,1,0.84,18222eb839ab86bc
335,677,20-29,51,14,121,277,1,U,U,U,2,2,2,True,congruent,0,0.605,638d0ed9b4072fe2
336,677,20-29,51,15,400,224,2,U,D,U,2,3,2,True,incongruent,1,0.755,10404131d9f57679
337,677,20-29,51,16,261,267,1,D,R,D,3,1,3,True,incongruent,1,0.828,4fc90002242f54e3
338,677,20-29,51,17,453,217,5,D,U,D,3,2,3,True,incongruent,1,0.645,0d7017ec0f15c5d7
339,677,20-29,51,18,149,198,4,L,L,L,0,0,0,True,congruent,0,0.58,db9bbc5cb30d946a
340,677,20-29,51,19,360,196,2,R,U,R,1,2,1,True,incongruent,1,0.618,16fabf4635841dc7
341,677,20-29,51,20,154,253,4,D,U,D,3,2,3,True,incongruent,1,0.78,0a22c40a84522ae6
342,677,20-29,51,21,395,198,2,L,R,L,0,1,0,True,incongruent,1,0.625,d13822cd4baa37b6
343,677,20-29,51,22,135,254,1,L,U,L,0,2,0,True,incongruent,1,0.582,404ae0b8f4cc231d
344,677,20-29,51,23,269,180,5,L,L,L,0,0,0,True,congruent,0,0.571,fe306916a1eb1d32
345,677,20-29,51,24,470,275,1,R,R,R,1,1,1,True,congruent,0,0.585,e4bfc3ecf4e8cdc3
346,677,20-29,51,25,357,189,0,L,L,L,0,0,0,True,congruent,0,0.68,c444c99e2c68b3e0
347,677,20-29,51,26,524,277,3,D,L,D,3,0,3,True,incongruent,1,0.693,45f69e109ea8625b
348,677,20-29,51,27,154,201,3,U,U,U,2,2,2,True,congruent,0,0.71,567608a2c643f88b
349,677,20-29,51,28,456,178,1,L,R,L,0,1,0,True,incongruent,1,0.706,78835c4b671d8006
350,677,20-29,51,29,211,200,4,D,L,D,3,0,3,True,incongruent,1,0.643,adc65ef2a790df59
351,677,20-29,51,30,346,258,6,R,R,R,1,1,1,True,congruent,0,0.606,f2a406070c071d49
352,677,20-29,51,31,524,250,3,L,L,L,0,0,0,True,congruent,0,0.595,a03834378350b9ad
353,677,20-29,51,32,253,209,4,R,R,R,1,1,1,True,congruent,0,0.817,4591e778a6b23007
354,677,20-29,51,33,127,272,3,L,L,L,0,0,0,True,congruent,0,0.662,fdda89c939599043
355,677,20-29,51,34,419,263,4,U,D,U,2,3,2,True,incongruent,1,0.82,c7efb4e28023f419
356,677,20-29,51,35,217,245,5,L,U,L,0,2,0,True,incongruent,1,0.63,669c8286914090a3
357,677,20-29,51,36,394,263,4,R,R,R,1,1,1,True,congruent,0,0.604,2ad9855287c717bd
358,677,20-29,51,37,129,200,3,U,R,U,2,1,2,True,incongruent,1,0.693,919859226586db04
359,677,20-29,51,38,473,179,2,U,U,U,2,2,2,True,congruent,0,0.621,57765db090078703
360,677,20-29,51,39,275,245,6,U,U,U,2,2,2,True,congruent,0,0.527,a494ea4321615f2c
361,677,20-29,51,40,520,199,4,R,D,R,1,3,1,True,incongruent,1,0.637,21578bbdb3b7f5f8
362,677,20-29,51,41,226,265,1,D,D,D,3,3,3,True,congruent,0,0.604,80f0edca3e9a7e83
363,677,20-29,51,42,424,195,1,U,L,U,2,0,2,True,incongruent,1,0.764,659d923e0784d9f8
364,677,20-29,51,43,211,268,3,D,U,D,3,2,3,True,incongruent,1,0.68,fee380a0681d0b2e
365,677,20-29,51,44,506,189,2,U,R,U,2,1,2,True,incongruent,1,0.668,da9a024e7da8d446
366,677,20-29,51,45,250,173,6,L,L,L,0,0,0,True,congruent,0,0.58,63f82595e08234d5
367,677,20-29,51,46,505,267,3,R,D,R,1,3,1,True,incongruent,1,0.638,deb55ce865a43d67
368,677,20-29,51,47,120,216,3,D,R,D,3,1,3,True,incongruent,1,0.652,8a2f75b202207e9d
369,677,20-29,51,48,357,173,2,U,U,U,2,2,2,True,congruent,0,0.681,19ed2d4856bd35b0
370,677,20-29,51,49,169,207,6,U,D,U,2,3,2,True,incongruent,1,0.589,ee2227d28fcc74b9
371,677,20-29,51,50,340,214,4,L,L,L,0,0,0,True,congruent,0,0.637,f706e433e80eb18f
372,677,20-29,51,51,138,262,2,U,R,U,2,1,2,True,incongruent,1,0.681,b65321c88f815ee5
373,677,20-29,51,52,309,262,4,D,R,D,3,1,3,True,incongruent,1,0.636,44b143d9a6d44554
374,677,20-29,51,53,471,175,1,R,D,R,1,3,1,True,incongruent,1,0.82,7c98419dfc18d39a
375,677,20-29,51,54,227,264,6,U,R,U,2,1,2,True,incongruent,1,0.616,a769221381460972
376,677,20-29,51,55,472,284,6,L,L,L,0,0,0,True,congruent,0,0.612,465ce866db119064
377,677,20-29,51,56,234,223,3,U,R,U,2,1,2,True,incongruent,1,0.728,301ea13bee7f382e
378,677,20-29,51,57,398,216,2,D,U,D,3,2,3,True,incongruent,1,0.643,fa3f627b517d7744
379,677,20-29,51,58,202,188,4,R,R,R,1,1,1,True,congruent,0,0.657,496b29c3004eb4f1
380,677,20-29,51,59,403,277,5,D,D,D,3,3,3,True,congruent,0,0.619,12016ed4ba0b7cc2
381,677,20-29,51,60,217,204,4,U,U,U,2,2,2,True,congruent,0,0.708,fe407d875604ad87
382,677,20-29,51,61,415,273,1,R,R,R,1,1,1,True,congruent,0,0.601,fc3671a7a428ecc7
383,677,20-29,51,62,294,201,6,U,U,U,2,2,2,True,congruent,0,0.559,bacf758156227f89
384,677,20-29,51,63,134,235,6,R,U,R,1,2,1,True,incongruent,1,0.764,5a038a41f2b7c39e
385,677,20-29,52,2,168,170,2,R,U,R,1,2,1,True,incongruent,1,0.705,7d53a71badbb63c4
386,677,20-29,52,3,444,231,5,D,U,D,3,2,3,True,incongruent,1,0.51,3e639cba26c23841
387,677,20-29,52,4,195,194,2,D,D,D,3,3,3,True,congruent,0,0.483,a975d51d1f3b7552
388,677,20-29,52,5,411,189,1,R,D,R,1,3,1,True,incongruent,1,0.488,5062b1a8840749e9
389,677,20-29,52,6,177,257,2,U,L,L,2,0,0,False,incongruent,1,0.525,14f38c0a116787c5
390,677,20-29,52,7,392,237,0,L,U,L,0,2,0,True,incongruent,1,0.607,17ba5be76782fc62
391,677,20-29,52,8,138,210,2,D,L,L,3,0,0,False,incongruent,1,0.563,768aed1233f0ab9c
392,677,20-29,52,9,316,182,6,L,D,L,0,3,0,True,incongruent,1,0.698,8bfcd05068388275
393,677,20-29,52,10,503,189,0,L,R,L,0,1,0,True,incongruent,1,0.699,afd6956e6b4fcfba
394,677,20-29,52,11,350,172,1,L,L,L,0,0,0,True,congruent,0,0.656,5c78e8dd9f5281cf
395,677,20-29,52,12,481,240,5,L,U,L,0,2,0,True,incongruent,1,0.564,79d787cb480965f4
396,677,20-29,52,13,319,211,6,L,U,L,0,2,0,True,incongruent,1,0.537,c0a52627082ede1e
397,677,20-29,52,14,489,253,6,L,L,L,0,0,0,True,congruent,0,0.573,e66754477f6632c5
398,677,20-29,52,15,150,193,2,D,U,D,3,2,3,True,incongruent,1,0.648,c94901676479f40c
399,677,20-29,52,16,489,272,4,D,D,D,3,3,3,True,congruent,0,0.542,0dda7841ff43b6b2
400,677,20-29,52,17,286,284,2,R,U,R,1,2,1,True,incongruent,1,0.613,6ad364dccf7b9dea
401,677,20-29,52,18,435,285,4,R,D,R,1,3,1,True,incongruent,1,0.646,e0faf1d83781fafd
402,677,20-29,52,19,145,264,1,R,U,R,1,2,1,True,incongruent,1,0.563,0659cbe430815640
403,677,20-29,52,20,304,204,0,D,R,D,3,1,3,True,incongruent,1,0.67,5442d681c41b9b27
404,677,20-29,52,21,122,229,4,D,D,D,3,3,3,True,congruent,0,0.574,53c8c53d1906dff9
405,677,20-29,52,22,478,178,6,L,U,L,0,2,0,True,incongruent,1,0.613,26a2c64940e6ff0c
406,677,20-29,52,23,284,218,3,U,L,L,2,0,0,False,incongruent,1,0.478,89b814a59d2d59de
407,677,20-29,52,24,496,230,4,U,U,U,2,2,2,True,congruent,0,0.664,76706f67088a680b
408,677,20-29,52,25,215,177,2,L,U,L,0,2,0,True,incongruent,1,0.556,95b91e9591099cb1
409,677,20-29,52,26,318,285,0,D,L,D,3,0,3,True,incongruent,1,0.561,d18cb659bbe0f460
410,677,20-29,52,27,135,237,5,D,L,D,3,0,3,True,incongruent,1,0.587,2928bb4e4439b59b
411,677,20-29,52,28,492,254,1,R,R,R,1,1,1,True,congruent,0,0.589,59e9ab09d43bef5f
412,677,20-29,52,29,322,270,2,L,U,L,0,2,0,True,incongruent,1,0.574,200f51f08a916529
413,677,20-29,52,30,191,190,2,R,D,D,1,3,3,False,incongruent,1,0.53,88d6fbe350e95bcb
414,677,20-29,52,31,412,252,6,L,L,L,0,0,0,True,congruent,0,0.631,41b037e2d9198dd0
415,677,20-29,52,32,227,276,1,U,U,U,2,2,2,True,congruent,0,0.614,e9679f5348fd5507
416,677,20-29,52,33,476,203,0,L,U,L,0,2,0,True,incongruent,1,0.606,9b3d5993faa1c9f7
417,677,20-29,52,34,351,290,2,U,L,U,2,0,2,True,incongruent,1,0.692,19fdecbf4f2f15cb
418,677,20-29,52,35,493,228,4,D,U,D,3,2,3,True,incongruent,1,0.611,cbc4ce9892474364
419,677,20-29,52,36,263,251,5,R,U,R,1,2,1,True,incongruent,1,0.577,bdc1d7d04fee0fde
420,677,20-29,52,37,489,186,2,D,D,D,3,3,3,True,congruent,0,0.614,baba7500c0dd5209
421,677,20-29,52,38,347,258,6,U,U,U,2,2,2,True,congruent,0,0.578,86e3811126c86142
422,677,20-29,52,39,160,261,5,D,D,D,3,3,3,True,congruent,0,0.54,25e8499705d0f546
423,677,20-29,52,40,343,188,3,R,R,R,1,1,1,True,congruent,0,0.56,cfd67ca61b981982
424,677,20-29,52,41,200,227,4,R,D,R,1,3,1,True,incongruent,1,0.647,b53633dfe09cd4ed
425,677,20-29,52,42,438,258,4,U,D,D,2,3,3,False,incongruent,1,0.608,7813c6ae6afee835
426,677,20-29,52,43,136,246,1,D,D,D,3,3,3,True,congruent,0,0.541,2e83a78aee79578a
427,677,20-29,52,44,297,271,1,R,R,R,1,1,1,True,congruent,0,0.633,fe74615936a67017
428,677,20-29,52,45,118,198,0,R,R,R,1,1,1,True,congruent,0,0.541,5a2569ede9f4c19b
429,677,20-29,52,46,414,225,4,D,D,D,3,3,3,True,congruent,0,0.608,07410ba0120d98d2
430,677,20-29,52,47,233,232,2,D,D,D,3,3,3,True,congruent,0,0.522,2c223d867b8ad6cf
431,677,20-29,52,48,503,183,2,D,U,D,3,2,3,True,incongruent,1,0.746,d3266a6864cab461
432,677,20-29,52,49,131,280,5,D,L,D,3,0,3,True,incongruent,1,0.816,8b30ce5870c9908d
433,677,20-29,52,50,373,203,5,R,D,R,1,3,1,True,incongruent,1,0.556,257988b8edb5d0c4
434,677,20-29,52,51,180,223,4,D,L,D,3,0,3,True,incongruent,1,0.629,b42deebe83144929
435,677,20-29,52,52,408,216,4,R,D,R,1,3,1,True,incongruent,1,0.601,1b1de1a3b74e6f0f
436,677,20-29,52,53,155,278,0,L,U,L,0,2,0,True,incongruent,1,0.6,53e477133e7bf269
437,677,20-29,52,54,370,267,3,L,L,L,0,0,0,True,congruent,0,0.598,b5e0f03b8cc6e90b
438,677,20-29,52,55,130,272,0,D,D,D,3,3,3,True,congruent,0,0.647,3fa76e931c30dee3
439,677,20-29,52,56,402,237,1,D,R,R,3,1,1,False,incongruent,1,0.507,b847808d5559454b
440,677,20-29,52,57,203,268,4,R,R,R,1,1,1,True,congruent,0,0.483,c640c043140417f2
441,677,20-29,52,58,494,277,0,U,R,U,2,1,2,True,incongruent,1,0.899,9cbe1c688bec1555
442,677,20-29,52,59,341,179,0,L,R,R,0,1,1,False,incongruent,1,0.515,900486d2d8d9a9d5
443,677,20-29,52,60,210,268,2,R,R,R,1,1,1,True,congruent,0,0.501,75bab1269b8fb348
444,677,20-29,52,61,436,171,3,R,R,R,1,1,1,True,congruent,0,0.588,3089b73b9c7f4348
445,677,20-29,52,62,193,181,2,U,L,U,2,0,2,True,incongruent,1,0.765,d0977c8b665fcf9b
446,677,20-29,52,63,491,201,3,L,U,L,0,2,0,True,incongruent,1,0.556,1473cee09d57c3cf
447,677,20-29,52,64,260,281,0,U,U,U,2,2,2,True,congruent,0,0.614,e9cc2aa63c523fa2
448,677,20-29,52,65,118,284,3,U,U,U,2,2,2,True,congruent,0,0.586,0f807dcddf267530
449,677,20-29,52,66,396,279,3,L,D,L,0,3,0,True,incongruent,1,0.649,8b451e1e473b7b76
450,677,20-29,52,67,145,240,5,U,U,U,2,2,2,True,congruent,0,0.57,b3dbb84509db995e
451,677,20-29,52,68,330,232,1,D,L,D,3,0,3,True,incongruent,1,0.684,6f4ac197c913195b
452,677,20-29,52,69,521,193,0,L,L,D,0,0,3,False,congruent,0,0.663,195044061b791b78
453,677,20-29,52,70,371,170,1,U,U,U,2,2,2,True,congruent,0,0.875,2a3518e133304857
454,677,20-29,52,71,193,268,1,D,D,D,3,3,3,True,congruent,0,0.544,5a55f2e5590e0ceb
455,677,20-29,53,1,386,224,1,L,D,L,0,3,0,True,incongruent,1,0.602,fb9c930ceadda1ba
456,677,20-29,53,2,154,223,3,D,D,D,3,3,3,True,congruent,0,0.509,6aed9c64e6800882
457,677,20-29,53,3,324,189,0,U,R,U,2,1,2,True,incongruent,1,0.743,822ef4db2fa6abcb
458,677,20-29,53,4,486,267,4,D,U,D,3,2,3,True,incongruent,1,0.715,09dffcac81022d8c
459,677,20-29,53,7,363,241,6,D,U,D,3,2,3,True,incongruent,1,0.598,ee75be274322ce5e
460,677,20-29,53,8,127,228,1,R,R,R,1,1,1,True,congruent,0,0.539,9f3f909e47f463a8
461,677,20-29,53,9,324,249,6,R,U,R,1,2,1,True,incongruent,1,0.591,59fcbba7a0e35eec
462,677,20-29,53,10,193,187,0,D,D,D,3,3,3,True,congruent,0,0.756,c167ae2cbb708482
463,677,20-29,53,11,441,245,4,D,R,D,3,1,3,True,incongruent,1,0.64,a31ad86d806593ee
464,677,20-29,53,12,118,186,1,U,U,U,2,2,2,True,congruent,0,0.7,0055eed66de90074
465,677,20-29,53,13,515,261,1,U,U,U,2,2,2,True,congruent,0,0.588,0c4c576625426337
466,677,20-29,53,14,215,268,4,U,U,U,2,2,2,True,congruent,0,0.656,2ab42c98688fdd93
467,677,20-29,53,15,426,230,0,R,D,D,1,3,3,False,incongruent,1,0.534,61c07bbd837a6561
468,677,20-29,53,16,216,181,3,D,L,D,3,0,3,True,incongruent,1,0.777,476157ab5e36b085
469,677,20-29,53,17,403,212,5,L,L,L,0,0,0,True,congruent,0,0.639,95b2a661b243d48a
470,677,20-29,53,18,165,174,2,L,R,L,0,1,0,True,incongruent,1,0.625,e75f77f0b2348262
471,677,20-29,53,19,395,184,6,L,L,L,0,0,0,True,congruent,0,0.633,9cf2f15657c4c5a7
472,677,20-29,53,20,198,209,3,R,U,R,1,2,1,True,incongruent,1,0.601,ff31249fcca62996
473,677,20-29,53,21,507,218,1,R,R,R,1,1,1,True,congruent,0,0.578,fad697c181b5977a
474,677,20-29,53,22,130,249,1,D,U,D,3,2,3,True,incongruent,1,0.626,ea52c2c2760f621d
475,677,20-29,53,23,338,280,5,D,R,D,3,1,3,True,incongruent,1,0.629,60d9aece6c335e44
476,677,20-29,53,24,480,182,2,L,U,L,0,2,0,True,incongruent,1,0.641,50ac111b69c9f07f
477,677,20-29,53,25,124,247,0,R,R,R,1,1,1,True,congruent,0,0.551,1e7dfdb3898afd3b
478,677,20-29,53,26,325,240,0,D,U,D,3,2,3,True,incongruent,1,0.602,0fe39a526d677184
479,677,20-29,53,27,141,174,6,D,D,D,3,3,3,True,congruent,0,0.558,a01f443b79fc2791
480,677,20-29,53,28,350,186,2,L,L,L,0,0,0,True,congruent,0,0.669,ba828ea68f2a659b
481,677,20-29,53,29,482,258,4,U,U,U,2,2,2,True,congruent,0,0.721,94b8358916c17c05
482,677,20-29,53,30,234,272,2,L,L,L,0,0,0,True,congruent,0,0.549,b58cf09917654839
483,677,20-29,53,31,483,200,0,R,R,R,1,1,1,True,congruent,0,0.565,3c889fa2983e85e0
484,677,20-29,53,32,203,218,6,R,R,R,1,1,1,True,congruent,0,0.548,8869466c50b2f58e
485,677,20-29,53,33,381,281,1,U,U,U,2,2,2,True,congruent,0,0.721,c8aad0113765cf57
486,677,20-29,53,34,161,207,1,R,D,D,1,3,3,False,incongruent,1,0.548,81c018b7e2632a57
487,677,20-29,53,35,466,222,1,R,D,D,1,3,3,False,incongruent,1,0.623,3322412ac3efc203
488,677,20-29,53,37,483,272,3,R,R,R,1,1,1,True,congruent,0,0.664,559366d8a0da507b
489,677,20-29,53,38,324,217,2,R,L,R,1,0,1,True,incongruent,1,0.599,4b9fe56df0f8a355
490,677,20-29,53,39,498,246,6,L,U,L,0,2,0,True,incongruent,1,0.587,5819ef7a897d44ba
491,677,20-29,53,40,221,265,3,U,U,R,2,2,1,False,congruent,0,0.604,8a06de4d601b009b
492,677,20-29,53,41,511,290,2,U,U,U,2,2,2,True,congruent,0,0.852,df70f8592ca6b3a3
493,677,20-29,53,42,398,183,5,L,L,L,0,0,0,True,congruent,0,0.573,efa9eefca54595af
494,677,20-29,53,43,190,181,0,L,L,L,0,0,0,True,congruent,0,0.551,ed8442cfafeea755
495,677,20-29,53,44,450,255,1,D,U,D,3,2,3,True,incongruent,1,0.627,45b2edbfecb68b52
496,677,20-29,53,45,335,172,0,R,R,R,1,1,1,True,congruent,0,0.697,01817162a7496c9f
497,677,20-29,53,46,447,289,1,U,D,U,2,3,2,True,incongruent,1,0.786,9b4b80fac5af9be2
498,677,20-29,53,47,305,183,6,R,L,R,1,0,1,True,incongruent,1,0.713,3532bcb8988559f7
499,677,20-29,53,48,475,251,6,D,D,D,3,3,3,True,congruent,0,0.749,b60157e779fda8df
500,677,20-29,53,49,274,190,2,R,D,D,1,3,3,False,incongruent,1,0.56,29aad3976dc83d9f
501,677,20-29,53,50,517,270,0,R,U,R,1,2,1,True,incongruent,1,0.742,5ce9a0b446bc5b77
502,677,20-29,53,51,333,181,2,L,U,L,0,2,0,True,incongruent,1,0.601,2120a6ca4e466295
503,677,20-29,53,52,170,191,5,R,R,R,1,1,1,True,congruent,0,0.558,71a48ff349d94ee5
504,677,20-29,53,53,396,259,6,D,D,D,3,3,3,True,congruent,0,0.595,e38de0b70971a6da
505,677,20-29,53,54,188,290,6,D,D,D,3,3,3,True,congruent,0,0.529,f42f3fa561d6be1d
506,677,20-29,53,55,506,243,1,D,D,D,3,3,3,True,congruent,0,0.561,c03abf7031e1571c
507,677,20-29,53,56,166,238,5,U,U,U,2,2,2,True,congruent,0,0.688,19238b9dd30d35a2
508,677,20-29,53,57,363,196,2,R,R,R,1,1,1,True,congruent,0,0.727,dfa98178fdf78de8
509,677,20-29,53,58,518,288,4,L,U,L,0,2,0,True,incongruent,1,0.661,818f81a05f94a316
510,677,20-29,53,59,312,282,3,R,R,R,1,1,1,True,congruent,0,0.527,762efe92af2e21e5
511,677,20-29,53,60,491,287,6,U,U,U,2,2,2,True,congruent,0,0.652,9400694cb7334aaa
512,1744,30-39,50,1,396,234,3,R,U,R,1,2,1,True,incongruent,1,0.764,e71f171b762307c3
513,1744,30-39,50,2,216,277,2,U,R,U,2,1,2,True,incongruent,1,0.828,561b56afa034069d
514,1744,30-39,50,3,496,239,0,L,R,L,0,1,0,True,incongruent,1,0.767,bb4165c3e3ac1a94
515,1744,30-39,50,4,362,283,3,D,R,D,3,1,3,True,incongruent,1,0.776,fd44a4c95bdcc8e8
516,1744,30-39,50,5,165,178,4,R,R,R,1,1,1,True,congruent,0,0.709,c28537d32bd42cb8
517,1744,30-39,50,6,455,183,6,U,U,U,2,2,2,True,congruent,0,0.711,5715c406b72ee1a0
518,1744,30-39,50,7,178,249,2,L,L,L,0,0,0,True,congruent,0,0.72,ca5e9141e2b55665
519,1744,30-39,50,8,345,240,4,R,L,R,1,0,1,True,incongruent,1,0.663,24a0dbb1d2c038d0
520,1744,30-39,50,9,134,254,1,R,R,R,1,1,1,True,congruent,0,0.784,2dfa9eaefcc32a4f
521,1744,30-39,50,10,277,255,5,R,R,R,1,1,1,True,congruent,0,0.752,92c151b8f33bc637
522,1744,30-39,50,11,134,262,4,U,U,U,2,2,2,True,congruent,0,0.64,876e716e08dcfef8
523,1744,30-39,50,12,373,228,2,D,R,D,3,1,3,True,incongruent,1,0.8,fdc4d4ff92d3eee8
524,1744,30-39,50,13,143,211,6,U,D,U,2,3,2,True,incongruent,1,0.738,206d9454e1a44e61
525,1744,30-39,50,14,490,216,4,U,U,U,2,2,2,True,congruent,0,0.902,78fdb28b9355cc60
526,1744,30-39,50,15,310,187,3,L,U,L,0,2,0,True,incongruent,1,0.664,7a377f2061df0935
527,1744,30-39,50,16,171,214,2,R,R,R,1,1,1,True,congruent,0,0.759,8b46df112528f5bd
528,1744,30-39,50,17,326,183,4,U,U,U,2,2,2,True,congruent,0,0.687,410585ec096e1afd
529,1744,30-39,50,18,146,267,4,R,D,R,1,3,1,True,incongruent,1,0.817,db19dcdf370a449c
530,1744,30-39,50,19,388,225,0,D,R,D,3,1,3,True,incongruent,1,0.893,031240336b10f494
531,1744,30-39,50,20,132,211,6,U,D,U,2,3,2,True,incongruent,1,0.696,5daeb5343d09a1ff
532,1744,30-39,50,21,407,284,4,D,L,D,3,0,3,True,incongruent,1,0.848,bdc49682a57ac403
533,1744,30-39,50,22,291,194,2,L,L,L,0,0,0,True,congruent,0,0.776,9c10f31f89871ef8
534,1744,30-39,50,23,513,251,6,D,L,D,3,0,3,True,incongruent,1,0.895,3d2873e5247a0b00
535,1744,30-39,50,24,183,218,2,R,R,R,1,1,1,True,congruent,0,0.912,03487d4ad1afaa7b
536,1744,30-39,50,25,345,198,1,D,R,D,3,1,3,True,incongruent,1,0.879,c0e4e1ca2c8f9f54
537,1744,30-39,50,26,508,283,3,D,L,D,3,0,3,True,incongruent,1,0.944,115d287aee254012
538,1744,30-39,50,27,282,186,0,R,D,R,1,3,1,True,incongruent,1,0.824,cecb84f865ac04fe
539,1744,30-39,50,28,523,255,2,D,L,D,3,0,3,True,incongruent,1,0.704,a1c7102279a603c2
540,1744,30-39,50,29,126,272,6,L,D,L,0,3,0,True,incongruent,1,0.839,da132527e05b98f4
541,1744,30-39,50,30,462,236,2,U,U,U,2,2,2,True,congruent,0,0.824,8405713cc423d48a
542,1744,30-39,50,31,115,271,5,U,D,U,2,3,2,True,incongruent,1,0.944,fedae1be7f49f755
543,1744,30-39,50,32,384,290,4,R,D,R,1,3,1,True,incongruent,1,0.776,eea3d87e72853674
544,1744,30-39,50,33,248,253,2,D,L,D,3,0,3,True,incongruent,1,0.856,5b932a7fad27be95
545,1744,30-39,50,34,397,243,4,D,U,D,3,2,3,True,incongruent,1,0.8,337f6413507dde91
546,1744,30-39,50,35,171,235,5,D,D,D,3,3,3,True,congruent,0,0.696,9b8f9e2fd4b3a07e
547,1744,30-39,50,36,434,224,0,D,D,D,3,3,3,True,congruent,0,0.736,0bd198867933af70
548,1744,30-39,50,37,243,179,0,R,R,R,1,1,1,True,congruent,0,0.774,259920dab5a331fe
549,1744,30-39,50,38,382,249,1,U,U,U,2,2,2,True,congruent,0,0.792,8fb00740447b3487
550,1744,30-39,50,39,163,279,2,R,L,R,1,0,1,True,incongruent,1,0.888,16df955a6f8b561a
551,1744,30-39,50,40,356,170,3,D,D,D,3,3,3,True,congruent,0,0.752,1ab3380cdad1f592
552,1744,30-39,50,41,514,232,1,R,R,R,1,1,1,True,congruent,0,0.671,6ec592591c3ebc38
553,1744,30-39,50,42,295,221,4,D,D,D,3,3,3,True,congruent,0,0.696,6cb76ef632be7cc2
554,1744,30-39,50,43,136,258,2,L,L,L,0,0,0,True,congruent,0,0.736,428826c576d4162a
555,1744,30-39,50,44,433,289,1,U,U,U,2,2,2,True,congruent,0,0.768,62b98aeb56d69b19
556,1744,30-39,50,45,254,246,5,L,D,L,0,3,0,True,incongruent,1,0.728,2bea53181cbb47a8
557,1744,30-39,50,46,479,239,2,L,L,L,0,0,0,True,congruent,0,0.712,9f660201909541b5
558,1744,30-39,50,47,207,237,3,D,U,D,3,2,3,True,incongruent,1,0.822,40547bad2eea9177
559,1744,30-39,50,48,420,280,1,D,L,D,3,0,3,True,incongruent,1,0.8,d267987f9fa7f2b9
560,1744,30-39,50,49,172,287,4,L,L,L,0,0,0,True,congruent,0,0.815,7d3a218c82c8ea55
561,1744,30-39,50,50,513,239,3,L,L,L,0,0,0,True,congruent,0,0.696,6072922986598482
562,1744,30-39,50,51,231,191,0,L,L,L,0,0,0,True,congruent,0,0.64,cee8ac67adc3507e
563,1744,30-39,50,52,438,198,6,R,U,R,1,2,1,True,incongruent,1,0.826,b0a654df19e10433
564,1744,30-39,50,53,132,195,1,L,U,L,0,2,0,True,incongruent,1,0.773,801d0f5eb4b92026
565,1744,30-39,50,54,435,194,1,L,L,L,0,0,0,True,congruent,0,0.808,f94e4bc06e188322
566,1744,30-39,50,55,261,179,2,L,D,D,0,3,3,False,incongruent,1,0.656,2489d4f6a19e7437
567,1744,30-39,50,56,455,268,6,R,D,R,1,3,1,True,incongruent,1,0.903,70b1dbb4ef71fcd9
568,1744,30-39,50,57,195,170,4,D,R,R,3,1,1,False,incongruent,1,0.664,8aac9776e4b85035
569,1744,30-39,51,1,433,179,3,D,L,D,3,0,3,True,incongruent,1,0.813,14525c561d748cb8
570,1744,30-39,51,2,279,196,6,U,D,U,2,3,2,True,incongruent,1,0.637,aafe44ad1cd6c8b5
571,1744,30-39,51,3,430,282,3,R,R,R,1,1,1,True,congruent,0,0.767,61648fc90b626fe0
572,1744,30-39,51,4,166,259,0,U,R,U,2,1,2,True,incongruent,1,0.792,89717f4ad64b9de8
573,1744,30-39,51,5,467,263,5,D,D,D,3,3,3,True,congruent,0,0.721,cc911ff486be7bb6
574,1744,30-39,51,6,254,203,5,U,R,R,2,1,1,False,incongruent,1,0.671,ca096bf8fb84d4f2
575,1744,30-39,51,7,396,197,1,U,R,U,2,1,2,True,incongruent,1,0.774,37f48ffc5f2fb549
576,1744,30-39,51,8,243,206,6,R,L,R,1,0,1,True,incongruent,1,0.744,a6301f38eafffacc
577,1744,30-39,51,9,476,212,2,R,L,R,1,0,1,True,incongruent,1,0.8,15139ad5213ca53a
578,1744,30-39,51,10,191,271,5,U,U,U,2,2,2,True,congruent,0,0.807,3e573e251cb5ff94
579,1744,30-39,51,11,457,183,3,D,R,D,3,1,3,True,incongruent,1,0.864,bbd5a46a222e47dd
580,1744,30-39,51,12,166,229,1,R,D,R,1,3,1,True,incongruent,1,0.784,91400c1043a2865e
581,1744,30-39,51,13,345,233,6,U,R,U,2,1,2,True,incongruent,1,0.784,0421a40fb71e2728
582,1744,30-39,51,14,163,286,1,R,R,R,1,1,1,True,congruent,0,0.727,41550a0c2e5ec4c6
583,1744,30-39,51,16,483,236,1,U,U,U,2,2,2,True,congruent,0,0.727,22a0f0b679c6c947
584,1744,30-39,51,17,181,197,4,D,D,D,3,3,3,True,congruent,0,0.768,ed2b346f75eecb4d
585,1744,30-39,51,18,504,188,5,D,R,D,3,1,3,True,incongruent,1,0.72,e6deffc4d8e3257b
586,1744,30-39,51,19,350,172,3,R,D,R,1,3,1,True,incongruent,1,0.76,ae5bccdb4a5c0b56
587,1744,30-39,51,20,134,218,0,R,R,R,1,1,1,True,congruent,0,0.72,ce4a75ed9eb104ed
588,1744,30-39,51,21,294,276,5,L,R,L,0,1,0,True,incongruent,1,0.767,9f6a667f270fdddf
589,1744,30-39,51,22,480,233,3,D,L,D,3,0,3,True,incongruent,1,1.263,0eea8b3bcf696ded
590,1744,30-39,51,23,278,176,3,U,D,U,2,3,2,True,incongruent,1,0.76,3add33f9b193b78c
591,1744,30-39,51,24,467,197,0,D,L,D,3,0,3,True,incongruent,1,0.912,68bf34b76cfafb94
592,1744,30-39,51,25,124,270,4,R,L,R,1,0,1,True,incongruent,1,0.824,09156b0b56b47f57
593,1744,30-39,51,26,242,193,2,L,L,L,0,0,0,True,congruent,0,0.872,84c375aa6f65a3f5
594,1744,30-39,51,27,427,212,5,D,D,D,3,3,3,True,congruent,0,0.76,78fbf8b797e81f03
595,1744,30-39,51,28,201,219,6,L,L,U,0,0,2,False,congruent,0,0.822,77203283f6aa223f
596,1744,30-39,51,29,445,223,3,R,R,R,1,1,1,True,congruent,0,0.934,1bfa4be917d6a0d9
597,1744,30-39,51,30,182,257,6,U,R,U,2,1,2,True,incongruent,1,0.799,9934ac1639f2b088
598,1744,30-39,51,31,324,172,2,L,D,L,0,3,0,True,incongruent,1,0.76,daaf85636efffb61
599,1744,30-39,51,32,164,255,3,D,D,D,3,3,3,True,congruent,0,1.279,ea8291ee23ab5356
600,1744,30-39,51,33,322,209,0,L,R,L,0,1,0,True,incongruent,1,0.935,36943b827d70c051
601,1744,30-39,51,34,493,266,0,L,L,L,0,0,0,True,congruent,0,0.72,53ba7720ae5e2e87
602,1744,30-39,51,35,294,206,0,D,D,D,3,3,3,True,congruent,0,0.68,9823eda8fdc2b3fe
603,1744,30-39,51,36,525,227,2,R,D,R,1,3,1,True,incongruent,1,0.856,d903b45264f015ee
604,1744,30-39,51,37,210,213,3,D,D,D,3,3,3,True,congruent,0,0.967,0c222e5c421837ea
605,1744,30-39,51,38,354,198,5,R,L,R,1,0,1,True,incongruent,1,0.943,8756f6d0426ada92
606,1744,30-39,51,39,497,196,2,L,L,L,0,0,0,True,congruent,0,0.807,5d973c647dea118c
607,1744,30-39,51,40,130,226,6,R,R,R,1,1,1,True,congruent,0,0.763,d2f07cdfbf1e11ab
608,1744,30-39,51,41,478,228,1,L,D,L,0,3,0,True,incongruent,1,0.767,4840019ee86f5c60
609,1744,30-39,51,42,269,275,4,U,U,U,2,2,2,True,congruent,0,0.752,dde4aba54dc68ad2
610,1744,30-39,51,43,441,280,1,D,D,D,3,3,3,True,congruent,0,0.696,f5cb362458604915
611,1744,30-39,51,44,139,260,4,L,U,L,0,2,0,True,incongruent,1,0.792,3ba5df9367505a0e
612,1744,30-39,51,45,309,276,2,D,D,D,3,3,3,True,congruent,0,0.632,c653f120281cb492
613,1744,30-39,51,46,454,238,0,D,R,D,3,1,3,True,incongruent,1,0.96,4b7af42021690a0d
614,1744,30-39,51,47,205,238,4,U,U,U,2,2,2,True,congruent,0,0.68,a683b464a8cff996
615,1744,30-39,51,48,438,194,6,U,U,U,2,2,2,True,congruent,0,0.736,ee9243169466451d
616,1744,30-39,51,49,262,219,5,D,R,D,3,1,3,True,incongruent,1,0.784,bce97d4cfd6179ce
617,1744,30-39,51,50,414,253,4,L,L,L,0,0,0,True,congruent,0,0.728,4e213015a08a218a
618,1744,30-39,51,51,188,181,3,D,D,D,3,3,3,True,congruent,0,0.704,76bc2a068de04985
619,1744,30-39,51,52,519,284,0,D,D,D,3,3,3,True,congruent,0,0.704,7fea6dfcf3f5c051
620,1744,30-39,51,53,288,279,2,D,U,U,3,2,2,False,incongruent,1,0.68,e835948a101be831
621,1744,30-39,51,54,460,177,2,D,D,D,3,3,3,True,congruent,0,0.816,9fa37527bc98fe96
622,1744,30-39,51,55,185,281,4,U,R,U,2,1,2,True,incongruent,1,0.864,2e5d4b1b2343db34
623,1744,30-39,52,1,181,273,3,L,D,L,0,3,0,True,incongruent,1,0.847,2bce7cd88ede8326
624,1744,30-39,52,2,517,289,2,R,R,R,1,1,1,True,congruent,0,0.973,576460c1ec3bc8e4
625,1744,30-39,52,3,256,271,3,L,U,L,0,2,0,True,incongruent,1,0.808,06d5cb731479e0d5
626,1744,30-39,52,4,514,178,1,R,R,R,1,1,1,True,congruent,0,0.752,feb22a6a9c84f82c
627,1744,30-39,52,5,131,189,3,D,L,D,3,0,3,True,incongruent,1,0.847,a032a138a5332c46
628,1744,30-39,52,6,522,289,0,U,R,U,2,1,2,True,incongruent,1,0.792,c278a498850b0271
629,1744,30-39,52,7,188,285,0,L,U,L,0,2,0,True,incongruent,1,0.815,98c2de421dde9bc5
630,1744,30-39,52,8,351,207,0,R,R,R,1,1,1,True,congruent,0,0.751,979600c9dcaed087
631,1744,30-39,52,9,144,230,6,R,L,R,1,0,1,True,incongruent,1,0.792,adee1eb2f55385b4
632,1744,30-39,52,10,301,247,2,D,R,D,3,1,3,True,incongruent,1,0.871,d57cb72ffe59657b
633,1744,30-39,52,11,159,289,6,U,U,U,2,2,2,True,congruent,0,0.72,297808208d1f37bb
634,1744,30-39,52,12,352,275,6,L,D,L,0,3,0,True,incongruent,1,0.775,efb69826c4d22896
635,1744,30-39,52,13,193,272,4,L,L,L,0,0,0,True,congruent,0,0.755,c6ec4681824da560
636,1744,30-39,52,14,346,226,4,L,D,L,0,3,0,True,incongruent,1,0.747,d539e1704a691c42
637,1744,30-39,52,15,146,228,4,D,D,D,3,3,3,True,congruent,0,0.816,2389390513add7ea
638,1744,30-39,52,16,510,243,6,U,D,U,2,3,2,True,incongruent,1,0.727,5f9620057a92f079
639,1744,30-39,52,17,334,231,0,R,R,R,1,1,1,True,congruent,0,0.768,d208fa0105ccf21e
640,1744,30-39,52,18,192,226,0,U,U,U,2,2,2,True,congruent,0,0.743,9f087fbc2a4719e9
641,1744,30-39,52,19,490,273,5,D,L,D,3,0,3,True,incongruent,1,0.872,0cc95e6c12ca45a8
642,1744,30-39,52,20,123,173,0,R,R,R,1,1,1,True,congruent,0,0.839,accb5bc78e9bb9a5
643,1744,30-39,52,21,390,245,0,L,R,L,0,1,0,True,incongruent,1,0.808,e3781da654f2927b
644,1744,30-39,52,22,177,271,6,D,D,D,3,3,3,True,congruent,0,0.711,e22b0db8bdc78595
645,1744,30-39,52,23,324,251,6,L,L,L,0,0,0,True,congruent,0,0.961,31743d9fd03c1f74
646,1744,30-39,52,24,485,183,5,U,U,U,2,2,2,True,congruent,0,0.774,ab1cf348891cdf1b
647,1744,30-39,52,25,271,264,3,L,D,L,0,3,0,True,incongruent,1,0.799,b5ee6ff911a5503e
648,1744,30-39,52,26,161,174,1,D,D,D,3,3,3,True,congruent,0,0.919,b977f086fce46fd3
649,1744,30-39,52,27,300,259,6,L,D,L,0,3,0,True,incongruent,1,0.735,e98bde8be51e2cbf
650,1744,30-39,52,28,467,234,5,U,R,U,2,1,2,True,incongruent,1,0.776,ae22359ae8cce62a
651,1744,30-39,52,29,187,265,1,D,D,D,3,3,3,True,congruent,0,0.935,04ecdf50176196b9
652,1744,30-39,52,30,390,231,1,R,D,R,1,3,1,True,incongruent,1,0.792,c063ea8b31a7a4dd
653,1744,30-39,52,31,173,247,2,R,R,R,1,1,1,True,congruent,0,0.848,c7806502b0f0d56e
654,1744,30-39,52,32,458,176,1,U,U,U,2,2,2,True,congruent,0,0.855,1c035436c4b23125
655,1744,30-39,52,33,146,245,1,D,U,D,3,2,3,True,incongruent,1,0.919,6275af00b4313720
656,1744,30-39,52,34,343,178,5,R,R,R,1,1,1,True,congruent,0,0.719,412c1db0a324a097
657,1744,30-39,52,35,118,240,2,D,L,D,3,0,3,True,incongruent,1,0.775,27d5dba9b5ea4e35
658,1744,30-39,52,36,354,249,0,D,R,D,3,1,3,True,incongruent,1,0.776,63853138f6c466d1
659,1744,30-39,52,37,164,244,3,R,R,R,1,1,1,True,congruent,0,0.863,afea40fb7867a7c0
660,1744,30-39,52,38,469,283,1,R,R,R,1,1,1,True,congruent,0,0.68,1ecb2a908c2e24f7
661,1744,30-39,52,39,121,206,3,R,R,R,1,1,1,True,congruent,0,0.704,7307eee5d81dc317
662,1744,30-39,52,40,436,289,4,D,R,D,3,1,3,True,incongruent,1,0.736,2f9a3e2b5fb2df74
663,1744,30-39,52,41,354,171,1,R,D,R,1,3,1,True,incongruent,1,0.928,feda716037f79d42
664,1744,30-39,52,42,154,198,2,U,L,U,2,0,2,True,incongruent,1,0.911,e5c95854c2f06fe8
665,1744,30-39,52,43,472,185,6,R,L,R,1,0,1,True,incongruent,1,0.815,674aad07462fd936
666,1744,30-39,52,44,218,223,1,L,U,L,0,2,0,True,incongruent,1,0.8,4cf9e924e3dd8525
667,1744,30-39,52,45,405,275,2,L,L,L,0,0,0,True,congruent,0,0.783,355d650bd1d49917
668,1744,30-39,52,46,208,216,1,L,L,L,0,0,0,True,congruent,0,0.759,e112ec0704ebb510
669,1744,30-39,52,47,410,200,0,L,L,L,0,0,0,True,congruent,0,0.648,0b2666b1e438715a
670,1744,30-39,52,48,222,190,1,D,D,D,3,3,3,True,congruent,0,0.648,ea0614c85e76c0fe
671,1744,30-39,52,49,503,223,2,R,R,R,1,1,1,True,congruent,0,1.031,2f2d0ef845f1c605
672,1744,30-39,52,50,215,233,0,R,D,R,1,3,1,True,incongruent,1,0.887,f6176d44f70ba774
673,1744,30-39,52,51,461,206,0,L,U,L,0,2,0,True,incongruent,1,0.799,d4712a9d1969b330
674,1744,30-39,52,52,285,241,2,L,L,L,0,0,0,True,congruent,0,0.751,1de29623d309ca07
675,1744,30-39,52,53,434,289,6,D,D,D,3,3,3,True,congruent,0,0.791,442a8fb8f957f670
676,1744,30-39,52,54,223,263,1,L,L,L,0,0,0,True,congruent,0,0.671,bce846823d0fa852
677,1744,30-39,52,55,517,183,5,R,R,R,1,1,1,True,congruent,0,0.808,8e4ffbaee1081f65
678,1744,30-39,52,56,136,267,3,U,D,U,2,3,2,True,incongruent,1,0.767,de091a41d015753f
679,1744,30-39,53,1,467,262,3,U,R,U,2,1,2,True,incongruent,1,0.869,9088efa1ed8b78f7
680,1744,30-39,53,2,204,219,5,R,D,R,1,3,1,True,incongruent,1,0.89,ab9a66bbdce6b6f6
681,1744,30-39,53,3,443,279,4,R,R,R,1,1,1,True,congruent,0,0.703,8a8735aa57c032e3
682,1744,30-39,53,4,327,190,0,U,L,U,2,0,2,True,incongruent,1,0.815,574b6882183208b9
683,1744,30-39,53,5,461,239,5,R,R,R,1,1,1,True,congruent,0,0.743,f7f1a247e5c38900
684,1744,30-39,53,6,137,203,3,L,D,L,0,3,0,True,incongruent,1,0.975,3b2cbb9c205294a5
685,1744,30-39,53,7,369,277,5,L,L,L,0,0,0,True,congruent,0,0.719,dbca1ec9e78fa61d
686,1744,30-39,53,8,252,195,5,D,D,D,3,3,3,True,congruent,0,0.975,04a6cd40ca88488e
687,1744,30-39,53,9,512,234,5,R,R,R,1,1,1,True,congruent,0,0.775,1d57b8c9115f9dd6
688,1744,30-39,53,10,329,218,6,D,U,D,3,2,3,True,incongruent,1,0.872,6694e4a79874bd1a
689,1744,30-39,53,11,476,225,5,D,L,D,3,0,3,True,incongruent,1,0.824,83741d377406b2c8
690,1744,30-39,53,12,217,212,0,R,D,R,1,3,1,True,incongruent,1,0.903,de5f0dcf3d717d95
691,1744,30-39,53,13,508,191,6,R,D,R,1,3,1,True,incongruent,1,0.776,4ecfbf718f5958d9
692,1744,30-39,53,14,175,242,2,L,L,L,0,0,0,True,congruent,0,0.76,68495a4113cab500
693,1744,30-39,53,15,391,250,0,L,U,U,0,2,2,False,incongruent,1,0.704,91bc8b1450424510
694,1744,30-39,53,16,188,196,5,R,R,R,1,1,1,True,congruent,0,0.885,5349d9fdc7953e34
695,1744,30-39,53,17,496,255,6,D,U,D,3,2,3,True,incongruent,1,0.815,426af87e8b852b92
696,1744,30-39,53,18,229,242,2,L,L,L,0,0,0,True,congruent,0,0.777,c48985f6db97e424
697,1744,30-39,53,19,402,176,4,L,L,L,0,0,0,True,congruent,0,0.887,c898c777e4ecba2c
698,1744,30-39,53,20,195,240,4,L,L,L,0,0,0,True,congruent,0,0.719,1caa18c912c5360f
699,1744,30-39,53,21,409,210,4,R,U,R,1,2,1,True,incongruent,1,0.72,40820dd8ffdf4da3
700,1744,30-39,53,22,134,242,6,D,L,D,3,0,3,True,incongruent,1,0.847,073318edd6ff7571
701,1744,30-39,53,23,335,264,3,U,U,U,2,2,2,True,congruent,0,0.76,dd6621b142a624a8
702,1744,30-39,53,24,126,258,1,U,R,U,2,1,2,True,incongruent,1,0.847,b3f60a68ad641f19
703,1744,30-39,53,25,487,240,0,L,L,L,0,0,0,True,congruent,0,0.735,3ce98a15cda93df0
704,1744,30-39,53,26,260,194,4,L,L,L,0,0,0,True,congruent,0,0.799,9c5588f95666a0ac
705,1744,30-39,53,27,377,280,6,L,L,L,0,0,0,True,congruent,0,0.671,2a8263e370e0c7b9
706,1744,30-39,53,28,235,210,4,R,D,R,1,3,1,True,incongruent,1,0.783,6c6d0c7d0ff37608
707,1744,30-39,53,29,521,198,1,L,D,L,0,3,0,True,incongruent,1,0.871,b9839302ffab344f
708,1744,30-39,53,30,310,282,4,L,L,L,0,0,0,True,congruent,0,0.887,9ce6b7342226d691
709,1744,30-39,53,31,463,279,1,D,R,D,3,1,3,True,incongruent,1,0.879,fb41c280120c04da
710,1744,30-39,53,32,270,178,2,L,U,L,0,2,0,True,incongruent,1,1.311,92195c9576fdd8d6
711,1744,30-39,53,33,155,286,3,U,R,U,2,1,2,True,incongruent,1,0.944,f87c5d86fcaa9c3f
712,1744,30-39,53,34,505,202,3,R,R,R,1,1,1,True,congruent,0,0.831,9e7c36df0fc1ffe8
713,1744,30-39,53,35,308,196,2,U,U,U,2,2,2,True,congruent,0,0.871,5d83933bc26f46a3
714,1744,30-39,53,36,514,194,6,R,L,R,1,0,1,True,incongruent,1,0.872,2b987a6b37426ed5
715,1744,30-39,53,37,267,208,6,L,R,L,0,1,0,True,incongruent,1,0.687,6b4e773ffa4df140
716,1744,30-39,53,38,115,273,5,R,R,R,1,1,1,True,congruent,0,0.814,ce4fab0eb0a23a2c
717,1744,30-39,53,39,454,224,1,L,D,L,0,3,0,True,incongruent,1,0.711,b48b948a3729e6c8
718,1744,30-39,53,40,116,187,3,R,L,R,1,0,1,True,incongruent,1,0.798,c4f8684f71116060
719,1744,30-39,53,41,508,278,2,D,L,D,3,0,3,True,incongruent,1,0.928,832ae27523e9a332
720,1744,30-39,53,42,231,187,1,L,L,L,0,0,0,True,congruent,0,1.175,997c6f360d76d30e
721,1744,30-39,53,43,494,213,1,U,U,U,2,2,2,True,congruent,0,0.808,c864f5114e6ca721
722,1744,30-39,53,44,293,252,0,D,R,D,3,1,3,True,incongruent,1,0.975,4c90af77b8f3c588
723,1744,30-39,53,45,477,218,0,L,D,L,0,3,0,True,incongruent,1,1.175,2061cc2fad08d1f8
724,1744,30-39,53,46,161,234,6,L,U,L,0,2,0,True,incongruent,1,1.039,ef6a7499f38cef3d
725,1744,30-39,53,47,409,227,2,L,L,L,0,0,0,True,congruent,0,0.872,5f5c2a78ede7c098
726,1744,30-39,53,48,120,174,2,L,L,L,0,0,0,True,congruent,0,0.72,c48b7b58b7da6680
727,1744,30-39,53,49,438,232,3,U,U,U,2,2,2,True,congruent,0,0.95,92caf221543af675
728,1744,30-39,53,50,200,273,2,L,U,L,0,2,0,True,incongruent,1,0.767,c479afbf4b1bcbd9
729,1744,30-39,53,51,362,212,0,D,D,D,3,3,3,True,congruent,0,0.728,80890ebea3aa8f3d
730,1744,30-39,53,52,174,227,6,U,U,U,2,2,2,True,congruent,0,0.791,86aa874d9c71b9e4
731,1744,30-39,53,53,420,255,1,R,L,R,1,0,1,True,incongruent,1,0.88,7cbcf3d4d2a217da
732,1744,30-39,54,1,176,247,1,L,U,L,0,2,0,True,incongruent,1,0.715,b3c93051c672d5d9
733,1744,30-39,54,2,500,181,3,L,U,L,0,2,0,True,incongruent,1,0.646,61bd757fd20cc086
734,1744,30-39,54,3,116,275,1,L,R,L,0,1,0,True,incongruent,1,0.991,ed30ada5fa2fa846
735,1744,30-39,54,4,338,189,4,L,L,L,0,0,0,True,congruent,0,0.663,0e9520d06c2cc172
736,1744,30-39,54,5,218,266,3,L,R,L,0,1,0,True,incongruent,1,0.761,726552aac33a665f
737,1744,30-39,54,6,524,265,4,L,U,L,0,2,0,True,incongruent,1,0.743,71a8d2d89f7e0243
738,1744,30-39,54,7,167,277,1,U,L,U,2,0,2,True,incongruent,1,0.832,6d6d3581e9b19f72
739,1744,30-39,54,8,448,244,2,L,L,L,0,0,0,True,congruent,0,0.743,4b3f10c7bd646e03
740,1744,30-39,54,9,269,170,4,U,R,U,2,1,2,True,incongruent,1,0.879,bd64197b8826651f
741,1744,30-39,54,10,355,285,4,L,L,L,0,0,0,True,congruent,0,0.671,b0a81ece7907f480
742,1744,30-39,54,11,142,229,0,L,L,L,0,0,0,True,congruent,0,0.728,c0101da1c215e343
743,1744,30-39,54,12,488,274,1,U,D,U,2,3,2,True,incongruent,1,0.8,11c297f446a05b32
744,1744,30-39,54,13,174,269,2,D,D,D,3,3,3,True,congruent,0,0.912,6e2674b024fef2c7
745,1744,30-39,54,14,412,205,1,L,L,L,0,0,0,True,congruent,0,0.823,864197ce410387f7
746,1744,30-39,54,15,216,217,1,U,R,U,2,1,2,True,incongruent,1,0.76,423204253134b684
747,1744,30-39,54,16,381,228,4,R,R,R,1,1,1,True,congruent,0,0.736,e33300eadab6df5e
748,1744,30-39,54,17,519,171,5,D,L,D,3,0,3,True,incongruent,1,0.992,2d2a1382f0e789be
749,1744,30-39,54,18,388,224,6,R,R,R,1,1,1,True,congruent,0,1.328,a3a7ed53725de89f
750,1744,30-39,54,19,245,224,6,L,L,L,0,0,0,True,congruent,0,0.896,733509a6c11a7772
751,1744,30-39,54,20,518,275,6,D,D,D,3,3,3,True,congruent,0,0.695,61f86685a4ea5e81
752,1744,30-39,54,21,301,283,1,D,R,D,3,1,3,True,incongruent,1,0.808,ae281c2ef8fbef33
753,1744,30-39,54,22,522,186,3,D,L,D,3,0,3,True,incongruent,1,0.951,e9d35fb8bb7dced8
754,1744,30-39,54,23,356,230,0,L,L,L,0,0,0,True,congruent,0,0.992,c94c7ac145f9004e
755,1744,30-39,54,24,124,231,0,L,D,L,0,3,0,True,incongruent,1,0.952,a3fca03f43fd9dab
756,1744,30-39,54,25,429,190,1,U,R,U,2,1,2,True,incongruent,1,0.848,26551f962f35b930
757,1744,30-39,54,26,208,240,5,D,D,D,3,3,3,True,congruent,0,0.735,b857b5d03e80053a
758,1744,30-39,54,27,389,177,5,U,U,U,2,2,2,True,congruent,0,0.8,24e4477e6d5a94af
759,1744,30-39,54,28,249,259,2,R,R,R,1,1,1,True,congruent,0,1.215,c01964d4db8cd6a1
760,1744,30-39,54,29,397,197,3,L,R,L,0,1,0,True,incongruent,1,0.807,132aac76b2a4e03c
761,1744,30-39,54,30,173,266,1,D,R,D,3,1,3,True,incongruent,1,0.863,ed225cb8975d140d
762,1744,30-39,54,31,500,290,5,U,U,U,2,2,2,True,congruent,0,0.792,cbd1b2312dde67f7
763,1744,30-39,54,32,154,186,4,U,U,U,2,2,2,True,congruent,0,0.792,ccdad5d5279a8af7
764,1744,30-39,54,33,398,241,5,R,U,R,1,2,1,True,incongruent,1,0.759,e30d3bcdd9d8aaf6
765,1744,30-39,54,34,262,287,1,R,R,R,1,1,1,True,congruent,0,0.688,ab1089994b4e70e4
766,1744,30-39,54,35,508,195,0,R,D,D,1,3,3,False,incongruent,1,0.648,26c95dc90b14f4ca
767,1744,30-39,54,36,136,242,6,U,U,U,2,2,2,True,congruent,0,0.879,54fc7e35c1d70cbf
768,1941,30-39,50,1,353,233,0,U,L,U,2,0,2,True,incongruent,1,0.897,a4baf2f59d3b454d
769,1941,30-39,50,2,131,202,6,R,R,R,1,1,1,True,congruent,0,0.866,71f6ae735cbdfa14
770,1941,30-39,50,3,455,223,2,D,U,D,3,2,3,True,incongruent,1,0.733,6c46402cc055828d
771,1941,30-39,50,4,284,226,6,U,U,U,2,2,2,True,congruent,0,0.681,ee9824d7972520a4
772,1941,30-39,50,5,521,270,0,R,D,R,1,3,1,True,incongruent,1,0.839,02b99b1200451d19
773,1941,30-39,50,6,285,273,0,U,U,U,2,2,2,True,congruent,0,0.68,9ec4fe4b38cb0d1d
774,1941,30-39,50,7,123,230,4,L,U,L,0,2,0,True,incongruent,1,0.758,95e5ba9d6b041c75
775,1941,30-39,50,8,411,264,6,D,L,D,3,0,3,True,incongruent,1,0.837,cf0fa8723c23b98a
776,1941,30-39,50,9,184,262,4,L,R,L,0,1,0,True,incongruent,1,0.764,0eaf963090099ff2
777,1941,30-39,50,10,406,197,0,R,R,R,1,1,1,True,congruent,0,0.637,cb5c80f5d2b02c96
778,1941,30-39,50,12,491,196,2,R,R,R,1,1,1,True,congruent,0,0.726,cb7f02aa2e016b92
779,1941,30-39,50,13,214,263,2,U,U,U,2,2,2,True,congruent,0,0.686,8fdafb94bb4ac167
780,1941,30-39,50,14,514,211,3,R,R,R,1,1,1,True,congruent,0,0.666,4e64ddf826d736a7
781,1941,30-39,50,15,257,259,0,L,L,L,0,0,0,True,congruent,0,0.632,c8692961df1b32a1
782,1941,30-39,50,16,425,259,3,U,D,U,2,3,2,True,incongruent,1,0.703,5c1a157d019082c5
783,1941,30-39,50,17,151,191,5,L,R,D,0,1,3,False,incongruent,1,0.797,543de71d42c6b590
784,1941,30-39,50,18,415,184,0,R,U,R,1,2,1,True,incongruent,1,0.832,60864c28c027f95d
785,1941,30-39,50,19,118,248,4,R,R,R,1,1,1,True,congruent,0,0.656,bd3ed28d7c2af1ac
786,1941,30-39,50,20,374,206,0,R,R,R,1,1,1,True,congruent,0,0.615,9f7ba9477fceb48f
787,1941,30-39,50,21,521,237,6,D,D,D,3,3,3,True,congruent,0,0.693,c78a4d176726f11b
788,1941,30-39,50,22,117,242,3,D,D,D,3,3,3,True,congruent,0,0.669,21adb1a7c6a7dea8
789,1941,30-39,50,23,448,186,3,R,L,R,1,0,1,True,incongruent,1,0.735,5b08eb3409f98840
790,1941,30-39,50,24,154,193,0,R,U,R,1,2,1,True,incongruent,1,0.647,7670dcbe6f07695c
791,1941,30-39,50,25,330,274,5,D,D,D,3,3,3,True,congruent,0,0.588,33cbce3fdba8f980
792,1941,30-39,50,26,447,178,0,D,D,D,3,3,3,True,congruent,0,0.662,f3908da8fea33aa0
793,1941,30-39,50,27,226,197,6,R,R,R,1,1,1,True,congruent,0,0.642,151a4baf282768dc
794,1941,30-39,50,28,452,182,0,L,D,L,0,3,0,True,incongruent,1,0.742,f565f837746813ba
795,1941,30-39,50,29,350,284,5,U,U,U,2,2,2,True,congruent,0,0.703,b6841b865b0820c4
796,1941,30-39,50,30,148,178,5,D,D,D,3,3,3,True,congruent,0,0.73,40d767dc421e9a0c
797,1941,30-39,50,31,310,249,3,D,L,D,3,0,3,True,incongruent,1,0.715,179aef1aa971201b
798,1941,30-39,50,32,510,287,1,U,U,U,2,2,2,True,congruent,0,0.687,4bc1e41a07dbc7d1
799,1941,30-39,50,33,135,173,3,L,L,L,0,0,0,True,congruent,0,0.677,bd3eefdd0b1420fc
800,1941,30-39,50,34,355,204,6,R,R,R,1,1,1,True,congruent,0,0.816,62b1ab0ae2078939
801,1941,30-39,50,35,521,204,0,L,L,L,0,0,0,True,congruent,0,0.716,4e7342168fa7d2b4
802,1941,30-39,50,36,204,199,4,L,R,R,0,1,1,False,incongruent,1,0.651,a48a38eb1909b151
803,1941,30-39,50,37,505,195,5,L,U,L,0,2,0,True,incongruent,1,0.817,6488da5ef0a1f10c
804,1941,30-39,50,38,292,231,2,U,D,U,2,3,2,True,incongruent,1,0.704,0aba6e29fdcbaddf
805,1941,30-39,50,39,121,217,1,R,D,R,1,3,1,True,incongruent,1,0.701,3edfd58159f2cc1a
806,1941,30-39,50,40,271,217,5,U,U,U,2,2,2,True,congruent,0,0.696,39a92ac42eca89ac
807,1941,30-39,50,41,438,192,4,L,L,L,0,0,0,True,congruent,0,0.751,51b1f970d4b39bf6
808,1941,30-39,50,42,137,257,4,U,U,U,2,2,2,True,congruent,0,0.616,ebc4accdacd84707
809,1941,30-39,50,43,422,188,1,R,D,R,1,3,1,True,incongruent,1,0.604,6cef10c84bf085b3
810,1941,30-39,50,44,197,218,5,U,R,U,2,1,2,True,incongruent,1,0.732,e6bc8cd1dbd843dc
811,1941,30-39,50,45,511,274,6,R,R,R,1,1,1,True,congruent,0,0.707,9dd23f58a8c49059
812,1941,30-39,50,46,300,181,1,R,R,R,1,1,1,True,congruent,0,0.575,afa0f8455ae452d8
813,1941,30-39,50,47,182,290,1,U,U,U,2,2,2,True,congruent,0,0.653,de27004c2b1ae175
814,1941,30-39,50,48,419,224,6,D,D,D,3,3,3,True,congruent,0,0.641,81254e4ef6a3b116
815,1941,30-39,50,49,198,189,5,L,U,L,0,2,0,True,incongruent,1,0.665,2b8fb3ffb5c94427
816,1941,30-39,50,50,423,186,3,L,U,L,0,2,0,True,incongruent,1,0.615,60b279cdfac0e584
817,1941,30-39,50,51,138,216,4,U,U,U,2,2,2,True,congruent,0,0.653,ba15d87d052907c2
818,1941,30-39,50,52,374,270,0,L,U,L,0,2,0,True,incongruent,1,0.683,2f5a2fcc73514bf8
819,1941,30-39,50,53,234,191,2,R,R,R,1,1,1,True,congruent,0,0.67,8f2c182312a7378d
820,1941,30-39,50,54,457,243,6,R,R,R,1,1,1,True,congruent,0,0.66,9aedd159027b1698
821,1941,30-39,50,55,228,246,1,D,U,D,3,2,3,True,incongruent,1,0.737,1ebd8f3a6069291b
822,1941,30-39,50,56,494,268,1,D,D,D,3,3,3,True,congruent,0,0.668,9021d2a262ce12e2
823,1941,30-39,50,57,265,247,2,U,U,U,2,2,2,True,congruent,0,0.651,2df7edb13ae6b586
824,1941,30-39,50,58,459,253,2,U,U,U,2,2,2,True,congruent,0,0.726,982283777f38df92
825,1941,30-39,50,59,208,187,0,L,D,L,0,3,0,True,incongruent,1,0.721,1c5b43c634d6c921
826,1941,30-39,50,60,439,204,0,D,D,D,3,3,3,True,congruent,0,0.648,d90da99f5ce2ffba
827,1941,30-39,50,61,181,255,1,D,L,D,3,0,3,True,incongruent,1,0.778,08831f24f9ea0f63
828,1941,30-39,50,62,334,239,2,D,L,D,3,0,3,True,incongruent,1,0.597,4c080ef6361d3a95
829,1941,30-39,50,63,477,196,3,R,D,D,1,3,3,False,incongruent,1,0.662,ecca7a1d60619a75
830,1941,30-39,51,1,280,276,3,U,U,U,2,2,2,True,congruent,0,0.829,97c733b39b391eba
831,1941,30-39,51,2,115,188,0,D,D,D,3,3,3,True,congruent,0,0.65,ef52469a772adad7
832,1941,30-39,51,3,324,202,2,R,R,R,1,1,1,True,congruent,0,0.584,34ae122d55f33ca6
833,1941,30-39,51,4,130,281,6,R,U,R,1,2,1,True,incongruent,1,0.746,a6285d0ce757f10d
834,1941,30-39,51,5,518,238,5,U,U,U,2,2,2,True,congruent,0,0.686,4e9a44e1b536e2de
835,1941,30-39,51,6,225,233,6,R,D,R,1,3,1,True,incongruent,1,0.652,d2571a3c179b527b
836,1941,30-39,51,7,521,273,1,R,R,R,1,1,1,True,congruent,0,0.595,8d9c050493aedfd8
837,1941,30-39,51,8,119,202,0,U,U,U,2,2,2,True,congruent,0,0.628,f42aff61037b56c9
838,1941,30-39,51,9,355,190,6,L,L,L,0,0,0,True,congruent,0,0.786,45ff8a6c79a6f643
839,1941,30-39,51,10,138,239,6,D,D,D,3,3,3,True,congruent,0,0.636,f67302d17fb3ff65
840,1941,30-39,51,11,311,177,3,D,R,D,3,1,3,True,incongruent,1,0.773,271643a78e39019d
841,1941,30-39,51,12,136,264,2,U,D,U,2,3,2,True,incongruent,1,0.813,8088db428f1378f8
842,1941,30-39,51,13,443,257,3,L,R,L,0,1,0,True,incongruent,1,0.72,e134b58f2726edef
843,1941,30-39,51,14,252,287,3,D,L,D,3,0,3,True,incongruent,1,0.736,6d89cf4d61e23736
844,1941,30-39,51,15,518,275,5,L,R,L,0,1,0,True,incongruent,1,0.869,2c4c9db3f7f2206a
845,1941,30-39,51,16,377,243,1,L,L,L,0,0,0,True,congruent,0,0.707,d6bf1586403c107f
846,1941,30-39,51,17,205,259,3,D,R,D,3,1,3,True,incongruent,1,0.79,5a945a701a5250ba
847,1941,30-39,51,18,509,195,1,D,U,D,3,2,3,True,incongruent,1,0.723,a572562fc4ea3012
848,1941,30-39,51,19,344,206,2,U,R,U,2,1,2,True,incongruent,1,0.713,392e1993b01f7111
849,1941,30-39,51,20,132,203,2,L,R,L,0,1,0,True,incongruent,1,0.892,6034e373fa9cccf5
850,1941,30-39,51,21,317,178,2,D,U,D,3,2,3,True,incongruent,1,0.757,eecf358f5af20653
851,1941,30-39,51,22,523,204,0,U,D,U,2,3,2,True,incongruent,1,0.773,9a12494773f5712d
852,1941,30-39,51,23,230,214,6,L,L,L,0,0,0,True,congruent,0,0.708,0fe0de0966094ef4
853,1941,30-39,51,24,384,232,2,U,U,U,2,2,2,True,congruent,0,0.718,f6f87b6bf6c38b07
854,1941,30-39,51,25,192,200,5,L,R,L,0,1,0,True,incongruent,1,0.715,379375b57aecff0a
855,1941,30-39,51,26,427,253,6,L,R,L,0,1,0,True,incongruent,1,0.722,626e066d39889075
856,1941,30-39,51,27,288,282,3,U,R,U,2,1,2,True,incongruent,1,0.727,5d5e6d8b8c50b46a
857,1941,30-39,51,28,434,256,1,U,U,U,2,2,2,True,congruent,0,0.631,0a96160f82313a72
858,1941,30-39,51,29,161,281,5,D,D,D,3,3,3,True,congruent,0,0.671,4c059ce3ed3bd8b8
859,1941,30-39,51,30,499,206,5,R,R,R,1,1,1,True,congruent,0,0.679,d3fda113df089e9a
860,1941,30-39,51,31,140,240,3,D,L,D,3,0,3,True,incongruent,1,0.655,974578fd9fbacc39
861,1941,30-39,51,32,420,196,1,D,D,D,3,3,3,True,congruent,0,0.631,93e14a8f34f8dbe5
862,1941,30-39,51,33,246,173,5,D,L,D,3,0,3,True,incongruent,1,0.726,1c8b65c668fbaaaa
863,1941,30-39,51,34,385,266,2,L,L,L,0,0,0,True,congruent,0,0.717,45106f02aa83834a
864,1941,30-39,51,35,518,219,0,L,L,L,0,0,0,True,congruent,0,0.709,0b76a59242aaade6
865,1941,30-39,51,36,209,246,5,R,L,R,1,0,1,True,incongruent,1,0.69,e2d39ad948649a7e
866,1941,30-39,51,37,376,285,0,L,L,L,0,0,0,True,congruent,0,0.671,225ab1c714c69487
867,1941,30-39,51,38,263,190,1,D,R,D,3,1,3,True,incongruent,1,0.644,5f80b6179aae43fe
868,1941,30-39,51,39,418,176,3,U,R,U,2,1,2,True,incongruent,1,0.647,3bf20eacb57f6a51
869,1941,30-39,51,40,227,257,1,R,L,R,1,0,1,True,incongruent,1,0.849,6fc6eca22df4a773
870,1941,30-39,51,41,441,281,4,D,U,D,3,2,3,True,incongruent,1,0.831,4c9cb31052f9fe52
871,1941,30-39,51,42,234,198,6,U,L,U,2,0,2,True,incongruent,1,0.626,43d6a27591bd9335
872,1941,30-39,51,43,417,207,2,R,L,R,1,0,1,True,incongruent,1,0.744,eeb731924d04db02
873,1941,30-39,51,44,221,219,5,U,U,U,2,2,2,True,congruent,0,0.687,8f94cc72929cb5de
874,1941,30-39,51,45,522,250,4,R,U,R,1,2,1,True,incongruent,1,0.692,b635d1896c5dc471
875,1941,30-39,51,46,190,234,4,U,U,U,2,2,2,True,congruent,0,0.736,7f7b5383c9226c0c
876,1941,30-39,51,47,472,201,6,D,R,D,3,1,3,True,incongruent,1,0.688,044bbc67d7f895b7
877,1941,30-39,51,48,162,264,6,R,U,R,1,2,1,True,incongruent,1,0.815,f2d9069a80f11557
878,1941,30-39,51,49,277,182,1,D,L,D,3,0,3,True,incongruent,1,0.812,d4a88815f8e3bf5f
879,1941,30-39,51,50,471,198,2,L,L,L,0,0,0,True,congruent,0,0.754,5bb30e508cb122ef
880,1941,30-39,51,51,297,251,2,R,L,R,1,0,1,True,incongruent,1,0.788,50d9057879cf2757
881,1941,30-39,51,52,501,239,4,R,R,L,1,1,0,False,congruent,0,0.792,14867090bd656507
882,1941,30-39,51,54,414,253,0,R,R,R,1,1,1,True,congruent,0,0.665,353c319cffdd02d9
883,1941,30-39,51,55,236,278,0,R,U,R,1,2,1,True,incongruent,1,0.703,d795caf5f44efa0d
884,1941,30-39,51,56,439,226,3,R,R,R,1,1,1,True,congruent,0,0.665,e4287ef59e675eae
885,1941,30-39,51,57,272,287,3,L,R,L,0,1,0,True,incongruent,1,0.725,98c74f339881be60
886,1941,30-39,51,58,399,213,2,L,U,L,0,2,0,True,incongruent,1,0.687,d0467ad0ccfe3d1d
887,1941,30-39,51,59,227,215,5,D,D,D,3,3,3,True,congruent,0,0.616,40750c1961f089d3
888,1941,30-39,51,60,516,242,6,L,L,L,0,0,0,True,congruent,0,0.64,727de6cfbcf3d397
889,1941,30-39,51,61,187,238,6,L,U,L,0,2,0,True,incongruent,1,0.672,cb664982896b7c74
890,1941,30-39,51,62,336,287,0,R,R,R,1,1,1,True,congruent,0,0.702,95dd7c19073f8592
891,1941,30-39,52,1,338,251,1,U,U,U,2,2,2,True,congruent,0,0.81,d145a50452bb032f
892,1941,30-39,52,2,197,220,3,L,L,L,0,0,0,True,congruent,0,0.682,502147b3bed23348
893,1941,30-39,52,3,393,225,4,R,R,R,1,1,1,True,congruent,0,0.665,3b1cd60b028b0b24
894,1941,30-39,52,4,179,179,2,R,R,R,1,1,1,True,congruent,0,0.65,c117a776fd49d853
895,1941,30-39,52,5,458,249,3,D,U,D,3,2,3,True,incongruent,1,0.739,91460dc6f305e6ce
896,1941,30-39,52,6,274,230,5,D,D,D,3,3,3,True,congruent,0,0.618,f170869e3b1b93cf
897,1941,30-39,52,7,415,277,2,D,D,D,3,3,3,True,congruent,0,0.614,393b25ef2cd4c0ae
898,1941,30-39,52,8,215,248,3,D,L,D,3,0,3,True,incongruent,1,0.684,22c0703354cabc44
899,1941,30-39,52,9,369,195,0,D,L,D,3,0,3,True,incongruent,1,0.645,495750f33f4aebed
900,1941,30-39,52,10,517,230,6,U,U,U,2,2,2,True,congruent,0,0.632,b469e1e2784ea27b
901,1941,30-39,52,11,159,194,2,U,U,U,2,2,2,True,congruent,0,0.674,711dbf05caf057dc
902,1941,30-39,52,12,489,214,4,D,D,D,3,3,3,True,congruent,0,0.664,db0b485294a96d96
903,1941,30-39,52,13,121,178,1,U,L,U,2,0,2,True,incongruent,1,0.744,82e06cd2aef45252
904,1941,30-39,52,14,394,241,1,D,D,D,3,3,3,True,congruent,0,0.679,dcde93fd95a3d382
905,1941,30-39,52,15,198,254,2,L,L,L,0,0,0,True,congruent,0,0.639,b3b48aaec427c201
906,1941,30-39,52,16,399,240,2,R,R,R,1,1,1,True,congruent,0,0.723,7e53533692178685
907,1941,30-39,52,17,187,283,0,R,R,R,1,1,1,True,congruent,0,0.666,71fdc12fa6c32178
908,1941,30-39,52,18,501,202,1,U,U,U,2,2,2,True,congruent,0,0.623,9009f6fa1d7fab78
909,1941,30-39,52,19,301,282,3,D,L,D,3,0,3,True,incongruent,1,0.658,37ed0c9d9993ddfc
910,1941,30-39,52,20,448,185,6,L,R,L,0,1,0,True,incongruent,1,0.821,45f2aed8d3b5172f
911,1941,30-39,52,21,272,282,6,U,R,U,2,1,2,True,incongruent,1,0.664,78a545e6b71b16a1
912,1941,30-39,52,22,149,197,5,R,U,R,1,2,1,True,incongruent,1,0.758,9ab06f4df005eb07
913,1941,30-39,52,23,375,186,2,R,R,R,1,1,1,True,congruent,0,0.644,f7d0324a84f3ea9a
914,1941,30-39,52,24,229,177,2,L,L,L,0,0,0,True,congruent,0,0.709,dcba6d8a444230ec
915,1941,30-39,52,25,506,210,2,R,R,R,1,1,1,True,congruent,0,0.673,5637f5341a0759be
916,1941,30-39,52,26,272,199,5,R,R,R,1,1,1,True,congruent,0,0.719,67e670c80a7beeaa
917,1941,30-39,52,27,457,209,6,R,U,R,1,2,1,True,incongruent,1,0.918,0600ce5b3d6f403a
918,1941,30-39,52,28,250,270,0,R,R,R,1,1,1,True,congruent,0,0.636,fd0b7ca9871b9ace
919,1941,30-39,52,29,398,241,1,R,U,R,1,2,1,True,incongruent,1,0.712,fa913c0a34fb0fe1
920,1941,30-39,52,30,228,218,6,R,U,R,1,2,1,True,incongruent,1,0.652,2a420ebb18d6532b
921,1941,30-39,52,31,412,173,2,U,U,U,2,2,2,True,congruent,0,0.664,00c66d046d1e21a1
922,1941,30-39,52,32,507,284,2,L,L,L,0,0,0,True,congruent,0,0.744,a53f5dfcc21e0836
923,1941,30-39,52,33,303,178,3,R,U,R,1,2,1,True,incongruent,1,0.923,4f6c47d5776c6760
924,1941,30-39,52,34,408,277,1,L,R,L,0,1,0,True,incongruent,1,0.818,585a3a6c8943ac42
925,1941,30-39,52,35,164,254,5,L,L,L,0,0,0,True,congruent,0,0.925,4550595c7bb4a10a
926,1941,30-39,52,36,504,260,4,U,U,U,2,2,2,True,congruent,0,0.874,8719ec528b3d7904
927,1941,30-39,52,38,192,231,3,D,U,D,3,2,3,True,incongruent,1,0.7,29eba503b7f01fa7
928,1941,30-39,52,39,420,183,6,L,L,L,0,0,0,True,congruent,0,0.7,f285129fd7477b88
929,1941,30-39,52,40,267,287,2,U,L,U,2,0,2,True,incongruent,1,0.738,38a4cc42fe42faa3
930,1941,30-39,52,41,456,284,3,D,D,D,3,3,3,True,congruent,0,0.685,8d95245431697263
931,1941,30-39,52,42,207,264,4,L,D,L,0,3,0,True,incongruent,1,0.649,ce5fd32a96f23298
932,1941,30-39,52,43,356,214,1,U,U,U,2,2,2,True,congruent,0,0.663,cf85a04ae0d7907b
933,1941,30-39,52,44,201,287,3,R,R,R,1,1,1,True,congruent,0,0.679,0733ff2d5d2c5155
934,1941,30-39,52,45,429,185,5,R,U,R,1,2,1,True,incongruent,1,0.658,c8a16ec65f6b2c27
935,1941,30-39,52,46,158,264,4,D,D,D,3,3,3,True,congruent,0,0.682,7c36ef09579564e5
936,1941,30-39,52,47,341,246,4,D,U,D,3,2,3,True,incongruent,1,0.751,f7f464749c9338fb
937,1941,30-39,52,48,518,255,1,R,R,R,1,1,1,True,congruent,0,0.663,f9fa201eee07963c
938,1941,30-39,52,49,140,199,3,D,U,D,3,2,3,True,incongruent,1,0.72,8aae76327e86faa8
939,1941,30-39,52,50,486,252,0,U,L,U,2,0,2,True,incongruent,1,0.721,bdb1bb3e3be05753
940,1941,30-39,52,51,126,224,2,L,U,L,0,2,0,True,incongruent,1,0.851,915fba460c324898
941,1941,30-39,52,54,501,201,6,U,R,U,2,1,2,True,incongruent,1,0.686,114e57d5f3403736
942,1941,30-39,52,55,272,204,4,D,R,D,3,1,3,True,incongruent,1,0.705,6056b3e9ba9804f8
943,1941,30-39,52,56,440,268,4,R,R,R,1,1,1,True,congruent,0,0.632,dd7ec12d3470fd58
944,1941,30-39,52,57,169,265,1,U,U,U,2,2,2,True,congruent,0,0.656,a83ea3714bab7a58
945,1941,30-39,52,58,368,179,1,U,L,U,2,0,2,True,incongruent,1,0.759,e54ad5ef23671c10
946,1941,30-39,52,59,488,276,3,D,D,D,3,3,3,True,congruent,0,0.692,c0c6cf104b500e0d
947,1941,30-39,52,60,127,212,0,D,L,D,3,0,3,True,incongruent,1,0.737,197778621f704500
948,1941,30-39,52,61,332,209,0,U,L,U,2,0,2,True,incongruent,1,0.619,d45f397fd5e973f1
949,1941,30-39,53,1,494,214,5,U,L,U,2,0,2,True,incongruent,1,0.99,c64bf6431b2bcc37
950,1941,30-39,53,2,141,192,4,L,L,L,0,0,0,True,congruent,0,0.703,e5fcc91dd47af3a5
951,1941,30-39,53,3,295,175,1,R,L,R,1,0,1,True,incongruent,1,0.83,972f19c3c46a86fc
952,1941,30-39,53,4,192,276,6,U,R,U,2,1,2,True,incongruent,1,0.858,63e0bf5fe1743b2e
953,1941,30-39,53,5,471,200,6,L,L,L,0,0,0,True,congruent,0,0.784,1797f19fff20754e
954,1941,30-39,53,6,275,184,6,D,L,D,3,0,3,True,incongruent,1,0.665,7bd568de42968908
955,1941,30-39,53,7,170,287,4,L,L,L,0,0,0,True,congruent,0,0.736,285a1ac47ce7bae2
956,1941,30-39,53,8,517,212,1,L,D,L,0,3,0,True,incongruent,1,0.852,926989d29cbd0599
957,1941,30-39,53,9,329,180,5,U,U,U,2,2,2,True,congruent,0,0.724,fb313e87b0e2be3f
958,1941,30-39,53,10,176,234,4,D,R,D,3,1,3,True,incongruent,1,0.653,fcf01223a82f6703
959,1941,30-39,53,11,450,226,3,L,R,L,0,1,0,True,incongruent,1,0.867,7ffae954027b6829
960,1941,30-39,53,12,235,212,2,R,R,R,1,1,1,True,congruent,0,0.672,1a917a07dacfb037
961,1941,30-39,53,13,423,216,2,L,R,L,0,1,0,True,incongruent,1,0.812,cd7777b9a8f10904
962,1941,30-39,53,14,175,276,6,R,U,R,1,2,1,True,incongruent,1,0.686,30650cc651e1c706
963,1941,30-39,53,15,386,272,0,D,L,D,3,0,3,True,incongruent,1,0.642,c9f4321eada7cef6
964,1941,30-39,53,16,116,243,5,L,D,L,0,3,0,True,incongruent,1,0.897,9a5b59ef28e6f918
965,1941,30-39,53,17,444,206,5,D,U,D,3,2,3,True,incongruent,1,0.733,013e38dbd73f086b
966,1941,30-39,53,18,279,190,2,L,L,L,0,0,0,True,congruent,0,0.651,c1473156cd2a3b9b
967,1941,30-39,53,19,519,180,2,L,R,L,0,1,0,True,incongruent,1,0.699,6a677e28d8730c85
968,1941,30-39,53,20,317,223,6,U,D,U,2,3,2,True,incongruent,1,0.755,a9ef2bba2daeb4b1
969,1941,30-39,53,21,141,290,4,D,R,D,3,1,3,True,incongruent,1,0.865,8a8a86eb8fad7ac2
970,1941,30-39,53,22,489,219,2,D,U,D,3,2,3,True,incongruent,1,0.664,94df3334c3f0e1bb
971,1941,30-39,53,23,162,270,6,L,L,L,0,0,0,True,congruent,0,0.622,81fd56c5b1195453
972,1941,30-39,53,24,378,172,0,U,D,U,2,3,2,True,incongruent,1,0.733,ec180e7f905e14d1
973,1941,30-39,53,25,223,246,0,D,D,D,3,3,3,True,congruent,0,0.717,788ee6574fb0d457
974,1941,30-39,53,26,385,288,3,U,R,U,2,1,2,True,incongruent,1,0.962,3201f0f5a405fdc3
975,1941,30-39,53,27,256,172,6,R,D,R,1,3,1,True,incongruent,1,0.941,6c21fb02ff7fe5ea
976,1941,30-39,53,28,405,207,3,R,U,R,1,2,1,True,incongruent,1,0.729,c3f83c59c8fa32fd
977,1941,30-39,53,29,132,196,1,L,R,L,0,1,0,True,incongruent,1,0.717,7816f882e0327ac7
978,1941,30-39,53,30,282,179,1,R,U,R,1,2,1,True,incongruent,1,0.782,0794800387ca9114
979,1941,30-39,53,31,456,198,1,U,U,U,2,2,2,True,congruent,0,0.689,70bcb7ea15f82f59
980,1941,30-39,53,32,238,242,4,R,R,R,1,1,1,True,congruent,0,0.655,8daa4cd7f508924d
981,1941,30-39,53,33,450,183,0,R,R,R,1,1,1,True,congruent,0,0.716,b7341b2816f5cd7c
982,1941,30-39,53,34,165,172,5,L,R,L,0,1,0,True,incongruent,1,0.647,702299fa204a76bb
983,1941,30-39,53,35,509,284,0,D,D,D,3,3,3,True,congruent,0,0.688,3ffad774fafc3a03
984,1941,30-39,53,36,319,276,3,U,R,U,2,1,2,True,incongruent,1,0.749,d0ee4ced72a3e932
985,1941,30-39,53,37,449,203,3,R,L,R,1,0,1,True,incongruent,1,0.817,e6eadc4574383c25
986,1941,30-39,53,38,228,189,6,U,U,U,2,2,2,True,congruent,0,0.666,e55d8af5bda82f1a
987,1941,30-39,53,39,427,286,1,L,L,L,0,0,0,True,congruent,0,0.709,f3e340be45bd786d
988,1941,30-39,53,40,311,172,4,R,R,R,1,1,1,True,congruent,0,0.66,38a0528cd7f7f50e
989,1941,30-39,53,41,501,259,1,R,R,R,1,1,1,True,congruent,0,0.685,e3bd101679f5e6d0
990,1941,30-39,53,42,215,196,2,L,L,L,0,0,0,True,congruent,0,0.667,df70bf502a38ba1e
991,1941,30-39,53,43,471,183,1,U,R,U,2,1,2,True,incongruent,1,0.765,ae9f3b06aca481d5
992,1941,30-39,53,44,274,254,2,L,L,L,0,0,0,True,congruent,0,0.665,7c5365dd15ac1166
993,1941,30-39,53,45,428,182,2,D,D,D,3,3,3,True,congruent,0,0.636,df83dd107c21d609
994,1941,30-39,53,46,150,262,4,U,D,U,2,3,2,True,incongruent,1,0.684,a58e3506ab6b310e
995,1941,30-39,53,47,348,189,0,R,R,R,1,1,1,True,congruent,0,0.697,2de845204231ecc1
996,1941,30-39,53,48,132,173,6,L,U,L,0,2,0,True,incongruent,1,0.992,18c77535ef07142d
997,1941,30-39,53,49,491,220,5,L,L,L,0,0,0,True,congruent,0,0.674,3c7c4bed20ba4858
998,1941,30-39,53,50,279,238,3,L,L,L,0,0,0,True,congruent,0,0.633,e379964a1c8fc3a3
999,1941,30-39,53,51,483,187,1,D,D,D,3,3,3,True,congruent,0,0.614,189ec0e42e5378e6
1000,1941,30-39,53,52,245,223,1,D,R,D,3,1,3,True,incongruent,1,0.704,e975f33ad13c3c10
1001,1941,30-39,53,53,501,207,0,U,D,U,2,3,2,True,incongruent,1,0.696,464c64beb211bbd9
1002,1941,30-39,53,54,232,230,5,R,L,R,1,0,1,True,incongruent,1,0.729,e2b86a8ced3baf74
1003,1941,30-39,53,55,455,221,4,L,L,L,0,0,0,True,congruent,0,0.68,4e789d972c6f0a9e
1004,1941,30-39,53,56,221,286,2,D,U,D,3,2,3,True,incongruent,1,0.7,9b0aab437988980e
1005,1941,30-39,53,57,452,224,3,D,D,D,3,3,3,True,congruent,0,0.654,818139852f6661e7
1006,1941,30-39,53,58,266,258,1,U,R,U,2,1,2,True,incongruent,1,0.873,6860c67e6a66d73f
1007,1941,30-39,53,59,116,174,3,U,D,U,2,3,2,True,incongruent,1,0.812,8c76e2a011215ee4
1008,1941,30-39,53,60,320,274,0,U,U,U,2,2,2,True,congruent,0,0.665,70de6e465e4c6d9f
1009,1941,30-39,53,61,190,190,2,D,R,D,3,1,3,True,incongruent,1,0.596,86d5bb09128f5b82
1010,1941,30-39,54,1,481,271,4,U,U,U,2,2,2,True,congruent,0,0.729,9da5c1dc829487e3
1011,1941,30-39,54,2,137,256,4,R,R,R,1,1,1,True,congruent,0,0.697,43ef39bc82a06693
1012,1941,30-39,54,3,451,209,2,R,R,R,1,1,1,True,congruent,0,0.605,faca6b89eb30f903
1013,1941,30-39,54,4,190,217,3,D,L,D,3,0,3,True,incongruent,1,0.613,96eb7485cb26d0e0
1014,1941,30-39,54,5,431,215,1,L,L,L,0,0,0,True,congruent,0,0.678,5b311ae0b5a6be00
1015,1941,30-39,54,6,295,284,1,D,D,D,3,3,3,True,congruent,0,0.594,88d739375b1e409c
1016,1941,30-39,54,7,130,230,2,R,D,R,1,3,1,True,incongruent,1,0.738,a5b99741c32b7250
1017,1941,30-39,54,8,293,257,3,U,D,U,2,3,2,True,incongruent,1,0.919,6f63bde6d1ceb3a7
1018,1941,30-39,54,9,462,180,4,R,R,R,1,1,1,True,congruent,0,0.718,7fd79842b413cd49
1019,1941,30-39,54,10,168,266,5,U,R,U,2,1,2,True,incongruent,1,0.691,7e640df2a0ca89ad
1020,1941,30-39,54,11,349,211,5,D,D,D,3,3,3,True,congruent,0,0.632,0b8c81e36f8badcb
1021,1941,30-39,54,12,184,268,1,L,L,L,0,0,0,True,congruent,0,0.602,7c201f3fe2b60504
1022,1941,30-39,54,13,449,203,4,R,R,R,1,1,1,True,congruent,0,0.643,25bbbcc460360da3
1023,1941,30-39,54,14,306,222,5,U,U,U,2,2,2,True,congruent,0,0.631,852da5678d7f21b9
1024,1054,40-49,50,1,345,259,3,U,R,U,2,1,2,True,incongruent,1,1.076,301c19048fe04a12
1025,1054,40-49,50,2,510,170,4,U,U,U,2,2,2,True,congruent,0,0.89,a4f49836c789053c
1026,1054,40-49,50,3,206,260,6,R,R,R,1,1,1,True,congruent,0,0.896,e0c8b1b95c530df3
1027,1054,40-49,50,4,376,290,2,L,L,L,0,0,0,True,congruent,0,0.824,474bdbe6530c9d40
1028,1054,40-49,50,5,128,280,4,U,U,U,2,2,2,True,congruent,0,0.862,f28d73e2c2ca658c
1029,1054,40-49,50,6,424,243,1,L,U,L,0,2,0,True,incongruent,1,0.679,ac826efcd602fa39
1030,1054,40-49,50,7,170,227,5,U,U,U,2,2,2,True,congruent,0,1.063,c4061a3399b295ae
1031,1054,40-49,50,8,311,253,6,D,D,D,3,3,3,True,congruent,0,0.68,fdb62b090ab2641c
1032,1054,40-49,50,9,143,246,2,D,L,D,3,0,3,True,incongruent,1,0.943,709d9c8b2541bec8
1033,1054,40-49,50,10,334,223,6,U,U,U,2,2,2,True,congruent,0,0.743,20e05bb6d6617d6b
1034,1054,40-49,50,11,177,224,3,R,R,R,1,1,1,True,congruent,0,0.927,da811b5ca32d5705
1035,1054,40-49,50,12,519,283,6,D,D,D,3,3,3,True,congruent,0,0.815,c61f8fe1b5b7b20f
1036,1054,40-49,50,13,286,240,0,U,R,U,2,1,2,True,incongruent,1,1.111,24cb3e8ca4a415d9
1037,1054,40-49,50,14,429,257,6,D,D,D,3,3,3,True,congruent,0,0.742,94d94d9839388e22
1038,1054,40-49,50,15,152,278,5,U,R,U,2,1,2,True,incongruent,1,1.119,df0440c782ec9bcb
1039,1054,40-49,50,16,426,194,4,R,U,R,1,2,1,True,incongruent,1,0.83,e6be2d0c5606ee2e
1040,1054,40-49,50,18,428,204,0,R,U,R,1,2,1,True,incongruent,1,0.935,a699b954e530d964
1041,1054,40-49,50,19,277,223,4,U,U,U,2,2,2,True,congruent,0,1.135,dca4bf5a1b7a07d8
1042,1054,40-49,50,20,118,240,2,R,R,R,1,1,1,True,congruent,0,1.063,54d7d370aa48bedb
1043,1054,40-49,50,21,354,264,4,L,L,L,0,0,0,True,congruent,0,0.863,adce7adc963d8183
1044,1054,40-49,50,22,130,248,3,D,L,D,3,0,3,True,incongruent,1,1.071,53418e3154e6bb0d
1045,1054,40-49,50,23,464,260,2,L,L,L,0,0,0,True,congruent,0,0.99,83af1681cb40caab
1046,1054,40-49,50,24,135,248,3,R,R,R,1,1,1,True,congruent,0,0.951,f6c870f0450dcee7
1047,1054,40-49,50,25,520,243,2,U,U,U,2,2,2,True,congruent,0,1.071,d86ef1a016333091
1048,1054,40-49,50,26,310,203,2,D,U,D,3,2,3,True,incongruent,1,0.895,ed7cf7ddd2540eef
1049,1054,40-49,50,27,450,179,2,R,L,R,1,0,1,True,incongruent,1,1.172,306c763432ed031a
1050,1054,40-49,50,28,274,272,3,L,L,L,0,0,0,True,congruent,0,0.771,1a9c7d6cae848d80
1051,1054,40-49,50,29,125,204,0,R,D,D,1,3,3,False,incongruent,1,0.8,3f93ed36007fe850
1052,1054,40-49,50,31,226,278,0,L,L,L,0,0,0,True,congruent,0,1.271,ae4241bba2356cc0
1053,1054,40-49,50,32,467,193,0,D,R,D,3,1,3,True,incongruent,1,0.897,e131973a88a1545a
1054,1054,40-49,50,33,219,206,0,D,D,D,3,3,3,True,congruent,0,1.022,b22a42d2ce57737b
1055,1054,40-49,50,34,488,273,6,D,D,D,3,3,3,True,congruent,0,0.897,db3b72bcbf4912ba
1056,1054,40-49,50,35,194,204,1,L,L,L,0,0,0,True,congruent,0,0.813,ba5e892fec88b68f
1057,1054,40-49,50,36,506,214,3,U,U,U,2,2,2,True,congruent,0,1.087,7654374cd5882e29
1058,1054,40-49,50,38,194,200,6,L,L,L,0,0,0,True,congruent,0,1.022,64b2a18edba06c49
1059,1054,40-49,50,39,466,233,1,L,L,L,0,0,0,True,congruent,0,0.799,04bd7f96256d3f45
1060,1054,40-49,50,40,196,204,6,D,D,D,3,3,3,True,congruent,0,0.832,38a1f5837dad82cd
1061,1054,40-49,50,41,473,191,0,U,U,U,2,2,2,True,congruent,0,0.815,be91983f26b2fed2
1062,1054,40-49,50,42,202,193,6,R,R,R,1,1,1,True,congruent,0,0.854,77d3145ed306a8e6
1063,1054,40-49,50,43,413,257,6,U,U,U,2,2,2,True,congruent,0,0.865,e87dde9023f53199
1064,1054,40-49,50,44,216,249,0,R,R,R,1,1,1,True,congruent,0,0.92,b3080932455aaa18
1065,1054,40-49,50,45,391,252,5,D,D,D,3,3,3,True,congruent,0,0.833,6429055f614a60c1
1066,1054,40-49,50,46,179,203,2,L,R,L,0,1,0,True,incongruent,1,1.188,a54a123d513cf6e8
1067,1054,40-49,51,1,255,178,1,L,L,L,0,0,0,True,congruent,0,0.785,2f7dc6b560d2fc0c
1068,1054,40-49,51,2,511,290,0,R,U,R,1,2,1,True,incongruent,1,0.975,ac66e02360febdf1
1069,1054,40-49,51,3,257,213,2,R,R,R,1,1,1,True,congruent,0,0.726,bb415efeaed81bbb
1070,1054,40-49,51,4,436,258,6,R,U,R,1,2,1,True,incongruent,1,0.936,8e02fa4fa9d4bc62
1071,1054,40-49,51,5,196,196,2,R,D,R,1,3,1,True,incongruent,1,0.742,d21e0760ddc524cb
1072,1054,40-49,51,6,355,174,1,U,D,U,2,3,2,True,incongruent,1,1.065,8b63d6679bd44639
1073,1054,40-49,51,7,212,214,6,R,U,R,1,2,1,True,incongruent,1,0.805,ca142eb7a21213cd
1074,1054,40-49,51,8,367,202,0,U,R,U,2,1,2,True,incongruent,1,1.08,0ed28293ffbc6959
1075,1054,40-49,51,9,220,289,0,U,D,U,2,3,2,True,incongruent,1,0.919,29f41a84a02ccd25
1076,1054,40-49,51,10,511,264,2,D,R,D,3,1,3,True,incongruent,1,0.832,1f455a15c8816c5d
1077,1054,40-49,51,11,176,172,6,R,R,R,1,1,1,True,congruent,0,1.015,41db42357753b104
1078,1054,40-49,51,12,412,217,4,U,L,U,2,0,2,True,incongruent,1,0.895,5982d510d8d1ae25
1079,1054,40-49,51,13,166,271,6,R,D,R,1,3,1,True,incongruent,1,1.128,334e93a717f6cd16
1080,1054,40-49,51,14,409,276,1,D,R,D,3,1,3,True,incongruent,1,1.007,6c0ce4e3d06dc325
1081,1054,40-49,51,15,159,257,0,D,D,D,3,3,3,True,congruent,0,0.783,7b266edad1ed463c
1082,1054,40-49,51,16,507,258,5,L,L,L,0,0,0,True,congruent,0,0.92,0cba96d016d54fb3
1083,1054,40-49,51,17,246,240,2,D,D,D,3,3,3,True,congruent,0,0.671,870415496ae84a38
1084,1054,40-49,51,18,465,279,3,D,D,D,3,3,3,True,congruent,0,0.911,011f5f3fcc953410
1085,1054,40-49,51,19,334,222,3,D,D,D,3,3,3,True,congruent,0,0.906,e11b16a8d7932fe7
1086,1054,40-49,51,20,481,247,6,U,L,U,2,0,2,True,incongruent,1,1.026,96fbb2cb828cd2b9
1087,1054,40-49,51,21,178,248,5,U,U,D,2,2,3,False,congruent,0,0.988,c3040a27fde64535
1088,1054,40-49,51,23,302,209,0,D,D,D,3,3,3,True,congruent,0,0.945,98d8da76fc82a18e
1089,1054,40-49,51,24,165,284,3,D,R,D,3,1,3,True,incongruent,1,1.188,2937fbfd1071cb70
1090,1054,40-49,51,25,429,270,1,U,L,U,2,0,2,True,incongruent,1,0.983,d68e6681ad43a2d8
1091,1054,40-49,51,26,213,283,4,L,L,L,0,0,0,True,congruent,0,0.953,a2780005de173954
1092,1054,40-49,51,27,417,195,6,U,L,U,2,0,2,True,incongruent,1,1.142,43faf3fefe40967b
1093,1054,40-49,51,28,139,240,2,R,R,R,1,1,1,True,congruent,0,0.902,4b11e8cc213467e1
1094,1054,40-49,51,29,432,250,2,U,U,U,2,2,2,True,congruent,0,1.096,9a477a63f4165cd1
1095,1054,40-49,51,30,283,255,4,U,U,U,2,2,2,True,congruent,0,0.864,d6d4cb435938f507
1096,1054,40-49,51,31,480,285,6,U,R,U,2,1,2,True,incongruent,1,0.935,0a79979f6bc033b2
1097,1054,40-49,51,32,382,179,3,R,U,R,1,2,1,True,incongruent,1,1.08,25421a966cd6dcf7
1098,1054,40-49,51,33,130,238,0,D,R,D,3,1,3,True,incongruent,1,1.098,33881558a059756c
1099,1054,40-49,51,34,420,220,1,L,R,L,0,1,0,True,incongruent,1,1.061,a83b087fcd2315b8
1100,1054,40-49,51,35,121,249,2,U,U,U,2,2,2,True,congruent,0,1.007,fc1cedfde5a8cafb
1101,1054,40-49,51,36,394,283,0,D,D,D,3,3,3,True,congruent,0,1.055,430edc861dffb1da
1102,1054,40-49,51,37,134,251,2,R,D,R,1,3,1,True,incongruent,1,1.095,3ab72e396f088a30
1103,1054,40-49,51,38,360,268,0,U,U,U,2,2,2,True,congruent,0,0.96,6074e2120b643709
1104,1054,40-49,51,39,204,279,1,U,U,U,2,2,2,True,congruent,0,1.152,ba3734fb7ef62fe2
1105,1054,40-49,51,40,366,217,4,L,D,L,0,3,0,True,incongruent,1,0.967,38f6ee70566e2d06
1106,1054,40-49,51,42,401,264,6,L,L,L,0,0,0,True,congruent,0,0.999,c03cf8353f69c029
1107,1054,40-49,51,43,199,290,6,R,R,R,1,1,1,True,congruent,0,1.015,2be5e9e27192b8e7
1108,1054,40-49,51,44,383,285,5,R,L,R,1,0,1,True,incongruent,1,1.023,ad8be45068e5d8a6
1109,1054,40-49,52,4,264,257,1,U,D,U,2,3,2,True,incongruent,1,1.023,687793586004262d
1110,1054,40-49,52,5,485,222,6,U,U,U,2,2,2,True,congruent,0,0.903,c331b4e3e2ac4d42
1111,1054,40-49,52,6,193,281,1,U,U,U,2,2,2,True,congruent,0,0.959,4947a65240aab19e
1112,1054,40-49,52,7,410,259,0,D,U,D,3,2,3,True,incongruent,1,0.912,d1beb71ce8083710
1113,1054,40-49,52,8,286,182,1,L,L,L,0,0,0,True,congruent,0,0.904,5065fa529ceac903
1114,1054,40-49,52,9,125,254,6,L,D,L,0,3,0,True,incongruent,1,0.925,ebfb7861c3a59e86
1115,1054,40-49,52,10,333,206,6,D,D,D,3,3,3,True,congruent,0,0.887,c52583876d7c0123
1116,1054,40-49,52,11,210,290,3,U,D,U,2,3,2,True,incongruent,1,0.826,c4b4ee5fd5ac8040
1117,1054,40-49,52,12,357,237,2,D,R,D,3,1,3,True,incongruent,1,0.757,783a2e02aa2b1d9d
1118,1054,40-49,52,13,523,275,6,L,D,L,0,3,0,True,incongruent,1,0.91,275921dc26a30fcf
1119,1054,40-49,52,14,323,195,1,U,R,U,2,1,2,True,incongruent,1,0.944,2e76d11dfe795de8
1120,1054,40-49,52,15,461,280,6,L,L,L,0,0,0,True,congruent,0,0.798,d11d1dab2c90b73b
1121,1054,40-49,52,16,326,224,6,R,D,R,1,3,1,True,incongruent,1,0.951,3a14df94dba5eceb
1122,1054,40-49,52,17,525,210,2,U,U,U,2,2,2,True,congruent,0,0.8,d5d96f45cf53a3b3
1123,1054,40-49,52,18,173,271,3,D,R,D,3,1,3,True,incongruent,1,0.909,ce333538fb758721
1124,1054,40-49,52,19,307,211,0,D,L,D,3,0,3,True,incongruent,1,1.087,47169dbfcb451537
1125,1054,40-49,52,20,175,258,2,L,U,L,0,2,0,True,incongruent,1,0.903,8df11698a523219f
1126,1054,40-49,52,21,340,227,3,U,L,U,2,0,2,True,incongruent,1,0.92,cafe2a82143fac71
1127,1054,40-49,52,22,166,195,0,L,U,L,0,2,0,True,incongruent,1,0.895,b06e96b1e1d54d2c
1128,1054,40-49,52,23,414,230,5,L,L,L,0,0,0,True,congruent,0,1.126,6674a7328f19d611
1129,1054,40-49,52,24,116,202,1,L,L,L,0,0,0,True,congruent,0,1.079,f052d636275f009f
1130,1054,40-49,52,25,266,256,3,L,U,L,0,2,0,True,incongruent,1,1.119,88d2b3d2c07f39df
1131,1054,40-49,52,26,385,170,0,L,L,L,0,0,0,True,congruent,0,1.135,77c13b712da95313
1132,1054,40-49,52,27,137,240,6,L,L,L,0,0,0,True,congruent,0,1.074,024057ad30e999c8
1133,1054,40-49,52,28,448,211,6,L,L,L,0,0,0,True,congruent,0,0.949,5f433841d6f15189
1134,1054,40-49,52,29,254,188,6,U,U,U,2,2,2,True,congruent,0,1.265,4c36686ea500fe43
1135,1054,40-49,52,30,446,259,2,U,L,U,2,0,2,True,incongruent,1,1.045,a438459c929989d6
1136,1054,40-49,52,31,254,173,3,D,R,D,3,1,3,True,incongruent,1,1.152,e6f0b1ea3f564ba5
1137,1054,40-49,52,32,412,222,6,R,L,R,1,0,1,True,incongruent,1,0.959,479f8f208e6eb331
1138,1054,40-49,52,33,190,208,2,U,U,U,2,2,2,True,congruent,0,0.902,faff01dadc9a080e
1139,1054,40-49,52,34,511,253,6,D,U,D,3,2,3,True,incongruent,1,0.878,6ea6343f617b9b6d
1140,1054,40-49,52,35,233,201,4,L,L,L,0,0,0,True,congruent,0,0.832,7d2f938477f7ad9a
1141,1054,40-49,52,36,375,261,4,R,R,R,1,1,1,True,congruent,0,0.966,07920d8fd0b3ecc2
1142,1054,40-49,52,38,414,253,5,D,U,D,3,2,3,True,incongruent,1,0.806,894c416a856430a1
1143,1054,40-49,52,41,127,259,2,D,U,D,3,2,3,True,incongruent,1,1.09,c766b9c50084b047
1144,1054,40-49,52,42,462,239,4,U,L,U,2,0,2,True,incongruent,1,1.157,5e64fb27041752b8
1145,1054,40-49,52,43,229,202,1,L,L,L,0,0,0,True,congruent,0,1.008,417370106c82962b
1146,1054,40-49,52,44,435,220,2,L,U,L,0,2,0,True,incongruent,1,0.99,e38492a90b9eaa45
1147,1054,40-49,53,1,310,250,4,L,U,L,0,2,0,True,incongruent,1,0.783,6ef97721a0393f33
1148,1054,40-49,53,2,155,218,3,L,R,L,0,1,0,True,incongruent,1,1.283,a70b55a9a946ee6e
1149,1054,40-49,53,3,396,182,5,U,U,U,2,2,2,True,congruent,0,0.812,2b1046483ce83d32
1150,1054,40-49,53,4,213,239,6,L,D,L,0,3,0,True,incongruent,1,0.895,74fdec0bbff90349
1151,1054,40-49,53,5,452,216,2,R,L,R,1,0,1,True,incongruent,1,0.845,bb1f72b7c4a75ffb
1152,1054,40-49,53,6,290,217,3,U,D,U,2,3,2,True,incongruent,1,0.928,4466306eb18aa326
1153,1054,40-49,53,7,133,171,0,U,D,U,2,3,2,True,incongruent,1,1.047,06f50941aec70444
1154,1054,40-49,53,8,439,231,5,R,D,R,1,3,1,True,incongruent,1,1.03,510d2a9a9bebafe4
1155,1054,40-49,53,9,123,232,6,D,L,D,3,0,3,True,incongruent,1,0.935,f3d8def7cc19907b
1156,1054,40-49,53,10,286,180,6,D,D,D,3,3,3,True,congruent,0,0.919,e022ef61c0014eba
1157,1054,40-49,53,11,520,232,6,L,L,L,0,0,0,True,congruent,0,0.863,29ecc3c407b0fa27
1158,1054,40-49,53,12,282,256,3,U,R,U,2,1,2,True,incongruent,1,0.95,84f8be9874fe4477
1159,1054,40-49,53,13,426,195,1,U,U,U,2,2,2,True,congruent,0,0.878,f282a38b8b74f9c0
1160,1054,40-49,53,14,190,254,6,R,R,R,1,1,1,True,congruent,0,0.991,88d9c441d364db4d
1161,1054,40-49,53,15,370,245,5,R,R,R,1,1,1,True,congruent,0,0.904,cdb9f5006abc3d3e
1162,1054,40-49,53,16,190,238,6,R,R,R,1,1,1,True,congruent,0,0.951,07654672594b244f
1163,1054,40-49,53,17,499,247,4,R,D,R,1,3,1,True,incongruent,1,1.07,6f91a382d4205741
1164,1054,40-49,53,18,311,274,2,U,L,U,2,0,2,True,incongruent,1,0.96,68ebbf3a49206c4c
1165,1054,40-49,53,19,165,253,4,L,L,L,0,0,0,True,congruent,0,0.919,e233fde3763ac329
1166,1054,40-49,53,20,360,221,0,D,R,D,3,1,3,True,incongruent,1,0.879,afedc9258e8d8ec7
1167,1054,40-49,53,21,189,240,1,L,U,L,0,2,0,True,incongruent,1,1.136,254086d8e2e288c8
1168,1054,40-49,53,22,524,271,4,R,L,R,1,0,1,True,incongruent,1,1.221,3f2a6ee864dc4c0d
1169,1054,40-49,53,23,205,199,5,L,U,L,0,2,0,True,incongruent,1,1.04,90ba9fcad0f9b86a
1170,1054,40-49,53,25,296,194,0,D,U,D,3,2,3,True,incongruent,1,1.015,e77a775ab4eac36f
1171,1054,40-49,53,27,274,269,2,D,D,D,3,3,3,True,congruent,0,0.912,41ce332445074a0d
1172,1054,40-49,53,28,133,238,0,U,U,U,2,2,2,True,congruent,0,0.993,2cf75f42ed4cf034
1173,1054,40-49,53,29,430,239,1,D,D,D,3,3,3,True,congruent,0,0.91,8063be489e308f3a
1174,1054,40-49,53,30,121,209,2,U,U,U,2,2,2,True,congruent,0,0.902,42df3cd035bc6c70
1175,1054,40-49,53,31,483,245,2,L,R,L,0,1,0,True,incongruent,1,1.009,bd77e71b96ae7932
1176,1054,40-49,53,32,225,235,3,L,U,L,0,2,0,True,incongruent,1,1.254,036bb82ce60dbff3
1177,1054,40-49,53,33,503,186,0,L,D,L,0,3,0,True,incongruent,1,1.199,7314ee89fe683c7c
1178,1054,40-49,53,37,431,249,6,L,L,L,0,0,0,True,congruent,0,1.151,3526a7004b28fb35
1179,1054,40-49,53,38,257,266,0,R,R,R,1,1,1,True,congruent,0,0.983,79d0f9e1c8d9c392
1180,1054,40-49,53,39,490,171,2,L,D,L,0,3,0,True,incongruent,1,1.303,0c4b9d5f3ecadc2b
1181,1054,40-49,54,1,444,245,1,U,L,U,2,0,2,True,incongruent,1,1.047,091c0417dfa89b63
1182,1054,40-49,54,2,275,179,4,D,D,D,3,3,3,True,congruent,0,0.784,f212f0a5ca84552a
1183,1054,40-49,54,3,427,192,6,D,D,D,3,3,3,True,congruent,0,0.966,bcb81bfe30e816ca
1184,1054,40-49,54,4,287,286,5,D,D,D,3,3,3,True,congruent,0,0.912,5c663b7bab23f050
1185,1054,40-49,54,5,134,236,6,R,U,R,1,2,1,True,incongruent,1,1.046,4d702253710f8918
1186,1054,40-49,54,6,488,192,6,D,R,D,3,1,3,True,incongruent,1,0.926,89c30bf25309e893
1187,1054,40-49,54,7,140,219,0,U,U,U,2,2,2,True,congruent,0,0.959,8260a286e9382006
1188,1054,40-49,54,8,275,269,6,L,R,L,0,1,0,True,incongruent,1,0.815,f13bb7b6298573d0
1189,1054,40-49,54,9,459,271,1,R,R,R,1,1,1,True,congruent,0,0.887,772084bff6802365
1190,1054,40-49,54,10,161,234,1,R,R,R,1,1,1,True,congruent,0,0.991,2f3159e2576e7000
1191,1054,40-49,54,11,311,236,4,L,R,L,0,1,0,True,incongruent,1,0.816,3ea2a461275b220c
1192,1054,40-49,54,12,515,261,6,D,D,D,3,3,3,True,congruent,0,0.855,63e795ffd3b9f5b9
1193,1054,40-49,54,13,331,266,6,D,D,D,3,3,3,True,congruent,0,0.671,5e1a30a95e7984b3
1194,1054,40-49,54,14,195,205,2,R,L,R,1,0,1,True,incongruent,1,1.015,098c4c6342b89cd7
1195,1054,40-49,54,15,519,281,1,R,R,R,1,1,1,True,congruent,0,0.79,21e069db78108fd1
1196,1054,40-49,54,16,144,208,5,L,U,U,0,2,2,False,incongruent,1,0.816,d2e04616f29b8e45
1197,1054,40-49,54,17,468,202,0,L,U,L,0,2,0,True,incongruent,1,1.198,e218e8983af29425
1198,1054,40-49,54,18,164,278,3,U,D,U,2,3,2,True,incongruent,1,0.934,c16a7cb5da6c3348
1199,1054,40-49,54,19,463,240,5,D,D,D,3,3,3,True,congruent,0,0.663,3270848bf98908ed
1200,1054,40-49,54,20,306,226,2,U,R,U,2,1,2,True,incongruent,1,0.895,8976d30128a4178e
1201,1054,40-49,54,21,123,206,4,D,U,D,3,2,3,True,incongruent,1,1.239,08ea962156db3833
1202,1054,40-49,54,23,517,259,1,L,D,L,0,3,0,True,incongruent,1,1.24,3620ef8024f9558e
1203,1054,40-49,54,24,323,290,2,U,L,U,2,0,2,True,incongruent,1,1.061,0dfa2484d12027ba
1204,1054,40-49,54,27,380,249,2,U,U,D,2,2,3,False,congruent,0,0.623,23dcf545507ee5d9
1205,1054,40-49,54,30,515,260,1,U,U,U,2,2,2,True,congruent,0,0.743,65768b48e54bb202
1206,1054,40-49,54,31,161,275,4,R,L,R,1,0,1,True,incongruent,1,0.903,3e0ac123d5ad56c6
1207,1054,40-49,54,32,373,210,2,D,D,D,3,3,3,True,congruent,0,0.774,50c17961e84bdf8d
1208,1054,40-49,54,33,213,208,0,R,D,R,1,3,1,True,incongruent,1,0.871,f49a5ab0c6e05760
1209,1054,40-49,54,34,392,216,4,L,L,L,0,0,0,True,congruent,0,0.792,673ee90b50f3ad02
1210,1054,40-49,54,35,240,249,1,D,L,D,3,0,3,True,incongruent,1,0.871,8f324acabf0047c0
1211,1054,40-49,54,36,417,173,2,R,R,R,1,1,1,True,congruent,0,0.975,5b7330918099df88
1212,1054,40-49,54,37,233,272,6,R,R,R,1,1,1,True,congruent,0,0.815,ab6508e80e30a3b7
1213,1054,40-49,54,38,456,173,4,L,L,L,0,0,0,True,congruent,0,0.903,23a2b3f6cb2182da
1214,1054,40-49,54,39,116,279,3,L,U,L,0,2,0,True,incongruent,1,0.847,f26564c0330dc00f
1215,1054,40-49,54,40,400,257,1,U,R,U,2,1,2,True,incongruent,1,0.935,dc7c751dc9e32df3
1216,1054,40-49,54,41,235,170,5,R,L,R,1,0,1,True,incongruent,1,0.959,fbdacbd574f06c20
1217,1054,40-49,54,42,425,243,0,R,R,R,1,1,1,True,congruent,0,0.918,b2749947bd2f3c9e
1218,1054,40-49,54,43,118,218,2,U,L,U,2,0,2,True,incongruent,1,0.927,e90cdd0c568442ed
1219,1054,40-49,54,44,429,170,0,L,L,L,0,0,0,True,congruent,0,0.87,d54465e956a8e558
1220,1054,40-49,55,1,183,228,0,R,R,R,1,1,1,True,congruent,0,1.221,ac6527f2ec1594ab
1221,1054,40-49,55,2,322,206,2,U,L,U,2,0,2,True,incongruent,1,1.289,236d460d882235a0
1222,1054,40-49,55,3,121,278,2,U,U,U,2,2,2,True,congruent,0,0.808,918f48ebd7517d67
1223,1054,40-49,55,4,272,250,6,U,U,U,2,2,2,True,congruent,0,0.863,195c883b9e1ec77f
1224,1054,40-49,55,5,510,179,5,D,D,D,3,3,3,True,congruent,0,0.831,0807b852dea47dc9
1225,1054,40-49,55,6,325,240,3,U,D,U,2,3,2,True,incongruent,1,0.927,89e90c10302327e4
1226,1054,40-49,55,7,119,271,5,R,R,R,1,1,1,True,congruent,0,0.974,35ec915f0e52136f
1227,1054,40-49,55,8,386,278,5,L,L,L,0,0,0,True,congruent,0,0.801,4089bbb3a7728fc2
1228,1054,40-49,55,9,193,208,2,L,L,L,0,0,0,True,congruent,0,0.926,2024b692234c3f7e
1229,1054,40-49,55,10,372,266,5,R,L,R,1,0,1,True,incongruent,1,0.928,9bac67ed6162a541
1230,1054,40-49,55,11,151,245,5,D,R,D,3,1,3,True,incongruent,1,1.03,beb26101453331c0
1231,1054,40-49,55,12,492,211,2,D,D,D,3,3,3,True,congruent,0,0.962,2c2f009d699f8925
1232,1054,40-49,55,13,282,247,5,R,L,R,1,0,1,True,incongruent,1,1.037,c404519224d3febc
1233,1054,40-49,55,14,468,202,0,L,L,L,0,0,0,True,congruent,0,0.953,dcb25b0da1bb4eb4
1234,1054,40-49,55,15,259,270,3,D,U,D,3,2,3,True,incongruent,1,1.223,2a893e7b54fd4c58
1235,1054,40-49,55,16,138,197,0,U,L,U,2,0,2,True,incongruent,1,1.16,33ca0d6c312524b2
1236,1054,40-49,55,17,347,213,2,U,U,D,2,2,3,False,congruent,0,1.046,9c1b207a08aceb4c
1237,1054,40-49,55,19,347,210,0,U,D,U,2,3,2,True,incongruent,1,1.013,06d3e74a1cd1ba4c
1238,1054,40-49,55,20,504,246,2,D,D,D,3,3,3,True,congruent,0,0.786,2e3d8faff2b7248e
1239,1054,40-49,55,21,140,219,0,R,R,R,1,1,1,True,congruent,0,1.199,16191d278790d63e
1240,1054,40-49,55,22,369,278,3,U,U,U,2,2,2,True,congruent,0,0.998,488ac0967d35b540
1241,1054,40-49,55,23,186,194,3,U,R,U,2,1,2,True,incongruent,1,1.205,64415fe93844345c
1242,1054,40-49,55,24,351,180,4,D,D,D,3,3,3,True,congruent,0,1.144,58964465e64a363c
1243,1054,40-49,55,25,488,272,2,D,L,D,3,0,3,True,incongruent,1,0.967,a2b0ae6a9028c24b
1244,1054,40-49,55,26,333,177,4,L,R,L,0,1,0,True,incongruent,1,1.088,9a6c6975ec959b7d
1245,1054,40-49,55,27,499,289,2,U,R,U,2,1,2,True,incongruent,1,1.022,550b3f80345dc8b7
1246,1054,40-49,55,28,264,267,6,R,R,R,1,1,1,True,congruent,0,0.84,1605bd94780ba9a7
1247,1054,40-49,55,29,471,280,4,D,D,D,3,3,3,True,congruent,0,1.016,5247b538d4187c40
1248,1054,40-49,55,30,211,188,6,U,L,U,2,0,2,True,incongruent,1,0.885,cc5a43ee6965c92a
1249,1054,40-49,55,31,493,170,6,R,R,R,1,1,1,True,congruent,0,0.992,d66bd2375f3f75c1
1250,1054,40-49,55,32,330,181,1,D,D,D,3,3,3,True,congruent,0,0.967,16ff9ad0c2e86d29
1251,1054,40-49,55,33,165,265,6,U,U,U,2,2,2,True,congruent,0,0.961,aa308810e409a124
1252,1054,40-49,55,34,489,206,2,R,U,R,1,2,1,True,incongruent,1,1.238,c29b0e6e699f7759
1253,1054,40-49,55,35,290,180,5,D,D,D,3,3,3,True,congruent,0,0.759,51700a0d9687e0ca
1254,1054,40-49,55,38,117,201,6,U,L,U,2,0,2,True,incongruent,1,0.974,e94478a6fb205ff2
1255,1054,40-49,55,39,471,228,2,L,R,L,0,1,0,True,incongruent,1,0.873,2963162f170c7cf4
1256,1054,40-49,55,40,156,213,2,L,L,L,0,0,0,True,congruent,0,1.198,382364395c84ed8f
1257,1054,40-49,55,41,446,225,2,U,U,U,2,2,2,True,congruent,0,0.748,be627cd8f43b67ae
1258,1054,40-49,55,42,275,177,4,U,R,R,2,1,1,False,incongruent,1,0.765,92f0e4ec469e47b2
1259,1054,40-49,56,1,394,194,0,D,L,D,3,0,3,True,incongruent,1,1.24,2a9befaec9d19b73
1260,1054,40-49,56,4,139,233,4,L,L,L,0,0,0,True,congruent,0,1.283,f19f4a5f634a7657
1261,1054,40-49,56,6,521,274,1,L,L,L,0,0,0,True,congruent,0,1.128,93b1abac41a74c4b
1262,1054,40-49,56,7,150,280,2,L,D,L,0,3,0,True,incongruent,1,1.001,4dce81f4656ad6b2
1263,1054,40-49,56,8,345,203,3,D,D,D,3,3,3,True,congruent,0,1.163,ef924287a6bc5183
1264,1054,40-49,56,9,495,219,0,U,U,U,2,2,2,True,congruent,0,1.072,18d9059eac92e37c
1265,1054,40-49,56,10,308,264,3,U,L,U,2,0,2,True,incongruent,1,1.098,0c53644ed2da5145
1266,1054,40-49,56,11,171,182,6,D,U,D,3,2,3,True,incongruent,1,0.92,f99ae72921c976e6
1267,1054,40-49,56,12,415,192,2,D,L,D,3,0,3,True,incongruent,1,1.037,e26dac2d4d9792cf
1268,1054,40-49,56,13,235,269,6,U,U,U,2,2,2,True,congruent,0,0.807,45451f1e0b9e7327
1269,1054,40-49,56,14,470,274,3,U,R,U,2,1,2,True,incongruent,1,1.007,979b8e993c8f3734
1270,1054,40-49,56,15,329,205,5,L,L,L,0,0,0,True,congruent,0,0.944,a2bb57150d6798d5
1271,1054,40-49,56,16,180,189,4,R,R,R,1,1,1,True,congruent,0,0.841,33dc2cc92a9c2da5
1272,1054,40-49,56,17,385,182,0,U,R,U,2,1,2,True,incongruent,1,0.949,4ac8b545e4d65288
1273,1054,40-49,56,18,134,245,1,D,R,D,3,1,3,True,incongruent,1,1.191,6f013ed3b75bcf9b
1274,1054,40-49,56,19,438,177,0,R,R,U,1,1,2,False,congruent,0,0.984,6ab02c29c761c8f5
1275,1054,40-49,56,20,198,221,0,L,L,L,0,0,0,True,congruent,0,0.959,d276e5889c5f9930
1276,1054,40-49,56,21,518,271,1,L,R,L,0,1,0,True,incongruent,1,1.064,bcac94dd83fc53d8
1277,1054,40-49,56,22,332,289,2,R,D,R,1,3,1,True,incongruent,1,0.887,2b671ae6c17dc49c
1278,1054,40-49,56,23,455,181,5,L,R,L,0,1,0,True,incongruent,1,0.887,8d3bf2699c2abbf4
1279,1054,40-49,56,24,284,180,1,U,U,U,2,2,2,True,congruent,0,0.912,624ead86ca7e66dd
1280,2683,40-49,50,1,162,268,4,D,D,D,3,3,3,True,congruent,0,0.719,2d26838f4da48e28
1281,2683,40-49,50,2,296,203,1,D,L,D,3,0,3,True,incongruent,1,0.828,025cb3ad1347485d
1282,2683,40-49,50,3,447,220,2,L,L,L,0,0,0,True,congruent,0,0.735,56be012d50a0b6b5
1283,2683,40-49,50,4,139,173,5,L,L,L,0,0,0,True,congruent,0,0.625,e413dc4c8044f5a2
1284,2683,40-49,50,5,456,220,1,L,L,L,0,0,0,True,congruent,0,0.594,fb51b759231b2c72
1285,2683,40-49,50,6,323,290,4,R,L,R,1,0,1,True,incongruent,1,0.687,d243cbbc0673ac14
1286,2683,40-49,50,7,158,197,0,R,U,R,1,2,1,True,incongruent,1,0.734,0ecb1038c0596aae
1287,2683,40-49,50,8,322,248,4,U,D,U,2,3,2,True,incongruent,1,0.704,a49e5e2219e52b35
1288,2683,40-49,50,9,457,196,5,R,R,R,1,1,1,True,congruent,0,0.687,660072587ee9ff39
1289,2683,40-49,50,10,231,196,0,U,D,U,2,3,2,True,incongruent,1,0.672,6abebf8631c1ba89
1290,2683,40-49,50,11,390,211,5,R,R,R,1,1,1,True,congruent,0,0.593,626c0fcdaf28f504
1291,2683,40-49,50,12,188,233,2,L,L,L,0,0,0,True,congruent,0,0.594,6690b6b427a28ec6
1292,2683,40-49,50,13,318,181,5,L,L,L,0,0,0,True,congruent,0,0.594,84e7ba4e1762b8a5
1293,2683,40-49,50,14,181,260,5,R,R,R,1,1,1,True,congruent,0,0.625,f1e0d7b6ef9bc7ed
1294,2683,40-49,50,15,450,233,2,U,U,U,2,2,2,True,congruent,0,0.578,723b975db8decb95
1295,2683,40-49,50,16,239,203,6,U,U,U,2,2,2,True,congruent,0,0.547,d1f930e0e8cdaf97
1296,2683,40-49,50,17,426,225,4,U,L,U,2,0,2,True,incongruent,1,0.719,0b2ce5095ab92f8b
1297,2683,40-49,50,18,250,262,2,D,R,D,3,1,3,True,incongruent,1,0.828,45667241c40764ae
1298,2683,40-49,50,19,387,229,4,L,L,L,0,0,0,True,congruent,0,0.641,db415aab9e67a76f
1299,2683,40-49,50,20,126,256,1,R,D,R,1,3,1,True,incongruent,1,0.672,88baa63e1e8b093f
1300,2683,40-49,50,21,435,191,1,L,L,L,0,0,0,True,congruent,0,0.578,219c79637fa55f77
1301,2683,40-49,50,22,298,220,5,L,U,L,0,2,0,True,incongruent,1,0.703,cab2fde6d7582112
1302,2683,40-49,50,23,480,227,4,U,R,U,2,1,2,True,incongruent,1,0.875,b16d58ced475a16e
1303,2683,40-49,50,24,297,270,3,D,U,D,3,2,3,True,incongruent,1,0.781,d06c60c5169668c6
1304,2683,40-49,50,25,478,270,4,L,L,L,0,0,0,True,congruent,0,0.672,867b03014a516ff0
1305,2683,40-49,50,26,158,276,0,R,R,R,1,1,1,True,congruent,0,0.594,136036ebdc6822e1
1306,2683,40-49,50,27,296,222,0,R,L,R,1,0,1,True,incongruent,1,0.703,a3fd0cc4accc6ecd
1307,2683,40-49,50,28,468,232,3,L,U,L,0,2,0,True,incongruent,1,0.796,d79e0c783eb4fd19
1308,2683,40-49,50,29,144,282,0,R,R,R,1,1,1,True,congruent,0,0.61,2d1ad221cc29234a
1309,2683,40-49,50,30,353,269,5,L,L,L,0,0,0,True,congruent,0,0.547,c53aadb494884d29
1310,2683,40-49,50,31,157,204,5,D,U,D,3,2,3,True,incongruent,1,0.625,2657678f74d2481f
1311,2683,40-49,50,32,410,205,2,L,L,L,0,0,0,True,congruent,0,0.625,6003ab0e949e9d56
1312,2683,40-49,50,33,229,256,4,R,R,R,1,1,1,True,congruent,0,0.578,aa76879dcbed0757
1313,2683,40-49,50,34,412,198,3,D,D,D,3,3,3,True,congruent,0,0.656,672ed7a779fadc7f
1314,2683,40-49,50,35,153,242,2,R,U,R,1,2,1,True,incongruent,1,0.657,c3d8326af977df82
1315,2683,40-49,50,36,494,286,2,R,R,R,1,1,1,True,congruent,0,0.625,7300e190dbf145cc
1316,2683,40-49,50,37,118,173,4,L,U,L,0,2,0,True,incongruent,1,0.656,e0dba0b0f27474b9
1317,2683,40-49,50,38,436,236,0,U,U,U,2,2,2,True,congruent,0,0.672,b5f8811cc487f786
1318,2683,40-49,50,39,151,200,1,L,L,L,0,0,0,True,congruent,0,0.563,88a025621c978de0
1319,2683,40-49,50,40,449,181,5,L,R,L,0,1,0,True,incongruent,1,0.672,9625596e35dfe484
1320,2683,40-49,50,41,286,263,6,R,U,R,1,2,1,True,incongruent,1,0.719,48b34affc0e8e52e
1321,2683,40-49,50,42,142,285,2,L,L,L,0,0,0,True,congruent,0,0.781,9b61379ae2157a53
1322,2683,40-49,50,43,435,279,6,R,D,R,1,3,1,True,incongruent,1,0.672,0cf9502f90715b99
1323,2683,40-49,50,44,128,242,5,U,D,U,2,3,2,True,incongruent,1,0.641,a8455c86d6cb1d62
1324,2683,40-49,50,45,372,226,0,D,L,D,3,0,3,True,incongruent,1,0.687,8ac48aabe040542e
1325,2683,40-49,50,46,167,227,6,D,L,D,3,0,3,True,incongruent,1,0.562,ce35b330089f1d75
1326,2683,40-49,50,47,432,277,1,L,R,L,0,1,0,True,incongruent,1,0.704,0d5587dacc5350ab
1327,2683,40-49,50,48,324,185,4,U,R,U,2,1,2,True,incongruent,1,0.781,91cb076ae088cd0e
1328,2683,40-49,50,49,170,259,3,L,L,L,0,0,0,True,congruent,0,0.703,741807a5782f55f5
1329,2683,40-49,50,50,396,208,6,U,R,U,2,1,2,True,incongruent,1,0.547,f042456b87fa987f
1330,2683,40-49,50,51,194,212,3,L,L,L,0,0,0,True,congruent,0,0.515,c881565d531a93cf
1331,2683,40-49,50,52,364,190,2,D,D,D,3,3,3,True,congruent,0,0.594,c059a655cb378deb
1332,2683,40-49,50,53,205,186,2,U,U,U,2,2,2,True,congruent,0,0.531,cf18f8b966b66cca
1333,2683,40-49,50,54,524,228,3,D,D,D,3,3,3,True,congruent,0,0.688,238bc32952aad9cc
1334,2683,40-49,50,55,231,260,2,R,U,R,1,2,1,True,incongruent,1,0.766,3c7bd0236d7ffa44
1335,2683,40-49,50,56,371,265,3,R,R,R,1,1,1,True,congruent,0,0.625,65459d6c770a3903
1336,2683,40-49,50,57,257,176,0,R,D,R,1,3,1,True,incongruent,1,0.703,821c93daa39c9b5b
1337,2683,40-49,50,58,150,286,4,D,D,D,3,3,3,True,congruent,0,0.797,fab6890ff821db63
1338,2683,40-49,50,59,337,220,3,R,R,R,1,1,1,True,congruent,0,0.657,0c7e426650f72ad4
1339,2683,40-49,50,60,131,231,1,U,U,U,2,2,2,True,congruent,0,0.578,f91cac2fa235c682
1340,2683,40-49,50,61,513,172,4,R,R,R,1,1,1,True,congruent,0,0.625,2c68b7aeda4f5394
1341,2683,40-49,50,62,148,197,3,R,R,R,1,1,1,True,congruent,0,0.578,92409cca838e8f0f
1342,2683,40-49,50,63,417,242,6,R,U,R,1,2,1,True,incongruent,1,0.672,b7c191fa94cd24a1
1343,2683,40-49,50,64,118,177,1,D,D,D,3,3,3,True,congruent,0,0.625,099c1aec3f67e905
1344,2683,40-49,50,65,485,262,0,R,L,R,1,0,1,True,incongruent,1,0.688,6c4843a1ff31c219
1345,2683,40-49,50,66,163,176,5,R,R,R,1,1,1,True,congruent,0,0.547,78e45d29b6e09805
1346,2683,40-49,50,67,474,261,0,D,D,D,3,3,3,True,congruent,0,0.624,edf40b8f316f5c1e
1347,2683,40-49,51,1,337,179,4,R,R,R,1,1,1,True,congruent,0,0.735,7f05adac72c14b37
1348,2683,40-49,51,2,123,177,3,D,U,D,3,2,3,True,incongruent,1,0.875,9414fe125d392681
1349,2683,40-49,51,4,366,238,1,U,U,U,2,2,2,True,congruent,0,1.079,a65f31be17e89756
1350,2683,40-49,51,5,163,246,3,R,U,R,1,2,1,True,incongruent,1,1.172,70d845408bce370e
1351,2683,40-49,51,7,231,198,0,D,D,D,3,3,3,True,congruent,0,0.86,32a6a71b27fac979
1352,2683,40-49,51,11,277,232,0,D,L,D,3,0,3,True,incongruent,1,1.032,87ac7ff7091988ad
1353,2683,40-49,51,12,496,175,4,R,D,R,1,3,1,True,incongruent,1,1.175,84714d160006264f
1354,2683,40-49,51,14,164,274,1,R,L,R,1,0,1,True,incongruent,1,1.0,aba4b1b3706bb00b
1355,2683,40-49,51,16,507,227,3,L,L,L,0,0,0,True,congruent,0,0.765,6e7bae5c5d212262
1356,2683,40-49,51,17,315,239,4,L,L,L,0,0,0,True,congruent,0,0.75,241e1c5074a7bfbb
1357,2683,40-49,51,18,478,180,2,L,L,L,0,0,0,True,congruent,0,0.469,e23b83826877389e
1358,2683,40-49,51,20,499,228,1,L,R,L,0,1,0,True,incongruent,1,1.157,82290b84d25040ad
1359,2683,40-49,51,21,133,170,4,D,R,D,3,1,3,True,incongruent,1,0.75,60f0db39ac201b9e
1360,2683,40-49,51,22,507,284,5,R,R,R,1,1,1,True,congruent,0,0.765,6531fb41b4b87f01
1361,2683,40-49,51,23,362,264,6,L,L,L,0,0,0,True,congruent,0,0.735,f9344b262c552e12
1362,2683,40-49,51,24,131,179,4,L,R,L,0,1,0,True,incongruent,1,0.344,d8c57a2d3a615b58
1363,2683,40-49,51,25,494,171,1,D,D,D,3,3,3,True,congruent,0,0.985,7c2d67baf5dbc6df
1364,2683,40-49,51,26,279,208,1,D,R,D,3,1,3,True,incongruent,1,1.141,d0126ad5c179ba20
1365,2683,40-49,51,28,167,265,0,R,L,R,1,0,1,True,incongruent,1,1.031,8c03423a126019de
1366,2683,40-49,51,30,171,284,4,U,U,U,2,2,2,True,congruent,0,0.718,bd68054f05b6a973
1367,2683,40-49,51,31,435,187,3,R,U,R,1,2,1,True,incongruent,1,0.797,6f0e3f6868455bc9
1368,2683,40-49,51,32,298,260,0,D,R,D,3,1,3,True,incongruent,1,0.828,63030160b663958a
1369,2683,40-49,51,33,454,282,4,R,R,R,1,1,1,True,congruent,0,0.735,980710cacfdf217a
1370,2683,40-49,51,34,306,198,2,R,U,R,1,2,1,True,incongruent,1,0.625,fe2efccdc14bec2a
1371,2683,40-49,51,35,460,245,3,L,L,L,0,0,0,True,congruent,0,0.703,fa7f28496e5f0cf0
1372,2683,40-49,51,36,116,194,6,D,R,D,3,1,3,True,incongruent,1,0.703,b43ba7b03009f17b
1373,2683,40-49,51,37,500,245,5,R,D,R,1,3,1,True,incongruent,1,0.672,394572faf665a54c
1374,2683,40-49,51,38,309,276,1,U,D,D,2,3,3,False,incongruent,1,0.641,47bdd48306c6c615
1375,2683,40-49,51,39,511,193,1,L,R,L,0,1,0,True,incongruent,1,0.75,965a619839b33932
1376,2683,40-49,51,40,330,203,4,U,U,U,2,2,2,True,congruent,0,0.625,cf62bf14d1f2d8e4
1377,2683,40-49,52,1,509,176,2,R,R,R,1,1,1,True,congruent,0,1.109,1843cf0cffd3eb3d
1378,2683,40-49,52,2,226,255,4,R,D,R,1,3,1,True,incongruent,1,0.812,5e14e967ec572395
1379,2683,40-49,52,3,482,174,1,R,L,R,1,0,1,True,incongruent,1,0.563,1ff2bdf79e1ba31f
1380,2683,40-49,52,4,136,204,3,D,R,D,3,1,3,True,incongruent,1,0.828,bc476d15a1c5264a
1381,2683,40-49,52,5,452,233,0,L,R,L,0,1,0,True,incongruent,1,0.781,474a5a4ef70cb5dc
1382,2683,40-49,52,6,226,227,1,D,D,D,3,3,3,True,congruent,0,0.656,d3d0d0c5b149c060
1383,2683,40-49,52,7,374,248,5,R,D,R,1,3,1,True,incongruent,1,0.625,5d79b70f91deda7d
1384,2683,40-49,52,8,518,196,2,U,U,U,2,2,2,True,congruent,0,0.984,8f8d024bea35218f
1385,2683,40-49,52,9,228,217,2,D,D,D,3,3,3,True,congruent,0,0.75,91c3cd856aa389b9
1386,2683,40-49,52,10,386,287,5,L,R,L,0,1,0,True,incongruent,1,0.844,c6cc18eaba436fc9
1387,2683,40-49,52,11,268,211,2,D,L,D,3,0,3,True,incongruent,1,0.609,5cd85d160724a186
1388,2683,40-49,52,12,497,259,3,L,U,L,0,2,0,True,incongruent,1,0.641,cc6dde2bf602a5d1
1389,2683,40-49,52,13,323,185,2,D,D,D,3,3,3,True,congruent,0,0.609,30fd54990b0ec025
1390,2683,40-49,52,14,216,285,5,L,U,L,0,2,0,True,incongruent,1,0.938,3a2c17e0fd94711e
1391,2683,40-49,52,15,430,277,3,R,R,R,1,1,1,True,congruent,0,0.609,d6f686a25891e649
1392,2683,40-49,52,16,220,278,2,D,D,D,3,3,3,True,congruent,0,0.61,bdc217db39d7ad2e
1393,2683,40-49,52,17,357,233,0,U,U,U,2,2,2,True,congruent,0,0.625,6c06c28d848a6412
1394,2683,40-49,52,18,139,174,1,D,U,D,3,2,3,True,incongruent,1,0.813,6e8350929cb98a60
1395,2683,40-49,52,19,413,278,4,R,L,R,1,0,1,True,incongruent,1,0.656,4c1e5c0d9e99a48a
1396,2683,40-49,52,20,182,258,0,L,L,L,0,0,0,True,congruent,0,0.672,1d946dacc0cdf245
1397,2683,40-49,52,21,487,207,0,R,R,R,1,1,1,True,congruent,0,0.578,f622e6480f7ae45f
1398,2683,40-49,52,22,289,254,4,L,U,L,0,2,0,True,incongruent,1,0.813,0e32764ec580858c
1399,2683,40-49,52,23,496,250,5,R,R,R,1,1,1,True,congruent,0,0.61,10091f01f8ee633c
1400,2683,40-49,52,24,258,180,0,D,R,D,3,1,3,True,incongruent,1,0.562,7da8beae86c6d655
1401,2683,40-49,52,25,426,191,0,D,D,D,3,3,3,True,congruent,0,0.625,40ff39abb4151dcb
1402,2683,40-49,52,26,207,238,0,R,R,R,1,1,1,True,congruent,0,0.594,03bf628cef74e914
1403,2683,40-49,52,27,412,211,3,D,R,D,3,1,3,True,incongruent,1,0.609,1e34ba1b2918525d
1404,2683,40-49,52,28,152,261,3,R,L,R,1,0,1,True,incongruent,1,0.625,b865dfb3df9a46ff
1405,2683,40-49,52,29,341,253,0,U,U,U,2,2,2,True,congruent,0,0.656,3fce70f35098150a
1406,2683,40-49,52,30,154,253,2,R,L,R,1,0,1,True,incongruent,1,0.672,0a7fee179701a3d0
1407,2683,40-49,52,31,381,199,5,U,U,U,2,2,2,True,congruent,0,0.594,11fd2733d8ed1e50
1408,2683,40-49,52,32,153,285,6,U,U,U,2,2,2,True,congruent,0,0.593,fe75c1c62d1fb37b
1409,2683,40-49,52,33,365,228,5,U,U,U,2,2,2,True,congruent,0,0.547,5997a945f26c6c50
1410,2683,40-49,52,34,179,207,0,D,D,D,3,3,3,True,congruent,0,0.985,fc7f746bce6429ae
1411,2683,40-49,52,35,413,260,0,U,U,U,2,2,2,True,congruent,0,0.593,198f3b7ac4de2bad
1412,2683,40-49,52,36,131,252,6,U,U,U,2,2,2,True,congruent,0,0.594,3b9a7e53dd3cf8ab
1413,2683,40-49,52,37,421,266,4,D,L,D,3,0,3,True,incongruent,1,0.781,534d6770333fbe56
1414,2683,40-49,52,38,229,176,1,D,D,D,3,3,3,True,congruent,0,0.656,55069a620048826f
1415,2683,40-49,52,39,442,216,6,U,L,U,2,0,2,True,incongruent,1,0.563,87688a497badc8fa
1416,2683,40-49,52,40,146,271,5,U,D,U,2,3,2,True,incongruent,1,0.734,114de273d53fb3d4
1417,2683,40-49,52,41,415,268,1,R,R,R,1,1,1,True,congruent,0,0.623,4f1a98927fa120e0
1418,2683,40-49,52,42,212,274,2,D,D,D,3,3,3,True,congruent,0,0.61,4afb4c5c1d30bd53
1419,2683,40-49,52,43,439,268,0,L,R,L,0,1,0,True,incongruent,1,0.64,95f0f8af8ab8ef78
1420,2683,40-49,52,44,311,170,0,L,U,L,0,2,0,True,incongruent,1,0.854,a846068e90faa3a4
1421,2683,40-49,52,45,492,251,5,R,R,R,1,1,1,True,congruent,0,0.718,59332a8faaab204e
1422,2683,40-49,52,46,354,225,0,U,U,U,2,2,2,True,congruent,0,0.61,121f9c60ed07f7b4
1423,2683,40-49,52,47,502,235,1,U,D,U,2,3,2,True,incongruent,1,1.156,a7c14963d606b252
1424,2683,40-49,52,48,243,177,0,D,D,D,3,3,3,True,congruent,0,0.594,e2bb5bed733b68cd
1425,2683,40-49,52,49,419,273,5,R,D,R,1,3,1,True,incongruent,1,0.672,a1b55c41375513c5
1426,2683,40-49,52,50,124,252,2,R,U,R,1,2,1,True,incongruent,1,0.609,5ff2ae6785071202
1427,2683,40-49,52,51,412,262,1,L,L,L,0,0,0,True,congruent,0,0.641,ba6740d80020af7c
1428,2683,40-49,52,52,256,255,3,R,U,R,1,2,1,True,incongruent,1,0.704,5a0147ffc36c2ff7
1429,2683,40-49,52,53,474,208,2,U,U,U,2,2,2,True,congruent,0,0.562,1855fafe0c6cdcae
1430,2683,40-49,52,54,316,272,1,D,L,D,3,0,3,True,incongruent,1,0.766,05dcc648bf20f3a6
1431,2683,40-49,52,55,141,266,5,L,L,L,0,0,0,True,congruent,0,0.719,2353df8e37407394
1432,2683,40-49,52,56,335,206,4,U,D,U,2,3,2,True,incongruent,1,0.672,5e30b0835e5039d7
1433,2683,40-49,52,57,153,230,5,D,U,D,3,2,3,True,incongruent,1,0.703,687c91dbfda3af97
1434,2683,40-49,52,58,340,217,4,R,R,R,1,1,1,True,congruent,0,0.61,bc17973aca3a8a15
1435,2683,40-49,52,59,146,223,3,R,L,R,1,0,1,True,incongruent,1,0.64,34d47be642199283
1436,2683,40-49,52,60,360,205,1,R,R,R,1,1,1,True,congruent,0,0.516,16f057cc2aebaa1f
1437,2683,40-49,52,61,519,230,5,L,D,L,0,3,0,True,incongruent,1,0.797,21c2cc016af459ea
1438,2683,40-49,52,62,361,192,4,U,L,U,2,0,2,True,incongruent,1,0.828,ecc0aca54e04f737
1439,2683,40-49,52,63,201,210,3,U,L,U,2,0,2,True,incongruent,1,0.563,e9305197160eea46
1440,2683,40-49,52,64,400,256,6,D,D,D,3,3,3,True,congruent,0,0.625,33e567f21be3788d
1441,2683,40-49,53,1,518,189,2,U,L,U,2,0,2,True,incongruent,1,0.969,131c6f87a28bd8ac
1442,2683,40-49,53,3,134,190,1,R,R,R,1,1,1,True,congruent,0,1.094,11f575693497cbbf
1443,2683,40-49,53,4,432,278,4,U,R,U,2,1,2,True,incongruent,1,1.187,7b1bc9d741640fda
1444,2683,40-49,53,5,237,259,0,U,D,R,2,3,1,False,incongruent,1,0.25,9712bfd3de8b3814
1445,2683,40-49,53,6,519,286,6,R,R,R,1,1,1,True,congruent,0,1.188,52a6f8f6c0d3e584
1446,2683,40-49,53,7,351,227,2,U,D,U,2,3,2,True,incongruent,1,0.953,55316a2777bac01a
1447,2683,40-49,53,12,170,215,2,R,D,R,1,3,1,True,incongruent,1,0.828,eb793b890eaf3ded
1448,2683,40-49,53,13,507,230,6,R,R,R,1,1,1,True,congruent,0,1.063,eb6e27eb1f0b5591
1449,2683,40-49,53,14,307,257,5,D,D,D,3,3,3,True,congruent,0,1.031,da32c75409a66e72
1450,2683,40-49,53,16,267,236,6,L,R,L,0,1,0,True,incongruent,1,1.14,7bf739c149361641
1451,2683,40-49,53,18,233,255,1,L,L,L,0,0,0,True,congruent,0,1.062,57f40c345c1bf619
1452,2683,40-49,53,19,400,212,1,U,U,U,2,2,2,True,congruent,0,0.953,285ca2c91998d5b1
1453,2683,40-49,53,20,138,285,6,D,R,D,3,1,3,True,incongruent,1,0.782,7824d1cad1e6146e
1454,2683,40-49,53,21,473,175,6,D,D,D,3,3,3,True,congruent,0,0.656,904182a8a6da0d30
1455,2683,40-49,53,22,162,236,5,R,R,R,1,1,1,True,congruent,0,0.719,b914c622d519ad63
1456,2683,40-49,53,23,386,221,5,D,U,D,3,2,3,True,incongruent,1,0.672,cff8aa780e9570a1
1457,2683,40-49,53,24,136,225,2,D,D,D,3,3,3,True,congruent,0,0.75,3045045bc843e4f2
1458,2683,40-49,53,25,514,201,3,D,D,D,3,3,3,True,congruent,0,0.609,2da83788b6cba406
1459,2683,40-49,53,26,353,170,6,R,U,R,1,2,1,True,incongruent,1,0.75,d9f76fd8fab7a943
1460,2683,40-49,53,27,124,254,4,L,L,L,0,0,0,True,congruent,0,0.734,4d8681610627666b
1461,2683,40-49,53,28,378,170,6,U,U,U,2,2,2,True,congruent,0,0.954,de73705a162c3257
1462,2683,40-49,53,29,206,225,3,U,L,U,2,0,2,True,incongruent,1,0.687,52f3d5a4b2b7580d
1463,2683,40-49,53,30,415,216,1,U,D,U,2,3,2,True,incongruent,1,0.633,2f102c78ead31635
1464,2683,40-49,53,31,254,268,6,R,L,D,1,0,3,False,incongruent,1,0.735,eec21397b846b30b
1465,2683,40-49,53,35,324,212,3,U,U,U,2,2,2,True,congruent,0,1.078,9cd5fb399fc5c065
1466,2683,40-49,53,36,179,248,0,U,U,U,2,2,2,True,congruent,0,0.844,eb67610c9e199db6
1467,2683,40-49,53,38,117,284,2,L,L,L,0,0,0,True,congruent,0,0.672,193438a3ead8b26d
1468,2683,40-49,53,39,466,207,0,L,U,L,0,2,0,True,incongruent,1,0.734,4e7e42da8de25678
1469,2683,40-49,53,40,260,214,2,D,L,D,3,0,3,True,incongruent,1,1.047,524150a5a638fc1f
1470,2683,40-49,53,41,450,226,2,L,L,L,0,0,0,True,congruent,0,0.672,8f5cc6db89a129a7
1471,2683,40-49,53,42,309,243,1,D,D,D,3,3,3,True,congruent,0,0.712,2cfb4dbe17c3c03f
1472,2683,40-49,53,44,311,231,3,R,R,R,1,1,1,True,congruent,0,0.859,a23b4768b9dcc05b
1473,2683,40-49,53,45,164,251,2,U,L,U,2,0,2,True,incongruent,1,0.687,b960879753f548c3
1474,2683,40-49,53,46,435,268,1,D,U,D,3,2,3,True,incongruent,1,0.853,35611ec66456cc5e
1475,2683,40-49,53,47,265,262,3,D,R,D,3,1,3,True,incongruent,1,0.672,9f9f4b212f2a2ca1
1476,2683,40-49,53,48,132,171,5,U,L,U,2,0,2,True,incongruent,1,0.75,ec72098703725ed3
1477,2683,40-49,53,49,515,251,3,R,R,R,1,1,1,True,congruent,0,0.734,6d77f16a7901425c
1478,2683,40-49,53,50,358,282,0,L,R,L,0,1,0,True,incongruent,1,0.891,38383ab7e24f42ee
1479,2683,40-49,53,51,119,175,5,L,L,L,0,0,0,True,congruent,0,0.562,53a8da648121965b
1480,2683,40-49,53,52,332,205,3,D,D,D,3,3,3,True,congruent,0,0.641,3444c9d9878a2fb2
1481,2683,40-49,54,1,143,252,0,D,D,D,3,3,3,True,congruent,0,1.0,bd29590a3c6055ca
1482,2683,40-49,54,2,403,227,4,D,D,D,3,3,3,True,congruent,0,0.719,a6a62a1d3db4fd1d
1483,2683,40-49,54,3,234,264,3,U,R,U,2,1,2,True,incongruent,1,0.828,4cfcc3c6fe5921c6
1484,2683,40-49,54,4,407,170,0,U,U,U,2,2,2,True,congruent,0,0.704,f417a56c7c455bcc
1485,2683,40-49,54,5,277,285,4,L,R,L,0,1,0,True,incongruent,1,0.797,f238b5120b750234
1486,2683,40-49,54,6,457,186,3,U,D,U,2,3,2,True,incongruent,1,0.718,0d02a57ba8f6bf8e
1487,2683,40-49,54,7,161,232,3,L,L,U,0,0,2,False,congruent,0,0.641,98325e49c91c683d
1488,2683,40-49,54,8,325,181,2,R,D,R,1,3,1,True,incongruent,1,0.718,6da0a032404827f9
1489,2683,40-49,54,9,512,223,3,L,R,L,0,1,0,True,incongruent,1,0.75,ef3e9a98c3712bb9
1490,2683,40-49,54,10,299,260,3,U,L,U,2,0,2,True,incongruent,1,0.65,e94a6e963defba10
1491,2683,40-49,54,11,154,271,5,L,R,L,0,1,0,True,incongruent,1,0.688,a150251e4ed1cc11
1492,2683,40-49,54,12,252,171,0,D,D,D,3,3,3,True,congruent,0,0.734,687996016aa34fbb
1493,2683,40-49,54,13,478,198,5,U,D,U,2,3,2,True,incongruent,1,0.781,cb76a6d24b41343e
1494,2683,40-49,54,14,226,182,6,D,D,D,3,3,3,True,congruent,0,0.672,0ba94633d1cf1bf5
1495,2683,40-49,54,15,465,184,5,D,D,D,3,3,3,True,congruent,0,0.563,a52e219d1f4dbadd
1496,2683,40-49,54,16,175,196,4,R,R,R,1,1,1,True,congruent,0,0.819,ff1f352d4ea5f8b7
1497,2683,40-49,54,17,385,228,2,L,R,L,0,1,0,True,incongruent,1,0.766,46c332cf0a7d5f5c
1498,2683,40-49,54,18,127,235,4,L,R,L,0,1,0,True,incongruent,1,0.672,ac2083fbc9d0ac29
1499,2683,40-49,54,19,342,274,4,U,L,U,2,0,2,True,incongruent,1,0.781,d9a2828b6c04caff
1500,2683,40-49,54,20,519,252,4,U,D,U,2,3,2,True,incongruent,1,0.766,01282b610469b6c4
1501,2683,40-49,54,21,116,254,4,R,U,R,1,2,1,True,incongruent,1,0.703,9f7d4a5a0b87b07a
1502,2683,40-49,54,22,274,249,4,U,R,U,2,1,2,True,incongruent,1,0.703,10c856f3e8d6347b
1503,2683,40-49,54,23,513,177,0,L,D,L,0,3,0,True,incongruent,1,0.813,aa0eb83a596de77c
1504,2683,40-49,54,24,143,236,1,U,U,U,2,2,2,True,congruent,0,0.657,e96536a9284a1aaf
1505,2683,40-49,54,25,429,180,1,D,L,D,3,0,3,True,incongruent,1,0.662,3747b0eb889e903a
1506,2683,40-49,54,26,242,226,2,L,L,L,0,0,0,True,congruent,0,0.641,53d63f57fb78e633
1507,2683,40-49,54,27,478,199,2,L,L,L,0,0,0,True,congruent,0,0.578,3ac703879f356696
1508,2683,40-49,54,28,192,238,1,R,L,R,1,0,1,True,incongruent,1,0.719,07d669f816c9b64a
1509,2683,40-49,54,29,502,274,1,D,D,D,3,3,3,True,congruent,0,0.765,29698102cf0e0f80
1510,2683,40-49,54,30,218,228,4,R,R,R,1,1,1,True,congruent,0,0.672,4c92b0c301d025df
1511,2683,40-49,54,31,389,218,0,R,L,R,1,0,1,True,incongruent,1,0.641,8c8447141aa5fae1
1512,2683,40-49,54,32,151,278,5,D,R,D,3,1,3,True,incongruent,1,0.703,f70635ca56095cd6
1513,2683,40-49,54,33,317,197,2,D,L,D,3,0,3,True,incongruent,1,0.687,d3abb66e677e586c
1514,2683,40-49,54,34,117,206,2,D,D,D,3,3,3,True,congruent,0,0.61,43bd034af026350d
1515,2683,40-49,54,35,504,190,0,L,R,L,0,1,0,True,incongruent,1,0.765,a946276ba943cc39
1516,2683,40-49,54,36,370,281,1,D,D,D,3,3,3,True,congruent,0,0.727,86dd9bce9ac8a3d4
1517,2683,40-49,54,37,195,202,3,D,L,D,3,0,3,True,incongruent,1,0.578,72aa700fa98502fa
1518,2683,40-49,54,38,520,290,1,R,L,R,1,0,1,True,incongruent,1,0.704,b916cffa21c5c00c
1519,2683,40-49,54,39,270,244,0,D,D,D,3,3,3,True,congruent,0,0.531,d8e84cdc6042f4b4
1520,2683,40-49,54,40,472,203,0,R,R,R,1,1,1,True,congruent,0,0.609,849efe45b32677be
1521,2683,40-49,54,41,237,214,6,L,D,L,0,3,0,True,incongruent,1,0.688,d538d82a1998931d
1522,2683,40-49,54,42,452,204,3,L,L,L,0,0,0,True,congruent,0,0.734,ed88bbcb106c8bb1
1523,2683,40-49,54,43,227,193,3,D,R,D,3,1,3,True,incongruent,1,0.579,54d1514ac62faa89
1524,2683,40-49,54,44,343,286,0,R,R,R,1,1,1,True,congruent,0,0.687,c143ec1cab07d3c6
1525,2683,40-49,54,45,149,237,1,R,R,R,1,1,1,True,congruent,0,0.656,47294b99a1065531
1526,2683,40-49,54,46,403,259,1,U,U,U,2,2,2,True,congruent,0,0.61,f8ddfce48dcf3763
1527,2683,40-49,54,47,158,192,4,R,R,R,1,1,1,True,congruent,0,0.594,9f541d0eaee2f8fe
1528,2683,40-49,54,48,380,177,2,L,L,L,0,0,0,True,congruent,0,0.593,87ca038add1357c5
1529,2683,40-49,54,49,189,290,1,U,U,U,2,2,2,True,congruent,0,0.61,8cf1fae10c86955f
1530,2683,40-49,54,50,494,200,1,R,U,R,1,2,1,True,incongruent,1,0.656,fe7f3f1621b65bcd
1531,2683,40-49,54,51,120,240,0,U,U,U,2,2,2,True,congruent,0,0.594,4238a95d7ca4f1b9
1532,2683,40-49,54,52,316,226,1,L,R,L,0,1,0,True,incongruent,1,0.64,2d38b43254cefd96
1533,2683,40-49,54,53,165,239,4,U,D,U,2,3,2,True,incongruent,1,0.61,cdb86cbe23ab733e
1534,2683,40-49,54,54,474,182,2,R,R,R,1,1,1,True,congruent,0,0.656,19c7d0720bcebbc8
1535,2683,40-49,54,55,245,202,5,D,R,D,3,1,3,True,incongruent,1,0.672,47c922f500461753
1536,163,50-59,50,1,270,213,2,R,U,R,1,2,1,True,incongruent,1,0.824,12639010a92cfe72
1537,163,50-59,50,2,416,184,5,L,L,L,0,0,0,True,congruent,0,1.131,c4171d42019e6726
1538,163,50-59,50,3,240,201,6,U,U,U,2,2,2,True,congruent,0,0.887,fbb0762c237558ce
1539,163,50-59,50,4,425,253,5,R,R,R,1,1,1,True,congruent,0,0.679,5374611a4f3760e1
1540,163,50-59,50,5,248,200,3,L,U,L,0,2,0,True,incongruent,1,0.919,15a565f13315f3b7
1541,163,50-59,50,6,394,221,1,U,U,U,2,2,2,True,congruent,0,0.721,48572fd2ede3a38e
1542,163,50-59,50,7,226,190,4,R,R,R,1,1,1,True,congruent,0,0.759,be1b672bf144d9a3
1543,163,50-59,50,8,524,209,5,U,U,U,2,2,2,True,congruent,0,0.768,212727868a34db3e
1544,163,50-59,50,9,248,224,0,D,U,D,3,2,3,True,incongruent,1,0.784,71a92a3a3ea3be72
1545,163,50-59,50,10,516,216,6,R,D,R,1,3,1,True,incongruent,1,0.856,59553ab1fb5311b9
1546,163,50-59,50,11,250,217,0,U,U,U,2,2,2,True,congruent,0,0.718,7ee30b78cb050682
1547,163,50-59,50,12,417,273,1,D,D,D,3,3,3,True,congruent,0,0.712,261b5d5343e88766
1548,163,50-59,50,13,226,205,5,R,R,R,1,1,1,True,congruent,0,0.758,a08796450b0d12c0
1549,163,50-59,50,14,455,230,6,D,D,D,3,3,3,True,congruent,0,0.945,ddf272add71e2f8c
1550,163,50-59,50,15,248,269,5,L,L,L,0,0,0,True,congruent,0,0.687,436cb4c82fb66d22
1551,163,50-59,50,16,442,278,3,D,D,D,3,3,3,True,congruent,0,0.784,7c3c0bec25f49cea
1552,163,50-59,50,17,185,174,1,U,D,U,2,3,2,True,incongruent,1,0.73,cea72f656ba8b9d2
1553,163,50-59,50,18,501,207,6,U,U,U,2,2,2,True,congruent,0,0.726,e3d21e7047fbc8f3
1554,163,50-59,50,19,143,271,6,R,D,R,1,3,1,True,incongruent,1,0.816,caed2524a34ffee6
1555,163,50-59,50,20,371,242,4,D,L,D,3,0,3,True,incongruent,1,0.896,a71376b1985f63fa
1556,163,50-59,50,21,227,188,3,U,U,U,2,2,2,True,congruent,0,0.962,e6873a98af079646
1557,163,50-59,50,22,500,179,2,D,U,D,3,2,3,True,incongruent,1,0.773,a9b6b09338df1874
1558,163,50-59,50,23,300,194,5,R,R,R,1,1,1,True,congruent,0,0.712,f8d96be377170665
1559,163,50-59,50,24,138,251,0,R,L,R,1,0,1,True,incongruent,1,0.815,c927ae81ea2655d5
1560,163,50-59,50,25,416,174,6,R,R,R,1,1,1,True,congruent,0,0.753,3e4acf1b44f1d359
1561,163,50-59,50,26,142,228,3,D,L,D,3,0,3,True,incongruent,1,1.047,0406a7f67ba69c5e
1562,163,50-59,50,27,364,277,2,U,U,U,2,2,2,True,congruent,0,0.64,c45eabc2c7e39f90
1563,163,50-59,50,28,145,286,2,L,L,L,0,0,0,True,congruent,0,0.697,2d84f167334c86f5
1564,163,50-59,50,29,320,202,0,L,L,L,0,0,0,True,congruent,0,0.695,158133ae312a7d00
1565,163,50-59,50,30,190,259,0,L,U,L,0,2,0,True,incongruent,1,0.791,677c2af1ef75d3c4
1566,163,50-59,50,31,476,226,5,L,U,D,0,2,3,False,incongruent,1,0.777,5e23d186709402af
1567,163,50-59,50,32,298,214,6,D,D,D,3,3,3,True,congruent,0,0.992,8d0da7f90b552170
1568,163,50-59,50,33,131,201,2,L,L,L,0,0,0,True,congruent,0,0.733,152a1eb4d7eb31a0
1569,163,50-59,50,34,432,178,1,D,D,D,3,3,3,True,congruent,0,0.633,9f7bca6b5feacfae
1570,163,50-59,50,35,217,238,6,L,L,L,0,0,0,True,congruent,0,0.688,9436ac6722116001
1571,163,50-59,50,36,414,205,2,R,R,R,1,1,1,True,congruent,0,0.778,da82140bb16854a5
1572,163,50-59,50,37,205,213,4,R,U,L,1,2,0,False,incongruent,1,0.726,b24c687ebd5ca27a
1573,163,50-59,50,38,466,201,1,D,D,R,3,3,1,False,congruent,0,0.672,94179d88623ea1b5
1574,163,50-59,50,39,316,254,6,D,R,D,3,1,3,True,incongruent,1,0.552,ce3c6f9713664d5f
1575,163,50-59,50,40,495,179,3,D,R,D,3,1,3,True,incongruent,1,1.081,5aa8df554b1baf55
1576,163,50-59,50,41,186,175,6,D,U,D,3,2,3,True,incongruent,1,1.095,38dbbbdf15cc0cf8
1577,163,50-59,50,42,418,229,0,D,L,D,3,0,3,True,incongruent,1,0.279,e95c31b7ac6ac094
1578,163,50-59,50,43,176,273,3,D,D,D,3,3,3,True,congruent,0,1.185,0884d5aa6e34e989
1579,163,50-59,50,44,340,249,6,D,D,D,3,3,3,True,congruent,0,0.608,7b3247745ef18172
1580,163,50-59,50,45,147,200,3,R,R,R,1,1,1,True,congruent,0,0.855,45659700a64b654c
1581,163,50-59,50,46,457,255,4,D,R,D,3,1,3,True,incongruent,1,0.968,c62aedae7d3319b4
1582,163,50-59,50,47,206,257,6,R,R,R,1,1,1,True,congruent,0,0.671,d71a735c91719e63
1583,163,50-59,50,48,369,249,1,L,L,L,0,0,0,True,congruent,0,0.888,b48c15bb4f102182
1584,163,50-59,50,49,207,269,0,D,D,D,3,3,3,True,congruent,0,0.623,485345ebee3faa5b
1585,163,50-59,50,50,503,254,4,R,R,R,1,1,1,True,congruent,0,0.696,7f7d2eda0f28dae8
1586,163,50-59,50,51,295,200,5,U,U,U,2,2,2,True,congruent,0,1.039,ec2a8965ccfbe757
1587,163,50-59,50,52,153,221,5,D,D,D,3,3,3,True,congruent,0,0.696,e84dad968ac2809f
1588,163,50-59,50,53,411,268,0,U,R,U,2,1,2,True,incongruent,1,0.817,fbd85879d9f48863
1589,163,50-59,50,54,231,284,0,U,U,U,2,2,2,True,congruent,0,0.72,a2d10fe1fd8700b6
1590,163,50-59,50,55,123,193,5,U,D,D,2,3,3,False,incongruent,1,0.661,c8e59629c724a362
1591,163,50-59,50,56,300,264,0,D,D,D,3,3,3,True,congruent,0,0.923,f1e75f9128a1cbe0
1592,163,50-59,51,1,388,249,2,R,L,R,1,0,1,True,incongruent,1,0.721,c6f975ecfdd91ca0
1593,163,50-59,51,2,132,220,4,U,U,U,2,2,2,True,congruent,0,0.916,45df67c13e77ae91
1594,163,50-59,51,3,397,224,6,D,D,D,3,3,3,True,congruent,0,1.087,0002a88ecfda036f
1595,163,50-59,51,4,161,235,4,R,R,R,1,1,1,True,congruent,0,0.654,b14b6148675a25b9
1596,163,50-59,51,5,338,214,5,R,U,R,1,2,1,True,incongruent,1,0.944,50ad69e823c46c7e
1597,163,50-59,51,6,115,258,5,D,L,D,3,0,3,True,incongruent,1,0.938,0933e54134b080a0
1598,163,50-59,51,7,391,278,4,U,L,U,2,0,2,True,incongruent,1,1.022,36fbd9b3a59bfb30
1599,163,50-59,51,8,201,273,6,L,L,L,0,0,0,True,congruent,0,0.896,30ab74bba76908bd
1600,163,50-59,51,9,482,235,6,L,D,L,0,3,0,True,incongruent,1,1.184,e266f6c7430a78d1
1601,163,50-59,51,10,341,191,1,R,L,R,1,0,1,True,incongruent,1,0.832,9a29dc4820727ee8
1602,163,50-59,51,11,475,265,6,L,L,L,0,0,0,True,congruent,0,0.72,31bb98449cccf308
1603,163,50-59,51,12,229,262,3,L,D,L,0,3,0,True,incongruent,1,0.72,d663b1bb8cda9578
1604,163,50-59,51,13,374,240,1,D,U,D,3,2,3,True,incongruent,1,0.856,96083a1316f133e0
1605,163,50-59,51,14,123,201,0,U,D,U,2,3,2,True,incongruent,1,0.944,9f29211b221defa5
1606,163,50-59,51,15,349,239,4,U,L,U,2,0,2,True,incongruent,1,1.328,9fa096d94ad72abe
1607,163,50-59,51,16,169,283,2,U,U,U,2,2,2,True,congruent,0,0.783,bfea29b5cdf03f80
1608,163,50-59,51,17,462,280,1,U,U,U,2,2,2,True,congruent,0,0.855,bf7f30c3681ed4b0
1609,163,50-59,51,18,116,192,5,U,R,U,2,1,2,True,incongruent,1,1.031,9a3357fd9b6048d1
1610,163,50-59,51,19,273,203,2,U,D,U,2,3,2,True,incongruent,1,0.865,83bbcf8cc4cc3aaa
1611,163,50-59,51,20,441,273,4,D,L,D,3,0,3,True,incongruent,1,1.095,a688ceee8b0ff9ed
1612,163,50-59,51,21,249,183,5,U,U,U,2,2,2,True,congruent,0,1.04,16eab2c59d5dd277
1613,163,50-59,51,22,422,284,0,L,L,L,0,0,0,True,congruent,0,0.687,a6432a417e1eb740
1614,163,50-59,51,23,156,230,4,R,R,R,1,1,1,True,congruent,0,0.832,5f9300b13b18a68b
1615,163,50-59,51,24,473,175,2,R,U,R,1,2,1,True,incongruent,1,0.703,6e2e7054ca764e9e
1616,163,50-59,51,25,193,269,3,L,L,L,0,0,0,True,congruent,0,0.736,5f79cfb09bb0d436
1617,163,50-59,51,26,329,209,1,L,L,L,0,0,0,True,congruent,0,0.638,c2ae96e67d3a9335
1618,163,50-59,51,27,150,250,5,L,L,L,0,0,0,True,congruent,0,0.721,f2b902c395e2dab7
1619,163,50-59,51,28,448,229,2,U,D,U,2,3,2,True,incongruent,1,0.864,0090b749d6252b9d
1620,163,50-59,51,29,117,239,0,L,R,L,0,1,0,True,incongruent,1,0.912,5dc2fa6bb73e6241
1621,163,50-59,51,30,285,193,6,R,D,U,1,3,2,False,incongruent,1,0.872,1a74036554fb8917
1622,163,50-59,51,31,431,201,5,D,R,D,3,1,3,True,incongruent,1,0.967,b1aa24240546994c
1623,163,50-59,51,32,219,196,3,D,U,D,3,2,3,True,incongruent,1,0.823,bb0d73be53c77104
1624,163,50-59,51,33,450,243,4,U,U,U,2,2,2,True,congruent,0,0.711,d10a3fb25b8a7a24
1625,163,50-59,51,34,157,281,0,L,U,L,0,2,0,True,incongruent,1,0.68,d4b40bc170bc42ac
1626,163,50-59,51,35,392,193,0,L,L,L,0,0,0,True,congruent,0,0.728,b58425efce0cf4f0
1627,163,50-59,51,36,211,258,5,L,L,L,0,0,0,True,congruent,0,0.704,a1a0dd319d079ba2
1628,163,50-59,51,37,397,185,0,D,R,D,3,1,3,True,incongruent,1,0.823,4bcc63e491dd244b
1629,163,50-59,51,38,522,279,3,L,U,L,0,2,0,True,incongruent,1,1.095,525cefbc11458d9b
1630,163,50-59,51,39,269,170,5,D,D,D,3,3,3,True,congruent,0,0.799,fcf6f3c0f48a7075
1631,163,50-59,51,40,133,225,0,R,U,R,1,2,1,True,incongruent,1,1.12,26d250eacb99894f
1632,163,50-59,51,41,296,171,4,R,R,R,1,1,1,True,congruent,0,0.688,9a0d24a8270c06da
1633,163,50-59,51,42,495,211,0,L,R,L,0,1,0,True,incongruent,1,1.024,b01113cd3ff91318
1634,163,50-59,51,43,342,285,0,D,D,D,3,3,3,True,congruent,0,0.712,48831972b06463af
1635,163,50-59,51,44,462,187,3,L,R,L,0,1,0,True,incongruent,1,0.896,80ab768c7228d2cf
1636,163,50-59,51,45,216,220,0,D,D,D,3,3,3,True,congruent,0,0.618,15dfaf2a69fc9d2c
1637,163,50-59,51,46,440,210,1,L,U,L,0,2,0,True,incongruent,1,0.735,dbf8b09e340ea23c
1638,163,50-59,51,47,127,183,5,D,D,D,3,3,3,True,congruent,0,0.677,abe181e87bf1335d
1639,163,50-59,51,48,405,215,4,L,L,L,0,0,0,True,congruent,0,0.658,4e3962c61ac7a1ae
1640,163,50-59,51,49,202,269,5,D,D,D,3,3,3,True,congruent,0,0.674,87cea446841c93a7
1641,163,50-59,51,50,369,278,4,U,L,U,2,0,2,True,incongruent,1,0.942,064bc7387c1f1ca4
1642,163,50-59,51,51,498,217,1,D,U,D,3,2,3,True,incongruent,1,0.728,a77347a211683fac
1643,163,50-59,51,52,164,287,1,D,L,D,3,0,3,True,incongruent,1,0.856,0ed08647aeb180f1
1644,163,50-59,51,53,400,250,5,L,D,L,0,3,0,True,incongruent,1,0.783,7a569aa9f148dc56
1645,163,50-59,52,1,270,175,3,U,U,U,2,2,2,True,congruent,0,0.862,b87d0a1a41cc711b
1646,163,50-59,52,2,122,223,5,L,L,L,0,0,0,True,congruent,0,0.812,979e2b4cfdabad18
1647,163,50-59,52,3,268,178,0,U,D,U,2,3,2,True,incongruent,1,0.896,fc39bc2bd3fd4d6d
1648,163,50-59,52,4,440,214,5,L,U,L,0,2,0,True,incongruent,1,0.791,d1f66fae998e97d8
1649,163,50-59,52,5,210,269,3,U,U,U,2,2,2,True,congruent,0,0.751,9c8ce3ca4eb35343
1650,163,50-59,52,6,462,261,4,R,R,R,1,1,1,True,congruent,0,0.663,ed6a60b86aab7be9
1651,163,50-59,52,7,284,227,4,D,L,D,3,0,3,True,incongruent,1,0.951,91db8fcbe43bceb6
1652,163,50-59,52,8,441,205,2,R,R,R,1,1,1,True,congruent,0,0.711,d38ac77502d48f0e
1653,163,50-59,52,9,252,286,1,L,U,L,0,2,0,True,incongruent,1,0.776,0b8fc9d4f211b90e
1654,163,50-59,52,10,402,206,2,R,L,R,1,0,1,True,incongruent,1,0.76,92a5a6cfa561d245
1655,163,50-59,52,11,116,231,1,U,U,U,2,2,2,True,congruent,0,0.864,887c01b200e2da4e
1656,163,50-59,52,12,299,209,5,D,L,D,3,0,3,True,incongruent,1,0.751,7eba43147927e55e
1657,163,50-59,52,13,127,286,3,U,U,U,2,2,2,True,congruent,0,0.847,45bed96ef32ff481
1658,163,50-59,52,14,512,229,0,R,R,R,1,1,1,True,congruent,0,0.615,c7eee15a4abf40c9
1659,163,50-59,52,15,186,280,6,L,R,L,0,1,0,True,incongruent,1,0.648,0d20fea1df1c7203
1660,163,50-59,52,16,501,200,3,L,L,L,0,0,0,True,congruent,0,0.663,51e27e32b3a8f165
1661,163,50-59,52,17,314,212,6,D,R,D,3,1,3,True,incongruent,1,1.073,bac325afb30761b5
1662,163,50-59,52,18,451,262,0,R,R,R,1,1,1,True,congruent,0,0.67,b97a36af2c5fcb95
1663,163,50-59,52,19,207,216,6,U,R,U,2,1,2,True,incongruent,1,0.689,4528f9cb8a2e82eb
1664,163,50-59,52,20,435,246,2,R,R,R,1,1,1,True,congruent,0,0.623,e60a9834b96ab366
1665,163,50-59,52,21,203,224,4,U,R,U,2,1,2,True,incongruent,1,0.937,820250705f933903
1666,163,50-59,52,22,367,200,1,L,L,L,0,0,0,True,congruent,0,0.647,29b8107f87da80a4
1667,163,50-59,52,23,157,176,3,R,L,R,1,0,1,True,incongruent,1,1.016,439743a17aa137c5
1668,163,50-59,52,24,461,176,5,R,R,R,1,1,1,True,congruent,0,0.841,cf92102a4b98223b
1669,163,50-59,52,25,180,206,6,L,L,L,0,0,0,True,congruent,0,0.703,955973c98b4c4789
1670,163,50-59,52,26,403,267,0,U,D,U,2,3,2,True,incongruent,1,0.919,ee226ccadfc4fa49
1671,163,50-59,52,27,202,170,4,D,D,D,3,3,3,True,congruent,0,0.583,a2b43345c2009a81
1672,163,50-59,52,28,356,171,5,D,U,D,3,2,3,True,incongruent,1,0.937,f607240ddc638b6a
1673,163,50-59,52,29,509,170,2,R,R,R,1,1,1,True,congruent,0,0.719,dfbf1a113945aa53
1674,163,50-59,52,30,387,258,1,D,D,D,3,3,3,True,congruent,0,0.718,ce9d25688cd1fce0
1675,163,50-59,52,31,239,244,4,L,R,L,0,1,0,True,incongruent,1,0.839,f87321b662afdbc5
1676,163,50-59,52,32,412,189,6,L,R,L,0,1,0,True,incongruent,1,1.032,ac39ccef47add931
1677,163,50-59,52,33,149,194,5,D,D,D,3,3,3,True,congruent,0,0.84,406d9e897b9459d3
1678,163,50-59,52,34,339,236,5,R,L,R,1,0,1,True,incongruent,1,1.11,8739d11e5732fe1c
1679,163,50-59,52,35,147,221,0,L,L,L,0,0,0,True,congruent,0,0.778,6ac5661c42e8ef64
1680,163,50-59,52,36,428,233,0,U,R,U,2,1,2,True,incongruent,1,0.848,d01b9effc329513f
1681,163,50-59,52,37,227,228,5,L,U,L,0,2,0,True,incongruent,1,0.758,4bcb70e839fd5e93
1682,163,50-59,52,38,514,270,6,L,L,L,0,0,0,True,congruent,0,0.92,16fcdbb22c4e97c6
1683,163,50-59,52,39,210,180,2,R,L,R,1,0,1,True,incongruent,1,0.896,0d00b54d203f00af
1684,163,50-59,52,40,406,186,1,D,R,D,3,1,3,True,incongruent,1,0.695,cc991abdeec1f41c
1685,163,50-59,52,41,207,258,6,U,U,U,2,2,2,True,congruent,0,0.632,046d5aa12e96f7fd
1686,163,50-59,52,42,479,176,0,R,U,R,1,2,1,True,incongruent,1,0.904,65e443987d35b93e
1687,163,50-59,52,43,193,257,2,U,R,U,2,1,2,True,incongruent,1,0.824,47c43ccf7ab8ac48
1688,163,50-59,52,44,347,243,4,D,U,D,3,2,3,True,incongruent,1,0.656,cfad0346d4f023a8
1689,163,50-59,52,45,177,286,4,L,U,L,0,2,0,True,incongruent,1,0.912,53fbacfdae90837b
1690,163,50-59,52,46,498,252,0,L,D,L,0,3,0,True,incongruent,1,0.814,1df96641ba2efd3b
1691,163,50-59,52,47,192,188,1,R,R,R,1,1,1,True,congruent,0,0.768,dd76e38ac18fe2bb
1692,163,50-59,52,48,519,288,2,L,U,L,0,2,0,True,incongruent,1,0.681,e2403d5bdab89b1b
1693,163,50-59,52,49,322,255,3,D,D,D,3,3,3,True,congruent,0,0.871,b5b8e8c92cc7572f
1694,163,50-59,52,50,137,176,6,U,D,U,2,3,2,True,incongruent,1,1.173,6c9fc52b34038420
1695,163,50-59,52,51,323,223,1,U,D,U,2,3,2,True,incongruent,1,0.852,af16041623862115
1696,163,50-59,52,52,179,213,1,L,D,L,0,3,0,True,incongruent,1,0.777,ab1c0457ec978aa2
1697,163,50-59,52,53,518,209,1,R,R,R,1,1,1,True,congruent,0,0.718,7b237d3ba5bd0d3f
1698,163,50-59,52,54,295,234,0,L,U,L,0,2,0,True,incongruent,1,0.782,2777ba1f039dee1c
1699,163,50-59,52,55,505,266,5,D,U,D,3,2,3,True,incongruent,1,0.805,110a2ef42bc34a57
1700,163,50-59,52,56,325,201,2,L,L,L,0,0,0,True,congruent,0,0.677,44480ff35644b5d2
1701,163,50-59,53,2,134,276,2,L,L,L,0,0,0,True,congruent,0,0.737,0c2a89a7c0b5b111
1702,163,50-59,53,3,302,269,2,D,D,D,3,3,3,True,congruent,0,0.703,48164b3ee6f2a977
1703,163,50-59,53,4,468,265,4,L,L,L,0,0,0,True,congruent,0,0.687,dd215b53bb16e67a
1704,163,50-59,53,5,270,282,6,U,U,U,2,2,2,True,congruent,0,0.783,b3c4d56b002f267c
1705,163,50-59,53,6,505,259,6,U,U,U,2,2,2,True,congruent,0,0.623,a1bc5b3826366a0b
1706,163,50-59,53,7,294,199,0,U,U,U,2,2,2,True,congruent,0,0.576,e604f5ef7e8a0290
1707,163,50-59,53,8,524,277,5,L,D,L,0,3,0,True,incongruent,1,0.825,811ebe1539cb914d
1708,163,50-59,53,9,126,268,5,R,L,R,1,0,1,True,incongruent,1,0.895,35e596bbc1480447
1709,163,50-59,53,10,265,208,1,U,D,U,2,3,2,True,incongruent,1,0.87,43bcf297f03fc2a7
1710,163,50-59,53,11,507,229,5,R,R,R,1,1,1,True,congruent,0,0.776,93cf3b1f8951d1d3
1711,163,50-59,53,12,230,237,2,U,R,U,2,1,2,True,incongruent,1,0.721,70a5771a6dfe1a3a
1712,163,50-59,53,13,455,270,3,U,R,U,2,1,2,True,incongruent,1,0.871,2371f058fdfa8656
1713,163,50-59,53,14,289,234,6,U,D,U,2,3,2,True,incongruent,1,0.687,13de9afd0b78cb4e
1714,163,50-59,53,15,501,184,4,L,L,L,0,0,0,True,congruent,0,0.648,7be74a6d7eb2ac7c
1715,163,50-59,53,16,196,235,2,R,D,R,1,3,1,True,incongruent,1,0.76,78c1fc0dd07ce933
1716,163,50-59,53,17,495,286,4,U,U,U,2,2,2,True,congruent,0,0.704,20b86b0e428e8b15
1717,163,50-59,53,18,334,283,2,L,R,L,0,1,0,True,incongruent,1,0.727,be295b680fa62563
1718,163,50-59,53,19,144,212,1,R,D,R,1,3,1,True,incongruent,1,0.871,9e80b67e66e5a92a
1719,163,50-59,53,20,339,267,1,D,D,D,3,3,3,True,congruent,0,0.656,624e2286af310d25
1720,163,50-59,53,21,125,258,2,L,L,L,0,0,0,True,congruent,0,0.655,dce2ba0b46c4dbfa
1721,163,50-59,53,22,304,176,2,R,R,R,1,1,1,True,congruent,0,0.647,50b7666e03834681
1722,163,50-59,53,23,186,256,5,U,L,D,2,0,3,False,incongruent,1,0.712,495145ed70660cf6
1723,163,50-59,53,24,497,253,1,R,R,U,1,1,2,False,congruent,0,0.351,8c312d741d717ed9
1724,163,50-59,53,25,356,209,0,D,D,D,3,3,3,True,congruent,0,1.12,c587947b54a65390
1725,163,50-59,53,26,187,201,2,R,D,R,1,3,1,True,incongruent,1,0.846,920a98b63fe9bba1
1726,163,50-59,53,27,462,179,3,R,R,R,1,1,1,True,congruent,0,0.607,5e9e9cb9d52a1a13
1727,163,50-59,53,28,230,223,6,U,L,U,2,0,2,True,incongruent,1,0.719,a06d3bd24ad60c6e
1728,163,50-59,53,29,498,258,5,R,R,R,1,1,1,True,congruent,0,0.695,e4608b02aa5947dd
1729,163,50-59,53,30,150,224,6,U,L,U,2,0,2,True,incongruent,1,0.607,d2143ad6411d7fed
1730,163,50-59,53,31,427,280,2,L,D,L,0,3,0,True,incongruent,1,0.719,4f0785990483fc14
1731,163,50-59,53,32,184,287,5,U,U,U,2,2,2,True,congruent,0,0.768,9aac45bea6b9166f
1732,163,50-59,53,33,373,187,3,L,D,L,0,3,0,True,incongruent,1,0.806,a68ae8f0d7712405
1733,163,50-59,53,34,229,282,5,D,L,L,3,0,0,False,incongruent,1,0.848,3e5f6750706ef8f8
1734,163,50-59,53,35,491,210,4,L,L,D,0,0,3,False,congruent,0,0.551,8822e946ba862ed3
1735,163,50-59,53,36,236,194,3,R,R,R,1,1,1,True,congruent,0,1.168,3f3d0c52ebc67b1d
1736,163,50-59,53,37,432,221,5,L,U,L,0,2,0,True,incongruent,1,0.824,000e499e24a2ddbe
1737,163,50-59,53,38,192,211,0,R,R,R,1,1,1,True,congruent,0,0.688,a1e6212c4b1ced11
1738,163,50-59,53,39,481,254,0,R,R,R,1,1,1,True,congruent,0,0.641,cb65de51d06788f5
1739,163,50-59,53,40,120,248,1,R,U,R,1,2,1,True,incongruent,1,0.806,225e7276ee20bcc4
1740,163,50-59,53,41,260,229,0,D,D,D,3,3,3,True,congruent,0,0.593,237c4acbce0482df
1741,163,50-59,53,42,414,189,1,R,R,R,1,1,1,True,congruent,0,0.791,9f55ba93a4431130
1742,163,50-59,53,43,172,195,3,D,D,D,3,3,3,True,congruent,0,0.735,e78c5541b20e38e4
1743,163,50-59,53,44,407,226,0,R,L,R,1,0,1,True,incongruent,1,0.792,8d48e46eaa18d364
1744,163,50-59,53,45,173,218,2,U,U,U,2,2,2,True,congruent,0,0.759,3384a849280afac6
1745,163,50-59,53,46,454,192,2,D,L,D,3,0,3,True,incongruent,1,0.775,a3b1acf08c62f09c
1746,163,50-59,53,47,116,234,5,L,D,D,0,3,3,False,incongruent,1,0.625,5dd1bea454de1e7e
1747,163,50-59,53,48,417,238,5,U,U,U,2,2,2,True,congruent,0,0.991,9d52cf6dfc310bc9
1748,163,50-59,53,49,232,289,0,U,U,U,2,2,2,True,congruent,0,1.047,2c0ae67a0674b362
1749,163,50-59,53,50,407,258,4,U,U,U,2,2,2,True,congruent,0,0.639,e2184dd60c072e3b
1750,163,50-59,53,51,128,171,6,L,R,L,0,1,0,True,incongruent,1,1.223,b1cafcfe5bf1fa3b
1751,163,50-59,53,52,471,205,0,R,R,R,1,1,1,True,congruent,0,0.791,2ebb77d7f01b3d6d
1752,163,50-59,53,53,222,246,2,L,D,L,0,3,0,True,incongruent,1,0.767,d0dcb721cadde7cf
1753,163,50-59,53,54,447,232,2,U,U,U,2,2,2,True,congruent,0,0.648,323d4138dae42db0
1754,163,50-59,53,55,267,216,5,L,L,L,0,0,0,True,congruent,0,0.695,947d115bc2a05af7
1755,163,50-59,53,56,489,269,6,U,U,U,2,2,2,True,congruent,0,0.648,b821ee6c24e66e82
1756,163,50-59,53,57,225,284,5,R,D,R,1,3,1,True,incongruent,1,0.848,9a599440cb352cd2
1757,163,50-59,53,58,442,225,4,D,R,R,3,1,1,False,incongruent,1,0.658,1b2262de651ecb7d
1758,163,50-59,54,1,484,225,6,D,D,D,3,3,3,True,congruent,0,0.885,f1e7f47df69a23e5
1759,163,50-59,54,2,284,209,1,L,L,L,0,0,0,True,congruent,0,0.717,64bcafdc2ed256d8
1760,163,50-59,54,3,434,230,1,L,D,L,0,3,0,True,incongruent,1,0.711,d355d922c02e1f35
1761,163,50-59,54,4,263,272,3,R,R,R,1,1,1,True,congruent,0,0.736,e39959116bfec6e1
1762,163,50-59,54,5,457,248,4,D,D,D,3,3,3,True,congruent,0,0.815,f6399216a5103521
1763,163,50-59,54,6,233,256,0,L,L,L,0,0,0,True,congruent,0,0.703,edd5c49ef0008131
1764,163,50-59,54,7,502,246,3,L,R,L,0,1,0,True,incongruent,1,0.76,952afbe66ebe6bd3
1765,163,50-59,54,8,127,203,4,L,D,L,0,3,0,True,incongruent,1,0.839,349f663af108b750
1766,163,50-59,54,9,474,289,2,L,L,L,0,0,0,True,congruent,0,0.719,3e3b8294988f7d9c
1767,163,50-59,54,10,292,218,3,R,U,R,1,2,1,True,incongruent,1,0.896,e766b4af75ca7b67
1768,163,50-59,54,11,447,278,6,U,D,U,2,3,2,True,incongruent,1,0.768,3cf982f0dec7741f
1769,163,50-59,54,12,256,170,1,U,U,U,2,2,2,True,congruent,0,0.784,ac9622ebe0939d44
1770,163,50-59,54,13,386,222,0,R,R,R,1,1,1,True,congruent,0,0.743,86db2e491ce2e613
1771,163,50-59,54,14,218,257,2,R,U,R,1,2,1,True,incongruent,1,0.807,cc4f47dd9065289c
1772,163,50-59,54,15,357,286,3,L,L,L,0,0,0,True,congruent,0,0.655,7f2adacc7d316569
1773,163,50-59,54,16,522,229,2,D,D,D,3,3,3,True,congruent,0,0.639,ccf354e6dad5191c
1774,163,50-59,54,17,334,204,2,U,L,U,2,0,2,True,incongruent,1,1.032,710f891a9ce15d5d
1775,163,50-59,54,18,156,257,1,R,U,R,1,2,1,True,incongruent,1,0.768,b861075141422b2b
1776,163,50-59,54,19,495,244,5,U,D,D,2,3,3,False,incongruent,1,0.727,65d3edd76bde962b
1777,163,50-59,54,20,283,264,2,R,R,R,1,1,1,True,congruent,0,0.91,f3b1d6d235d26688
1778,163,50-59,54,21,450,216,1,D,R,D,3,1,3,True,incongruent,1,0.799,6cab635045194062
1779,163,50-59,54,22,132,178,2,D,D,D,3,3,3,True,congruent,0,0.696,633462bd3356ed99
1780,163,50-59,54,23,416,179,0,R,R,R,1,1,1,True,congruent,0,0.6,16a29c55a3874f68
1781,163,50-59,54,24,198,269,3,R,R,R,1,1,1,True,congruent,0,0.704,3614237c150d0844
1782,163,50-59,54,25,454,179,0,D,U,D,3,2,3,True,incongruent,1,0.888,32fc9447b195fb3d
1783,163,50-59,54,26,138,242,5,R,R,R,1,1,1,True,congruent,0,0.744,f8d5ac3e4f48c39c
1784,163,50-59,54,27,337,258,6,D,D,D,3,3,3,True,congruent,0,1.056,16837e63b233ee7f
1785,163,50-59,54,28,213,189,5,L,L,L,0,0,0,True,congruent,0,0.895,f7f3e41bfb59e9e0
1786,163,50-59,54,29,396,173,0,R,R,R,1,1,1,True,congruent,0,0.792,54afff34626d195f
1787,163,50-59,54,30,190,189,0,U,D,U,2,3,2,True,incongruent,1,0.767,04b144bedb5b7ec4
1788,163,50-59,54,31,368,238,0,R,L,R,1,0,1,True,incongruent,1,0.8,726aa9e57e2c5c02
1789,163,50-59,54,32,517,209,1,L,R,L,0,1,0,True,incongruent,1,0.768,71b4f30d2bdc892b
1790,163,50-59,54,33,247,226,4,U,R,U,2,1,2,True,incongruent,1,0.96,0bbd2065017f46d8
1791,163,50-59,54,34,459,194,2,D,D,D,3,3,3,True,congruent,0,0.703,d8e7bccf7658322c
1792,221,50-59,50,1,216,183,1,L,U,L,0,2,0,True,incongruent,1,0.945,97a1aa6aa462b10e
1793,221,50-59,50,2,491,233,3,U,L,U,2,0,2,True,incongruent,1,0.936,8fd90793472c504b
1794,221,50-59,50,3,125,262,2,L,U,L,0,2,0,True,incongruent,1,0.852,b7212ae862201972
1795,221,50-59,50,4,276,250,4,R,R,R,1,1,1,True,congruent,0,0.642,fb0b4a6aa21e96d9
1796,221,50-59,50,5,123,187,3,D,L,D,3,0,3,True,incongruent,1,0.997,2799f820331dcbf1
1797,221,50-59,50,6,372,265,0,L,L,L,0,0,0,True,congruent,0,0.79,de10403842753796
1798,221,50-59,50,7,215,267,2,L,L,L,0,0,0,True,congruent,0,0.751,ca429de95f6eb838
1799,221,50-59,50,8,521,190,3,D,R,D,3,1,3,True,incongruent,1,0.889,b8ede2199c5d8a51
1800,221,50-59,50,9,375,272,3,D,D,D,3,3,3,True,congruent,0,0.74,04a601f0d0e7faaf
1801,221,50-59,50,10,223,269,2,U,D,U,2,3,2,True,incongruent,1,0.751,3dc22fa5c9641c06
1802,221,50-59,50,11,389,275,2,U,L,U,2,0,2,True,incongruent,1,0.888,943b113a18e7042b
1803,221,50-59,50,12,124,220,6,D,L,D,3,0,3,True,incongruent,1,1.212,b208be557d104272
1804,221,50-59,50,13,400,287,2,L,L,L,0,0,0,True,congruent,0,0.755,ba446580bccea2ee
1805,221,50-59,50,14,213,227,1,R,L,R,1,0,1,True,incongruent,1,0.763,c465106032dbc0d0
1806,221,50-59,50,15,354,172,3,D,R,D,3,1,3,True,incongruent,1,0.994,127ddbc4b2b2ec77
1807,221,50-59,50,16,151,226,4,L,L,L,0,0,0,True,congruent,0,0.697,075ad2faf4a3bd09
1808,221,50-59,50,17,342,244,6,L,R,L,0,1,0,True,incongruent,1,0.863,6dd28819a4308377
1809,221,50-59,50,18,136,186,5,L,L,L,0,0,0,True,congruent,0,0.767,53aee74cf3c2ee6b
1810,221,50-59,50,19,431,199,3,U,D,D,2,3,3,False,incongruent,1,0.877,9608bafd04e30e32
1811,221,50-59,50,20,226,176,2,U,U,U,2,2,2,True,congruent,0,0.997,2c87669b6130ca35
1812,221,50-59,50,21,510,285,4,U,D,U,2,3,2,True,incongruent,1,1.124,8d27eb115d6e969e
1813,221,50-59,50,22,281,182,4,U,U,U,2,2,2,True,congruent,0,0.736,481f1a76a2486ace
1814,221,50-59,50,23,434,267,3,U,U,U,2,2,2,True,congruent,0,0.703,268ca0f64b196851
1815,221,50-59,50,24,179,179,4,R,R,R,1,1,1,True,congruent,0,0.781,ca4eb27760db0f85
1816,221,50-59,50,25,417,216,1,D,D,D,3,3,3,True,congruent,0,1.047,7902e8e699e8e0c9
1817,221,50-59,50,26,219,262,5,U,U,U,2,2,2,True,congruent,0,0.712,afb805f2bd621ad5
1818,221,50-59,50,27,412,270,4,L,L,L,0,0,0,True,congruent,0,0.697,37410eacf07cda1f
1819,221,50-59,50,28,233,289,1,U,R,U,2,1,2,True,incongruent,1,0.838,46447771e5cf85ae
1820,221,50-59,50,29,374,247,2,U,U,U,2,2,2,True,congruent,0,0.682,3bc96978656cf11e
1821,221,50-59,50,30,133,187,5,U,U,U,2,2,2,True,congruent,0,0.749,d9beb9ab8f173f28
1822,221,50-59,50,31,302,202,5,D,R,D,3,1,3,True,incongruent,1,0.886,9f61b987b201872b
1823,221,50-59,50,32,435,248,2,R,L,R,1,0,1,True,incongruent,1,0.835,2f4f58e87760351e
1824,221,50-59,50,33,276,221,1,L,L,L,0,0,0,True,congruent,0,0.677,af3409cbe84e4ffa
1825,221,50-59,50,34,122,211,4,L,L,L,0,0,0,True,congruent,0,0.676,0c6e99f5b9ca99d7
1826,221,50-59,50,35,453,212,3,L,L,L,0,0,0,True,congruent,0,0.69,bb6f29efd7eac865
1827,221,50-59,50,36,201,228,6,R,R,R,1,1,1,True,congruent,0,0.821,207a5d22cb531a0e
1828,221,50-59,50,37,515,205,1,D,D,D,3,3,3,True,congruent,0,0.698,f98034a12496b066
1829,221,50-59,50,38,306,231,6,D,U,D,3,2,3,True,incongruent,1,0.73,34d6d7b8f9ab1544
1830,221,50-59,50,39,516,233,6,D,U,D,3,2,3,True,incongruent,1,0.755,a92f5f8e2040d037
1831,221,50-59,50,40,334,183,6,R,D,R,1,3,1,True,incongruent,1,0.828,ffb0be82dd90d1e1
1832,221,50-59,50,41,185,199,2,U,D,U,2,3,2,True,incongruent,1,0.858,66e471785f64a988
1833,221,50-59,50,42,516,219,2,D,L,D,3,0,3,True,incongruent,1,1.019,0c57a77e7d113ff4
1834,221,50-59,50,43,285,214,2,D,R,D,3,1,3,True,incongruent,1,0.714,08d20ca5cfb1cfe2
1835,221,50-59,50,44,155,275,3,U,L,U,2,0,2,True,incongruent,1,1.078,1a0bf1763a9fcf79
1836,221,50-59,50,45,474,229,1,U,D,U,2,3,2,True,incongruent,1,1.04,e4424edf2fced12e
1837,221,50-59,50,46,284,191,4,R,R,R,1,1,1,True,congruent,0,0.733,3b280e3c0f61c46f
1838,221,50-59,50,47,428,251,1,R,R,R,1,1,1,True,congruent,0,0.796,584494d30fc9dbcc
1839,221,50-59,50,48,252,268,2,U,U,U,2,2,2,True,congruent,0,0.825,680913077c23d922
1840,221,50-59,50,49,462,220,1,U,L,U,2,0,2,True,incongruent,1,0.877,e952b85401cfe890
1841,221,50-59,50,50,237,214,1,R,R,U,1,1,2,False,congruent,0,0.868,6b27c86c463ab0fc
1842,221,50-59,50,51,378,270,2,L,D,L,0,3,0,True,incongruent,1,1.09,cc79ef223784db7c
1843,221,50-59,50,52,115,230,3,R,L,R,1,0,1,True,incongruent,1,0.886,575009be7db7038f
1844,221,50-59,50,53,517,281,0,R,U,R,1,2,1,True,incongruent,1,0.88,e9f46fec7bf9e28b
1845,221,50-59,51,1,333,222,3,U,U,U,2,2,2,True,congruent,0,0.538,553584064d4b2f5a
1846,221,50-59,51,2,131,228,5,U,L,U,2,0,2,True,incongruent,1,0.858,3ba0ec9277902c0a
1847,221,50-59,51,3,318,200,2,D,U,D,3,2,3,True,incongruent,1,0.852,fedea24e71c8694e
1848,221,50-59,51,4,125,239,2,L,U,L,0,2,0,True,incongruent,1,0.763,88dabace471f5766
1849,221,50-59,51,5,511,177,3,R,D,R,1,3,1,True,incongruent,1,0.973,e7a09c74b71e35f5
1850,221,50-59,51,6,304,251,0,U,U,U,2,2,2,True,congruent,0,0.738,83416f3409d7b4e5
1851,221,50-59,51,7,469,267,6,L,U,L,0,2,0,True,incongruent,1,0.86,8bbd3f4b4f271e88
1852,221,50-59,51,8,166,256,6,R,R,R,1,1,1,True,congruent,0,0.763,8850b45589400cf2
1853,221,50-59,51,9,431,197,5,U,R,U,2,1,2,True,incongruent,1,0.929,35dc7fa1cdd54856
1854,221,50-59,51,10,123,274,5,L,R,L,0,1,0,True,incongruent,1,1.092,f53d8bf3dad90ac9
1855,221,50-59,51,11,295,211,6,L,L,L,0,0,0,True,congruent,0,1.081,bf441d74114a3f48
1856,221,50-59,51,12,514,211,4,U,R,U,2,1,2,True,incongruent,1,0.827,02b627369ef87a92
1857,221,50-59,51,13,235,218,1,L,U,L,0,2,0,True,incongruent,1,0.728,3546b653331949fd
1858,221,50-59,51,14,383,197,5,U,R,U,2,1,2,True,incongruent,1,0.802,6294a8ef2a305229
1859,221,50-59,51,15,147,197,2,D,U,D,3,2,3,True,incongruent,1,0.918,fe93e85cd1478442
1860,221,50-59,51,16,312,173,4,D,R,D,3,1,3,True,incongruent,1,0.825,1673eb600fb1920d
1861,221,50-59,51,17,463,199,0,L,L,L,0,0,0,True,congruent,0,0.727,b9dddf0ee43f8e01
1862,221,50-59,51,18,207,223,3,U,U,U,2,2,2,True,congruent,0,0.688,cfab6817d909d02d
1863,221,50-59,51,19,429,256,4,U,U,U,2,2,2,True,congruent,0,0.67,0f73ed5d509a83b8
1864,221,50-59,51,20,268,275,2,R,R,R,1,1,1,True,congruent,0,0.722,189a034e64083d61
1865,221,50-59,51,21,517,259,2,R,D,R,1,3,1,True,incongruent,1,0.863,2e950936948837cc
1866,221,50-59,51,22,278,212,0,L,D,L,0,3,0,True,incongruent,1,0.801,aaf98f3774571305
1867,221,50-59,51,23,509,214,3,R,R,R,1,1,1,True,congruent,0,0.681,bdfda899bc61cb6c
1868,221,50-59,51,24,254,288,3,R,D,R,1,3,1,True,incongruent,1,0.917,62e6c57bf48c1518
1869,221,50-59,51,25,409,206,2,D,D,D,3,3,3,True,congruent,0,0.842,cd07c470855051d7
1870,221,50-59,51,26,193,287,5,R,R,R,1,1,1,True,congruent,0,1.115,754b57f2020bc675
1871,221,50-59,51,27,386,223,5,D,R,D,3,1,3,True,incongruent,1,0.74,d727f8c891597a5e
1872,221,50-59,51,28,163,185,6,D,L,D,3,0,3,True,incongruent,1,0.938,9108912390110550
1873,221,50-59,51,29,305,223,6,R,L,R,1,0,1,True,incongruent,1,1.046,695de0d61891e87e
1874,221,50-59,51,30,457,177,3,L,L,L,0,0,0,True,congruent,0,0.785,9b6ce9ad5f6b2239
1875,221,50-59,51,31,207,193,5,D,U,D,3,2,3,True,incongruent,1,0.942,0ca16a4e5a52e5ea
1876,221,50-59,51,32,525,243,2,U,U,U,2,2,2,True,congruent,0,0.661,cd446aee271595ba
1877,221,50-59,51,33,243,213,6,D,D,D,3,3,3,True,congruent,0,0.869,b103c2bdb5bb8a54
1878,221,50-59,51,34,485,259,3,U,L,U,2,0,2,True,incongruent,1,0.902,75fbf620d4b7319e
1879,221,50-59,51,35,195,258,3,L,U,L,0,2,0,True,incongruent,1,0.954,3285100db9dac7ac
1880,221,50-59,51,36,471,230,1,U,U,U,2,2,2,True,congruent,0,0.701,49342dbacd35bddb
1881,221,50-59,51,37,262,275,5,L,L,L,0,0,0,True,congruent,0,0.979,3182d683051c5c29
1882,221,50-59,51,38,515,203,5,R,U,R,1,2,1,True,incongruent,1,0.78,385f9506ef95adb1
1883,221,50-59,51,39,331,208,6,U,U,U,2,2,2,True,congruent,0,0.659,4a002dbc0ab34363
1884,221,50-59,51,40,479,215,3,U,U,U,2,2,2,True,congruent,0,0.663,062bc2b8714f0562
1885,221,50-59,51,41,294,181,5,L,L,L,0,0,0,True,congruent,0,1.075,6ca936ed5abc4f49
1886,221,50-59,51,42,470,172,0,R,U,R,1,2,1,True,incongruent,1,0.95,f940623e42169306
1887,221,50-59,51,43,299,206,6,D,D,D,3,3,3,True,congruent,0,0.972,b3276422de6cc9b8
1888,221,50-59,51,44,448,182,5,L,R,L,0,1,0,True,incongruent,1,0.777,4578854774f099e0
1889,221,50-59,51,45,135,283,0,R,R,R,1,1,1,True,congruent,0,0.739,13f35e08af7107e8
1890,221,50-59,51,46,362,262,5,L,L,L,0,0,0,True,congruent,0,0.775,bff290450a8a6886
1891,221,50-59,51,47,226,227,4,D,R,D,3,1,3,True,incongruent,1,0.889,29e9922e95891454
1892,221,50-59,51,48,488,261,5,D,D,D,3,3,3,True,congruent,0,0.738,2515f6736b1b2b31
1893,221,50-59,51,49,122,175,6,L,L,L,0,0,0,True,congruent,0,0.859,db3cc6c1f536da1b
1894,221,50-59,51,50,473,251,2,U,U,U,2,2,2,True,congruent,0,0.758,2792fdf4ad84a6e1
1895,221,50-59,51,51,120,239,4,R,R,R,1,1,1,True,congruent,0,0.716,bebe7a40177165a5
1896,221,50-59,51,52,469,290,4,L,R,L,0,1,0,True,incongruent,1,0.734,75a7eb245820e984
1897,221,50-59,51,53,275,268,6,R,R,R,1,1,1,True,congruent,0,0.775,4f5183ba19a3e1fe
1898,221,50-59,51,54,456,287,1,R,U,R,1,2,1,True,incongruent,1,0.737,d6330bb23677051b
1899,221,50-59,52,1,428,268,6,R,R,R,1,1,1,True,congruent,0,0.575,ac7a53b2cc269a3c
1900,221,50-59,52,2,172,204,4,L,L,L,0,0,0,True,congruent,0,0.64,a1ffbcc5b464972b
1901,221,50-59,52,3,337,276,0,U,U,U,2,2,2,True,congruent,0,0.62,1d771e35a8a4f9e6
1902,221,50-59,52,4,442,179,6,R,R,R,1,1,1,True,congruent,0,0.759,e4622a2ceb3141df
1903,221,50-59,52,5,204,174,5,R,D,R,1,3,1,True,incongruent,1,0.937,6fd55dac97f76552
1904,221,50-59,52,6,478,219,5,U,U,U,2,2,2,True,congruent,0,0.743,03183d16026d6ab7
1905,221,50-59,52,7,292,200,4,R,U,R,1,2,1,True,incongruent,1,0.746,1be0966bc95c6f23
1906,221,50-59,52,8,500,210,5,U,R,U,2,1,2,True,incongruent,1,0.808,fe8b3f856d2a42fa
1907,221,50-59,52,9,192,170,2,U,D,U,2,3,2,True,incongruent,1,1.02,83e3d15201eda9e4
1908,221,50-59,52,10,479,202,0,U,L,U,2,0,2,True,incongruent,1,0.728,b5e1b74d46345a7f
1909,221,50-59,52,11,146,211,4,R,R,R,1,1,1,True,congruent,0,0.743,8d677b476d8e7cf0
1910,221,50-59,52,12,354,176,2,D,D,D,3,3,3,True,congruent,0,0.725,df7232239e1f8bd5
1911,221,50-59,52,13,175,185,1,L,L,L,0,0,0,True,congruent,0,0.675,0e56f56c677881ee
1912,221,50-59,52,14,355,288,4,R,R,R,1,1,1,True,congruent,0,0.597,b94d797071e26713
1913,221,50-59,52,15,115,199,4,L,L,L,0,0,0,True,congruent,0,0.687,dee09f9557d2fa18
1914,221,50-59,52,16,327,230,5,R,L,R,1,0,1,True,incongruent,1,0.744,f7de91881e71b308
1915,221,50-59,52,17,148,191,1,D,D,D,3,3,3,True,congruent,0,0.672,9b1192af696085cc
1916,221,50-59,52,18,455,240,3,U,U,U,2,2,2,True,congruent,0,0.741,9dc2da182e10cbc9
1917,221,50-59,52,19,298,271,2,U,U,U,2,2,2,True,congruent,0,0.643,d63df6e4dd20c573
1918,221,50-59,52,20,173,195,4,D,D,D,3,3,3,True,congruent,0,0.86,a1c71c810856f0f5
1919,221,50-59,52,21,512,205,1,R,U,R,1,2,1,True,incongruent,1,0.852,d268c39c71bee503
1920,221,50-59,52,22,168,228,6,D,D,U,3,3,2,False,congruent,0,0.833,c43959607bed401b
1921,221,50-59,52,23,361,246,4,D,D,D,3,3,3,True,congruent,0,0.897,160620b7ea2ab2ab
1922,221,50-59,52,24,124,268,0,U,L,U,2,0,2,True,incongruent,1,0.993,a8498ba376a1bdde
1923,221,50-59,52,25,407,241,3,R,R,R,1,1,1,True,congruent,0,0.754,7c43244ecc9caaf4
1924,221,50-59,52,26,185,254,0,U,U,U,2,2,2,True,congruent,0,0.689,8d036cae98760922
1925,221,50-59,52,27,388,231,4,L,D,L,0,3,0,True,incongruent,1,0.913,811ebcb260145b04
1926,221,50-59,52,28,182,278,2,R,R,R,1,1,1,True,congruent,0,0.667,69e884a4088a4b74
1927,221,50-59,52,29,374,188,5,L,D,L,0,3,0,True,incongruent,1,0.976,cfa8ce30edf54017
1928,221,50-59,52,30,233,229,5,U,U,U,2,2,2,True,congruent,0,0.719,cc0accd6e0f67554
1929,221,50-59,52,31,371,179,6,D,D,D,3,3,3,True,congruent,0,0.742,18d201424c4ae063
1930,221,50-59,52,32,235,256,3,D,D,D,3,3,3,True,congruent,0,0.936,49694393d83d94b1
1931,221,50-59,52,33,475,287,3,D,D,D,3,3,3,True,congruent,0,0.681,dc96ffb3202241a4
1932,221,50-59,52,34,312,177,3,U,U,U,2,2,2,True,congruent,0,0.783,df67ede923e00194
1933,221,50-59,52,35,126,236,6,L,U,L,0,2,0,True,incongruent,1,0.844,200abe10e063b5c4
1934,221,50-59,52,36,521,223,5,U,D,U,2,3,2,True,incongruent,1,1.008,3691db2f574ce52e
1935,221,50-59,52,37,223,200,2,L,D,L,0,3,0,True,incongruent,1,0.896,b80a8d0651a76636
1936,221,50-59,52,38,461,187,5,U,U,U,2,2,2,True,congruent,0,0.703,69ffa55ec33806d9
1937,221,50-59,52,39,294,250,2,U,U,U,2,2,2,True,congruent,0,0.701,a39882636a1d7484
1938,221,50-59,52,40,446,179,3,U,U,U,2,2,2,True,congruent,0,0.659,36cdd3982f145f90
1939,221,50-59,52,41,208,230,5,D,D,D,3,3,3,True,congruent,0,0.969,3692590160dd3da8
1940,221,50-59,52,42,466,190,3,L,R,L,0,1,0,True,incongruent,1,1.117,3d0ad2cf67094eaf
1941,221,50-59,52,43,278,279,2,D,D,D,3,3,3,True,congruent,0,0.856,3a664429a78ff288
1942,221,50-59,52,44,450,193,3,D,L,D,3,0,3,True,incongruent,1,0.928,61baa0a64ee98687
1943,221,50-59,52,45,209,221,3,R,L,R,1,0,1,True,incongruent,1,0.814,605b241a0b042808
1944,221,50-59,52,46,511,193,0,U,R,U,2,1,2,True,incongruent,1,0.894,944955d1684f050e
1945,221,50-59,52,47,322,251,3,U,U,U,2,2,2,True,congruent,0,0.693,590e678f543da4c4
1946,221,50-59,52,48,478,207,4,D,R,D,3,1,3,True,incongruent,1,0.908,e18a26244ab6b530
1947,221,50-59,52,49,138,181,1,U,L,U,2,0,2,True,incongruent,1,0.908,c6ed2b20d2aa8e85
1948,221,50-59,52,50,418,176,0,U,D,U,2,3,2,True,incongruent,1,0.906,9e2be1b3ab908db7
1949,221,50-59,52,51,194,197,1,R,R,R,1,1,1,True,congruent,0,0.805,4dd0150a1f0e9454
1950,221,50-59,52,52,505,173,5,D,D,D,3,3,3,True,congruent,0,0.84,e899e88643209a73
1951,221,50-59,52,53,378,241,1,R,R,R,1,1,1,True,congruent,0,0.672,ebb5996bb9a669bc
1952,221,50-59,52,54,241,185,3,L,R,L,0,1,0,True,incongruent,1,0.807,c67b12f1b298c27e
1953,221,50-59,52,55,501,242,6,L,L,L,0,0,0,True,congruent,0,0.803,d6475635968df591
1954,221,50-59,52,56,118,238,2,R,D,R,1,3,1,True,incongruent,1,0.994,e6f6035dea9e4405
1955,221,50-59,53,1,496,196,1,D,D,D,3,3,3,True,congruent,0,0.63,d407783040347db9
1956,221,50-59,53,2,161,276,3,R,U,R,1,2,1,True,incongruent,1,0.923,89c5499729ec683c
1957,221,50-59,53,3,501,250,0,D,D,D,3,3,3,True,congruent,0,0.766,80e8d67b7cd399ad
1958,221,50-59,53,4,217,184,1,L,L,L,0,0,0,True,congruent,0,0.722,704a4934c2554e57
1959,221,50-59,53,5,401,268,5,D,D,D,3,3,3,True,congruent,0,0.682,0cb0d3a03351f88b
1960,221,50-59,53,6,204,196,4,D,D,D,3,3,3,True,congruent,0,0.735,7e8276f5d6f1a278
1961,221,50-59,53,7,363,247,6,R,D,R,1,3,1,True,incongruent,1,0.749,474356be918d07c7
1962,221,50-59,53,8,122,245,6,R,R,R,1,1,1,True,congruent,0,0.69,01e004ad6c8c37c8
1963,221,50-59,53,9,398,191,0,D,D,D,3,3,3,True,congruent,0,0.699,6aa0790e9ffc53a5
1964,221,50-59,53,10,149,241,4,U,R,U,2,1,2,True,incongruent,1,0.936,ea22a43bf9de979c
1965,221,50-59,53,11,429,235,4,D,D,D,3,3,3,True,congruent,0,0.823,e91b5c02f3f66615
1966,221,50-59,53,12,138,213,1,U,L,U,2,0,2,True,incongruent,1,0.622,e5a966c95a43208b
1967,221,50-59,53,13,297,283,6,U,U,U,2,2,2,True,congruent,0,0.715,59972c71745c9db5
1968,221,50-59,53,14,516,170,6,U,L,U,2,0,2,True,incongruent,1,0.795,4a70c46cfe30a077
1969,221,50-59,53,15,270,182,1,D,D,D,3,3,3,True,congruent,0,0.94,6d1de57f9b5a314a
1970,221,50-59,53,16,123,203,5,D,L,D,3,0,3,True,incongruent,1,0.853,1ce4c8ec03330011
1971,221,50-59,53,17,406,279,3,U,R,U,2,1,2,True,incongruent,1,1.07,a33facd94da580f1
1972,221,50-59,53,18,197,212,1,D,D,D,3,3,3,True,congruent,0,0.862,a8cdf2f5aba76f08
1973,221,50-59,53,19,445,275,0,D,R,D,3,1,3,True,incongruent,1,0.98,eb9b8f67ec102d16
1974,221,50-59,53,20,138,239,4,L,L,L,0,0,0,True,congruent,0,0.726,136fed7215f1b875
1975,221,50-59,53,21,517,234,1,R,R,R,1,1,1,True,congruent,0,0.663,d2163c06b233729c
1976,221,50-59,53,22,198,187,3,R,D,R,1,3,1,True,incongruent,1,1.124,96fc47c229946068
1977,221,50-59,53,23,498,240,1,U,D,U,2,3,2,True,incongruent,1,0.84,a76b17fda435ddf5
1978,221,50-59,53,24,233,212,2,L,L,L,0,0,0,True,congruent,0,0.818,96cd79370059cff2
1979,221,50-59,53,25,370,173,4,U,U,U,2,2,2,True,congruent,0,0.75,e4acf71ebb18f0be
1980,221,50-59,53,26,148,263,0,U,U,U,2,2,2,True,congruent,0,0.674,16fb8b5da76630a3
1981,221,50-59,53,27,338,262,2,L,R,L,0,1,0,True,incongruent,1,0.842,cf18a94a3f1dc507
1982,221,50-59,53,28,518,242,5,L,L,L,0,0,0,True,congruent,0,0.775,807b7026f9a4087e
1983,221,50-59,53,29,349,177,0,L,L,L,0,0,0,True,congruent,0,0.834,62e8f362b003a37b
1984,221,50-59,53,30,181,242,4,D,D,D,3,3,3,True,congruent,0,0.947,bf3c7852cd5a44f0
1985,221,50-59,53,31,510,209,1,U,U,U,2,2,2,True,congruent,0,0.771,ce5ae3e0f9f57c79
1986,221,50-59,53,32,349,275,5,R,D,R,1,3,1,True,incongruent,1,0.924,abfedf27db185045
1987,221,50-59,53,33,477,191,6,U,U,U,2,2,2,True,congruent,0,0.727,e57e4bce9c771c41
1988,221,50-59,53,34,127,269,0,D,L,D,3,0,3,True,incongruent,1,0.892,d9aa1e5bc5a971a5
1989,221,50-59,53,35,486,259,0,R,U,R,1,2,1,True,incongruent,1,0.843,f3a71f2138b9fe68
1990,221,50-59,53,36,195,278,0,L,L,L,0,0,0,True,congruent,0,0.671,3fd481f0ef1a701e
1991,221,50-59,53,37,450,268,2,D,D,D,3,3,3,True,congruent,0,0.74,629424334ad4c432
1992,221,50-59,53,38,310,279,6,R,L,R,1,0,1,True,incongruent,1,1.042,4cc15107e8578141
1993,221,50-59,53,39,144,279,3,U,D,U,2,3,2,True,incongruent,1,0.913,e95b6fa966bf39c6
1994,221,50-59,53,40,279,211,6,D,D,D,3,3,3,True,congruent,0,0.723,559a9cfda667aa26
1995,221,50-59,53,41,483,273,5,L,L,L,0,0,0,True,congruent,0,0.673,f399a9d087ba7ee6
1996,221,50-59,53,42,306,274,4,D,D,D,3,3,3,True,congruent,0,0.722,d5f62ad7327469fb
1997,221,50-59,53,43,162,281,5,R,R,R,1,1,1,True,congruent,0,0.708,72d424b40ee983d4
1998,221,50-59,53,44,414,267,3,R,L,R,1,0,1,True,incongruent,1,0.795,f969de4f7d4bdc04
1999,221,50-59,53,45,155,270,6,D,D,D,3,3,3,True,congruent,0,0.752,6d645ed814717284
2000,221,50-59,53,46,525,177,3,D,D,D,3,3,3,True,congruent,0,0.832,9cb8529807a4e327
2001,221,50-59,53,47,300,273,3,U,U,U,2,2,2,True,congruent,0,0.75,5008e84fcdaf569c
2002,221,50-59,53,48,147,223,6,R,R,R,1,1,1,True,congruent,0,0.706,085685e4c180fb0c
2003,221,50-59,53,49,329,242,2,U,L,U,2,0,2,True,incongruent,1,0.781,3875e790e0ce9f11
2004,221,50-59,53,50,519,265,5,D,D,D,3,3,3,True,congruent,0,0.71,0edd35b92ff46495
2005,221,50-59,53,51,228,193,1,D,D,D,3,3,3,True,congruent,0,0.703,2bb42936e2ed8f8a
2006,221,50-59,53,52,431,269,5,R,R,R,1,1,1,True,congruent,0,0.676,5972fa8e9ef33c00
2007,221,50-59,53,53,236,247,1,U,D,U,2,3,2,True,incongruent,1,0.758,dacb10c0f3518bbb
2008,221,50-59,53,54,486,242,3,R,D,R,1,3,1,True,incongruent,1,0.749,aa999567f2e97b99
2009,221,50-59,53,55,349,285,2,R,D,R,1,3,1,True,incongruent,1,0.784,20e49ef85fa1444f
2010,221,50-59,53,56,191,173,2,L,D,L,0,3,0,True,incongruent,1,0.902,a2127e88774b6f51
2011,221,50-59,54,1,216,199,4,D,U,D,3,2,3,True,incongruent,1,1.04,c44651a6c86ad0b6
2012,221,50-59,54,2,447,210,3,R,L,R,1,0,1,True,incongruent,1,0.868,cdc83be3f185adab
2013,221,50-59,54,3,155,225,4,L,D,L,0,3,0,True,incongruent,1,0.716,1fee759544a85632
2014,221,50-59,54,4,425,220,3,R,R,R,1,1,1,True,congruent,0,0.674,c352004135aa2e7d
2015,221,50-59,54,5,243,177,0,L,L,L,0,0,0,True,congruent,0,0.715,629ad0a9c716c80e
2016,221,50-59,54,6,454,205,6,R,R,R,1,1,1,True,congruent,0,0.657,2c6b5951f6d2312f
2017,221,50-59,54,7,177,251,1,D,D,D,3,3,3,True,congruent,0,0.715,7f9a2911fbf5612a
2018,221,50-59,54,8,386,222,6,L,D,L,0,3,0,True,incongruent,1,0.709,4712340178b8d6ce
2019,221,50-59,54,9,175,252,4,U,U,U,2,2,2,True,congruent,0,0.716,7f6d6680e076e0a9
2020,221,50-59,54,10,497,200,0,L,L,L,0,0,0,True,congruent,0,0.783,aa78160c014add0c
2021,221,50-59,54,11,301,214,5,D,D,U,3,3,2,False,congruent,0,0.798,8ac76fb37f4b180a
2022,221,50-59,54,12,121,214,6,D,D,D,3,3,3,True,congruent,0,0.757,1e804a10dac489b6
2023,221,50-59,54,13,420,227,1,L,L,L,0,0,0,True,congruent,0,0.711,fe0dce53828ac317
2024,221,50-59,54,14,254,194,2,R,D,R,1,3,1,True,incongruent,1,0.711,bd9fc7f38945396e
2025,221,50-59,54,15,445,229,6,D,D,U,3,3,2,False,congruent,0,0.685,324defa95fdd20bf
2026,221,50-59,54,16,243,280,0,L,L,L,0,0,0,True,congruent,0,0.804,a1e9a00da71d5ff3
2027,221,50-59,54,17,450,219,5,D,D,D,3,3,3,True,congruent,0,0.761,3267f57c4490b7dd
2028,221,50-59,54,18,177,187,1,D,U,D,3,2,3,True,incongruent,1,1.022,81672c9ac779cd89
2029,221,50-59,54,19,333,216,4,R,U,R,1,2,1,True,incongruent,1,1.19,a0c55b40a932bf0f
2030,221,50-59,54,20,173,265,3,U,U,U,2,2,2,True,congruent,0,0.81,b587a9f0a6abc993
2031,221,50-59,54,21,375,260,1,D,U,D,3,2,3,True,incongruent,1,0.851,75364707294e90dc
2032,221,50-59,54,22,143,237,3,D,D,D,3,3,3,True,congruent,0,0.772,4c7895fc3e095f87
2033,221,50-59,54,23,458,261,2,D,R,D,3,1,3,True,incongruent,1,0.797,85fb9635f321cc16
2034,221,50-59,54,24,289,185,5,D,D,D,3,3,3,True,congruent,0,0.723,87c8b49779f27acb
2035,221,50-59,54,25,128,225,1,D,D,D,3,3,3,True,congruent,0,0.673,baed7cb3a2146c58
2036,221,50-59,54,26,389,189,0,L,D,L,0,3,0,True,incongruent,1,0.764,352a284eb7d70215
2037,221,50-59,54,27,121,244,3,R,R,R,1,1,1,True,congruent,0,0.69,8b296ab2da95dcec
2038,221,50-59,54,28,436,247,0,D,D,D,3,3,3,True,congruent,0,0.775,283b09379281a171
2039,221,50-59,54,29,185,191,3,R,D,R,1,3,1,True,incongruent,1,1.008,82d1cf2790e06e97
2040,221,50-59,54,30,433,258,5,D,U,D,3,2,3,True,incongruent,1,0.931,a076a12e8bfc125f
2041,221,50-59,54,31,273,232,2,U,R,U,2,1,2,True,incongruent,1,0.797,6b5402d84134406e
2042,221,50-59,54,32,417,177,2,U,R,U,2,1,2,True,incongruent,1,0.795,b2d5c7dbe913618a
2043,221,50-59,54,33,264,174,4,U,R,U,2,1,2,True,incongruent,1,0.714,c0fb8c85568ef3bb
2044,221,50-59,54,34,426,276,6,L,D,L,0,3,0,True,incongruent,1,0.826,7d504af714b9fe6d
2045,221,50-59,54,35,141,170,0,L,D,L,0,3,0,True,incongruent,1,0.904,78744bd402304889
2046,221,50-59,54,36,499,258,1,R,U,R,1,2,1,True,incongruent,1,0.602,2d718e4022e5585e
2047,221,50-59,54,37,325,187,0,U,D,U,2,3,2,True,incongruent,1,0.741,a0e17a0964d4fb12
2048,166,60-69,50,1,463,267,4,R,L,R,1,0,1,True,incongruent,1,0.734,0376ef7bf802e068
2049,166,60-69,50,2,266,171,6,L,D,L,0,3,0,True,incongruent,1,0.914,2236ba29ebab5c7c
2050,166,60-69,50,3,392,266,3,U,L,U,2,0,2,True,incongruent,1,0.887,25a189bb03c8839f
2051,166,60-69,50,4,175,244,1,U,U,U,2,2,2,True,congruent,0,0.682,495295ef62e98884
2052,166,60-69,50,5,398,208,1,L,R,L,0,1,0,True,incongruent,1,0.752,b43b50b7b642d014
2053,166,60-69,50,6,239,246,4,L,R,L,0,1,0,True,incongruent,1,0.784,1b77926c197df647
2054,166,60-69,50,7,509,174,3,L,L,L,0,0,0,True,congruent,0,0.605,322f4b2eb75802a2
2055,166,60-69,50,8,174,219,5,R,R,R,1,1,1,True,congruent,0,0.725,137b01e90059dcd7
2056,166,60-69,50,9,521,272,3,U,U,U,2,2,2,True,congruent,0,0.875,659241566ad7a3eb
2057,166,60-69,50,10,129,177,3,R,L,R,1,0,1,True,incongruent,1,0.718,00e49b948fd5260e
2058,166,60-69,50,11,375,217,5,U,D,U,2,3,2,True,incongruent,1,0.81,5027a347a4bda07c
2059,166,60-69,50,12,211,182,5,L,L,L,0,0,0,True,congruent,0,0.702,2fc36ee555f40044
2060,166,60-69,50,13,395,228,6,D,U,D,3,2,3,True,incongruent,1,0.781,82558231299cd21a
2061,166,60-69,50,14,234,273,3,U,R,U,2,1,2,True,incongruent,1,0.907,232843bcd1bcb00f
2062,166,60-69,50,15,430,203,4,L,L,L,0,0,0,True,congruent,0,0.679,67eb0cc54a3ecd81
2063,166,60-69,50,16,138,198,1,L,L,L,0,0,0,True,congruent,0,0.633,8f8e8ffc7e1aa19a
2064,166,60-69,50,17,295,222,1,D,D,D,3,3,3,True,congruent,0,0.695,d9841077b7409404
2065,166,60-69,50,18,486,241,0,D,D,D,3,3,3,True,congruent,0,0.621,dc67801b759908ec
2066,166,60-69,50,19,129,175,2,L,D,L,0,3,0,True,incongruent,1,0.904,2d7aa9952217b322
2067,166,60-69,50,20,450,236,2,L,U,L,0,2,0,True,incongruent,1,0.67,d793972e42828e3f
2068,166,60-69,50,21,208,210,2,D,L,D,3,0,3,True,incongruent,1,0.742,8566b4ca136b0215
2069,166,60-69,50,22,441,278,6,U,R,U,2,1,2,True,incongruent,1,0.695,e1dc259fb7af090a
2070,166,60-69,50,23,259,201,6,D,D,D,3,3,3,True,congruent,0,0.879,c848601c6d7e19bd
2071,166,60-69,50,24,486,258,0,L,L,L,0,0,0,True,congruent,0,0.683,8e4eee8a7da284f5
2072,166,60-69,50,25,270,246,0,R,R,R,1,1,1,True,congruent,0,0.708,c4d9b4fa0e50450c
2073,166,60-69,50,26,124,221,1,U,L,U,2,0,2,True,incongruent,1,0.84,c9a8f6fa7ab4eb30
2074,166,60-69,50,27,345,223,5,U,L,U,2,0,2,True,incongruent,1,0.765,562c10ccb2aa41b5
2075,166,60-69,50,28,122,249,6,U,L,U,2,0,2,True,incongruent,1,0.693,3a57779aabf92651
2076,166,60-69,50,29,277,207,1,L,L,L,0,0,0,True,congruent,0,0.677,43ea13050adeedf9
2077,166,60-69,50,30,496,277,6,L,U,L,0,2,0,True,incongruent,1,0.829,c7d44b3f906e4511
2078,166,60-69,50,31,330,185,4,U,R,R,2,1,1,False,incongruent,1,0.694,1df9fe7564c757b9
2079,166,60-69,50,32,495,252,0,U,L,U,2,0,2,True,incongruent,1,1.005,fac6ba96c5aac775
2080,166,60-69,50,33,241,246,5,U,U,U,2,2,2,True,congruent,0,0.7,774c98768ab141e3
2081,166,60-69,50,34,397,282,4,L,R,L,0,1,0,True,incongruent,1,0.81,4d213d81bedf8e19
2082,166,60-69,50,35,191,207,5,U,U,U,2,2,2,True,congruent,0,0.862,0532af300260a933
2083,166,60-69,50,36,359,212,2,L,L,L,0,0,0,True,congruent,0,0.765,532025de4504fd8e
2084,166,60-69,50,37,193,224,2,U,U,U,2,2,2,True,congruent,0,0.712,20fad008d19a610c
2085,166,60-69,50,38,351,283,4,L,D,L,0,3,0,True,incongruent,1,0.836,f65394101669f65c
2086,166,60-69,50,39,513,190,6,U,U,U,2,2,2,True,congruent,0,0.765,725764777f7f6bdf
2087,166,60-69,50,40,152,278,1,D,D,D,3,3,3,True,congruent,0,0.874,908c79d5fdfae926
2088,166,60-69,50,41,386,258,5,L,R,L,0,1,0,True,incongruent,1,0.89,4977de41e8616434
2089,166,60-69,50,42,132,208,2,R,L,R,1,0,1,True,incongruent,1,0.675,bb5e8afa6523b3b7
2090,166,60-69,50,43,335,185,0,R,U,R,1,2,1,True,incongruent,1,0.826,3c7e5607f371a6b2
2091,166,60-69,50,44,525,267,3,L,L,L,0,0,0,True,congruent,0,0.682,1d7d50836c699bcc
2092,166,60-69,50,45,249,255,3,R,D,R,1,3,1,True,incongruent,1,0.695,c863bac0b5f099eb
2093,166,60-69,50,46,413,278,4,D,R,L,3,1,0,False,incongruent,1,0.754,66866fae969e7ee1
2094,166,60-69,50,47,261,231,1,U,D,U,2,3,2,True,incongruent,1,0.934,38f51c934ebddef5
2095,166,60-69,50,48,524,183,4,U,L,U,2,0,2,True,incongruent,1,0.846,29ae09b1823be875
2096,166,60-69,50,49,140,220,6,D,U,D,3,2,3,True,incongruent,1,0.829,4b22c7eb322c2667
2097,166,60-69,50,50,419,277,0,R,R,R,1,1,1,True,congruent,0,0.64,c155bf3a40472468
2098,166,60-69,50,51,287,227,0,L,U,L,0,2,0,True,incongruent,1,0.755,31ef1807ea7c0f74
2099,166,60-69,50,52,116,250,2,R,D,R,1,3,1,True,incongruent,1,0.813,ead19feab9d3fc50
2100,166,60-69,50,53,508,248,6,R,D,R,1,3,1,True,incongruent,1,0.839,95a95204c7486dcb
2101,166,60-69,50,54,146,203,1,R,D,R,1,3,1,True,incongruent,1,0.829,a1350ba15377b317
2102,166,60-69,50,55,270,268,4,U,U,U,2,2,2,True,congruent,0,0.734,4db912c6b4a2be32
2103,166,60-69,50,56,135,173,3,D,D,D,3,3,3,True,congruent,0,0.804,cf225138edb87538
2104,166,60-69,50,57,291,279,5,U,U,U,2,2,2,True,congruent,0,0.776,4b0b600684006a1a
2105,166,60-69,50,58,418,196,4,U,U,U,2,2,2,True,congruent,0,0.733,77c98a495f8dc2b0
2106,166,60-69,51,1,156,219,1,D,D,D,3,3,3,True,congruent,0,0.752,4e0f230065ca6558
2107,166,60-69,51,2,496,228,1,R,R,R,1,1,1,True,congruent,0,0.911,54da917dd64d6353
2108,166,60-69,51,3,332,196,2,R,R,R,1,1,1,True,congruent,0,0.836,d263b9d193f8f6d7
2109,166,60-69,51,4,493,214,1,R,L,R,1,0,1,True,incongruent,1,0.783,eca5c3a40e43e0d5
2110,166,60-69,51,5,237,219,5,L,L,L,0,0,0,True,congruent,0,1.056,c1b48fa6468adc25
2111,166,60-69,51,6,389,183,0,U,R,U,2,1,2,True,incongruent,1,1.068,799bbc9d393c3973
2112,166,60-69,51,7,170,185,4,D,D,D,3,3,3,True,congruent,0,0.968,d30ce451ce0fa68c
2113,166,60-69,51,8,464,182,4,D,D,D,3,3,3,True,congruent,0,0.811,47777f169d491391
2114,166,60-69,51,9,128,197,1,U,D,U,2,3,2,True,incongruent,1,0.807,fc20411c379ea294
2115,166,60-69,51,10,405,277,5,R,R,R,1,1,1,True,congruent,0,0.886,01d31f28df6d58c0
2116,166,60-69,51,11,143,215,0,L,L,L,0,0,0,True,congruent,0,0.631,aadc71f92385e302
2117,166,60-69,51,12,514,281,3,R,R,R,1,1,1,True,congruent,0,0.764,3f154d42578a3cfc
2118,166,60-69,51,13,223,177,6,R,D,U,1,3,2,False,incongruent,1,0.856,7ed97d843a422d96
2119,166,60-69,51,14,407,206,6,D,U,D,3,2,3,True,incongruent,1,0.952,d058780d177504ba
2120,166,60-69,51,15,251,174,5,U,R,D,2,1,3,False,incongruent,1,0.988,f774fff16ace3ab2
2121,166,60-69,51,16,416,214,1,D,L,L,3,0,0,False,incongruent,1,0.909,c66402cb2dbe7bf6
2122,166,60-69,51,17,276,223,2,L,R,L,0,1,0,True,incongruent,1,1.042,31b0d5b36fd2f415
2123,166,60-69,51,18,489,185,6,L,D,L,0,3,0,True,incongruent,1,0.95,7c882c07a348ae61
2124,166,60-69,51,19,333,176,3,U,U,U,2,2,2,True,congruent,0,0.859,593bf7a75291b3d6
2125,166,60-69,51,20,499,210,1,R,R,R,1,1,1,True,congruent,0,0.71,468c38a95370942b
2126,166,60-69,51,21,117,215,0,L,L,L,0,0,0,True,congruent,0,0.778,e709d710ca600f5e
2127,166,60-69,51,22,367,253,0,U,L,U,2,0,2,True,incongruent,1,0.695,e2c01b6f5f8678c3
2128,166,60-69,51,23,153,202,4,R,R,R,1,1,1,True,congruent,0,0.766,b80a6d5ee78526ac
2129,166,60-69,51,24,331,172,4,U,L,U,2,0,2,True,incongruent,1,0.69,06cd6e4b18e78c14
2130,166,60-69,51,25,447,268,1,R,D,R,1,3,1,True,incongruent,1,0.942,6953eb9e11380539
2131,166,60-69,51,26,283,229,1,L,R,L,0,1,0,True,incongruent,1,0.661,b02b64cde6edb0d5
2132,166,60-69,51,27,120,225,0,U,U,U,2,2,2,True,congruent,0,0.753,fa7830f9d09d7cb8
2133,166,60-69,51,28,274,219,5,U,L,U,2,0,2,True,incongruent,1,1.081,a90092d703a7c766
2134,166,60-69,51,29,512,193,6,R,R,R,1,1,1,True,congruent,0,0.9,1d5b7047973baa6b
2135,166,60-69,51,30,313,276,6,D,D,D,3,3,3,True,congruent,0,0.911,3166d9aceac0ffa8
2136,166,60-69,51,31,477,282,3,R,R,R,1,1,1,True,congruent,0,0.799,403e8f04b8371206
2137,166,60-69,51,32,326,284,5,U,D,U,2,3,2,True,incongruent,1,0.841,bdd539107316e1b7
2138,166,60-69,51,33,433,182,3,R,R,R,1,1,1,True,congruent,0,0.77,f49edfbe273cb2bd
2139,166,60-69,51,34,213,200,4,U,U,U,2,2,2,True,congruent,0,0.774,9000dafed201468c
2140,166,60-69,51,35,444,243,6,L,L,L,0,0,0,True,congruent,0,0.775,6c13b87b372adb7c
2141,166,60-69,51,36,294,280,5,R,U,R,1,2,1,True,incongruent,1,0.871,7187551707cb2f71
2142,166,60-69,51,37,523,225,4,D,L,U,3,0,2,False,incongruent,1,0.919,226c15b189ed2a11
2143,166,60-69,51,38,228,289,0,U,U,U,2,2,2,True,congruent,0,0.858,6add780a6f5ad47d
2144,166,60-69,51,39,373,186,6,D,D,D,3,3,3,True,congruent,0,0.88,cfe025605d222c53
2145,166,60-69,51,40,118,280,0,L,D,L,0,3,0,True,incongruent,1,1.17,34adb4669852137d
2146,166,60-69,51,41,461,248,3,R,U,R,1,2,1,True,incongruent,1,0.96,5dbfbb8be89d03b7
2147,166,60-69,51,42,188,198,0,R,R,R,1,1,1,True,congruent,0,0.725,e3a0dd91b34a94e7
2148,166,60-69,51,43,400,182,5,D,D,D,3,3,3,True,congruent,0,0.884,2cfe96d144fd504e
2149,166,60-69,51,44,127,174,2,D,D,D,3,3,3,True,congruent,0,0.792,9a26f4e1a224407e
2150,166,60-69,51,45,369,272,5,L,U,L,0,2,0,True,incongruent,1,0.852,6a88535f7c471d28
2151,166,60-69,51,46,160,257,1,L,L,L,0,0,0,True,congruent,0,0.732,2fd8c6bb47eddd38
2152,166,60-69,51,47,518,219,5,L,L,L,0,0,0,True,congruent,0,0.753,0d997b04f97c192e
2153,166,60-69,51,48,124,237,2,D,U,D,3,2,3,True,incongruent,1,1.036,8d5769b4678f84f5
2154,166,60-69,51,49,300,172,4,L,L,L,0,0,0,True,congruent,0,0.685,7051b5474fdf9ab3
2155,166,60-69,51,50,453,215,4,D,D,D,3,3,3,True,congruent,0,0.724,145fce8bc27e9e33
2156,166,60-69,51,51,126,240,2,R,R,R,1,1,1,True,congruent,0,0.647,ed9b93566132632a
2157,166,60-69,51,52,378,234,2,L,L,L,0,0,0,True,congruent,0,0.654,6047da5870c412c8
2158,166,60-69,51,53,156,230,5,D,D,D,3,3,3,True,congruent,0,0.732,4f7de0dd19b9affe
2159,166,60-69,52,1,486,240,0,R,L,R,1,0,1,True,incongruent,1,0.91,42b55497303bd81a
2160,166,60-69,52,2,192,190,0,R,R,R,1,1,1,True,congruent,0,0.724,3422c55019732bd2
2161,166,60-69,52,3,344,207,4,L,R,L,0,1,0,True,incongruent,1,0.753,29f13ed3edca3f64
2162,166,60-69,52,4,146,241,5,L,L,L,0,0,0,True,congruent,0,0.801,d3126c19c70adca2
2163,166,60-69,52,5,391,241,1,D,D,D,3,3,3,True,congruent,0,0.642,8dcd74a97e4f5e39
2164,166,60-69,52,6,250,200,2,R,L,R,1,0,1,True,incongruent,1,0.736,81968d857a2013f0
2165,166,60-69,52,7,404,232,0,R,R,R,1,1,1,True,congruent,0,0.757,185593f9e8fd547f
2166,166,60-69,52,8,236,271,4,U,U,U,2,2,2,True,congruent,0,0.769,ad31417a2788c3aa
2167,166,60-69,52,9,469,230,0,U,R,U,2,1,2,True,incongruent,1,0.833,9432f38cd754dea0
2168,166,60-69,52,10,208,207,0,L,L,L,0,0,0,True,congruent,0,0.662,abc177f5d2bc3f70
2169,166,60-69,52,11,429,193,5,U,U,U,2,2,2,True,congruent,0,0.767,31141da4633f3761
2170,166,60-69,52,12,231,200,1,R,L,R,1,0,1,True,incongruent,1,0.619,56d75e2201932fe9
2171,166,60-69,52,13,412,245,4,D,D,D,3,3,3,True,congruent,0,0.811,19377107d102f72e
2172,166,60-69,52,14,135,216,2,D,R,D,3,1,3,True,incongruent,1,0.829,4ea0ba394aed3243
2173,166,60-69,52,15,323,228,6,D,D,D,3,3,3,True,congruent,0,0.652,6f608edd4d4b9e6f
2174,166,60-69,52,16,164,217,1,R,U,R,1,2,1,True,incongruent,1,0.667,3871790b7c944445
2175,166,60-69,52,17,320,234,3,R,R,R,1,1,1,True,congruent,0,0.739,953133c4e1d8208c
2176,166,60-69,52,18,147,243,6,U,U,U,2,2,2,True,congruent,0,0.65,d532eaa50e63e2cf
2177,166,60-69,52,19,336,207,4,R,R,R,1,1,1,True,congruent,0,0.658,ac9bec6e7ac40d5a
2178,166,60-69,52,20,118,253,4,L,D,D,0,3,3,False,incongruent,1,0.744,4a97063f8c42ab75
2179,166,60-69,52,21,372,254,1,L,L,L,0,0,0,True,congruent,0,0.717,a1e6b9b53ec58952
2180,166,60-69,52,22,143,258,3,R,R,R,1,1,1,True,congruent,0,0.69,e190986a2fb295a1
2181,166,60-69,52,23,436,195,6,D,D,D,3,3,3,True,congruent,0,0.802,97c27543e965191f
2182,166,60-69,52,24,224,175,4,R,R,R,1,1,1,True,congruent,0,0.666,27801b0292d6b041
2183,166,60-69,52,25,422,222,2,D,D,D,3,3,3,True,congruent,0,0.703,1dd76ad5c60ed21a
2184,166,60-69,52,26,183,225,1,U,L,U,2,0,2,True,incongruent,1,0.781,b22d03f69ca7f1cf
2185,166,60-69,52,27,504,229,5,U,U,U,2,2,2,True,congruent,0,0.715,2361cb814df46e4b
2186,166,60-69,52,28,271,236,1,D,D,D,3,3,3,True,congruent,0,0.8,aa3e71f1959b33fb
2187,166,60-69,52,29,452,183,1,R,U,R,1,2,1,True,incongruent,1,0.89,3b0eb635a0810828
2188,166,60-69,52,30,167,226,0,L,L,L,0,0,0,True,congruent,0,0.626,5d9058eb1a6260f5
2189,166,60-69,52,31,481,220,4,L,U,L,0,2,0,True,incongruent,1,0.761,89adc23027aba6c4
2190,166,60-69,52,32,136,247,3,L,U,L,0,2,0,True,incongruent,1,0.682,68a494b85a076d73
2191,166,60-69,52,33,498,181,1,D,D,D,3,3,3,True,congruent,0,0.745,4624ea982a33ad5b
2192,166,60-69,52,34,309,185,0,L,D,L,0,3,0,True,incongruent,1,0.826,54d24da189aff236
2193,166,60-69,52,35,469,211,1,U,L,U,2,0,2,True,incongruent,1,0.758,92091f4392d609f6
2194,166,60-69,52,36,196,237,0,D,D,D,3,3,3,True,congruent,0,0.755,54ded987faea326a
2195,166,60-69,52,37,424,179,2,D,L,D,3,0,3,True,incongruent,1,0.704,f44383ceeba38b2c
2196,166,60-69,52,38,185,232,4,D,D,D,3,3,3,True,congruent,0,0.641,bcc37ee19cb8c300
2197,166,60-69,52,39,359,177,0,D,R,D,3,1,3,True,incongruent,1,0.779,d1ac09b88bd929b5
2198,166,60-69,52,40,174,237,1,U,D,U,2,3,2,True,incongruent,1,0.834,fdec714cf637a304
2199,166,60-69,52,41,352,262,0,D,L,D,3,0,3,True,incongruent,1,0.846,003edbdab4bb22b2
2200,166,60-69,52,42,160,289,6,D,U,U,3,2,2,False,incongruent,1,0.863,033d458a456684fe
2201,166,60-69,52,43,326,202,6,L,L,L,0,0,0,True,congruent,0,0.785,0cd56d6c40a38df2
2202,166,60-69,52,44,467,218,4,D,R,D,3,1,3,True,incongruent,1,1.138,567ff42ad1e0eea3
2203,166,60-69,52,45,181,227,6,L,L,L,0,0,0,True,congruent,0,0.724,add0657a925a0907
2204,166,60-69,52,46,400,265,4,U,U,U,2,2,2,True,congruent,0,0.88,6ad0686af541bef5
2205,166,60-69,52,47,197,241,6,R,L,R,1,0,1,True,incongruent,1,0.875,8da366ce37cbf5a2
2206,166,60-69,52,48,409,208,0,U,U,U,2,2,2,True,congruent,0,0.675,758eecd96639f987
2207,166,60-69,52,49,158,206,4,L,D,L,0,3,0,True,incongruent,1,0.77,4b60b170624eb2be
2208,166,60-69,52,50,365,183,1,L,D,L,0,3,0,True,incongruent,1,0.666,9bc264755b163a2c
2209,166,60-69,52,51,221,215,4,U,D,U,2,3,2,True,incongruent,1,0.736,c7545d0c7637fe38
2210,166,60-69,52,52,457,257,3,U,R,U,2,1,2,True,incongruent,1,0.677,c523bd53692e6919
2211,166,60-69,52,53,235,195,2,D,D,D,3,3,3,True,congruent,0,0.804,252fb6073fc76ccb
2212,166,60-69,52,54,119,278,0,D,U,D,3,2,3,True,incongruent,1,0.962,d76588becf75080d
2213,166,60-69,52,55,440,238,1,L,D,L,0,3,0,True,incongruent,1,0.662,c96a69261e678807
2214,166,60-69,52,56,257,232,2,L,U,L,0,2,0,True,incongruent,1,0.678,2d7f619fc0b7ba55
2215,166,60-69,52,57,524,258,3,D,D,D,3,3,3,True,congruent,0,0.702,d6e97df0c0aba053
2216,166,60-69,52,58,128,211,0,U,D,U,2,3,2,True,incongruent,1,0.849,4c84662148cb3495
2217,166,60-69,52,59,329,288,5,R,R,R,1,1,1,True,congruent,0,0.777,4502dae5b2e9300e
2218,166,60-69,53,1,462,187,6,U,U,U,2,2,2,True,congruent,0,0.83,968a1187a2f1f8cd
2219,166,60-69,53,2,282,248,4,L,D,L,0,3,0,True,incongruent,1,0.803,ee87a068b0a44a3d
2220,166,60-69,53,3,507,238,0,L,L,L,0,0,0,True,congruent,0,0.687,dca6b53ac9d9a716
2221,166,60-69,53,4,278,184,6,R,R,R,1,1,1,True,congruent,0,0.962,e35f7b243a0f9294
2222,166,60-69,53,5,135,257,1,L,L,L,0,0,0,True,congruent,0,0.651,60722ce6fd981257
2223,166,60-69,53,6,311,215,3,R,L,R,1,0,1,True,incongruent,1,0.74,0e091ef2efdbb369
2224,166,60-69,53,7,514,278,2,R,R,R,1,1,1,True,congruent,0,0.81,e0a9e160e110d00d
2225,166,60-69,53,8,335,252,6,R,R,R,1,1,1,True,congruent,0,0.778,fae4f673ac0a1e78
2226,166,60-69,53,9,492,286,4,D,L,D,3,0,3,True,incongruent,1,0.927,4baeded53cf691c6
2227,166,60-69,53,10,339,237,0,U,R,U,2,1,2,True,incongruent,1,0.891,4c11a4c6fda4ec7c
2228,166,60-69,53,11,483,194,0,D,R,U,3,1,2,False,incongruent,1,1.011,672cbb88421f271d
2229,166,60-69,53,12,128,232,3,R,L,R,1,0,1,True,incongruent,1,1.144,9916923736afe9c8
2230,166,60-69,53,13,349,201,1,D,L,D,3,0,3,True,incongruent,1,0.69,0395384abad4b7b5
2231,166,60-69,53,14,516,172,5,R,L,R,1,0,1,True,incongruent,1,1.001,fa56124da409a695
2232,166,60-69,53,15,315,182,1,D,U,D,3,2,3,True,incongruent,1,0.719,2efc8caea7248f78
2233,166,60-69,53,16,119,184,0,R,D,R,1,3,1,True,incongruent,1,0.826,20653436452bdf54
2234,166,60-69,53,17,349,274,4,R,U,R,1,2,1,True,incongruent,1,0.803,5b708c4d84c183e8
2235,166,60-69,53,18,149,176,5,U,R,U,2,1,2,True,incongruent,1,0.8,e9e60516dbdacd97
2236,166,60-69,53,19,370,265,2,D,R,D,3,1,3,True,incongruent,1,0.852,8110424f8f7c65e7
2237,166,60-69,53,20,123,193,6,D,D,D,3,3,3,True,congruent,0,0.746,98c1e35f2da32422
2238,166,60-69,53,21,448,203,3,U,D,U,2,3,2,True,incongruent,1,0.959,f83073108b2948c1
2239,166,60-69,53,22,192,222,5,L,L,L,0,0,0,True,congruent,0,0.654,f7d3b40caeaee058
2240,166,60-69,53,23,506,261,1,U,U,U,2,2,2,True,congruent,0,0.876,b7a65630d3e2fc79
2241,166,60-69,53,24,119,256,2,L,L,L,0,0,0,True,congruent,0,0.782,b630ada2d745da55
2242,166,60-69,53,25,316,236,1,R,R,R,1,1,1,True,congruent,0,0.641,0ae356c69d3648f6
2243,166,60-69,53,26,521,236,5,U,U,U,2,2,2,True,congruent,0,0.879,f0a159ba0dc430cb
2244,166,60-69,53,27,359,184,1,R,R,R,1,1,1,True,congruent,0,0.892,9836a5a3e1ca1ac4
2245,166,60-69,53,28,498,218,6,L,R,L,0,1,0,True,incongruent,1,0.896,54fe7eb9ee4b21a4
2246,166,60-69,53,29,311,183,2,R,L,R,1,0,1,True,incongruent,1,0.753,22515445946f9d0a
2247,166,60-69,53,30,203,285,4,D,D,D,3,3,3,True,congruent,0,0.92,37cdf3d88bd57286
2248,166,60-69,53,31,504,224,4,U,R,U,2,1,2,True,incongruent,1,0.838,b8bf071f98510dd2
2249,166,60-69,53,32,290,270,1,L,D,L,0,3,0,True,incongruent,1,0.655,0e7c0ba719ef562f
2250,166,60-69,53,33,134,261,6,L,L,L,0,0,0,True,congruent,0,0.761,058244524d1284f2
2251,166,60-69,53,34,280,248,6,R,D,R,1,3,1,True,incongruent,1,0.973,98e27238390700bd
2252,166,60-69,53,35,452,190,0,L,L,L,0,0,0,True,congruent,0,1.011,7448df014bc11947
2253,166,60-69,53,36,232,197,1,U,U,U,2,2,2,True,congruent,0,0.711,031a36e9a2196e64
2254,166,60-69,53,37,470,174,1,L,U,L,0,2,0,True,incongruent,1,0.841,2e6ea70d138cb240
2255,166,60-69,53,38,211,194,1,U,U,U,2,2,2,True,congruent,0,0.683,f7cfa8f3549684f3
2256,166,60-69,53,39,388,272,0,L,L,L,0,0,0,True,congruent,0,0.714,bd4a35b8bc4ce432
2257,166,60-69,53,40,207,276,4,L,D,L,0,3,0,True,incongruent,1,0.827,0277815eb21b2486
2258,166,60-69,53,41,429,253,1,D,U,D,3,2,3,True,incongruent,1,0.777,1001546402623b9e
2259,166,60-69,53,42,290,232,5,R,R,R,1,1,1,True,congruent,0,0.732,6f9bcaa964c74493
2260,166,60-69,53,43,502,287,5,L,R,L,0,1,0,True,incongruent,1,0.859,2eceb7d737e966e4
2261,166,60-69,53,44,311,264,1,U,L,U,2,0,2,True,incongruent,1,0.667,08e75d1ae17df685
2262,166,60-69,53,45,453,206,3,R,D,R,1,3,1,True,incongruent,1,0.867,f737c8c1fa671d70
2263,166,60-69,53,46,186,257,2,R,D,R,1,3,1,True,incongruent,1,0.753,751b9922ceaae328
2264,166,60-69,53,47,504,269,3,U,U,U,2,2,2,True,congruent,0,0.704,845013e71451e41f
2265,166,60-69,53,48,266,188,5,U,U,U,2,2,2,True,congruent,0,0.674,43649948f51fef1b
2266,166,60-69,53,49,507,210,2,L,L,L,0,0,0,True,congruent,0,0.758,edae74e44798aff4
2267,166,60-69,53,50,202,270,0,L,U,L,0,2,0,True,incongruent,1,0.731,a5fa35641a070a2f
2268,166,60-69,53,51,456,177,0,U,U,U,2,2,2,True,congruent,0,0.65,56c8865e44bf3829
2269,166,60-69,53,52,264,269,0,R,L,L,1,0,0,False,incongruent,1,0.64,015ce031057119e7
2270,166,60-69,53,53,474,255,3,U,U,U,2,2,2,True,congruent,0,0.806,e0c11cbd165af111
2271,166,60-69,53,54,172,251,2,L,D,L,0,3,0,True,incongruent,1,0.788,26aa02bbaf93c97b
2272,166,60-69,53,55,455,255,1,R,R,R,1,1,1,True,congruent,0,0.565,4dca2b79fb0c41bf
2273,166,60-69,53,56,150,251,3,R,D,R,1,3,1,True,incongruent,1,0.929,e52f3c8ef6fd9215
2274,166,60-69,54,1,439,233,6,L,R,L,0,1,0,True,incongruent,1,0.783,2de4414695bda2b7
2275,166,60-69,54,2,116,284,4,L,L,L,0,0,0,True,congruent,0,0.701,75cdb901e0cd6826
2276,166,60-69,54,3,335,181,0,D,D,D,3,3,3,True,congruent,0,0.652,ba50e7b02301ff65
2277,166,60-69,54,4,507,200,1,U,U,U,2,2,2,True,congruent,0,0.761,bbf84fc35228650f
2278,166,60-69,54,5,156,246,2,U,U,U,2,2,2,True,congruent,0,0.732,bee1503cbc36d60e
2279,166,60-69,54,6,302,211,2,R,R,R,1,1,1,True,congruent,0,0.735,dba82cf415bf23cd
2280,166,60-69,54,7,522,236,5,U,L,U,2,0,2,True,incongruent,1,1.082,5b8408229c5daee0
2281,166,60-69,54,8,150,241,0,R,R,R,1,1,1,True,congruent,0,0.677,b5294de8ca40186d
2282,166,60-69,54,9,377,285,3,R,R,R,1,1,1,True,congruent,0,0.663,61bae5cc956cc2b0
2283,166,60-69,54,10,472,179,4,L,R,L,0,1,0,True,incongruent,1,0.949,1001ce28e8cc076f
2284,166,60-69,54,11,315,175,1,R,R,R,1,1,1,True,congruent,0,0.67,e3c5e4c73c308380
2285,166,60-69,54,12,168,216,6,D,D,D,3,3,3,True,congruent,0,0.787,1add47aa7a5f8120
2286,166,60-69,54,13,427,227,1,U,U,U,2,2,2,True,congruent,0,0.693,9c694a30c0d9236d
2287,166,60-69,54,14,192,190,5,U,R,U,2,1,2,True,incongruent,1,0.951,18627613c33944c1
2288,166,60-69,54,15,506,271,0,D,U,D,3,2,3,True,incongruent,1,0.892,bb14e53529bfe877
2289,166,60-69,54,16,239,280,0,L,L,L,0,0,0,True,congruent,0,0.606,dc5dae4e339deb6b
2290,166,60-69,54,17,404,203,1,U,U,U,2,2,2,True,congruent,0,0.68,e7a8ee06534aad04
2291,166,60-69,54,18,123,220,6,D,D,D,3,3,3,True,congruent,0,0.9,5510e2d7abaf196d
2292,166,60-69,54,19,331,208,0,R,L,R,1,0,1,True,incongruent,1,0.821,30e2f21080751dc0
2293,166,60-69,54,20,122,279,2,R,D,R,1,3,1,True,incongruent,1,0.826,aee2481748947981
2294,166,60-69,54,21,306,184,1,L,L,L,0,0,0,True,congruent,0,0.691,543eeae9a9322ad7
2295,166,60-69,54,22,155,276,1,D,L,D,3,0,3,True,incongruent,1,0.801,b8a3821a4d7aa53c
2296,166,60-69,54,23,319,271,1,L,L,L,0,0,0,True,congruent,0,0.737,60afe049ac6b8e8d
2297,166,60-69,54,24,191,185,4,L,U,L,0,2,0,True,incongruent,1,0.843,65dfe1272c914ca9
2298,166,60-69,54,25,440,252,5,R,R,R,1,1,1,True,congruent,0,0.76,0414c58e25e819e1
2299,166,60-69,54,26,127,190,2,R,R,R,1,1,1,True,congruent,0,0.686,fbcfb944bc87bd9f
2300,166,60-69,54,27,415,173,4,U,D,U,2,3,2,True,incongruent,1,0.81,bd45ffd1aca9ae5c
2301,166,60-69,54,28,126,250,0,L,R,L,0,1,0,True,incongruent,1,0.651,dcf5f645aa0d54d3
2302,166,60-69,54,29,442,264,6,L,L,L,0,0,0,True,congruent,0,0.866,8f79b3eafd57cce8
2303,166,60-69,54,30,290,238,6,R,U,R,1,2,1,True,incongruent,1,0.814,9f7da647ce87e4e3
2304,569,60-69,50,1,224,283,0,D,R,D,3,1,3,True,incongruent,1,1.136,a01153835f341feb
2305,569,60-69,50,3,154,260,1,L,R,L,0,1,0,True,incongruent,1,1.371,2224eaf12392bec4
2306,569,60-69,50,4,381,245,1,D,D,D,3,3,3,True,congruent,0,1.147,8cd9d648834f1b19
2307,569,60-69,50,5,216,180,3,R,D,R,1,3,1,True,incongruent,1,1.024,9e9e6cc18260b5e3
2308,569,60-69,50,6,510,215,4,R,R,R,1,1,1,True,congruent,0,1.046,33213eb241f60bcd
2309,569,60-69,50,7,142,177,4,D,U,D,3,2,3,True,incongruent,1,1.777,3ed7aeb45558d021
2310,569,60-69,50,8,325,275,1,D,R,R,3,1,1,False,incongruent,1,1.113,63fd231143458b64
2311,569,60-69,50,9,518,200,5,D,D,D,3,3,3,True,congruent,0,0.27,39790184becf29f7
2312,569,60-69,50,11,464,244,6,L,D,L,0,3,0,True,incongruent,1,1.373,d1dfc9f8d5bd257f
2313,569,60-69,50,12,241,260,6,D,R,D,3,1,3,True,incongruent,1,1.047,1543ac1960a9c51b
2314,569,60-69,50,13,386,288,4,L,R,L,0,1,0,True,incongruent,1,1.123,a78f738175a350bc
2315,569,60-69,50,14,243,235,3,U,U,U,2,2,2,True,congruent,0,1.721,3b291fb2daa3216f
2316,569,60-69,50,15,469,246,3,U,U,U,2,2,2,True,congruent,0,1.012,56953c0def1e11b4
2317,569,60-69,50,16,251,226,3,D,R,D,3,1,3,True,incongruent,1,1.024,e2f011d7df25e62c
2318,569,60-69,50,17,396,177,0,D,D,D,3,3,3,True,congruent,0,0.967,011f1bddb1b72de7
2319,569,60-69,50,18,198,193,5,D,D,D,3,3,3,True,congruent,0,0.899,687de2a85fdd6dc2
2320,569,60-69,50,19,396,278,5,D,D,D,3,3,3,True,congruent,0,0.753,26f1e76e537db168
2321,569,60-69,50,20,272,202,2,D,U,D,3,2,3,True,incongruent,1,1.011,1e0269ad04e09710
2322,569,60-69,50,21,413,253,0,D,R,D,3,1,3,True,incongruent,1,1.271,55a50e44a072faae
2323,569,60-69,50,22,244,258,6,L,R,L,0,1,0,True,incongruent,1,1.349,f15261e9338e2580
2324,569,60-69,50,23,389,248,4,D,D,D,3,3,3,True,congruent,0,1.193,307c98d10baf941b
2325,569,60-69,50,24,171,172,3,R,U,R,1,2,1,True,incongruent,1,1.17,ecd3fb5f6e1bd121
2326,569,60-69,50,25,317,284,1,U,D,D,2,3,3,False,incongruent,1,1.259,73b959eb02ac980e
2327,569,60-69,50,26,478,271,2,L,L,L,0,0,0,True,congruent,0,1.137,b239846d63bec118
2328,569,60-69,50,27,249,264,6,U,R,R,2,1,1,False,incongruent,1,0.865,6b6b5b13ae0fa72c
2329,569,60-69,50,28,491,257,5,U,U,U,2,2,2,True,congruent,0,1.451,830654c6575537e7
2330,569,60-69,50,29,305,177,3,R,D,R,1,3,1,True,incongruent,1,1.135,29a8feb6c9b11871
2331,569,60-69,50,30,502,184,0,D,L,D,3,0,3,True,incongruent,1,1.238,5ccc9e258f794a92
2332,569,60-69,50,31,275,247,2,U,D,U,2,3,2,True,incongruent,1,1.709,70b75bfb94ff5a23
2333,569,60-69,50,32,515,231,2,D,U,D,3,2,3,True,incongruent,1,1.192,06f478038fe866f1
2334,569,60-69,50,33,289,205,5,R,R,D,1,1,3,False,congruent,0,1.44,2ef1b10e279e04c2
2335,569,60-69,50,34,117,275,5,L,L,L,0,0,0,True,congruent,0,1.281,60a2f17a895c6296
2336,569,60-69,50,35,448,185,4,D,U,D,3,2,3,True,incongruent,1,1.439,3bdd029f1b37dd78
2337,569,60-69,50,36,179,240,2,D,R,D,3,1,3,True,incongruent,1,1.091,6e2c386600063bd4
2338,569,60-69,50,37,371,175,3,D,U,D,3,2,3,True,incongruent,1,0.833,6a042d92f112b82a
2339,569,60-69,51,2,344,231,6,L,U,L,0,2,0,True,incongruent,1,1.191,d2bb865b12744a4e
2340,569,60-69,51,3,171,179,0,U,U,U,2,2,2,True,congruent,0,1.562,6bdd35f12f59d6f0
2341,569,60-69,51,4,357,246,4,L,D,L,0,3,0,True,incongruent,1,1.755,7c949ac3c0b19993
2342,569,60-69,51,5,146,258,0,R,L,R,1,0,1,True,incongruent,1,1.316,44a524418b069235
2343,569,60-69,51,6,287,180,5,U,U,U,2,2,2,True,congruent,0,1.158,a9d85b3f79837cc7
2344,569,60-69,51,7,465,287,4,U,R,U,2,1,2,True,incongruent,1,1.677,522b880eae2c8c9f
2345,569,60-69,51,8,117,182,6,U,U,U,2,2,2,True,congruent,0,0.978,a8ed862a3125d92f
2346,569,60-69,51,9,523,256,4,D,L,D,3,0,3,True,incongruent,1,1.236,6daf096eb3c6f2e1
2347,569,60-69,51,10,273,218,0,D,D,D,3,3,3,True,congruent,0,0.967,1896225977b72878
2348,569,60-69,51,11,453,277,3,L,L,L,0,0,0,True,congruent,0,1.62,6783498f06ca78ce
2349,569,60-69,51,12,123,197,6,R,D,R,1,3,1,True,incongruent,1,1.249,50211254d1b5befe
2350,569,60-69,51,13,521,186,6,L,U,D,0,2,3,False,incongruent,1,1.236,a607090fa18a7ed3
2351,569,60-69,51,15,518,200,4,D,R,D,3,1,3,True,incongruent,1,1.619,ae684bbec9d234d6
2352,569,60-69,51,18,244,277,5,D,D,L,3,3,0,False,congruent,0,0.898,0a2b8797d9b849e0
2353,569,60-69,51,19,414,216,1,U,U,D,2,2,3,False,congruent,0,1.158,36740093b987e948
2354,569,60-69,51,21,385,200,0,D,U,D,3,2,3,True,incongruent,1,1.294,64eadf4eeaddba0a
2355,569,60-69,51,22,244,284,1,U,L,U,2,0,2,True,incongruent,1,1.304,e0a3cc5b343dd1d1
2356,569,60-69,51,23,497,192,4,U,R,U,2,1,2,True,incongruent,1,1.239,d9a9947e6cc40ad7
2357,569,60-69,51,24,149,177,6,U,U,U,2,2,2,True,congruent,0,0.909,999cbabe9a95cef9
2358,569,60-69,51,25,440,284,0,D,D,U,3,3,2,False,congruent,0,1.203,577cb2937d75ae9d
2359,569,60-69,51,26,258,285,0,U,U,D,2,2,3,False,congruent,0,1.563,52ebd0245c2907a7
2360,569,60-69,51,27,496,189,0,L,L,L,0,0,0,True,congruent,0,1.204,08d8f4d52d6fbc33
2361,569,60-69,51,28,228,231,2,L,U,L,0,2,0,True,incongruent,1,1.114,0176e72af5b1cca3
2362,569,60-69,51,29,392,183,6,R,R,R,1,1,1,True,congruent,0,1.54,b349034b0b30c3fa
2363,569,60-69,52,2,500,234,6,U,L,U,2,0,2,True,incongruent,1,1.269,0e6df1cc502362f8
2364,569,60-69,52,3,168,216,0,U,D,U,2,3,2,True,incongruent,1,1.079,389c2f4c83f49f54
2365,569,60-69,52,4,439,231,0,U,L,U,2,0,2,True,incongruent,1,0.967,9400ee5928b8ff35
2366,569,60-69,52,5,150,255,2,U,U,U,2,2,2,True,congruent,0,1.113,f3971ac056372656
2367,569,60-69,52,6,463,230,4,D,R,D,3,1,3,True,incongruent,1,1.115,a348d9a0ba6b154c
2368,569,60-69,52,7,225,238,6,U,R,U,2,1,2,True,incongruent,1,1.215,65f79b39796fcfb0
2369,569,60-69,52,9,520,261,6,D,D,D,3,3,3,True,congruent,0,1.012,e3da754d7206cae7
2370,569,60-69,52,10,144,244,5,D,D,D,3,3,3,True,congruent,0,0.923,e0da5e164fab09bf
2371,569,60-69,52,12,259,240,6,D,D,D,3,3,3,True,congruent,0,1.462,94d164aa327eb479
2372,569,60-69,52,13,116,211,6,R,R,R,1,1,1,True,congruent,0,0.989,0bbd6edd1b3b6884
2373,569,60-69,52,14,277,253,3,R,R,R,1,1,1,True,congruent,0,1.665,7b49e31f731fb83e
2374,569,60-69,52,15,115,177,6,D,D,D,3,3,3,True,congruent,0,1.247,2083d429ed95c741
2375,569,60-69,52,16,232,269,4,R,U,R,1,2,1,True,incongruent,1,1.092,b45a610800bae3d6
2376,569,60-69,52,17,445,235,3,U,U,U,2,2,2,True,congruent,0,1.239,8541bbafc9af8428
2377,569,60-69,52,18,145,242,0,L,U,L,0,2,0,True,incongruent,1,0.966,9aac9860295435e7
2378,569,60-69,52,19,283,198,1,D,D,D,3,3,3,True,congruent,0,1.113,68bcb5fc8d0500f5
2379,569,60-69,52,20,116,234,5,R,U,R,1,2,1,True,incongruent,1,1.158,110215f94b224f52
2380,569,60-69,52,21,511,240,5,L,U,L,0,2,0,True,incongruent,1,1.115,5b92883bf8e0e682
2381,569,60-69,52,22,312,200,3,L,R,L,0,1,0,True,incongruent,1,0.899,1bbf436e219578e9
2382,569,60-69,52,23,192,280,1,U,U,U,2,2,2,True,congruent,0,1.012,e3bc76c715c25907
2383,569,60-69,52,24,470,227,4,L,L,U,0,0,2,False,congruent,0,1.304,0a6bdf1f73d1c266
2384,569,60-69,52,25,224,190,5,L,L,D,0,0,3,False,congruent,0,1.776,edd088c71017a0ed
2385,569,60-69,52,27,173,242,5,L,U,L,0,2,0,True,incongruent,1,0.909,0efffc77125584d9
2386,569,60-69,52,28,423,240,4,D,D,D,3,3,3,True,congruent,0,1.035,77935d2dff3e2409
2387,569,60-69,52,29,154,281,6,L,R,U,0,1,2,False,incongruent,1,1.528,35fbb11b96cb9940
2388,569,60-69,52,30,319,179,5,R,R,R,1,1,1,True,congruent,0,1.227,309f1cdb944aa8da
2389,569,60-69,52,31,514,287,5,R,U,R,1,2,1,True,incongruent,1,1.204,69d4516dc0747cd7
2390,569,60-69,52,32,230,223,2,D,R,D,3,1,3,True,incongruent,1,1.382,60aa4e26a528bcb1
2391,569,60-69,52,33,397,282,2,R,R,D,1,1,3,False,congruent,0,0.945,614a753c9d00dc7e
2392,569,60-69,52,34,253,238,0,R,R,R,1,1,1,True,congruent,0,1.314,f68d5b2b7205f522
2393,569,60-69,53,1,227,234,3,D,U,D,3,2,3,True,incongruent,1,1.575,090ee54da35c7c95
2394,569,60-69,53,2,488,223,6,R,D,R,1,3,1,True,incongruent,1,1.099,c4a583b4b78c8e64
2395,569,60-69,53,3,196,190,5,U,U,U,2,2,2,True,congruent,0,1.058,640a571564f804de
2396,569,60-69,53,4,465,238,6,R,R,R,1,1,1,True,congruent,0,1.069,a497a4df4aa22556
2397,569,60-69,53,5,331,180,4,L,L,L,0,0,0,True,congruent,0,1.191,f9ebfeebe4d018bc
2398,569,60-69,53,6,193,227,4,D,U,D,3,2,3,True,incongruent,1,1.249,fdf54cb7b6d01ac7
2399,569,60-69,53,7,453,192,0,U,U,U,2,2,2,True,congruent,0,1.62,e96cb969dd1ff1b2
2400,569,60-69,53,8,288,262,1,U,D,U,2,3,2,True,incongruent,1,1.575,6e967b7d475c5f81
2401,569,60-69,53,9,480,208,0,R,U,R,1,2,1,True,incongruent,1,1.023,9aff4bec4448bcdc
2402,569,60-69,53,10,141,218,1,D,D,D,3,3,3,True,congruent,0,0.832,d21db8cbb11fd230
2403,569,60-69,53,11,336,247,2,D,D,D,3,3,3,True,congruent,0,0.844,cd5ef18edd6d693c
2404,569,60-69,53,12,492,240,5,R,L,R,1,0,1,True,incongruent,1,1.349,34af7b0631d2bb4f
2405,569,60-69,53,13,166,199,1,L,L,L,0,0,0,True,congruent,0,1.428,8d51e83d96579f5a
2406,569,60-69,53,14,481,243,4,D,D,D,3,3,3,True,congruent,0,1.08,8db670ff580ed843
2407,569,60-69,53,15,144,242,4,R,D,R,1,3,1,True,incongruent,1,1.148,3d8c7529d2cd2605
2408,569,60-69,53,16,472,222,5,L,L,L,0,0,0,True,congruent,0,1.35,a26d0a8515f449dc
2409,569,60-69,53,17,317,250,2,R,U,R,1,2,1,True,incongruent,1,1.034,ea6b269951f2a7d6
2410,569,60-69,53,18,160,220,3,L,U,L,0,2,0,True,incongruent,1,0.877,72d5da6cade9220c
2411,569,60-69,53,19,403,278,6,D,L,D,3,0,3,True,incongruent,1,1.261,3e1842eeef789282
2412,569,60-69,53,20,165,253,6,D,D,D,3,3,3,True,congruent,0,1.112,82f5e895b9d6eb3a
2413,569,60-69,53,21,421,186,6,L,R,L,0,1,0,True,incongruent,1,1.215,9faff6d0e36ab2e8
2414,569,60-69,53,22,125,247,3,U,U,U,2,2,2,True,congruent,0,1.429,2c60c5fada80543f
2415,569,60-69,53,23,318,210,6,R,R,R,1,1,1,True,congruent,0,0.81,a9e3f60f750ff9a7
2416,569,60-69,53,24,473,213,2,R,R,R,1,1,1,True,congruent,0,1.191,24e9183d694e2f0f
2417,569,60-69,53,25,302,203,0,R,D,R,1,3,1,True,incongruent,1,1.698,56fd86f2d816213f
2418,569,60-69,53,26,474,232,5,R,L,R,1,0,1,True,incongruent,1,1.349,84307d26b70fd0c7
2419,569,60-69,53,27,275,194,2,D,D,D,3,3,3,True,congruent,0,1.068,78e0b9377c259a96
2420,569,60-69,53,28,428,200,5,L,D,L,0,3,0,True,incongruent,1,1.068,400c8be62b352ef1
2421,569,60-69,53,29,166,285,1,R,R,R,1,1,1,True,congruent,0,1.631,eddc8b4ea5ab7bf4
2422,569,60-69,53,30,462,252,0,L,L,L,0,0,0,True,congruent,0,1.26,7f82a423d361d584
2423,569,60-69,53,31,230,226,2,U,U,U,2,2,2,True,congruent,0,1.023,14dabc1c34f63683
2424,569,60-69,53,32,447,196,6,U,U,U,2,2,2,True,congruent,0,0.865,8952ffa788109626
2425,569,60-69,53,33,264,183,3,U,U,U,2,2,2,True,congruent,0,1.249,f0a8050dc3dc2e7d
2426,569,60-69,53,35,327,173,4,U,D,U,2,3,2,True,incongruent,1,1.259,bff32c19cb9d29f5
2427,569,60-69,53,36,508,193,0,L,D,L,0,3,0,True,incongruent,1,0.935,0c8ebc4e4d48a9a6
2428,569,60-69,53,37,350,195,4,L,L,L,0,0,0,True,congruent,0,1.141,3ed903a36f90cd55
2429,569,60-69,54,1,433,285,6,D,D,D,3,3,3,True,congruent,0,1.249,c161d3f6c2d4f1b2
2430,569,60-69,54,2,271,258,6,L,R,D,0,1,3,False,incongruent,1,1.685,addbe677cd7d23b5
2431,569,60-69,54,4,321,264,1,D,D,D,3,3,3,True,congruent,0,1.169,525bd07a2836d773
2432,569,60-69,54,5,161,236,3,R,R,R,1,1,1,True,congruent,0,1.171,6989c195373fe12f
2433,569,60-69,54,6,345,209,0,R,R,R,1,1,1,True,congruent,0,1.09,b0db7c04e1524ebc
2434,569,60-69,54,7,187,233,3,D,D,D,3,3,3,True,congruent,0,1.484,e488745ded2b5851
2435,569,60-69,54,8,521,285,1,D,D,D,3,3,3,True,congruent,0,0.99,05d3a2f301d0819a
2436,569,60-69,54,9,163,255,0,U,D,U,2,3,2,True,incongruent,1,1.215,19d4a044e828554a
2437,569,60-69,54,10,374,239,4,D,D,D,3,3,3,True,congruent,0,1.203,f6644f634818d947
2438,569,60-69,54,11,197,183,5,R,D,R,1,3,1,True,incongruent,1,1.305,fb02be4c398584b4
2439,569,60-69,54,12,393,236,4,R,R,R,1,1,1,True,congruent,0,1.463,c18fce4e6b005012
2440,569,60-69,54,13,137,227,6,L,D,L,0,3,0,True,incongruent,1,1.237,fb5a424a5f581dba
2441,569,60-69,54,14,436,173,1,D,D,D,3,3,3,True,congruent,0,1.451,ee78f6aab61b1148
2442,569,60-69,54,15,134,213,5,L,L,D,0,0,3,False,congruent,0,1.643,0d53ffaf0584d2d7
2443,569,60-69,54,16,342,263,5,L,L,L,0,0,0,True,congruent,0,1.429,ecd6051e691a4ff2
2444,569,60-69,54,17,490,221,2,R,L,R,1,0,1,True,incongruent,1,1.338,0077975c67b82306
2445,569,60-69,54,18,188,237,1,U,L,U,2,0,2,True,incongruent,1,1.653,101c0143157a9f25
2446,569,60-69,54,19,514,220,3,R,L,R,1,0,1,True,incongruent,1,1.125,961e210c8af8f7b3
2447,569,60-69,54,21,411,201,5,R,U,R,1,2,1,True,incongruent,1,1.058,c9afe9671c32f1a4
2448,569,60-69,54,22,225,224,5,U,R,U,2,1,2,True,incongruent,1,1.282,fb951acbe5d06b91
2449,569,60-69,54,23,461,275,0,D,D,D,3,3,3,True,congruent,0,1.147,02188fd52f6866a7
2450,569,60-69,54,24,275,210,6,U,U,U,2,2,2,True,congruent,0,0.957,6543402e7ea812fb
2451,569,60-69,54,25,515,173,1,U,L,U,2,0,2,True,incongruent,1,1.314,17fd630fa7b9a931
2452,569,60-69,54,26,323,235,3,L,L,L,0,0,0,True,congruent,0,1.36,9a92c6413e6ba506
2453,569,60-69,54,27,490,183,1,L,U,L,0,2,0,True,incongruent,1,1.248,ccf23cb1b93d3a66
2454,569,60-69,54,28,339,195,3,D,L,D,3,0,3,True,incongruent,1,0.989,5bc6f47f2f67ec6d
2455,569,60-69,54,29,501,224,3,L,L,L,0,0,0,True,congruent,0,1.136,ded2bea8369ad5ba
2456,569,60-69,54,30,354,234,2,L,D,D,0,3,3,False,incongruent,1,1.148,cf7fd08443855e96
2457,569,60-69,54,31,146,256,2,L,L,L,0,0,0,True,congruent,0,1.473,1de712e3ad8da325
2458,569,60-69,54,32,273,172,3,U,L,U,2,0,2,True,incongruent,1,1.337,1d03dc2587d3aca6
2459,569,60-69,54,33,415,257,0,L,L,L,0,0,0,True,congruent,0,1.034,e7f120b48c9b43f2
2460,569,60-69,54,34,201,287,4,U,R,R,2,1,1,False,incongruent,1,0.923,cf8ba62813f15035
2461,569,60-69,55,1,431,270,1,R,R,R,1,1,1,True,congruent,0,1.073,1de8f0b17e64f78b
2462,569,60-69,55,2,154,190,5,R,R,R,1,1,1,True,congruent,0,0.953,bf59cea6dc8096b2
2463,569,60-69,55,4,194,249,5,D,D,D,3,3,3,True,congruent,0,0.911,0d6017a661ed7be7
2464,569,60-69,55,5,511,209,2,U,R,U,2,1,2,True,incongruent,1,1.103,6a408187b579fa83
2465,569,60-69,55,6,152,273,3,L,R,L,0,1,0,True,incongruent,1,0.887,7d3a4111bd5c32df
2466,569,60-69,55,7,318,204,0,L,L,L,0,0,0,True,congruent,0,0.944,59e98fb87df88373
2467,569,60-69,55,8,490,175,1,L,L,L,0,0,0,True,congruent,0,0.922,f97182a7376329ef
2468,569,60-69,55,9,287,282,6,D,U,D,3,2,3,True,incongruent,1,1.136,1d5bd879612f15e4
2469,569,60-69,55,10,147,251,1,U,U,U,2,2,2,True,congruent,0,1.058,2d8c132ddada31dd
2470,569,60-69,55,11,436,221,2,L,R,L,0,1,0,True,incongruent,1,0.989,0172edacaa2fd2f5
2471,569,60-69,55,12,139,274,4,R,D,R,1,3,1,True,incongruent,1,1.53,31465cae60fa1cfe
2472,569,60-69,55,13,385,238,2,D,R,D,3,1,3,True,incongruent,1,1.181,9b96e7d67256b391
2473,569,60-69,55,14,208,236,5,D,D,D,3,3,3,True,congruent,0,1.316,cf1a92a6fe23ab8b
2474,569,60-69,55,15,370,225,5,R,U,R,1,2,1,True,incongruent,1,1.125,744ae8aea5160f18
2475,569,60-69,55,16,135,273,3,R,L,R,1,0,1,True,incongruent,1,1.046,719085fff6ba3338
2476,569,60-69,55,17,391,185,1,L,L,L,0,0,0,True,congruent,0,1.181,ae40ef9bc37f6825
2477,569,60-69,55,18,137,203,1,R,R,R,1,1,1,True,congruent,0,0.754,137d0defaaa78e4b
2478,569,60-69,55,19,363,206,5,L,R,L,0,1,0,True,incongruent,1,1.102,665492bc8af20582
2479,569,60-69,55,20,203,290,3,R,U,R,1,2,1,True,incongruent,1,0.99,d9d46367133edfa5
2480,569,60-69,55,21,471,236,0,D,L,D,3,0,3,True,incongruent,1,1.495,53e91aaaa3a7ce33
2481,569,60-69,55,22,307,188,1,R,U,R,1,2,1,True,incongruent,1,0.843,ee2cde80f3b4e215
2482,569,60-69,55,23,172,255,2,L,L,L,0,0,0,True,congruent,0,1.677,e1470cc9a065cc1d
2483,569,60-69,55,24,519,255,3,L,D,L,0,3,0,True,incongruent,1,0.989,594d7fea8a06d98b
2484,569,60-69,55,25,373,270,5,D,U,D,3,2,3,True,incongruent,1,1.158,60da68b3cf178e90
2485,569,60-69,55,26,132,208,6,L,U,D,0,2,3,False,incongruent,1,1.125,8bcdb69ab341ca6e
2486,569,60-69,55,27,329,198,5,U,L,U,2,0,2,True,incongruent,1,1.422,af08fe26239a69c2
2487,569,60-69,55,28,490,235,3,L,L,L,0,0,0,True,congruent,0,0.989,76c2f40fdebeae9c
2488,569,60-69,55,29,145,235,1,L,R,L,0,1,0,True,incongruent,1,1.237,1887e22150cb6232
2489,569,60-69,55,30,322,268,3,U,L,U,2,0,2,True,incongruent,1,1.406,b6f4d6a14bca9452
2490,569,60-69,55,31,519,233,0,L,R,L,0,1,0,True,incongruent,1,1.474,e1001f02b40df24d
2491,569,60-69,55,33,253,268,3,D,R,D,3,1,3,True,incongruent,1,1.192,33325c998e44c95c
2492,569,60-69,55,35,176,275,0,U,D,U,2,3,2,True,incongruent,1,1.248,c75478833b7742b7
2493,569,60-69,55,36,456,175,2,R,D,R,1,3,1,True,incongruent,1,1.012,cffbc59679a6f396
2494,569,60-69,55,37,189,218,5,D,D,D,3,3,3,True,congruent,0,0.913,856e522b3d4dd782
2495,569,60-69,56,2,291,193,6,R,R,R,1,1,1,True,congruent,0,1.054,fd69da4f533cee08
2496,569,60-69,56,3,136,189,5,L,L,L,0,0,0,True,congruent,0,1.124,4808b84bd75441e4
2497,569,60-69,56,6,451,266,5,R,L,R,1,0,1,True,incongruent,1,1.564,7b71f36e74b4fb96
2498,569,60-69,56,7,210,232,0,L,U,L,0,2,0,True,incongruent,1,1.101,8b745138815523bc
2499,569,60-69,56,8,384,290,4,D,D,D,3,3,3,True,congruent,0,1.136,86533ae2068a6d72
2500,569,60-69,56,9,499,192,4,U,R,U,2,1,2,True,incongruent,1,1.327,7ea0dff6d9778256
2501,569,60-69,56,10,178,216,3,L,L,L,0,0,0,True,congruent,0,1.282,6f32a14d6721f75e
2502,569,60-69,56,11,421,217,1,U,L,U,2,0,2,True,incongruent,1,1.216,4be9aaaf3f733bfe
2503,569,60-69,56,12,178,275,2,U,D,U,2,3,2,True,incongruent,1,1.146,bc88b7db9b626039
2504,569,60-69,56,13,398,224,5,L,U,L,0,2,0,True,incongruent,1,1.091,7acefd8b1cd8aafb
2505,569,60-69,56,14,171,192,4,D,U,D,3,2,3,True,incongruent,1,1.428,1e80b298eaf0ca92
2506,569,60-69,56,15,330,206,3,U,D,U,2,3,2,True,incongruent,1,1.305,8a50725af7f7c3ca
2507,569,60-69,56,16,483,192,1,U,L,U,2,0,2,True,incongruent,1,1.372,83023d6df7942043
2508,569,60-69,56,17,217,253,3,R,L,R,1,0,1,True,incongruent,1,1.068,f3c8c92c7ac91214
2509,569,60-69,56,18,434,226,6,L,L,L,0,0,0,True,congruent,0,1.226,0c87b42d9b690813
2510,569,60-69,56,20,493,241,4,R,R,U,1,1,2,False,congruent,0,1.439,ca0812387e8e7611
2511,569,60-69,56,21,285,223,4,D,L,D,3,0,3,True,incongruent,1,1.373,0650b9993e01df8e
2512,569,60-69,56,22,417,288,5,D,D,D,3,3,3,True,congruent,0,1.405,cb4922763b2e2bd2
2513,569,60-69,56,23,161,192,5,U,R,U,2,1,2,True,incongruent,1,1.563,826865d9746419a4
2514,569,60-69,56,24,337,212,4,U,D,U,2,3,2,True,incongruent,1,1.271,83d6f53e04a20514
2515,569,60-69,56,25,510,270,4,D,R,L,3,1,0,False,incongruent,1,1.283,ffd71351986b2c25
2516,569,60-69,56,27,352,259,2,R,R,R,1,1,1,True,congruent,0,1.068,3369a1ef004d2eb7
2517,569,60-69,56,28,198,286,4,U,U,U,2,2,2,True,congruent,0,1.25,ba76c2c26403e0f6
2518,569,60-69,56,29,440,288,5,U,U,U,2,2,2,True,congruent,0,1.044,26ba3d93e275e209
2519,569,60-69,56,30,239,208,0,R,U,R,1,2,1,True,incongruent,1,1.192,8038c5e16612af21
2520,569,60-69,56,31,361,290,3,D,U,U,3,2,2,False,incongruent,1,0.843,f121bc499f17e5cc
2521,569,60-69,56,32,490,191,4,R,D,R,1,3,1,True,incongruent,1,0.922,ca46b0f2dc14e6aa
2522,569,60-69,56,33,332,286,1,L,L,L,0,0,0,True,congruent,0,1.034,38fb105eea8fab0c
2523,569,60-69,57,1,204,218,0,R,R,R,1,1,1,True,congruent,0,0.905,126d19af8200f594
2524,569,60-69,57,2,457,178,3,R,U,R,1,2,1,True,incongruent,1,1.358,cf2c9cc999d927bf
2525,569,60-69,57,3,360,289,6,L,U,L,0,2,0,True,incongruent,1,1.305,0849ae53dccbb458
2526,569,60-69,57,4,154,212,6,D,D,D,3,3,3,True,congruent,0,1.012,f7eae6e855d7804a
2527,569,60-69,57,5,385,213,1,R,R,R,1,1,1,True,congruent,0,0.843,e41af9bc1a9aad54
2528,569,60-69,57,6,525,237,0,U,R,U,2,1,2,True,incongruent,1,1.518,12b9b23fd9cdf1ab
2529,569,60-69,57,8,510,273,3,U,L,U,2,0,2,True,incongruent,1,1.327,7359be5a18303330
2530,569,60-69,57,9,361,283,2,D,U,D,3,2,3,True,incongruent,1,1.587,dc21f715ff39ae6e
2531,569,60-69,57,10,232,197,5,U,U,U,2,2,2,True,congruent,0,1.203,8405a5a8f4e21c21
2532,569,60-69,57,11,120,283,0,U,U,U,2,2,2,True,congruent,0,1.034,ff753d980f32b340
2533,569,60-69,57,12,234,200,2,R,R,R,1,1,1,True,congruent,0,1.339,c54bdf57f2e1c2a0
2534,569,60-69,57,13,520,204,0,U,L,U,2,0,2,True,incongruent,1,1.349,18194306e05d3195
2535,569,60-69,57,14,135,226,2,U,U,R,2,2,1,False,congruent,0,0.978,9a7f5cad9a1edfad
2536,569,60-69,57,15,438,245,4,R,R,R,1,1,1,True,congruent,0,1.147,48e4a812ee04e09f
2537,569,60-69,57,16,135,172,4,R,R,R,1,1,1,True,congruent,0,0.967,0db81c91e1c7f412
2538,569,60-69,57,17,468,245,6,L,L,L,0,0,0,True,congruent,0,1.384,9024a33c1c73c70d
2539,569,60-69,57,18,189,242,2,U,D,U,2,3,2,True,incongruent,1,1.35,a40e664db82ffd6b
2540,569,60-69,57,19,372,184,6,R,R,R,1,1,1,True,congruent,0,0.933,6e2674a3096aff56
2541,569,60-69,57,20,144,279,1,U,D,D,2,3,3,False,incongruent,1,1.092,f290b445d327f59f
2542,569,60-69,57,21,485,285,5,R,R,R,1,1,1,True,congruent,0,1.135,507291abb00326d6
2543,569,60-69,57,22,242,264,5,U,D,U,2,3,2,True,incongruent,1,1.597,61d66eba4d19a637
2544,569,60-69,57,23,426,264,5,L,L,L,0,0,0,True,congruent,0,1.193,1fc5732d510e6eed
2545,569,60-69,57,24,302,179,4,D,U,D,3,2,3,True,incongruent,1,1.226,432a5132abbdfc99
2546,569,60-69,57,25,117,221,5,L,D,L,0,3,0,True,incongruent,1,1.159,df2c5f7db32a3d10
2547,569,60-69,57,26,398,205,4,U,L,U,2,0,2,True,incongruent,1,1.372,4a756100e98b1cfc
2548,569,60-69,57,27,159,188,1,L,D,L,0,3,0,True,incongruent,1,0.911,533cd4dd29bdfee0
2549,569,60-69,57,28,384,172,3,U,U,U,2,2,2,True,congruent,0,1.0,6740b6f75d9fb66b
2550,569,60-69,57,29,173,230,5,U,U,U,2,2,2,True,congruent,0,1.136,90bbae40ddddcaaa
2551,569,60-69,57,30,310,170,1,D,D,D,3,3,3,True,congruent,0,0.967,c90d45c2a0b2f0dc
2552,569,60-69,57,31,464,227,2,U,U,U,2,2,2,True,congruent,0,1.327,a0ce207ac52526f4
2553,569,60-69,57,32,169,249,1,R,D,R,1,3,1,True,incongruent,1,0.945,5e5778065b63c542
2554,569,60-69,57,33,332,188,1,R,R,R,1,1,1,True,congruent,0,1.0,b91c9d39060a986c
2555,569,60-69,57,34,152,265,4,U,L,U,2,0,2,True,incongruent,1,1.408,734c6edbf21ee461
2556,569,60-69,57,35,484,259,0,R,R,R,1,1,1,True,congruent,0,0.921,00edc8c05d7ee07a
2557,569,60-69,57,36,321,180,1,U,D,D,2,3,3,False,incongruent,1,0.9,03edc563ad3f0ba7
2558,569,60-69,57,37,505,231,2,U,R,R,2,1,1,False,incongruent,1,0.866,bcb0e548ee22dfea
2559,569,60-69,57,38,355,281,1,D,U,D,3,2,3,True,incongruent,1,1.148,772db5eebeef5db1
2560,335,70-79,50,2,417,266,6,L,R,L,0,1,0,True,incongruent,1,1.099,c936056e38e6035a
2561,335,70-79,50,3,205,257,6,R,R,R,1,1,1,True,congruent,0,0.844,a044ce6c23fc66cd
2562,335,70-79,50,4,363,252,6,R,R,R,1,1,1,True,congruent,0,0.719,7a17e032ad4674e2
2563,335,70-79,50,5,210,271,6,D,U,D,3,2,3,True,incongruent,1,0.812,b87528e789612daa
2564,335,70-79,50,6,385,197,2,D,D,D,3,3,3,True,congruent,0,0.782,7f8155a4f60c8f31
2565,335,70-79,50,7,207,202,0,R,L,R,1,0,1,True,incongruent,1,0.843,5068228d50e5440b
2566,335,70-79,50,8,496,205,2,L,U,L,0,2,0,True,incongruent,1,0.938,903a395c25fe8f7d
2567,335,70-79,50,9,362,267,4,D,D,D,3,3,3,True,congruent,0,0.766,60b1274ecd71ae8d
2568,335,70-79,50,10,181,266,0,R,R,R,1,1,1,True,congruent,0,0.844,696ef55a45d62340
2569,335,70-79,50,11,472,216,1,U,U,U,2,2,2,True,congruent,0,0.796,b02d448a64e1fa43
2570,335,70-79,50,12,277,284,4,U,U,U,2,2,2,True,congruent,0,0.719,1f5fcbe3ee7c8c93
2571,335,70-79,50,13,454,225,4,U,R,U,2,1,2,True,incongruent,1,0.735,bdcdb14b35169fe4
2572,335,70-79,50,14,218,240,3,L,L,L,0,0,0,True,congruent,0,0.656,2e5652e08430ef10
2573,335,70-79,50,15,410,195,6,R,R,R,1,1,1,True,congruent,0,1.078,a1108704d01e12a0
2574,335,70-79,50,16,257,277,2,D,L,D,3,0,3,True,incongruent,1,0.781,7662debc5aeadaa7
2575,335,70-79,50,17,405,261,0,U,U,U,2,2,2,True,congruent,0,0.734,481659d8a723ee13
2576,335,70-79,50,18,240,283,4,L,R,L,0,1,0,True,incongruent,1,0.672,ae04dbcedb3f3695
2577,335,70-79,50,19,507,275,1,U,R,U,2,1,2,True,incongruent,1,0.688,2d06a08fc4b5e701
2578,335,70-79,50,20,223,173,1,D,D,D,3,3,3,True,congruent,0,0.719,5ef3518faee32f6d
2579,335,70-79,50,21,475,263,1,D,D,D,3,3,3,True,congruent,0,0.672,f5a63b43738a6150
2580,335,70-79,50,22,330,265,6,U,L,U,2,0,2,True,incongruent,1,0.734,ae96336fe0e15d64
2581,335,70-79,50,23,163,191,1,L,U,L,0,2,0,True,incongruent,1,0.859,9678fc591e043178
2582,335,70-79,50,24,313,219,2,D,U,D,3,2,3,True,incongruent,1,0.75,561b59ed5de5ccfe
2583,335,70-79,50,25,158,221,5,U,U,U,2,2,2,True,congruent,0,0.735,c167e54c30f50e5e
2584,335,70-79,50,26,437,200,0,U,R,U,2,1,2,True,incongruent,1,0.687,22b1a9a93cca4678
2585,335,70-79,50,27,255,178,4,U,U,U,2,2,2,True,congruent,0,0.844,53f48bb2762166ee
2586,335,70-79,50,28,374,283,6,R,R,R,1,1,1,True,congruent,0,0.797,ce8a068ecb3d6b6e
2587,335,70-79,50,29,159,234,2,R,R,R,1,1,1,True,congruent,0,0.703,d0b60aa59e0bba2d
2588,335,70-79,50,30,402,243,4,R,D,R,1,3,1,True,incongruent,1,0.657,a41fb6362ed8c6c8
2589,335,70-79,50,31,219,200,1,U,U,U,2,2,2,True,congruent,0,0.718,31ef379dab225e6e
2590,335,70-79,50,32,423,273,0,R,D,R,1,3,1,True,incongruent,1,0.86,aa3330c9440800ce
2591,335,70-79,50,33,315,171,5,L,L,L,0,0,0,True,congruent,0,0.781,76f5a1d70220e043
2592,335,70-79,50,34,226,284,1,R,D,R,1,3,1,True,incongruent,1,1.0,63b4a05854b13188
2593,335,70-79,50,35,498,259,6,L,L,L,0,0,0,True,congruent,0,0.735,3d144e8db939e10e
2594,335,70-79,50,36,260,260,1,L,L,L,0,0,0,True,congruent,0,0.64,c07fc2f1655860af
2595,335,70-79,50,37,412,181,0,U,R,U,2,1,2,True,incongruent,1,0.891,61328b101be91d94
2596,335,70-79,50,38,131,198,0,R,R,R,1,1,1,True,congruent,0,0.766,0dde8f04d09638f9
2597,335,70-79,50,39,494,225,2,D,R,D,3,1,3,True,incongruent,1,0.734,bf6b75390a9054fa
2598,335,70-79,50,40,315,178,2,D,D,D,3,3,3,True,congruent,0,0.687,baea5cff0a326122
2599,335,70-79,50,41,466,171,3,D,D,D,3,3,3,True,congruent,0,0.641,5a18b441c9b36ae3
2600,335,70-79,50,42,238,250,6,D,D,D,3,3,3,True,congruent,0,0.61,e0d3a5e10531c614
2601,335,70-79,50,43,465,261,1,L,R,L,0,1,0,True,incongruent,1,0.64,27c8e0eb26bcb19a
2602,335,70-79,50,44,274,179,4,L,U,L,0,2,0,True,incongruent,1,0.891,5558ba15da914a0a
2603,335,70-79,50,45,407,240,0,L,L,L,0,0,0,True,congruent,0,0.687,f55610a4b67adcd0
2604,335,70-79,50,46,234,272,2,R,D,R,1,3,1,True,incongruent,1,0.813,e4ba14796d0585c8
2605,335,70-79,50,47,398,248,1,L,L,L,0,0,0,True,congruent,0,0.703,c78c339c0195481d
2606,335,70-79,50,48,269,192,2,U,L,U,2,0,2,True,incongruent,1,0.813,7085d441c8bc4153
2607,335,70-79,50,49,518,246,3,R,U,R,1,2,1,True,incongruent,1,0.953,6a50d9ace5e9dd70
2608,335,70-79,50,50,155,245,2,L,L,L,0,0,0,True,congruent,0,0.719,2491d813ebdea76a
2609,335,70-79,50,51,441,278,4,U,R,U,2,1,2,True,incongruent,1,0.718,4727424692ae4ff9
2610,335,70-79,50,52,144,243,0,U,R,U,2,1,2,True,incongruent,1,0.704,bb7891bd60748694
2611,335,70-79,50,53,464,261,3,D,D,D,3,3,3,True,congruent,0,0.812,e596bb2a6add067b
2612,335,70-79,50,54,130,191,5,L,R,L,0,1,0,True,incongruent,1,0.953,4a5c8bdccdb73aa0
2613,335,70-79,50,55,398,276,5,R,D,R,1,3,1,True,incongruent,1,0.781,d4cd648707377416
2614,335,70-79,50,56,217,188,4,U,R,U,2,1,2,True,incongruent,1,0.86,efedec426b00ea60
2615,335,70-79,50,57,423,253,4,R,U,R,1,2,1,True,incongruent,1,0.75,3bd531c4f0db7b26
2616,335,70-79,51,3,503,261,1,D,R,D,3,1,3,True,incongruent,1,0.938,8767058206c9a5da
2617,335,70-79,51,4,339,288,3,R,L,R,1,0,1,True,incongruent,1,0.859,8ab504b61874e51e
2618,335,70-79,51,5,162,230,4,L,L,L,0,0,0,True,congruent,0,0.922,0d43d6742b9ac7b6
2619,335,70-79,51,6,436,215,3,D,D,D,3,3,3,True,congruent,0,1.078,7c399a6ea215d2a7
2620,335,70-79,51,7,151,188,5,L,U,L,0,2,0,True,incongruent,1,0.922,a6e8a80ade5a04ed
2621,335,70-79,51,8,442,250,1,L,U,L,0,2,0,True,incongruent,1,1.125,0674d453bbecc3f7
2622,335,70-79,51,9,151,253,1,D,L,D,3,0,3,True,incongruent,1,0.828,4bc6b8666e4ce12c
2623,335,70-79,51,10,317,233,2,U,U,U,2,2,2,True,congruent,0,0.891,0ab6491b41d4e69b
2624,335,70-79,51,11,147,236,4,U,U,U,2,2,2,True,congruent,0,0.75,cbe82432fa622e49
2625,335,70-79,51,12,368,284,3,U,U,U,2,2,2,True,congruent,0,0.734,544a030dfd084d82
2626,335,70-79,51,13,217,271,2,U,U,U,2,2,2,True,congruent,0,0.719,37b7ba41bb9d4d20
2627,335,70-79,51,15,176,199,2,L,U,L,0,2,0,True,incongruent,1,0.875,5e319a207ef3d6f6
2628,335,70-79,51,16,360,219,2,L,L,L,0,0,0,True,congruent,0,0.719,7d102a995d25aade
2629,335,70-79,51,17,506,195,5,U,D,U,2,3,2,True,incongruent,1,0.922,ac5c5273321e6434
2630,335,70-79,51,18,271,227,3,U,D,U,2,3,2,True,incongruent,1,0.922,e7ccead6b880239c
2631,335,70-79,51,19,504,242,2,U,U,U,2,2,2,True,congruent,0,0.75,fab075c24ce724e4
2632,335,70-79,51,20,204,232,4,R,R,R,1,1,1,True,congruent,0,0.844,de697e94a4cfa570
2633,335,70-79,51,21,487,279,3,U,U,U,2,2,2,True,congruent,0,1.078,e38af09d1c6cb997
2634,335,70-79,51,22,282,227,3,U,L,U,2,0,2,True,incongruent,1,0.844,a637e0a6e4de4332
2635,335,70-79,51,23,129,252,1,U,U,U,2,2,2,True,congruent,0,0.75,8ad3ceb2a5013aa4
2636,335,70-79,51,24,301,270,4,U,D,U,2,3,2,True,incongruent,1,0.797,2813eeea765727e6
2637,335,70-79,51,25,159,194,0,R,D,R,1,3,1,True,incongruent,1,0.922,67e35019dae555f5
2638,335,70-79,51,26,353,209,4,L,L,L,0,0,0,True,congruent,0,0.781,588555bce5c2f517
2639,335,70-79,51,27,185,219,1,R,L,R,1,0,1,True,incongruent,1,0.672,0c9dbea6a707bf09
2640,335,70-79,51,28,517,176,3,L,D,L,0,3,0,True,incongruent,1,0.781,70f01ef7e0d8f070
2641,335,70-79,51,29,294,220,4,U,U,U,2,2,2,True,congruent,0,0.828,c84bc4826640284d
2642,335,70-79,51,30,160,264,4,U,U,U,2,2,2,True,congruent,0,0.703,fb1f62286f80808b
2643,335,70-79,51,31,304,251,1,L,D,L,0,3,0,True,incongruent,1,0.781,c9b7b4e529864e37
2644,335,70-79,51,32,128,272,0,U,U,U,2,2,2,True,congruent,0,0.781,c276edcb8dda8317
2645,335,70-79,51,33,369,225,4,D,L,D,3,0,3,True,incongruent,1,1.016,0fc5dfb9212b176f
2646,335,70-79,51,34,226,189,3,R,R,R,1,1,1,True,congruent,0,0.875,d0aed9b0f50be150
2647,335,70-79,51,35,364,283,5,U,U,U,2,2,2,True,congruent,0,0.922,dbf423ed219766fe
2648,335,70-79,51,36,521,190,4,D,D,D,3,3,3,True,congruent,0,0.984,39fe6557dee28695
2649,335,70-79,51,37,125,207,3,U,R,U,2,1,2,True,incongruent,1,0.954,9d744441078a3146
2650,335,70-79,51,38,345,269,4,U,L,U,2,0,2,True,incongruent,1,0.797,96a42f5496834ac2
2651,335,70-79,51,39,509,233,4,L,U,L,0,2,0,True,incongruent,1,0.875,96f5a12c17e45cca
2652,335,70-79,51,40,156,289,6,L,R,L,0,1,0,True,incongruent,1,1.0,427ce49af87da351
2653,335,70-79,51,41,242,172,4,R,R,R,1,1,1,True,congruent,0,0.937,12d930e635bbda34
2654,335,70-79,51,42,454,170,4,L,D,L,0,3,0,True,incongruent,1,0.828,bf6fd3e7debfddb8
2655,335,70-79,51,43,129,263,6,U,U,U,2,2,2,True,congruent,0,0.672,8f416ddb3cbc65e9
2656,335,70-79,51,44,453,269,1,R,D,R,1,3,1,True,incongruent,1,0.828,e24a628b71a1e4ce
2657,335,70-79,51,45,263,229,3,R,R,R,1,1,1,True,congruent,0,0.719,4cdd72e86d8818b0
2658,335,70-79,51,46,511,185,2,R,R,R,1,1,1,True,congruent,0,0.688,3d0f0619c144f244
2659,335,70-79,51,47,148,249,1,D,L,D,3,0,3,True,incongruent,1,0.859,7761c9021628af10
2660,335,70-79,51,48,452,230,5,L,L,L,0,0,0,True,congruent,0,0.703,5a49f959b7c10530
2661,335,70-79,51,49,116,272,1,L,U,L,0,2,0,True,incongruent,1,0.719,3ae5a98735e651f3
2662,335,70-79,51,50,267,284,4,L,L,L,0,0,0,True,congruent,0,0.672,2a63e5f60dcd2cf9
2663,335,70-79,51,51,489,186,5,D,U,D,3,2,3,True,incongruent,1,0.672,d78ade359661525e
2664,335,70-79,51,52,196,249,6,R,D,R,1,3,1,True,incongruent,1,1.047,beef2e1d1deda8a5
2665,335,70-79,52,1,448,203,5,D,D,D,3,3,3,True,congruent,0,0.875,3017028d9ad2d055
2666,335,70-79,52,2,321,279,4,U,U,U,2,2,2,True,congruent,0,0.829,b1601896204829a2
2667,335,70-79,52,3,141,263,4,U,L,U,2,0,2,True,incongruent,1,0.72,8a5b8cea1a1d8e20
2668,335,70-79,52,4,348,261,0,U,U,U,2,2,2,True,congruent,0,0.672,b9f71387ca1d9c4a
2669,335,70-79,52,5,186,261,2,D,D,D,3,3,3,True,congruent,0,0.937,42dd21c559059e25
2670,335,70-79,52,6,403,244,4,L,U,L,0,2,0,True,incongruent,1,0.875,64f02ae17723a222
2671,335,70-79,52,7,132,193,4,L,D,L,0,3,0,True,incongruent,1,0.969,f114123476216d3d
2672,335,70-79,52,8,510,203,6,D,D,D,3,3,3,True,congruent,0,0.844,cd88cd905dda0615
2673,335,70-79,52,9,217,213,5,L,D,L,0,3,0,True,incongruent,1,0.734,4cf8d9255c8fcbbc
2674,335,70-79,52,10,433,284,4,L,L,L,0,0,0,True,congruent,0,0.703,626709d8da292aff
2675,335,70-79,52,11,264,261,1,R,U,R,1,2,1,True,incongruent,1,0.829,5bc438d8ff357b6a
2676,335,70-79,52,12,508,201,4,U,L,U,2,0,2,True,incongruent,1,0.859,8decb3ab94faebdd
2677,335,70-79,52,13,254,178,4,L,L,L,0,0,0,True,congruent,0,0.703,322f668414add702
2678,335,70-79,52,14,517,255,1,L,L,L,0,0,0,True,congruent,0,0.735,93ed9d74cb421188
2679,335,70-79,52,15,230,178,0,U,U,U,2,2,2,True,congruent,0,0.64,bae38ad489f27d80
2680,335,70-79,52,16,498,198,2,L,R,L,0,1,0,True,incongruent,1,0.891,3f18cc0ee78355cc
2681,335,70-79,52,17,337,289,3,R,L,R,1,0,1,True,incongruent,1,0.953,6353d9064679305a
2682,335,70-79,52,18,219,193,6,U,U,U,2,2,2,True,congruent,0,0.766,2306ee2742e0c7f0
2683,335,70-79,52,19,422,266,3,R,R,R,1,1,1,True,congruent,0,0.828,b00f36404c760799
2684,335,70-79,52,20,244,282,6,D,D,D,3,3,3,True,congruent,0,0.719,636e80b8fab052c5
2685,335,70-79,52,21,392,251,2,D,D,D,3,3,3,True,congruent,0,0.657,3ae73249367bb562
2686,335,70-79,52,22,244,186,5,D,U,D,3,2,3,True,incongruent,1,0.672,c1c5020426eabcb9
2687,335,70-79,52,23,387,193,6,L,D,L,0,3,0,True,incongruent,1,0.734,0500ea8f06776546
2688,335,70-79,52,24,217,278,2,L,U,L,0,2,0,True,incongruent,1,0.953,f8882a61d433fa59
2689,335,70-79,52,25,503,213,1,U,U,U,2,2,2,True,congruent,0,0.735,683507b932391f82
2690,335,70-79,52,26,278,231,0,U,R,U,2,1,2,True,incongruent,1,0.687,a9e8e86285820601
2691,335,70-79,52,27,488,176,6,U,U,U,2,2,2,True,congruent,0,0.656,64aa9c475c84ffaa
2692,335,70-79,52,28,190,207,2,L,U,L,0,2,0,True,incongruent,1,0.797,ba2da5849f9dbcd6
2693,335,70-79,52,29,433,211,1,R,U,R,1,2,1,True,incongruent,1,0.86,00d0469a55122bb0
2694,335,70-79,52,30,175,239,1,D,L,D,3,0,3,True,incongruent,1,0.734,7dce24c45d970aa5
2695,335,70-79,52,31,453,237,1,L,L,L,0,0,0,True,congruent,0,0.656,f20741d144ba79c7
2696,335,70-79,52,32,259,282,5,L,U,L,0,2,0,True,incongruent,1,0.907,64ef90c7420be043
2697,335,70-79,52,33,395,202,0,D,D,D,3,3,3,True,congruent,0,0.734,16d0c3cc395a0678
2698,335,70-79,52,34,195,267,5,D,U,D,3,2,3,True,incongruent,1,0.766,00c91ea97f97087a
2699,335,70-79,52,36,328,263,4,L,D,L,0,3,0,True,incongruent,1,0.984,fcb1e99bcc3e3eac
2700,335,70-79,52,37,173,176,0,R,R,R,1,1,1,True,congruent,0,0.906,bf95f0a3711db7f0
2701,335,70-79,52,38,480,197,3,R,R,R,1,1,1,True,congruent,0,0.86,8791fb9dc415d7f2
2702,335,70-79,52,39,237,252,4,R,L,R,1,0,1,True,incongruent,1,0.829,c12bf8e15aa5f2cb
2703,335,70-79,52,40,507,245,6,D,R,D,3,1,3,True,incongruent,1,0.937,9fecb325c1e52209
2704,335,70-79,52,41,231,241,2,L,L,L,0,0,0,True,congruent,0,0.797,d3dd91538009e15f
2705,335,70-79,52,42,519,189,2,R,U,R,1,2,1,True,incongruent,1,0.969,12756398460ae192
2706,335,70-79,52,44,523,233,4,U,R,U,2,1,2,True,incongruent,1,1.093,b268bfdec6bcc359
2707,335,70-79,52,45,138,191,6,L,L,L,0,0,0,True,congruent,0,0.953,dba4bb7e33b1732b
2708,335,70-79,52,46,423,264,6,U,U,U,2,2,2,True,congruent,0,0.641,33a50a8584094ad8
2709,335,70-79,52,47,233,265,3,R,L,R,1,0,1,True,incongruent,1,0.86,09e45ea47867e896
2710,335,70-79,52,48,439,182,4,R,L,R,1,0,1,True,incongruent,1,0.765,f870503a3a4e6b19
2711,335,70-79,52,49,115,241,4,U,D,U,2,3,2,True,incongruent,1,0.969,50da905e45888f6b
2712,335,70-79,52,50,313,236,2,D,R,D,3,1,3,True,incongruent,1,0.984,eda594faa6ab1ff3
2713,335,70-79,52,51,464,179,4,D,U,D,3,2,3,True,incongruent,1,0.782,be147d1dc275bd97
2714,335,70-79,52,52,225,272,3,U,D,U,2,3,2,True,incongruent,1,0.906,a542ef291d3711c3
2715,335,70-79,52,53,443,218,0,L,L,L,0,0,0,True,congruent,0,1.047,c26596be00120388
2716,335,70-79,53,1,170,189,5,R,D,R,1,3,1,True,incongruent,1,0.797,a8cff9edb4546122
2717,335,70-79,53,2,383,213,2,U,L,U,2,0,2,True,incongruent,1,1.105,518c2a37f52432e4
2718,335,70-79,53,3,160,223,1,U,D,U,2,3,2,True,incongruent,1,0.723,54f92ac5b20634d9
2719,335,70-79,53,4,516,237,2,D,U,D,3,2,3,True,incongruent,1,0.875,879844c2869d7750
2720,335,70-79,53,5,373,289,3,D,D,D,3,3,3,True,congruent,0,0.797,704a98221ab59126
2721,335,70-79,53,6,502,216,1,L,L,L,0,0,0,True,congruent,0,0.86,8477a873c9d9c85c
2722,335,70-79,53,7,281,257,6,U,R,U,2,1,2,True,incongruent,1,0.734,ca444437290dcbaa
2723,335,70-79,53,8,131,288,1,U,R,U,2,1,2,True,incongruent,1,0.828,9e111d165ff4478e
2724,335,70-79,53,9,502,265,0,D,D,D,3,3,3,True,congruent,0,0.719,3fe6e37cb41c19bc
2725,335,70-79,53,10,283,240,4,R,D,R,1,3,1,True,incongruent,1,0.781,a6dd176f3c96d14d
2726,335,70-79,53,11,424,203,0,U,D,U,2,3,2,True,incongruent,1,0.891,28075ef2b692bd3c
2727,335,70-79,53,12,268,257,6,U,U,U,2,2,2,True,congruent,0,0.687,25c361a7170cc3cb
2728,335,70-79,53,13,434,266,1,L,D,L,0,3,0,True,incongruent,1,0.719,92c69f72d5c17d62
2729,335,70-79,53,14,142,226,1,L,D,L,0,3,0,True,incongruent,1,0.703,8e3594d3c4ce2818
2730,335,70-79,53,15,446,282,1,R,L,R,1,0,1,True,incongruent,1,0.782,af6a32540aee3767
2731,335,70-79,53,16,142,263,1,L,L,L,0,0,0,True,congruent,0,0.64,096079c0d15928c7
2732,335,70-79,53,17,330,180,6,D,L,D,3,0,3,True,incongruent,1,0.797,b5ea467ed2c22293
2733,335,70-79,53,18,190,254,5,R,R,R,1,1,1,True,congruent,0,1.016,7607fe685c228dbb
2734,335,70-79,53,19,485,201,4,D,L,D,3,0,3,True,incongruent,1,0.984,ae45efd98d7c6f44
2735,335,70-79,53,20,244,225,2,U,L,U,2,0,2,True,incongruent,1,0.719,0a8b21d170f2a063
2736,335,70-79,53,21,452,283,0,L,D,L,0,3,0,True,incongruent,1,0.906,03743b4bce25bae3
2737,335,70-79,53,22,278,192,0,U,U,U,2,2,2,True,congruent,0,0.672,00130652cccd35f0
2738,335,70-79,53,23,524,266,1,U,U,U,2,2,2,True,congruent,0,0.75,a4eb64cb2e75467d
2739,335,70-79,53,24,383,255,3,R,R,R,1,1,1,True,congruent,0,0.719,88f95bd810688958
2740,335,70-79,53,25,176,207,2,R,L,R,1,0,1,True,incongruent,1,1.016,bdaf6f57dbf9354e
2741,335,70-79,53,26,507,225,3,L,D,L,0,3,0,True,incongruent,1,0.875,3442cae927021111
2742,335,70-79,53,27,274,217,3,D,D,D,3,3,3,True,congruent,0,0.734,aa54c210687aaba8
2743,335,70-79,53,28,465,222,3,L,L,L,0,0,0,True,congruent,0,0.657,d6dc0919395b9c86
2744,335,70-79,53,29,202,176,5,L,D,L,0,3,0,True,incongruent,1,0.812,6e543922f56a978a
2745,335,70-79,53,30,360,225,4,R,U,R,1,2,1,True,incongruent,1,0.765,98c4cbbdb5559808
2746,335,70-79,53,31,168,259,4,L,U,L,0,2,0,True,incongruent,1,0.876,fa6fc1c00d8e55c4
2747,335,70-79,53,32,462,216,4,U,R,U,2,1,2,True,incongruent,1,0.89,1ffc91e521a5c976
2748,335,70-79,53,33,238,265,6,U,U,U,2,2,2,True,congruent,0,0.719,58de9d7b3596cdfa
2749,335,70-79,53,34,469,220,6,R,L,R,1,0,1,True,incongruent,1,0.875,c49da4d78bb30f95
2750,335,70-79,53,35,203,215,0,L,L,L,0,0,0,True,congruent,0,0.734,5a39a8259d5db3c6
2751,335,70-79,53,36,390,191,1,D,R,D,3,1,3,True,incongruent,1,0.985,2c3ee1d2b4fe4827
2752,335,70-79,53,37,156,185,3,L,D,L,0,3,0,True,incongruent,1,1.047,c199056036c499a3
2753,335,70-79,53,38,482,243,0,D,R,D,3,1,3,True,incongruent,1,0.875,9ee268ab9f586b96
2754,335,70-79,53,39,194,231,2,R,U,R,1,2,1,True,incongruent,1,0.75,c4ab0e837f918ec6
2755,335,70-79,53,40,360,243,1,L,L,L,0,0,0,True,congruent,0,0.797,b2368dc06719da5b
2756,335,70-79,53,41,184,229,1,D,D,D,3,3,3,True,congruent,0,0.765,727ea8f4c7e27112
2757,335,70-79,53,42,496,172,6,U,R,U,2,1,2,True,incongruent,1,1.001,8b9ba866645d73c4
2758,335,70-79,53,43,349,212,6,D,U,D,3,2,3,True,incongruent,1,0.843,a98b52c9bf5b2f2f
2759,335,70-79,53,44,177,208,2,L,L,L,0,0,0,True,congruent,0,0.719,345cad5fb85e595c
2760,335,70-79,53,45,477,195,3,U,U,U,2,2,2,True,congruent,0,0.891,a88d51631e483f41
2761,335,70-79,53,46,155,254,5,L,U,L,0,2,0,True,incongruent,1,0.812,791909c6adf811b9
2762,335,70-79,53,47,350,231,1,L,U,L,0,2,0,True,incongruent,1,0.766,06d969dbb284fd8d
2763,335,70-79,53,48,519,176,1,D,D,D,3,3,3,True,congruent,0,0.75,3bc0b73b7eccd36d
2764,335,70-79,53,49,273,190,3,R,R,R,1,1,1,True,congruent,0,0.75,98db814f517ac796
2765,335,70-79,53,50,514,280,0,R,U,R,1,2,1,True,incongruent,1,0.859,7b161af4154407e9
2766,335,70-79,53,51,276,218,0,L,R,L,0,1,0,True,incongruent,1,0.75,d159f77d47c9c38d
2767,335,70-79,53,52,139,267,2,R,U,U,1,2,2,False,incongruent,1,0.735,c09cec77c9b099f9
2768,335,70-79,53,54,205,228,1,L,D,L,0,3,0,True,incongruent,1,0.703,f105fb58495a6374
2769,335,70-79,54,1,258,282,2,D,D,D,3,3,3,True,congruent,0,0.782,2727ab60642d0b36
2770,335,70-79,54,2,426,263,3,U,L,U,2,0,2,True,incongruent,1,0.891,5466ea3d25c8b28a
2771,335,70-79,54,3,168,223,1,U,U,U,2,2,2,True,congruent,0,0.647,051775ee2d6dd9ac
2772,335,70-79,54,4,497,178,4,L,L,L,0,0,0,True,congruent,0,0.985,c03c5aa8fafdeba1
2773,335,70-79,54,5,257,198,1,U,U,U,2,2,2,True,congruent,0,0.687,0d8e1b5f9c89cb7e
2774,335,70-79,54,6,412,239,5,L,U,L,0,2,0,True,incongruent,1,0.704,e9d2fecf1045f440
2775,335,70-79,54,7,126,206,2,D,L,D,3,0,3,True,incongruent,1,0.812,9879c89915c0ec4c
2776,335,70-79,54,8,314,231,2,D,D,D,3,3,3,True,congruent,0,0.75,e3ef0f392e7bc827
2777,335,70-79,54,9,479,217,3,L,L,L,0,0,0,True,congruent,0,0.75,35cb27d9c62ff903
2778,335,70-79,54,10,143,196,5,L,L,L,0,0,0,True,congruent,0,0.703,454f84d5fd54d563
2779,335,70-79,54,11,332,242,6,L,L,L,0,0,0,True,congruent,0,0.703,048a94c481062cd2
2780,335,70-79,54,12,483,229,3,L,D,L,0,3,0,True,incongruent,1,0.735,101e2df39886eb2f
2781,335,70-79,54,13,167,222,1,L,L,L,0,0,0,True,congruent,0,0.782,4c6588b7c95522d3
2782,335,70-79,54,14,392,190,3,R,U,R,1,2,1,True,incongruent,1,0.844,043e26f01eb939ba
2783,335,70-79,54,15,129,265,3,R,U,R,1,2,1,True,incongruent,1,0.875,333b7243347c7b86
2784,335,70-79,54,16,524,195,4,R,R,R,1,1,1,True,congruent,0,0.765,039fc683d07cfe80
2785,335,70-79,54,17,281,215,6,L,D,L,0,3,0,True,incongruent,1,0.844,5348d43a9f900926
2786,335,70-79,54,18,507,254,4,D,U,D,3,2,3,True,incongruent,1,1.078,f150002d45388d3c
2787,335,70-79,54,19,296,252,0,D,D,D,3,3,3,True,congruent,0,0.657,f8901c7ff4413294
2788,335,70-79,54,21,466,215,1,U,D,U,2,3,2,True,incongruent,1,0.781,432a396746077c25
2789,335,70-79,54,22,243,188,5,L,D,L,0,3,0,True,incongruent,1,0.687,7f84bb6e4b9d0a49
2790,335,70-79,54,23,521,256,2,U,D,U,2,3,2,True,incongruent,1,0.922,5fe356b27b99b892
2791,335,70-79,54,24,131,212,2,L,R,L,0,1,0,True,incongruent,1,0.797,8c13cd4408a42c1b
2792,335,70-79,54,25,442,279,0,R,D,R,1,3,1,True,incongruent,1,0.828,21c503ada89a32b6
2793,335,70-79,54,26,191,278,1,U,U,U,2,2,2,True,congruent,0,0.797,58d86bc1fe05d7d8
2794,335,70-79,54,27,525,191,3,D,D,D,3,3,3,True,congruent,0,0.985,57ae4328a6503e5e
2795,335,70-79,54,28,336,266,6,U,L,U,2,0,2,True,incongruent,1,0.75,caef67339ec8d6cf
2796,335,70-79,54,29,124,180,0,D,D,D,3,3,3,True,congruent,0,1.172,6088cd1b82ea1179
2797,335,70-79,54,30,331,220,0,U,D,U,2,3,2,True,incongruent,1,0.797,c61cc4fa47065e9d
2798,335,70-79,54,31,508,261,4,D,D,D,3,3,3,True,congruent,0,0.843,c3ce0dba22683131
2799,335,70-79,54,32,226,217,6,D,D,D,3,3,3,True,congruent,0,0.86,fc11b7b383432793
2800,335,70-79,54,33,513,194,0,R,U,R,1,2,1,True,incongruent,1,0.782,d7e06329f9ed1fd8
2801,335,70-79,54,34,250,204,4,L,D,L,0,3,0,True,incongruent,1,0.703,d26b3e0a0fbceb9d
2802,335,70-79,54,35,492,256,1,D,D,D,3,3,3,True,congruent,0,0.766,8819fd3bc08a3326
2803,335,70-79,54,36,136,183,1,L,L,L,0,0,0,True,congruent,0,0.703,fc8508cad4052a53
2804,335,70-79,54,37,362,249,4,U,U,U,2,2,2,True,congruent,0,0.797,8285666daeb0706e
2805,335,70-79,54,38,223,274,3,U,D,U,2,3,2,True,incongruent,1,1.0,39afd7bd62afe941
2806,335,70-79,54,39,501,271,0,U,U,U,2,2,2,True,congruent,0,0.718,e69f7a5c4c911465
2807,335,70-79,54,40,334,180,2,R,L,L,1,0,0,False,incongruent,1,0.704,d6a873281d295dba
2808,335,70-79,54,41,127,227,5,D,D,D,3,3,3,True,congruent,0,0.875,525457c53b54b1ed
2809,335,70-79,54,42,376,221,3,U,L,U,2,0,2,True,incongruent,1,1.078,4d2b063eccdc427c
2810,335,70-79,54,43,116,196,2,L,L,L,0,0,0,True,congruent,0,0.719,683ef7ce9b425a51
2811,335,70-79,54,44,449,194,1,U,R,U,2,1,2,True,incongruent,1,0.89,bc451c9ca66a09f7
2812,335,70-79,54,45,297,259,2,L,L,L,0,0,0,True,congruent,0,0.672,6ce11454efb79e97
2813,335,70-79,54,46,492,220,6,L,L,L,0,0,0,True,congruent,0,0.688,8480b7320df9324c
2814,335,70-79,54,47,221,289,6,L,D,L,0,3,0,True,incongruent,1,0.812,4c982ec306f1f457
2815,335,70-79,54,48,358,201,0,D,D,D,3,3,3,True,congruent,0,0.703,cca1763dfd166da3
2816,984,80-89,50,1,183,191,0,U,U,U,2,2,2,True,congruent,0,1.325,591d644b13b78919
2817,984,80-89,50,2,314,276,3,R,R,R,1,1,1,True,congruent,0,1.033,42e500ba21d3c0cd
2818,984,80-89,50,3,501,275,2,R,R,R,1,1,1,True,congruent,0,0.976,81e63ae40cdfc219
2819,984,80-89,50,4,342,186,1,U,U,U,2,2,2,True,congruent,0,0.935,8743399639945331
2820,984,80-89,50,5,525,276,0,L,D,L,0,3,0,True,incongruent,1,1.281,a700a1bf37087d7b
2821,984,80-89,50,6,386,222,0,L,L,L,0,0,0,True,congruent,0,0.839,1b7a8baba5567d36
2822,984,80-89,50,7,123,199,3,L,L,L,0,0,0,True,congruent,0,0.792,b623405e7973ef2f
2823,984,80-89,50,8,444,206,1,R,R,R,1,1,1,True,congruent,0,0.895,ada2e00669c7c8b4
2824,984,80-89,50,9,130,230,3,R,R,R,1,1,1,True,congruent,0,1.023,de68dfa59713c680
2825,984,80-89,50,10,318,215,6,R,L,R,1,0,1,True,incongruent,1,0.919,efaf10fcd470572a
2826,984,80-89,50,11,494,258,2,L,R,L,0,1,0,True,incongruent,1,1.631,50ab6d8f3e7a4692
2827,984,80-89,50,12,243,251,4,D,D,D,3,3,3,True,congruent,0,1.383,162263c1919615e4
2828,984,80-89,50,13,423,176,5,R,R,R,1,1,1,True,congruent,0,0.926,6890d5323a1db3f7
2829,984,80-89,50,14,194,171,6,D,D,D,3,3,3,True,congruent,0,0.946,a9504049d2529255
2830,984,80-89,50,15,497,181,2,L,L,L,0,0,0,True,congruent,0,0.855,e2e6439847076a23
2831,984,80-89,50,16,180,283,2,L,R,L,0,1,0,True,incongruent,1,1.144,57fc9fc8d74fc7ac
2832,984,80-89,50,17,453,239,5,U,U,U,2,2,2,True,congruent,0,1.168,93dd88397d831599
2833,984,80-89,50,18,137,194,3,R,L,R,1,0,1,True,incongruent,1,1.296,9f2763dd19d5d794
2834,984,80-89,50,19,370,253,1,L,R,L,0,1,0,True,incongruent,1,1.014,ec1bd40c85df03ef
2835,984,80-89,50,20,185,268,4,L,L,L,0,0,0,True,congruent,0,0.944,007e476712d38f4a
2836,984,80-89,50,21,525,263,6,L,D,L,0,3,0,True,incongruent,1,1.104,1087d74695a6e2bd
2837,984,80-89,50,22,273,233,2,R,R,R,1,1,1,True,congruent,0,1.168,921d24f940e80fa7
2838,984,80-89,50,23,124,247,0,L,U,L,0,2,0,True,incongruent,1,1.008,1411e2441ec878af
2839,984,80-89,50,24,410,205,5,R,R,R,1,1,1,True,congruent,0,0.959,e79546c37390d09d
2840,984,80-89,50,25,243,206,4,U,R,L,2,1,0,False,incongruent,1,1.015,85e285852feca049
2841,984,80-89,50,26,500,277,3,U,U,U,2,2,2,True,congruent,0,1.71,be7f266e47e2eb47
2842,984,80-89,50,27,139,273,0,U,U,U,2,2,2,True,congruent,0,0.887,dbb8306b90c2ce82
2843,984,80-89,50,28,387,257,3,U,R,U,2,1,2,True,incongruent,1,0.967,911e6764afab76de
2844,984,80-89,50,29,249,176,5,L,R,L,0,1,0,True,incongruent,1,0.952,59fd72fe5d1f8d05
2845,984,80-89,50,30,468,196,4,L,U,L,0,2,0,True,incongruent,1,1.072,7b836ffe5ec9b3d7
2846,984,80-89,50,31,208,240,1,U,U,U,2,2,2,True,congruent,0,0.887,d3c9c2ce25f70f25
2847,984,80-89,50,32,483,243,4,U,D,U,2,3,2,True,incongruent,1,0.919,dd0b81e4c38c90dd
2848,984,80-89,50,33,213,222,0,L,L,L,0,0,0,True,congruent,0,0.879,d537beca563734ee
2849,984,80-89,50,34,463,255,0,R,L,R,1,0,1,True,incongruent,1,1.016,5d17ba41b8e453f1
2850,984,80-89,50,35,142,174,0,D,R,D,3,1,3,True,incongruent,1,1.144,3ea5effd7bf9831b
2851,984,80-89,50,36,442,236,5,D,U,D,3,2,3,True,incongruent,1,0.759,9e23917d8187daed
2852,984,80-89,50,37,304,174,3,D,D,D,3,3,3,True,congruent,0,0.976,a2c479624ab69758
2853,984,80-89,50,38,120,276,5,L,L,L,0,0,0,True,congruent,0,1.072,44b75cc077345244
2854,984,80-89,50,40,480,189,2,R,R,R,1,1,1,True,congruent,0,1.037,85e23461761b0e19
2855,984,80-89,51,1,229,271,1,U,U,U,2,2,2,True,congruent,0,1.81,50f9aa3257961ebd
2856,984,80-89,51,2,424,273,1,R,U,R,1,2,1,True,incongruent,1,1.081,43d786581da79a37
2857,984,80-89,51,3,193,258,1,D,D,D,3,3,3,True,congruent,0,0.887,778950c031b9176e
2858,984,80-89,51,4,324,207,2,R,R,R,1,1,1,True,congruent,0,0.927,9545a10cebcbfc05
2859,984,80-89,51,5,115,216,1,R,D,R,1,3,1,True,incongruent,1,1.063,6bc2fa30b1184e29
2860,984,80-89,51,6,408,216,1,R,R,R,1,1,1,True,congruent,0,0.841,da328c3507a88667
2861,984,80-89,51,7,243,171,4,L,U,L,0,2,0,True,incongruent,1,0.982,3e418d75401f8f9b
2862,984,80-89,51,8,455,244,2,L,L,L,0,0,0,True,congruent,0,0.912,9437a6d7382acf61
2863,984,80-89,51,9,238,287,6,R,R,R,1,1,1,True,congruent,0,1.015,574a664998d32183
2864,984,80-89,51,10,428,205,5,D,R,D,3,1,3,True,incongruent,1,0.799,8b2dc33f9a3b1507
2865,984,80-89,51,11,183,222,2,U,L,U,2,0,2,True,incongruent,1,1.064,db0111ac26ebc19f
2866,984,80-89,51,12,463,238,1,R,U,R,1,2,1,True,incongruent,1,0.96,bbefcb769570b797
2867,984,80-89,51,13,266,172,0,U,D,U,2,3,2,True,incongruent,1,1.208,5acb2db13b622c45
2868,984,80-89,51,14,467,210,2,R,R,R,1,1,1,True,congruent,0,1.047,3139c3aea9c665ea
2869,984,80-89,51,15,205,213,3,D,D,D,3,3,3,True,congruent,0,1.144,3ba3b8eb159afcc1
2870,984,80-89,51,16,387,180,5,R,R,R,1,1,1,True,congruent,0,1.192,dc4001ae7b76a15f
2871,984,80-89,51,17,239,172,0,U,U,U,2,2,2,True,congruent,0,0.942,4c91c450fdc764f0
2872,984,80-89,51,18,404,182,6,L,U,L,0,2,0,True,incongruent,1,1.0,c2c81187616acc13
2873,984,80-89,51,19,237,227,6,D,D,D,3,3,3,True,congruent,0,1.0,c4b0f9c14cfa6bd3
2874,984,80-89,51,20,381,187,1,R,U,R,1,2,1,True,incongruent,1,0.896,01afc583df046b41
2875,984,80-89,51,21,195,217,0,R,D,R,1,3,1,True,incongruent,1,1.049,d639947c21f23bcd
2876,984,80-89,51,22,419,177,3,L,L,L,0,0,0,True,congruent,0,0.775,dfc0b13f91ae9593
2877,984,80-89,51,23,147,189,2,L,L,L,0,0,0,True,congruent,0,0.88,8a60d527a357a890
2878,984,80-89,51,24,274,264,3,L,R,L,0,1,0,True,incongruent,1,0.999,9ac906314271d53c
2879,984,80-89,51,25,457,198,5,R,L,R,1,0,1,True,incongruent,1,1.175,1ea01b625033c254
2880,984,80-89,51,26,268,288,6,D,D,D,3,3,3,True,congruent,0,0.903,3d995766ec211090
2881,984,80-89,51,27,427,260,0,L,D,L,0,3,0,True,incongruent,1,0.952,bf0a82f381fe7e17
2882,984,80-89,51,28,170,193,1,L,L,L,0,0,0,True,congruent,0,0.911,71835e326b23974a
2883,984,80-89,51,29,361,187,2,L,L,L,0,0,0,True,congruent,0,0.911,0f6eed15bee8ad7f
2884,984,80-89,51,30,201,172,2,D,U,D,3,2,3,True,incongruent,1,0.986,57e0685b45ccb8fb
2885,984,80-89,51,31,356,222,6,U,L,U,2,0,2,True,incongruent,1,0.943,7f2186dba2b46e56
2886,984,80-89,51,32,192,196,5,L,L,L,0,0,0,True,congruent,0,1.191,c96f5b7f15f80992
2887,984,80-89,51,33,451,234,6,U,U,U,2,2,2,True,congruent,0,0.872,095e866de6e2cf78
2888,984,80-89,51,34,304,260,0,L,L,L,0,0,0,True,congruent,0,0.784,680973b571f803ae
2889,984,80-89,51,35,129,213,6,D,U,D,3,2,3,True,incongruent,1,1.096,4be955d3b8f5a498
2890,984,80-89,51,36,394,205,2,R,D,R,1,3,1,True,incongruent,1,0.92,72acd6d0995df7bd
2891,984,80-89,51,37,257,259,0,D,R,D,3,1,3,True,incongruent,1,0.92,ffb13d5b033853f1
2892,984,80-89,51,38,125,200,0,D,D,D,3,3,3,True,congruent,0,0.92,c872ad5efc4426d4
2893,984,80-89,51,39,452,225,1,R,U,R,1,2,1,True,incongruent,1,0.967,68890698ed72b8c2
2894,984,80-89,51,40,270,288,2,D,D,D,3,3,3,True,congruent,0,0.816,0673620a61e358ac
2895,984,80-89,51,41,409,191,0,R,R,R,1,1,1,True,congruent,0,0.896,ab35ba4cd783749a
2896,984,80-89,51,42,170,187,0,R,R,R,1,1,1,True,congruent,0,0.895,68b623f5a9ce3370
2897,984,80-89,51,43,515,180,3,D,L,D,3,0,3,True,incongruent,1,0.943,691fe56da2aa5138
2898,984,80-89,51,44,245,197,4,R,U,R,1,2,1,True,incongruent,1,0.848,351dabdf0b1f9595
2899,984,80-89,51,45,124,276,5,U,U,U,2,2,2,True,congruent,0,1.519,8dd2d8e697a79d31
2900,984,80-89,52,1,139,236,3,D,L,D,3,0,3,True,incongruent,1,1.357,ccc40b26829f78e3
2901,984,80-89,52,2,315,240,0,D,D,D,3,3,3,True,congruent,0,1.123,a52a5b2853c659ef
2902,984,80-89,52,3,169,215,0,U,L,U,2,0,2,True,incongruent,1,1.205,c97ae444942d5bd1
2903,984,80-89,52,4,494,183,4,L,L,L,0,0,0,True,congruent,0,0.999,acb3c7a48c424921
2904,984,80-89,52,5,300,256,1,D,D,D,3,3,3,True,congruent,0,0.991,673ddffe360f5cdd
2905,984,80-89,52,6,513,249,4,R,U,R,1,2,1,True,incongruent,1,0.775,972a3a6c545e0b06
2906,984,80-89,52,7,237,285,4,L,R,L,0,1,0,True,incongruent,1,0.992,f57f7d0a8ec43c68
2907,984,80-89,52,8,474,283,6,D,D,D,3,3,3,True,congruent,0,0.856,d444069a8954a836
2908,984,80-89,52,9,306,245,1,R,D,R,1,3,1,True,incongruent,1,0.959,d8d11eba4ab042dc
2909,984,80-89,52,10,457,268,5,R,R,D,1,1,3,False,congruent,0,1.024,55c97d37bb084a1f
2910,984,80-89,52,11,294,177,0,U,U,U,2,2,2,True,congruent,0,1.359,37c2082a7a21b03f
2911,984,80-89,52,12,125,225,4,D,U,D,3,2,3,True,incongruent,1,0.992,54011cf3c817c9ff
2912,984,80-89,52,13,463,286,3,U,D,U,2,3,2,True,incongruent,1,1.264,238bf84c76662bf2
2913,984,80-89,52,14,284,190,6,D,U,D,3,2,3,True,incongruent,1,1.144,f2223b68c2bb3979
2914,984,80-89,52,15,121,246,6,R,U,R,1,2,1,True,incongruent,1,0.936,1946dc82b87da0bf
2915,984,80-89,52,16,522,229,6,L,L,L,0,0,0,True,congruent,0,0.968,674a76d5828796be
2916,984,80-89,52,17,264,250,3,D,D,D,3,3,3,True,congruent,0,1.04,db1367bb5652cfa3
2917,984,80-89,52,18,451,268,1,U,D,U,2,3,2,True,incongruent,1,0.904,ca5735e60f9fcf5e
2918,984,80-89,52,19,206,225,4,D,L,D,3,0,3,True,incongruent,1,0.952,95fc79d4b964e062
2919,984,80-89,52,20,456,228,0,U,U,U,2,2,2,True,congruent,0,0.864,89b2d18745b0ab8c
2920,984,80-89,52,21,237,266,0,L,U,L,0,2,0,True,incongruent,1,0.992,5d9ef25fb494730b
2921,984,80-89,52,22,426,221,3,R,D,R,1,3,1,True,incongruent,1,1.048,96b3173bdc4ed90c
2922,984,80-89,52,23,170,189,1,D,R,D,3,1,3,True,incongruent,1,1.12,c839402d7257d4ee
2923,984,80-89,52,24,447,185,3,U,R,U,2,1,2,True,incongruent,1,0.918,8a0467151e35a2a4
2924,984,80-89,52,25,254,246,3,L,U,L,0,2,0,True,incongruent,1,0.887,49fd818fb483657d
2925,984,80-89,52,26,476,259,2,D,D,D,3,3,3,True,congruent,0,0.912,0750818fd016dac7
2926,984,80-89,52,27,118,193,6,U,U,U,2,2,2,True,congruent,0,0.887,451f1586a22b8e37
2927,984,80-89,52,28,424,250,1,U,U,U,2,2,2,True,congruent,0,0.783,ab9333e8b38a6f75
2928,984,80-89,52,29,211,178,1,R,L,R,1,0,1,True,incongruent,1,1.072,a670a404a7c83bfc
2929,984,80-89,52,30,515,184,2,U,L,U,2,0,2,True,incongruent,1,0.882,7bbae43c4a9d2824
2930,984,80-89,52,31,223,199,6,L,D,L,0,3,0,True,incongruent,1,1.199,4e7596eee1b1afc1
2931,984,80-89,52,32,433,237,3,D,D,D,3,3,3,True,congruent,0,1.031,87b9520640ebd13f
2932,984,80-89,52,33,262,243,6,L,R,L,0,1,0,True,incongruent,1,0.896,18f226d06494fbd2
2933,984,80-89,52,34,465,203,6,R,R,R,1,1,1,True,congruent,0,1.128,04f9b86c3fdcb92a
2934,984,80-89,52,35,181,276,1,D,D,D,3,3,3,True,congruent,0,0.896,bc08806d8aeb71f0
2935,984,80-89,52,36,376,283,4,U,D,U,2,3,2,True,incongruent,1,1.408,38f3dfb10a54bf1b
2936,984,80-89,52,37,201,175,5,R,R,R,1,1,1,True,congruent,0,1.248,360f26cc849296ee
2937,984,80-89,52,38,504,216,1,L,L,L,0,0,0,True,congruent,0,0.968,3b3f424dd33ee26c
2938,984,80-89,52,39,363,184,6,D,D,D,3,3,3,True,congruent,0,0.832,7457a117e3520129
2939,984,80-89,52,40,180,173,4,L,L,L,0,0,0,True,congruent,0,0.887,6e13c7a135d8d809
2940,984,80-89,52,41,507,175,2,U,D,U,2,3,2,True,incongruent,1,0.935,1b05f6a418bfdcaf
2941,984,80-89,52,42,173,189,0,L,L,L,0,0,0,True,congruent,0,0.815,af44b2122a9768b7
2942,984,80-89,52,43,365,214,0,D,L,D,3,0,3,True,incongruent,1,1.103,9905c153954dd384
2943,984,80-89,52,44,211,201,0,L,R,L,0,1,0,True,incongruent,1,1.016,15f2edb18b434aed
2944,984,80-89,53,1,153,216,3,L,L,L,0,0,0,True,congruent,0,0.879,4eff3ddfe931daa4
2945,984,80-89,53,2,395,278,6,D,D,D,3,3,3,True,congruent,0,1.035,dc53be1324ec8d9d
2946,984,80-89,53,3,251,252,0,L,L,L,0,0,0,True,congruent,0,0.951,32be981c512bbaa9
2947,984,80-89,53,4,125,183,4,U,R,U,2,1,2,True,incongruent,1,1.224,9c73e419cea518f3
2948,984,80-89,53,5,448,241,3,U,U,U,2,2,2,True,congruent,0,0.919,fcf2d3e927adc44b
2949,984,80-89,53,6,253,274,2,U,D,U,2,3,2,True,incongruent,1,0.975,652935456844945e
2950,984,80-89,53,7,440,256,0,L,R,L,0,1,0,True,incongruent,1,0.951,fdc7d36d934d00fa
2951,984,80-89,53,8,283,265,6,R,D,R,1,3,1,True,incongruent,1,1.144,b65a27175b026563
2952,984,80-89,53,9,500,263,4,R,R,R,1,1,1,True,congruent,0,0.863,c66013cc2a62e8a2
2953,984,80-89,53,10,157,211,3,U,L,U,2,0,2,True,incongruent,1,0.865,f7c16bb0916214af
2954,984,80-89,53,11,453,227,0,R,U,R,1,2,1,True,incongruent,1,1.069,b7e49ad48af01cb8
2955,984,80-89,53,12,308,216,4,R,L,R,1,0,1,True,incongruent,1,1.055,d2ddbe8d88b33fb6
2956,984,80-89,53,13,521,262,2,D,D,D,3,3,3,True,congruent,0,0.903,9dff8971769bf744
2957,984,80-89,53,14,352,203,0,U,R,U,2,1,2,True,incongruent,1,0.768,32f1aac0e1bd4aa1
2958,984,80-89,53,15,206,283,5,L,R,L,0,1,0,True,incongruent,1,1.77,00cbc251e4e2997b
2959,984,80-89,53,16,355,266,2,U,U,U,2,2,2,True,congruent,0,0.973,b5e0e1090490e0e5
2960,984,80-89,53,17,161,279,2,R,L,R,1,0,1,True,incongruent,1,0.99,2d1de5525cd4b687
2961,984,80-89,53,18,506,177,1,R,U,R,1,2,1,True,incongruent,1,1.167,e288bc7acd4b1cb2
2962,984,80-89,53,19,352,246,3,D,D,D,3,3,3,True,congruent,0,1.239,c66679498295ae88
2963,984,80-89,53,20,171,171,5,U,U,U,2,2,2,True,congruent,0,0.952,7da6b3ec0cc9ca0a
2964,984,80-89,53,21,342,182,6,R,R,R,1,1,1,True,congruent,0,1.135,ddb744335833957a
2965,984,80-89,53,22,196,272,1,R,R,R,1,1,1,True,congruent,0,0.879,299174bb1e96ed5e
2966,984,80-89,53,23,335,211,6,D,D,D,3,3,3,True,congruent,0,0.959,9b8f8556656f6727
2967,984,80-89,53,24,141,176,5,U,U,U,2,2,2,True,congruent,0,0.936,bda4e8ea4fa604c8
2968,984,80-89,53,25,488,288,5,R,L,R,1,0,1,True,incongruent,1,1.152,d1d75f578fc7d8df
2969,984,80-89,53,26,312,187,0,U,U,U,2,2,2,True,congruent,0,0.84,14a25ca8138ca4a9
2970,984,80-89,53,27,516,206,0,D,D,D,3,3,3,True,congruent,0,0.92,7eb97fe6967330bd
2971,984,80-89,53,28,190,225,3,U,U,U,2,2,2,True,congruent,0,1.12,13b398eb5aade5e7
2972,984,80-89,53,29,334,228,5,L,L,L,0,0,0,True,congruent,0,1.016,64e2f9d7df7c3105
2973,984,80-89,53,30,185,277,4,R,U,R,1,2,1,True,incongruent,1,0.968,4536fc947a40d722
2974,984,80-89,53,31,462,242,0,U,U,U,2,2,2,True,congruent,0,0.887,75eef4674373a606
2975,984,80-89,53,32,145,246,4,R,U,R,1,2,1,True,incongruent,1,0.911,6b798aef49a14d4e
2976,984,80-89,53,33,343,239,6,R,D,R,1,3,1,True,incongruent,1,0.983,5704e1d2f788d49f
2977,984,80-89,53,34,211,183,4,R,R,R,1,1,1,True,congruent,0,0.786,a9fb6a2a7e4ccacd
2978,984,80-89,53,35,426,182,5,U,R,U,2,1,2,True,incongruent,1,1.022,2860f97f816ed485
2979,984,80-89,53,36,129,179,3,R,L,R,1,0,1,True,incongruent,1,1.072,c24a1cf68ea723d6
2980,984,80-89,53,37,466,175,4,R,D,R,1,3,1,True,incongruent,1,0.765,6718fda56ef7e5d2
2981,984,80-89,53,38,324,203,3,D,L,D,3,0,3,True,incongruent,1,0.887,4f513dc7384aa3c1
2982,984,80-89,53,39,521,222,2,D,R,D,3,1,3,True,incongruent,1,0.887,f01a243b1010b0f3
2983,984,80-89,53,40,287,173,3,U,L,U,2,0,2,True,incongruent,1,0.871,5f07b80eed20c798
2984,984,80-89,53,41,504,235,2,U,R,U,2,1,2,True,incongruent,1,0.84,df2bda67c9d31b58
2985,984,80-89,53,42,329,181,4,U,D,U,2,3,2,True,incongruent,1,0.96,bd3d3e1ce407e6de
2986,984,80-89,53,43,505,228,5,D,D,D,3,3,3,True,congruent,0,0.991,42b93c699856b464
2987,984,80-89,53,44,257,278,1,U,D,U,2,3,2,True,incongruent,1,0.888,dd995924805d1edd
2988,984,80-89,53,45,459,232,1,U,U,U,2,2,2,True,congruent,0,0.783,8ad5fa3447fbadd8
2989,984,80-89,54,1,271,287,1,U,U,U,2,2,2,True,congruent,0,1.035,edb716e91b56c849
2990,984,80-89,54,2,182,172,3,L,D,L,0,3,0,True,incongruent,1,1.174,693db849b70e2357
2991,984,80-89,54,3,449,194,5,U,U,U,2,2,2,True,congruent,0,0.928,3b6bf7fafaff061b
2992,984,80-89,54,4,246,283,3,L,D,L,0,3,0,True,incongruent,1,0.735,dd8540370663a4b4
2993,984,80-89,54,5,415,226,4,R,D,R,1,3,1,True,incongruent,1,0.951,749ea3fce05305d5
2994,984,80-89,54,6,124,218,1,U,L,U,2,0,2,True,incongruent,1,0.855,cc4bf9f7bbde66ab
2995,984,80-89,54,7,490,182,0,D,D,D,3,3,3,True,congruent,0,0.807,3f69fb49678226dc
2996,984,80-89,54,8,157,258,0,L,U,L,0,2,0,True,incongruent,1,0.993,a0b58b37de5abe63
2997,984,80-89,54,9,489,185,6,D,D,D,3,3,3,True,congruent,0,0.905,c6df194590b38b75
2998,984,80-89,54,10,178,195,5,R,D,R,1,3,1,True,incongruent,1,0.926,8e364d404a57ed64
2999,984,80-89,54,11,446,239,6,D,U,D,3,2,3,True,incongruent,1,0.919,a6d1a1662595256c
3000,984,80-89,54,12,147,183,4,U,R,U,2,1,2,True,incongruent,1,0.919,fc4c9d00a4b10df4
3001,984,80-89,54,13,307,175,3,L,U,L,0,2,0,True,incongruent,1,0.992,56a0c0a1e9115b0c
3002,984,80-89,54,14,140,187,0,D,L,D,3,0,3,True,incongruent,1,0.967,eb9a5eb751165270
3003,984,80-89,54,15,439,183,2,R,L,R,1,0,1,True,incongruent,1,1.248,8b0d87a607656059
3004,984,80-89,54,16,264,183,4,L,D,L,0,3,0,True,incongruent,1,0.904,33f47c2a10fe8d33
3005,984,80-89,54,17,435,230,0,U,U,U,2,2,2,True,congruent,0,0.959,073d10d310a53688
3006,984,80-89,54,18,139,222,6,R,D,R,1,3,1,True,incongruent,1,1.208,8767f0c5c15f3424
3007,984,80-89,54,19,388,232,1,R,R,R,1,1,1,True,congruent,0,0.912,03869be7d5452eb1
3008,984,80-89,54,20,204,262,0,U,U,U,2,2,2,True,congruent,0,0.952,b5f06a0061080afe
3009,984,80-89,54,21,427,216,4,L,L,L,0,0,0,True,congruent,0,0.864,4109181553b47d0a
3010,984,80-89,54,22,154,252,0,U,R,U,2,1,2,True,incongruent,1,1.151,3e9816ea71e3eeb8
3011,984,80-89,54,23,393,177,5,R,D,R,1,3,1,True,incongruent,1,1.151,31dc3b593003792d
3012,984,80-89,54,24,232,196,3,D,D,L,3,3,0,False,congruent,0,1.064,1b77c10f72a675e0
3013,984,80-89,54,25,396,258,3,U,U,U,2,2,2,True,congruent,0,1.686,ea2484d6dda92473
3014,984,80-89,54,26,238,183,0,D,R,D,3,1,3,True,incongruent,1,0.967,e396e88cfe999734
3015,984,80-89,54,27,465,227,1,D,L,D,3,0,3,True,incongruent,1,0.927,b1b66ed85681c4bb
3016,984,80-89,54,28,207,227,2,R,D,R,1,3,1,True,incongruent,1,1.031,6969aff49a42f9da
3017,984,80-89,54,29,379,224,1,L,L,L,0,0,0,True,congruent,0,0.863,449075ea2d6a67bd
3018,984,80-89,54,30,214,197,0,L,D,L,0,3,0,True,incongruent,1,0.967,295daf8a212b7461
3019,984,80-89,54,31,505,272,2,R,U,R,1,2,1,True,incongruent,1,1.033,815096e93c0ba800
3020,984,80-89,54,32,124,285,5,U,R,U,2,1,2,True,incongruent,1,1.231,19ef5e378421c21d
3021,984,80-89,54,33,512,258,2,U,U,U,2,2,2,True,congruent,0,1.247,f4ec578f1443545b
3022,984,80-89,54,34,237,215,6,L,U,L,0,2,0,True,incongruent,1,0.951,72dd13ecb442ed81
3023,984,80-89,54,35,475,190,6,L,L,L,0,0,0,True,congruent,0,1.088,2f4d71699f3d992c
3024,984,80-89,54,36,156,265,6,D,R,D,3,1,3,True,incongruent,1,1.032,eea39407d5ea06d6
3025,984,80-89,54,37,329,228,3,R,R,R,1,1,1,True,congruent,0,0.912,a7350690d932af39
3026,984,80-89,54,38,509,285,6,U,U,U,2,2,2,True,congruent,0,0.776,0bcd4ef72a956990
3027,984,80-89,54,39,279,241,2,R,R,R,1,1,1,True,congruent,0,0.88,7cbc557d26128e33
3028,984,80-89,54,40,508,270,6,D,R,D,3,1,3,True,incongruent,1,0.816,f3aae500aba19d99
3029,984,80-89,54,41,236,229,6,D,D,D,3,3,3,True,congruent,0,0.864,70abfe157a542f31
3030,984,80-89,54,42,470,256,2,R,R,R,1,1,1,True,congruent,0,0.856,f3676a40fc0265cd
3031,984,80-89,54,43,199,283,5,R,R,R,1,1,1,True,congruent,0,1.0,c7b3705c2e26b519
3032,984,80-89,54,44,339,186,5,R,R,R,1,1,1,True,congruent,0,0.919,4575eb4b06dd37b4
3033,984,80-89,54,45,179,212,2,L,L,L,0,0,0,True,congruent,0,0.959,b0b5d8886ae788f5
3034,984,80-89,55,1,194,272,1,D,D,D,3,3,3,True,congruent,0,1.103,f6f9aef9d5c92898
3035,984,80-89,55,2,421,280,5,R,L,R,1,0,1,True,incongruent,1,1.495,88b793be5221abb6
3036,984,80-89,55,3,143,245,2,R,R,R,1,1,1,True,congruent,0,1.087,0057dab791b755e8
3037,984,80-89,55,4,284,246,5,U,U,U,2,2,2,True,congruent,0,1.185,758bc0f58d42cb04
3038,984,80-89,55,5,483,205,4,R,U,R,1,2,1,True,incongruent,1,0.949,04d7dffce243ef83
3039,984,80-89,55,6,180,231,2,U,L,U,2,0,2,True,incongruent,1,1.104,8d18c95c9e773e5f
3040,984,80-89,55,7,373,187,0,U,U,U,2,2,2,True,congruent,0,0.743,853883c3aded8244
3041,984,80-89,55,8,201,284,6,R,U,R,1,2,1,True,incongruent,1,1.024,da13ef1e1d65de85
3042,984,80-89,55,9,494,246,3,U,L,U,2,0,2,True,incongruent,1,0.983,a31afa6feb1c81ae
3043,984,80-89,55,10,133,284,2,D,D,D,3,3,3,True,congruent,0,1.247,302e6fa2081e45d2
3044,984,80-89,55,11,383,263,0,L,U,L,0,2,0,True,incongruent,1,1.168,ec5af32772693a7f
3045,984,80-89,55,12,251,178,2,L,L,L,0,0,0,True,congruent,0,1.087,3c98bdd9e6b7f89b
3046,984,80-89,55,13,469,282,0,D,L,D,3,0,3,True,incongruent,1,0.935,92140192a2a4369d
3047,984,80-89,55,14,261,201,2,R,R,R,1,1,1,True,congruent,0,0.855,40f887f8215c2a34
3048,984,80-89,55,15,452,282,6,R,R,R,1,1,1,True,congruent,0,0.912,ba3911eef4c0dc45
3049,984,80-89,55,16,290,240,4,D,D,D,3,3,3,True,congruent,0,0.992,6ae0ebc77e086220
3050,984,80-89,55,17,468,266,6,L,L,L,0,0,0,True,congruent,0,0.895,aadd5bbf02fde2f0
3051,984,80-89,55,18,208,171,0,R,D,R,1,3,1,True,incongruent,1,1.08,e657d2ebb11d4ae2
3052,984,80-89,55,19,502,284,1,U,U,U,2,2,2,True,congruent,0,0.936,67f25e8cc88c20fa
3053,984,80-89,55,20,121,232,0,L,D,L,0,3,0,True,incongruent,1,1.233,aeaff87c148a6b9f
3054,984,80-89,55,21,321,244,4,L,D,L,0,3,0,True,incongruent,1,0.871,509cd418e0863293
3055,984,80-89,55,22,464,209,4,D,D,D,3,3,3,True,congruent,0,1.735,aa824de6ea999688
3056,984,80-89,55,23,156,267,2,D,R,D,3,1,3,True,incongruent,1,1.207,17682a0d8584c9fc
3057,984,80-89,55,24,326,281,4,D,D,D,3,3,3,True,congruent,0,1.215,b23dee9f70734fb3
3058,984,80-89,55,25,513,190,4,U,L,U,2,0,2,True,incongruent,1,1.583,5058ebb7bd287c48
3059,984,80-89,55,26,280,204,6,U,U,U,2,2,2,True,congruent,0,0.799,d5dc4e05eb960551
3060,984,80-89,55,27,132,219,0,D,D,D,3,3,3,True,congruent,0,0.992,39a37c4a1676bd5e
3061,984,80-89,55,28,294,186,6,D,D,D,3,3,3,True,congruent,0,0.879,cf5391db886dfdd0
3062,984,80-89,55,29,144,196,4,D,D,D,3,3,3,True,congruent,0,1.031,b5fac7e8cb56ceba
3063,984,80-89,55,30,345,269,5,L,L,L,0,0,0,True,congruent,0,1.007,99fbd5ea725893b1
3064,984,80-89,55,31,183,243,0,L,L,L,0,0,0,True,congruent,0,0.92,3ae1cf9336c378cf
3065,984,80-89,55,32,378,290,4,R,R,R,1,1,1,True,congruent,0,0.84,27cacdcbe5bf02fa
3066,984,80-89,55,33,224,249,6,R,D,D,1,3,3,False,incongruent,1,1.032,3188d74173962be5
3067,984,80-89,55,34,444,272,5,U,U,U,2,2,2,True,congruent,0,1.447,6fe9af4c261d9d19
3068,984,80-89,55,35,206,224,4,U,U,U,2,2,2,True,congruent,0,0.935,d34df12ff9d0f6c2
3069,984,80-89,55,36,462,173,4,U,U,U,2,2,2,True,congruent,0,1.064,425f576fbe9a8b1a
3070,984,80-89,55,37,293,286,5,U,U,U,2,2,2,True,congruent,0,0.888,95ea0229aa6610ee
3071,984,80-89,55,38,518,196,4,R,U,R,1,2,1,True,incongruent,1,0.936,04c822de3d7b8851
