{
  "schema_version": "true_single_subject_feasibility.subject_eval.v1",
  "age_group": "80-89",
  "user_id": "6609",
  "fit": {
    "scale": 0.10000000149011612,
    "time_steps": 247,
    "epochs": 8,
    "best_epoch": 5,
    "choice_temperature": 0.05,
    "seed": 0,
    "scales": [
      0.10000000149011612,
      0.30000001192092896,
      0.5
    ],
    "rt_normalization": {
      "log_rt_min": -2.1982250213623047,
      "log_rt_max": 2.691649913787842,
      "log_rt_range": 4.8898749351501465
    }
  },
  "test_metrics": {
    "pred_mean": 1.4282149076461792,
    "pred_median": 1.2899999618530273,
    "pred_skewness": 0.42246460914611816,
    "true_mean": 1.1851205825805664,
    "true_median": 1.1169999837875366,
    "true_skewness": 7.349288463592529,
    "pred_q90": 2.4600000381469727,
    "pred_q95": 2.4600000381469727,
    "pred_q99": 2.4600000381469727,
    "true_q90": 1.4230999946594238,
    "true_q95": 1.6321496963500977,
    "true_q99": 2.650120258331299,
    "skewness_score": 0.057483743876218796,
    "mean_score": 0.7948780059814453,
    "median_score": 0.845120906829834,
    "coverage_score": 0.2960209548473358,
    "q90_score": 0.27137934974435884,
    "q95_score": 0.49278528578098,
    "q99_score": 0.9282597762925524,
    "quantile_score": 0.5641414706059638,
    "mean_median_score": 0.8199994564056396,
    "rt_shape_score": 0.306375116109848,
    "rt_score": 0.40969163179397583,
    "human_accuracy": 0.996,
    "model_accuracy": 0.998,
    "response_agreement": 0.994,
    "pred_error_rt": 2.4600000381469727,
    "pred_correct_rt": 1.426147222518921,
    "human_error_rt": 1.0199999809265137,
    "human_correct_rt": 1.1857836246490479,
    "error_minus_correct_rt": 1.0338528156280518,
    "human_error_minus_correct_rt": -0.16578364372253418,
    "accuracy_score": 0.9979919678714859,
    "human_congruency_rt_gap": 0.05677330493927002,
    "model_congruency_rt_gap": 0.38942694664001465,
    "congruency_score": 0,
    "total_score": 0.49531298875808716,
    "behavior_optimal_score": 0.5526495575904846
  },
  "test_n_trials": 2000,
  "test_n_errors": 8
}