{
  "schema_version": "true_single_subject_feasibility.subject_eval.v1",
  "age_group": "80-89",
  "user_id": "3403",
  "fit": {
    "scale": 0.10000000149011612,
    "time_steps": 143,
    "epochs": 8,
    "best_epoch": 5,
    "choice_temperature": 0.05,
    "seed": 0,
    "scales": [
      0.10000000149011612,
      0.30000001192092896,
      0.5
    ],
    "rt_normalization": {
      "log_rt_min": -2.1803674697875977,
      "log_rt_max": 3.1359288692474365,
      "log_rt_range": 5.316296339035034
    }
  },
  "test_metrics": {
    "pred_mean": 1.3402150869369507,
    "pred_median": 1.4199999570846558,
    "pred_skewness": -2.5456957817077637,
    "true_mean": 0.8139649629592896,
    "true_median": 0.7749999761581421,
    "true_skewness": 2.2375285625457764,
    "pred_q90": 1.4199999570846558,
    "pred_q95": 1.4199999570846558,
    "pred_q99": 1.4199999570846558,
    "true_q90": 1.015199899673462,
    "true_q95": 1.1350499391555786,
    "true_q99": 1.4030500650405884,
    "skewness_score": 0.0,
    "mean_score": 0.3534732460975647,
    "median_score": 0.16774195432662964,
    "coverage_score": 0.3551136255264282,
    "q90_score": 0.6012607393466081,
    "q95_score": 0.7489537613287165,
    "q99_score": 0.9879192535844563,
    "quantile_score": 0.7793779180865936,
    "mean_median_score": 0.26060760021209717,
    "rt_shape_score": 0.3793163597583771,
    "rt_score": 0.3569576144218445,
    "human_accuracy": 0.9765,
    "model_accuracy": 0.9925,
    "response_agreement": 0.97,
    "pred_error_rt": 1.4199999570846558,
    "pred_correct_rt": 1.3396121263504028,
    "human_error_rt": 0.7938723564147949,
    "human_correct_rt": 0.8144485354423523,
    "error_minus_correct_rt": 0.08038783073425293,
    "human_error_minus_correct_rt": -0.020576179027557373,
    "accuracy_score": 0.9836149513568868,
    "human_congruency_rt_gap": 0.12361371517181396,
    "model_congruency_rt_gap": 0.12156343460083008,
    "congruency_score": 0.9834138099632864,
    "total_score": 0.60759037733078,
    "behavior_optimal_score": 0.6654801368713379
  },
  "test_n_trials": 2000,
  "test_n_errors": 47
}