model_family,model_config_id,schedule_config_id,adaptive_schedule_config_id,lapse_config_id,noise_config_id,parameter_setting,mechanism_score,behavior_score,fast_error_preservation_score,incongruent_repair_score,naturalness_penalty,lapse_penalty,adaptive_schedule_plausibility_score,combined_score,young_20_29_overall_accuracy,young_20_29_congruent_error_rate,young_20_29_incongruent_error_rate,young_20_29_congruent_error_count,young_20_29_congruent_error_rt_minus_correct_rt,young_20_29_incongruent_flanker_choice_proportion,young_20_29_early_flanker_dominance,young_20_29_target_recovery_time,young_20_29_lapse_trigger_proportion,young_20_29_compression_trial_mean,young_20_29_conflict_score_mean,young_20_29_control_strength_mean,older_80_89_overall_accuracy,older_80_89_congruent_error_rate,older_80_89_incongruent_error_rate,older_80_89_congruent_error_count,older_80_89_congruent_error_rt_minus_correct_rt,older_80_89_incongruent_flanker_choice_proportion,older_80_89_early_flanker_dominance,older_80_89_target_recovery_time,older_80_89_lapse_trigger_proportion,older_80_89_compression_trial_mean,older_80_89_conflict_score_mean,older_80_89_control_strength_mean,pass_lenient,pass_main,pass_strict,fail_count_main,first_failed_constraint_main,failure_reason_category,recommended_for_next_search
WR2_uncertainty_schedule_fine,WR2_fine_7ce51497,c0.72_ls-40_tw1.10_ep30,WR2_uncertainty_schedule,none,time_gap_selected,"{""adaptive"": {""compression_high"": 0.42, ""compression_low"": 0.72, ""score_window_s"": 0.15, ""temp"": 0.3, ""theta_quantile"": 0.5, ""type"": ""WR2_uncertainty_schedule""}, ""custom_noise"": null, ""lapse"": {""type"": ""none""}, ""noise_mode"": ""time_gap_selected"", ""schedule"": {""compression"": 0.72, ""early_phase_shortening_ms"": 30, ""late_shift_ms"": -40, ""transition_width"": 1.1}}",0.075,0.12177074788381484,0.5050341361658643,0.08247203945412451,0.575,0.0,0.075,1.3592769235038036,0.9061418599307903,0.021183053557154278,0.16653322658126501,53.0,-0.04257118142267324,0.16653322658126501,0.41075527088337344,0.09659927942353884,0.0,0.5633820891589165,0.0007069832854297853,0.5220597768537093,0.9701153726952301,0.006377042646472699,0.053392211963067045,16.0,0.013136544663457594,0.053392211963067045,0.41141442526428473,0.09580289040545965,0.0,0.5610018375413264,0.003200205466622419,0.5299939479656298,False,False,False,1,main_older_congruent_fast_error_not_absent,mixed_tradeoff,report_negative_result
WR2_uncertainty_schedule_fine,WR2_fine_76f666bc,c0.72_ls-40_tw1.00_ep30,WR2_uncertainty_schedule,none,time_gap_selected,"{""adaptive"": {""compression_high"": 0.42, ""compression_low"": 0.72, ""score_window_s"": 0.15, ""temp"": 0.3, ""theta_quantile"": 0.45, ""type"": ""WR2_uncertainty_schedule""}, ""custom_noise"": null, ""lapse"": {""type"": ""none""}, ""noise_mode"": ""time_gap_selected"", ""schedule"": {""compression"": 0.72, ""early_phase_shortening_ms"": 30, ""late_shift_ms"": -40, ""transition_width"": 1.0}}",0.075,0.12195461473476721,0.5056011528104392,0.08246782090465628,0.575,0.0,0.075,1.3600235884498626,0.9059388198008447,0.017585931254996003,0.17053642914331466,44.0,0.015404611241756627,0.17053642914331466,0.4283827061649319,0.09739591673338671,0.0,0.5406540050932989,0.0006986933430450648,0.5978200530360073,0.9699304902991543,0.010761259465922678,0.04937775993576877,27.0,-0.010117101907947124,0.04937775993576877,0.4300548641777064,0.09730228823765558,0.0,0.5408865624700083,0.0031649739441771962,0.5970448626789899,False,False,False,1,main_young_congruent_fast_error,no_congruent_fast_error,report_negative_result
WR2_uncertainty_schedule_fine,WR2_fine_3744359a,c0.72_ls-40_tw1.00_ep30,WR2_uncertainty_schedule,none,time_gap_selected,"{""adaptive"": {""compression_high"": 0.42, ""compression_low"": 0.72, ""score_window_s"": 0.15, ""temp"": 0.22, ""theta_quantile"": 0.5, ""type"": ""WR2_uncertainty_schedule""}, ""custom_noise"": null, ""lapse"": {""type"": ""none""}, ""noise_mode"": ""time_gap_selected"", ""schedule"": {""compression"": 0.72, ""early_phase_shortening_ms"": 30, ""late_shift_ms"": -40, ""transition_width"": 1.0}}",0.075,0.12594863198998663,0.5015,0.08437440438099174,0.575,0.0,0.075,1.3618230363709782,0.9049392991611515,0.019184652278177457,0.1709367493995196,48.0,-0.004341673767824128,0.17053642914331466,0.42798238590872695,0.09851881505204163,0.0,0.5638428457416473,0.0006986933430450648,0.5205239217039009,0.9697139274925004,0.006377042646472699,0.0541951023685267,16.0,-0.035763458750403876,0.0541951023685267,0.4292921182925197,0.09798675230830992,0.0,0.5616745290890583,0.0031649739441771962,0.5277516433290648,True,True,False,0,,mixed_tradeoff,fine_search_seed
WR2_uncertainty_schedule_fine,WR2_fine_23a33258,c0.72_ls-40_tw1.00_ep30,WR2_uncertainty_schedule,none,time_gap_selected,"{""adaptive"": {""compression_high"": 0.45, ""compression_low"": 0.72, ""score_window_s"": 0.18, ""temp"": 0.22, ""theta_quantile"": 0.45, ""type"": ""WR2_uncertainty_schedule""}, ""custom_noise"": null, ""lapse"": {""type"": ""none""}, ""noise_mode"": ""time_gap_selected"", ""schedule"": {""compression"": 0.72, ""early_phase_shortening_ms"": 30, ""late_shift_ms"": -40, ""transition_width"": 1.0}}",0.075,0.12309819813820785,0.5062478437316567,0.08291396264341862,0.575,0.0,0.075,1.362260004513283,0.9017380171123309,0.020783373301358914,0.1757405924739792,52.0,0.017991374926627057,0.1757405924739792,0.44662396583933806,0.10458366693354684,0.0,0.5606323666256213,0.0007081260336694317,0.5902505755862505,0.9729341292263147,0.00876843363889996,0.04536330790847049,22.0,-0.0295291633513054,0.04536330790847049,0.44806637227351803,0.10465074267362505,0.0,0.5616790253794179,0.0032050366673656017,0.5863740628841486,False,False,False,1,main_young_congruent_fast_error,no_congruent_fast_error,report_negative_result
WR2_uncertainty_schedule_fine,WR2_fine_54d09fdb,c0.72_ls-40_tw1.10_ep30,WR2_uncertainty_schedule,none,time_gap_selected,"{""adaptive"": {""compression_high"": 0.45, ""compression_low"": 0.72, ""score_window_s"": 0.15, ""temp"": 0.3, ""theta_quantile"": 0.45, ""type"": ""WR2_uncertainty_schedule""}, ""custom_noise"": null, ""lapse"": {""type"": ""none""}, ""noise_mode"": ""time_gap_selected"", ""schedule"": {""compression"": 0.72, ""early_phase_shortening_ms"": 30, ""late_shift_ms"": -40, ""transition_width"": 1.1}}",0.075,0.12667616834606993,0.5018399805168721,0.08526710971346327,0.575,0.0,0.075,1.3637832585764054,0.898936095319101,0.021183053557154278,0.18094475580464373,53.0,0.0003599220674884718,0.18054443554843874,0.4291433146517214,0.10180744595676541,0.0,0.5582449139257432,0.0007069832854297853,0.5990929941259799,0.9735276569184337,0.006377042646472699,0.04656764351665998,16.0,-0.0483536430710394,0.04656764351665998,0.43116552923859225,0.10190485748695305,0.0,0.5591591508020612,0.003200205466622419,0.5957069298904263,False,False,False,1,main_young_congruent_fast_error,no_congruent_fast_error,report_negative_result
WR2_uncertainty_schedule_fine,WR2_fine_3e4f5056,c0.72_ls-50_tw1.00_ep30,WR2_uncertainty_schedule,none,time_gap_selected,"{""adaptive"": {""compression_high"": 0.45, ""compression_low"": 0.72, ""score_window_s"": 0.15, ""temp"": 0.22, ""theta_quantile"": 0.45, ""type"": ""WR2_uncertainty_schedule""}, ""custom_noise"": null, ""lapse"": {""type"": ""none""}, ""noise_mode"": ""time_gap_selected"", ""schedule"": {""compression"": 0.72, ""early_phase_shortening_ms"": 30, ""late_shift_ms"": -50, ""transition_width"": 1.0}}",0.075,0.12839582385417087,0.5015,0.08556903732540429,0.575,0.0,0.075,1.365464861179575,0.9001357760868967,0.01958433253397282,0.1801441152922338,49.0,-0.005540910440382851,0.17974379503602883,0.442420603149186,0.10247598078462769,0.0,0.5602835102459086,0.0006992732070412178,0.5915426371376628,0.9735218968437831,0.004782781984854523,0.04817342432757928,12.0,-0.010989629526893196,0.04817342432757928,0.44398501271243146,0.10260136491368929,0.0,0.560763407240388,0.0031674480056125276,0.5897652407191706,True,True,False,0,,mixed_tradeoff,fine_search_seed
WR2_uncertainty_schedule_fine,WR2_fine_623ef747,c0.72_ls-50_tw1.00_ep40,WR2_uncertainty_schedule,none,time_gap_selected,"{""adaptive"": {""compression_high"": 0.45, ""compression_low"": 0.72, ""score_window_s"": 0.15, ""temp"": 0.3, ""theta_quantile"": 0.45, ""type"": ""WR2_uncertainty_schedule""}, ""custom_noise"": null, ""lapse"": {""type"": ""none""}, ""noise_mode"": ""time_gap_selected"", ""schedule"": {""compression"": 0.72, ""early_phase_shortening_ms"": 40, ""late_shift_ms"": -50, ""transition_width"": 1.0}}",0.075,0.1303969053440972,0.5040968084562978,0.08622208887141829,0.575,0.0,0.075,1.3707158026718134,0.9029341778778739,0.014788169464428458,0.17934347477982385,37.0,0.008974798600027145,0.17934347477982385,0.4440752602081665,0.10383106485188151,0.0,0.5584099284358782,0.0007000617467986525,0.5984818287372853,0.9709225831566777,0.00757273814268633,0.05058209554395825,19.0,-0.0005875647748355695,0.05058209554395825,0.4453633079084705,0.10387193898032919,0.0,0.558888987577464,0.003170867895472107,0.5967075347129807,False,False,False,1,main_young_congruent_fast_error,no_congruent_fast_error,report_negative_result
WR2_uncertainty_schedule_fine,WR2_fine_a6b0857f,c0.72_ls-40_tw1.00_ep30,WR2_uncertainty_schedule,none,time_gap_selected,"{""adaptive"": {""compression_high"": 0.45, ""compression_low"": 0.72, ""score_window_s"": 0.15, ""temp"": 0.22, ""theta_quantile"": 0.45, ""type"": ""WR2_uncertainty_schedule""}, ""custom_noise"": null, ""lapse"": {""type"": ""none""}, ""noise_mode"": ""time_gap_selected"", ""schedule"": {""compression"": 0.72, ""early_phase_shortening_ms"": 30, ""late_shift_ms"": -40, ""transition_width"": 1.0}}",0.075,0.13183465836251207,0.5015,0.08786750395900823,0.575,0.0,0.075,1.37120216232152,0.8951324128847442,0.02038369304556355,0.18935148118494796,51.0,-0.00350220033971238,0.18935148118494796,0.4466773418734989,0.10507606084867895,0.0,0.5604726093075811,0.0006986933430450648,0.5908422695199569,0.973334134410382,0.008369868473495417,0.044961862705740666,21.0,-0.03925126915575994,0.044961862705740666,0.4479994647397297,0.10504215174628664,0.0,0.5606796063855568,0.0031649739441771962,0.5900756137998825,True,True,False,0,,mixed_tradeoff,fine_search_seed
WR2_uncertainty_schedule_fine,WR2_fine_0bc9e46c,c0.72_ls-40_tw1.00_ep30,WR2_uncertainty_schedule,none,time_gap_selected,"{""adaptive"": {""compression_high"": 0.42, ""compression_low"": 0.72, ""score_window_s"": 0.18, ""temp"": 0.3, ""theta_quantile"": 0.5, ""type"": ""WR2_uncertainty_schedule""}, ""custom_noise"": null, ""lapse"": {""type"": ""none""}, ""noise_mode"": ""time_gap_selected"", ""schedule"": {""compression"": 0.72, ""early_phase_shortening_ms"": 30, ""late_shift_ms"": -40, ""transition_width"": 1.0}}",0.075,0.13316895683667024,0.5015,0.08777332986421253,0.575,0.0,0.075,1.3724422867008828,0.9001328960850534,0.01598721023181455,0.18374699759807847,40.0,-0.011529891704951334,0.18294635708566853,0.4326394448892447,0.10077261809447559,0.0,0.5641706777689007,0.0007081260336694317,0.5194311475977509,0.9711218657393801,0.007174172977281785,0.05058209554395825,18.0,-0.004614238996851094,0.05058209554395825,0.43397564565770114,0.10008229626655962,0.0,0.561595119031207,0.0032050366673656017,0.5280163433704477,True,True,False,0,,mixed_tradeoff,fine_search_seed
WR2_uncertainty_schedule_fine,WR2_fine_bd5c5a06,c0.72_ls-50_tw1.00_ep30,WR2_uncertainty_schedule,none,time_gap_selected,"{""adaptive"": {""compression_high"": 0.42, ""compression_low"": 0.72, ""score_window_s"": 0.15, ""temp"": 0.3, ""theta_quantile"": 0.5, ""type"": ""WR2_uncertainty_schedule""}, ""custom_noise"": null, ""lapse"": {""type"": ""none""}, ""noise_mode"": ""time_gap_selected"", ""schedule"": {""compression"": 0.72, ""early_phase_shortening_ms"": 30, ""late_shift_ms"": -50, ""transition_width"": 1.0}}",0.075,0.13348052281374198,0.5015,0.08858142314734968,0.575,0.0,0.075,1.3735619459610917,0.9031346580061812,0.015187849720223821,0.17854283426741394,38.0,-0.03400775823698865,0.17854283426741394,0.4267413931144916,0.09866293034427542,0.0,0.5628633393241529,0.0006992732070412178,0.5237889430403927,0.9679074240802161,0.006377042646472699,0.05780810919309514,16.0,-0.014768178629656403,0.057406663990365314,0.42761942994781216,0.09782617422721798,0.0,0.5601743977073437,0.0031674480056125276,0.5327520812413623,True,True,False,0,,mixed_tradeoff,fine_search_seed
WR2_uncertainty_schedule_fine,WR2_fine_5547a496,c0.72_ls-50_tw1.00_ep30,WR2_uncertainty_schedule,none,time_gap_selected,"{""adaptive"": {""compression_high"": 0.45, ""compression_low"": 0.72, ""score_window_s"": 0.18, ""temp"": 0.3, ""theta_quantile"": 0.45, ""type"": ""WR2_uncertainty_schedule""}, ""custom_noise"": null, ""lapse"": {""type"": ""none""}, ""noise_mode"": ""time_gap_selected"", ""schedule"": {""compression"": 0.72, ""early_phase_shortening_ms"": 30, ""late_shift_ms"": -50, ""transition_width"": 1.0}}",0.075,0.13036082646196823,0.5068544173647349,0.08741672181583082,0.575,0.0,0.075,1.3746319656425339,0.8953328930130515,0.020783373301358914,0.18855084067253802,52.0,-0.011100556131809047,0.18855084067253802,0.4441553242594075,0.10341473178542834,0.0,0.5585471643025083,0.0007087188771200403,0.5979735478533079,0.9739334221771514,0.00757273814268633,0.04456041750301084,19.0,0.020417669458939636,0.04456041750301084,0.44571122708416966,0.10355078281814532,0.0,0.5595264075131356,0.00320753587271555,0.5943467196794324,False,False,False,1,main_older_congruent_fast_error_not_absent,mixed_tradeoff,report_negative_result
WR2_uncertainty_schedule_fine,WR2_fine_a88930e7,c0.72_ls-40_tw1.00_ep30,WR2_uncertainty_schedule,none,time_gap_selected,"{""adaptive"": {""compression_high"": 0.42, ""compression_low"": 0.72, ""score_window_s"": 0.12, ""temp"": 0.3, ""theta_quantile"": 0.5, ""type"": ""WR2_uncertainty_schedule""}, ""custom_noise"": null, ""lapse"": {""type"": ""none""}, ""noise_mode"": ""time_gap_selected"", ""schedule"": {""compression"": 0.72, ""early_phase_shortening_ms"": 30, ""late_shift_ms"": -40, ""transition_width"": 1.0}}",0.075,0.1319925165869072,0.5051002519824175,0.08772708652670833,0.575,0.0,0.075,1.3748198550960329,0.9019346572381807,0.016386890487609912,0.17974379503602883,41.0,-0.01547982535207848,0.17974379503602883,0.4321857485988791,0.10204563650920738,0.0,0.562327563098621,0.0006873537014281395,0.5255748632346978,0.9679203842481798,0.00996412913511359,0.0541951023685267,25.0,0.013401007929669806,0.0541951023685267,0.43349391141442534,0.10124247290244881,0.0,0.559696917505011,0.0031163856961047287,0.5343436815678652,False,False,False,1,main_older_congruent_fast_error_not_absent,mixed_tradeoff,report_negative_result
WR2_uncertainty_schedule_fine,WR2_fine_2f953537,c0.72_ls-40_tw1.00_ep40,WR2_uncertainty_schedule,none,time_gap_selected,"{""adaptive"": {""compression_high"": 0.45, ""compression_low"": 0.72, ""score_window_s"": 0.15, ""temp"": 0.22, ""theta_quantile"": 0.45, ""type"": ""WR2_uncertainty_schedule""}, ""custom_noise"": null, ""lapse"": {""type"": ""none""}, ""noise_mode"": ""time_gap_selected"", ""schedule"": {""compression"": 0.72, ""early_phase_shortening_ms"": 40, ""late_shift_ms"": -40, ""transition_width"": 1.0}}",0.075,0.13007646988815516,0.508444907277176,0.08637009969276102,0.575,0.0,0.075,1.374891476858092,0.9003343362139752,0.017585931254996003,0.18174539631705364,44.0,-0.017965491443081016,0.18174539631705364,0.4466639978649587,0.10496397117694158,0.0,0.5603134280825343,0.0006994847047528951,0.5914318307220015,0.9717269135808,0.007971303308090873,0.048574869530309116,20.0,0.026779629108703684,0.048574869530309116,0.44798608323297207,0.10496186270574068,0.0,0.5606873711448919,0.003168410681369027,0.5900468556088524,False,False,False,1,main_older_congruent_fast_error_not_absent,mixed_tradeoff,report_negative_result
WR2_uncertainty_schedule_fine,WR2_fine_da09b082,c0.72_ls-50_tw1.00_ep30,WR2_uncertainty_schedule,none,time_gap_selected,"{""adaptive"": {""compression_high"": 0.45, ""compression_low"": 0.72, ""score_window_s"": 0.15, ""temp"": 0.22, ""theta_quantile"": 0.5, ""type"": ""WR2_uncertainty_schedule""}, ""custom_noise"": null, ""lapse"": {""type"": ""none""}, ""noise_mode"": ""time_gap_selected"", ""schedule"": {""compression"": 0.72, ""early_phase_shortening_ms"": 30, ""late_shift_ms"": -50, ""transition_width"": 1.0}}",0.075,0.13409387333370318,0.5015,0.08978196206101774,0.575,0.0,0.075,1.375375835394721,0.8977360945511005,0.02238209432454037,0.18214571657325862,56.0,-0.01248147534662325,0.18214571657325862,0.4437416599946624,0.10506204963971175,0.0,0.5795958878491031,0.0006992732070412178,0.5200153156371703,0.9671117337680697,0.008369868473495417,0.057406663990365314,21.0,-0.08946740254360508,0.05700521878763549,0.4447343770908605,0.1045965475712565,0.0,0.5774864291108153,0.0031674480056125276,0.5278281255020084,True,True,False,0,,mixed_tradeoff,fine_search_seed
WR2_uncertainty_schedule_fine,WR2_fine_d3c40cc9,c0.72_ls-50_tw1.00_ep30,WR2_uncertainty_schedule,none,time_gap_selected,"{""adaptive"": {""compression_high"": 0.45, ""compression_low"": 0.72, ""score_window_s"": 0.12, ""temp"": 0.3, ""theta_quantile"": 0.45, ""type"": ""WR2_uncertainty_schedule""}, ""custom_noise"": null, ""lapse"": {""type"": ""none""}, ""noise_mode"": ""time_gap_selected"", ""schedule"": {""compression"": 0.72, ""early_phase_shortening_ms"": 30, ""late_shift_ms"": -50, ""transition_width"": 1.0}}",0.075,0.13471414703635073,0.5015,0.08942619772252969,0.575,0.0,0.075,1.3756403447588803,0.896933214037257,0.01958433253397282,0.18654923939151322,49.0,-0.006777565109363448,0.18614891913530823,0.44418201227648785,0.10471977582065654,0.0,0.5591084808421278,0.0006878407919082008,0.5958945974800443,0.9699204101685157,0.007971303308090873,0.05218787635487756,20.0,-0.06344871093538118,0.05178643115214773,0.44559079352335074,0.10466278602970695,0.0,0.5594143654048204,0.0031184639705996164,0.594761691776351,True,True,False,0,,mixed_tradeoff,fine_search_seed
WR2_uncertainty_schedule_fine,WR2_fine_e51a945f,c0.72_ls-30_tw1.00_ep30,WR2_uncertainty_schedule,none,time_gap_selected,"{""adaptive"": {""compression_high"": 0.45, ""compression_low"": 0.72, ""score_window_s"": 0.15, ""temp"": 0.22, ""theta_quantile"": 0.45, ""type"": ""WR2_uncertainty_schedule""}, ""custom_noise"": null, ""lapse"": {""type"": ""none""}, ""noise_mode"": ""time_gap_selected"", ""schedule"": {""compression"": 0.72, ""early_phase_shortening_ms"": 30, ""late_shift_ms"": -30, ""transition_width"": 1.0}}",0.075,0.1351740291102553,0.5015,0.08952346542026877,0.575,0.0,0.075,1.376197494530524,0.8961316135242327,0.01838529176658673,0.18935148118494796,46.0,-0.009762868184937656,0.18935148118494796,0.4504803843074459,0.10745996797437951,0.0,0.5604406310211428,0.0006982096040678565,0.5909607087086144,0.9717240335434747,0.007174172977281785,0.04937775993576877,18.0,-0.0939084882718978,0.04937775993576877,0.45146527498996386,0.10758530710558009,0.0,0.5606754724908174,0.0031629127845183014,0.5900909240568328,True,True,False,0,,mixed_tradeoff,fine_search_seed
WR2_uncertainty_schedule_fine,WR2_fine_8bc14a3f,c0.72_ls-50_tw1.00_ep40,WR2_uncertainty_schedule,none,time_gap_selected,"{""adaptive"": {""compression_high"": 0.45, ""compression_low"": 0.72, ""score_window_s"": 0.15, ""temp"": 0.22, ""theta_quantile"": 0.5, ""type"": ""WR2_uncertainty_schedule""}, ""custom_noise"": null, ""lapse"": {""type"": ""none""}, ""noise_mode"": ""time_gap_selected"", ""schedule"": {""compression"": 0.72, ""early_phase_shortening_ms"": 40, ""late_shift_ms"": -50, ""transition_width"": 1.0}}",0.075,0.13474159575006375,0.5015,0.08997804425796758,0.575,0.0,0.075,1.3762196400080313,0.8991314554441314,0.015187849720223821,0.18654923939151322,38.0,-0.012889806101619383,0.18654923939151322,0.4436882839605018,0.10482786228983187,0.0,0.5794620952232785,0.0007000617467986525,0.520510843201822,0.9677239817028028,0.011159824631327222,0.053392211963067045,28.0,-0.08841148107641617,0.053392211963067045,0.4447343770908605,0.10443396226415094,0.0,0.5773936777284914,0.003170867895472107,0.528171648938093,True,True,False,0,,mixed_tradeoff,fine_search_seed
WR2_uncertainty_schedule_fine,WR2_fine_861131dc,c0.72_ls-40_tw1.00_ep30,WR2_uncertainty_schedule,none,time_gap_selected,"{""adaptive"": {""compression_high"": 0.42, ""compression_low"": 0.72, ""score_window_s"": 0.15, ""temp"": 0.3, ""theta_quantile"": 0.5, ""type"": ""WR2_uncertainty_schedule""}, ""custom_noise"": null, ""lapse"": {""type"": ""none""}, ""noise_mode"": ""time_gap_selected"", ""schedule"": {""compression"": 0.72, ""early_phase_shortening_ms"": 30, ""late_shift_ms"": -40, ""transition_width"": 1.0}}",0.075,0.13578800117522014,0.5023976785029237,0.08863202565263772,0.575,0.0,0.075,1.3768177053307813,0.9033348181342836,0.015187849720223821,0.17814251401120898,38.0,0.0025907140116951943,0.17814251401120898,0.43198558847077656,0.10120696557245797,0.0,0.5626841132613576,0.0006986933430450648,0.5243863636872627,0.9679059840615534,0.005978477481068154,0.05820955439582497,15.0,-0.0273377428619469,0.05820955439582497,0.4332931888130604,0.10049979927739863,0.0,0.560199225739176,0.0031649739441771962,0.5326693213068632,False,False,False,1,main_young_congruent_fast_error,no_congruent_fast_error,report_negative_result
WR2_uncertainty_schedule_fine,WR2_fine_5215e466,c0.72_ls-40_tw1.00_ep20,WR2_uncertainty_schedule,none,time_gap_selected,"{""adaptive"": {""compression_high"": 0.45, ""compression_low"": 0.72, ""score_window_s"": 0.15, ""temp"": 0.22, ""theta_quantile"": 0.45, ""type"": ""WR2_uncertainty_schedule""}, ""custom_noise"": null, ""lapse"": {""type"": ""none""}, ""noise_mode"": ""time_gap_selected"", ""schedule"": {""compression"": 0.72, ""early_phase_shortening_ms"": 20, ""late_shift_ms"": -40, ""transition_width"": 1.0}}",0.075,0.13511949343128038,0.5025985376805999,0.08912567629374474,0.575,0.0,0.075,1.3768437074056252,0.895534653142178,0.022781774580335732,0.18614891913530823,57.0,0.0033941507224002354,0.18534827862289832,0.4466773418734989,0.10515012009607684,0.0,0.5604030609958582,0.0006979762467317352,0.591099857374182,0.9723132411796056,0.0035870864886408927,0.05178643115214773,9.0,-0.07297008848190312,0.05178643115214773,0.4479994647397297,0.10513247691690084,0.0,0.5607030297956754,0.0031618648509558755,0.5899888611089114,False,False,False,1,main_young_congruent_fast_error,no_congruent_fast_error,report_negative_result
WR2_uncertainty_schedule_fine,WR2_fine_3f4df93b,c0.72_ls-40_tw1.00_ep40,WR2_uncertainty_schedule,none,time_gap_selected,"{""adaptive"": {""compression_high"": 0.45, ""compression_low"": 0.72, ""score_window_s"": 0.18, ""temp"": 0.3, ""theta_quantile"": 0.45, ""type"": ""WR2_uncertainty_schedule""}, ""custom_noise"": null, ""lapse"": {""type"": ""none""}, ""noise_mode"": ""time_gap_selected"", ""schedule"": {""compression"": 0.72, ""early_phase_shortening_ms"": 40, ""late_shift_ms"": -40, ""transition_width"": 1.0}}",0.075,0.13622522958777564,0.5015,0.09027617517538719,0.575,0.0,0.075,1.3780014047631628,0.8939333721173581,0.022781774580335732,0.18935148118494796,57.0,-0.01887434540273769,0.18935148118494796,0.4481318388043768,0.1058787029623699,0.0,0.5586595148448935,0.0007086525721406445,0.5975574339464993,0.9703218553712456,0.007971303308090873,0.051384985949417906,20.0,-0.0067294531297903415,0.051384985949417906,0.449605245550649,0.10589321557607385,0.0,0.5596142822132668,0.003207293643449405,0.5940212594143364,True,True,False,0,,mixed_tradeoff,fine_search_seed
WR2_uncertainty_schedule_fine,WR2_fine_ae1a4c92,c0.72_ls-50_tw1.00_ep20,WR2_uncertainty_schedule,none,time_gap_selected,"{""adaptive"": {""compression_high"": 0.45, ""compression_low"": 0.72, ""score_window_s"": 0.15, ""temp"": 0.3, ""theta_quantile"": 0.45, ""type"": ""WR2_uncertainty_schedule""}, ""custom_noise"": null, ""lapse"": {""type"": ""none""}, ""noise_mode"": ""time_gap_selected"", ""schedule"": {""compression"": 0.72, ""early_phase_shortening_ms"": 20, ""late_shift_ms"": -50, ""transition_width"": 1.0}}",0.075,0.13443792920613074,0.5063509632923999,0.08952810582468385,0.575,0.0,0.075,1.3803169983232149,0.8977338545496669,0.01958433253397282,0.18494795836669337,49.0,0.002419855635704682,0.18494795836669337,0.444035228182546,0.10409927942353882,0.0,0.5583746327222613,0.0006985596889214074,0.5986125541192056,0.9695160849284608,0.007174172977281785,0.05379365716579687,18.0,0.014983997533895566,0.05379365716579687,0.4454569784557741,0.10415696507426736,0.0,0.5588876436759246,0.003164350935763116,0.5967125140129571,False,False,False,2,main_young_congruent_fast_error,no_congruent_fast_error,report_negative_result
WR2_uncertainty_schedule_fine,WR2_fine_18dca7be,c0.70_ls-40_tw1.00_ep30,WR2_uncertainty_schedule,none,time_gap_selected,"{""adaptive"": {""compression_high"": 0.45, ""compression_low"": 0.7, ""score_window_s"": 0.15, ""temp"": 0.3, ""theta_quantile"": 0.45, ""type"": ""WR2_uncertainty_schedule""}, ""custom_noise"": null, ""lapse"": {""type"": ""none""}, ""noise_mode"": ""time_gap_selected"", ""schedule"": {""compression"": 0.7, ""early_phase_shortening_ms"": 30, ""late_shift_ms"": -40, ""transition_width"": 1.0}}",0.075,0.13525221789058078,0.506288359851582,0.0895293713895243,0.575,0.0,0.075,1.3810699491316871,0.8993335355734629,0.017585931254996003,0.18374699759807847,44.0,-0.008521079371178186,0.18374699759807847,0.4477848945823325,0.10608486789431545,0.0,0.5504270129328256,0.0007026568606142147,0.5982919005873838,0.9691131997070682,0.006775607811877242,0.05499799277398635,17.0,0.01815343940632841,0.05499799277398635,0.44919041884116157,0.10603974307507025,0.0,0.551071573572252,0.0031818538406061525,0.5957136577343836,False,False,False,1,main_older_congruent_fast_error_not_absent,mixed_tradeoff,report_negative_result
WR2_uncertainty_schedule_fine,WR2_fine_80de2b02,c0.70_ls-40_tw1.00_ep30,WR2_uncertainty_schedule,none,time_gap_selected,"{""adaptive"": {""compression_high"": 0.42, ""compression_low"": 0.7, ""score_window_s"": 0.15, ""temp"": 0.3, ""theta_quantile"": 0.5, ""type"": ""WR2_uncertainty_schedule""}, ""custom_noise"": null, ""lapse"": {""type"": ""none""}, ""noise_mode"": ""time_gap_selected"", ""schedule"": {""compression"": 0.7, ""early_phase_shortening_ms"": 30, ""late_shift_ms"": -40, ""transition_width"": 1.0}}",0.075,0.1333257879554846,0.5089881667709701,0.08877286493988445,0.575,0.0,0.075,1.381086819666339,0.8981316148042335,0.016386890487609912,0.18734987990392313,41.0,0.01557212810511821,0.18734987990392313,0.43161195623165194,0.10051441152922337,0.0,0.5534560125307968,0.0007026568606142147,0.5233713403861762,0.9707276206299633,0.009166998804304504,0.04937775993576877,23.0,0.012380538978762345,0.04937775993576877,0.43290512511708823,0.09984945804897633,0.0,0.5510733151159901,0.0031818538406061525,0.5318809725697943,False,False,False,2,main_young_congruent_fast_error,no_congruent_fast_error,report_negative_result
WR2_uncertainty_schedule_fine,WR2_fine_012f8a89,c0.72_ls-40_tw1.10_ep30,WR2_uncertainty_schedule,none,time_gap_selected,"{""adaptive"": {""compression_high"": 0.45, ""compression_low"": 0.72, ""score_window_s"": 0.18, ""temp"": 0.3, ""theta_quantile"": 0.5, ""type"": ""WR2_uncertainty_schedule""}, ""custom_noise"": null, ""lapse"": {""type"": ""none""}, ""noise_mode"": ""time_gap_selected"", ""schedule"": {""compression"": 0.72, ""early_phase_shortening_ms"": 30, ""late_shift_ms"": -40, ""transition_width"": 1.1}}",0.075,0.13705050370871685,0.502458781531874,0.09163527128406859,0.575,0.0,0.075,1.3811445565246594,0.8957351332704853,0.023181454836131096,0.18534827862289832,58.0,0.002835126127495813,0.18534827862289832,0.4334801174272752,0.10537029623698958,0.0,0.580990883387739,0.0007143147556682994,0.514848665036128,0.9669066911107168,0.007174172977281785,0.059012444801284626,18.0,-0.03142103623538828,0.059012444801284626,0.4343235648334003,0.10461862705740667,0.0,0.5784305260662082,0.003231188298026433,0.5243314695682902,False,False,False,1,main_young_congruent_fast_error,no_congruent_fast_error,report_negative_result
WR2_uncertainty_schedule_fine,WR2_fine_5270a892,c0.70_ls-40_tw1.10_ep30,WR2_uncertainty_schedule,none,time_gap_selected,"{""adaptive"": {""compression_high"": 0.45, ""compression_low"": 0.7, ""score_window_s"": 0.15, ""temp"": 0.3, ""theta_quantile"": 0.5, ""type"": ""WR2_uncertainty_schedule""}, ""custom_noise"": null, ""lapse"": {""type"": ""none""}, ""noise_mode"": ""time_gap_selected"", ""schedule"": {""compression"": 0.7, ""early_phase_shortening_ms"": 30, ""late_shift_ms"": -40, ""transition_width"": 1.1}}",0.075,0.13807365792265242,0.5015,0.09162978716975989,0.575,0.0,0.075,1.3812034450924122,0.8955311331399252,0.01838529176658673,0.19055244195356286,46.0,-0.01112842514653023,0.19055244195356286,0.43249266079530296,0.10494595676541234,0.0,0.5702408643238841,0.0007104120188529683,0.5190364965294905,0.9697153675111629,0.006775607811877242,0.05379365716579687,17.0,-0.031897002029307564,0.05379365716579687,0.4334002408671217,0.10415696507426736,0.0,0.5675447899564003,0.0032147686789050778,0.5298207929409829,True,True,False,0,,mixed_tradeoff,fine_search_seed
WR2_uncertainty_schedule_fine,WR2_fine_1968287b,c0.74_ls-40_tw1.00_ep30,WR2_uncertainty_schedule,none,time_gap_selected,"{""adaptive"": {""compression_high"": 0.42, ""compression_low"": 0.74, ""score_window_s"": 0.15, ""temp"": 0.3, ""theta_quantile"": 0.5, ""type"": ""WR2_uncertainty_schedule""}, ""custom_noise"": null, ""lapse"": {""type"": ""none""}, ""noise_mode"": ""time_gap_selected"", ""schedule"": {""compression"": 0.74, ""early_phase_shortening_ms"": 30, ""late_shift_ms"": -40, ""transition_width"": 1.0}}",0.075,0.13824601808220907,0.5015,0.09148515118799175,0.575,0.0,0.075,1.3812311692702006,0.898932895317053,0.01718625099920064,0.18494795836669337,43.0,-0.0019628680166561274,0.18494795836669337,0.43238590872698157,0.10179286858974358,0.0,0.5722812863648988,0.0006946577330493864,0.5241210216084019,0.9663088433626099,0.008369868473495417,0.059012444801284626,21.0,-0.0302486004060597,0.059012444801284626,0.4336812525090324,0.10119229225210759,0.0,0.5692649504444105,0.003147768877299839,0.5335470714232885,True,True,False,0,,mixed_tradeoff,fine_search_seed
WR2_uncertainty_schedule_fine,WR2_fine_186e2d52,c0.72_ls-30_tw1.00_ep30,WR2_uncertainty_schedule,none,time_gap_selected,"{""adaptive"": {""compression_high"": 0.42, ""compression_low"": 0.72, ""score_window_s"": 0.15, ""temp"": 0.3, ""theta_quantile"": 0.5, ""type"": ""WR2_uncertainty_schedule""}, ""custom_noise"": null, ""lapse"": {""type"": ""none""}, ""noise_mode"": ""time_gap_selected"", ""schedule"": {""compression"": 0.72, ""early_phase_shortening_ms"": 30, ""late_shift_ms"": -30, ""transition_width"": 1.0}}",0.075,0.13848178179835707,0.5015,0.09178032912078357,0.575,0.0,0.075,1.3817621109191405,0.8951311328839251,0.018784972022382093,0.1909527622097678,47.0,-0.0054867221117174125,0.18975180144115292,0.43696290365625834,0.10375300240192155,0.0,0.5627099694103509,0.0006982096040678565,0.5243001753918206,0.9683189494135844,0.009166998804304504,0.0541951023685267,23.0,-0.0480499139472651,0.0541951023685267,0.43804362371203,0.10296467282215978,0.0,0.5600127651996836,0.0031629127845183014,0.5332908561928353,True,True,False,0,,mixed_tradeoff,fine_search_seed
WR2_uncertainty_schedule_fine,WR2_fine_8b804b6a,c0.72_ls-40_tw1.10_ep20,WR2_uncertainty_schedule,none,time_gap_selected,"{""adaptive"": {""compression_high"": 0.45, ""compression_low"": 0.72, ""score_window_s"": 0.15, ""temp"": 0.3, ""theta_quantile"": 0.5, ""type"": ""WR2_uncertainty_schedule""}, ""custom_noise"": null, ""lapse"": {""type"": ""none""}, ""noise_mode"": ""time_gap_selected"", ""schedule"": {""compression"": 0.72, ""early_phase_shortening_ms"": 20, ""late_shift_ms"": -40, ""transition_width"": 1.1}}",0.075,0.13909743118899784,0.5015,0.09158171579415278,0.575,0.0,0.075,1.3821791469831506,0.8965319337804376,0.01838529176658673,0.18855084067253802,46.0,-0.010738418447960418,0.18855084067253802,0.43251934881238324,0.10557045636509206,0.0,0.5787367454757123,0.0007064726930057219,0.5231973236468964,0.9681139067562315,0.007971303308090873,0.055800883179446,20.0,-0.012774648067461647,0.055399437976716176,0.4336946340157902,0.1049839421918908,0.0,0.5769494140575547,0.003197998056353679,0.5298170703827175,True,True,False,0,,mixed_tradeoff,fine_search_seed
WR2_uncertainty_schedule_fine,WR2_fine_5a16e380,c0.72_ls-40_tw1.00_ep20,WR2_uncertainty_schedule,none,time_gap_selected,"{""adaptive"": {""compression_high"": 0.42, ""compression_low"": 0.72, ""score_window_s"": 0.15, ""temp"": 0.3, ""theta_quantile"": 0.5, ""type"": ""WR2_uncertainty_schedule""}, ""custom_noise"": null, ""lapse"": {""type"": ""none""}, ""noise_mode"": ""time_gap_selected"", ""schedule"": {""compression"": 0.72, ""early_phase_shortening_ms"": 20, ""late_shift_ms"": -40, ""transition_width"": 1.0}}",0.075,0.1312906768058752,0.5140777400136995,0.08692982085387298,0.575,0.0,0.075,1.3822982376734476,0.9025383376245362,0.02038369304556355,0.1745396317053643,51.0,0.043475605717836485,0.17413931144915934,0.43199893247931676,0.1014191353082466,0.0,0.5626767331440865,0.0006979762467317352,0.5244109632004716,0.9667131686026651,0.009166998804304504,0.057406663990365314,23.0,0.004835354336962028,0.057406663990365314,0.43331995182657573,0.10067844239261341,0.0,0.559990245386247,0.0031618648509558755,0.5333659214749328,False,False,False,2,main_young_congruent_fast_error,no_congruent_fast_error,report_negative_result
WR2_uncertainty_schedule_fine,WR2_fine_d2f8119a,c0.72_ls-50_tw1.10_ep30,WR2_uncertainty_schedule,none,time_gap_selected,"{""adaptive"": {""compression_high"": 0.45, ""compression_low"": 0.72, ""score_window_s"": 0.15, ""temp"": 0.3, ""theta_quantile"": 0.5, ""type"": ""WR2_uncertainty_schedule""}, ""custom_noise"": null, ""lapse"": {""type"": ""none""}, ""noise_mode"": ""time_gap_selected"", ""schedule"": {""compression"": 0.72, ""early_phase_shortening_ms"": 30, ""late_shift_ms"": -50, ""transition_width"": 1.1}}",0.075,0.13698355704144555,0.5045304551982384,0.0914809326385235,0.575,0.0,0.075,1.3829949448782073,0.895132732884949,0.020783373301358914,0.188951160928743,52.0,0.01112182079295343,0.188951160928743,0.42756872164398185,0.10290632506004804,0.0,0.579194434748135,0.0007076593760453331,0.5215021783890826,0.9689139171243659,0.007174172977281785,0.05499799277398635,18.0,-0.02985546511025361,0.05499799277398635,0.4285026093938178,0.1021276595744681,0.0,0.5769090728862417,0.0032030874139447607,0.5299664819910392,False,False,False,1,main_young_congruent_fast_error,no_congruent_fast_error,report_negative_result
WR2_uncertainty_schedule_fine,WR2_fine_43f07254,c0.72_ls-30_tw1.00_ep20,WR2_uncertainty_schedule,none,time_gap_selected,"{""adaptive"": {""compression_high"": 0.45, ""compression_low"": 0.72, ""score_window_s"": 0.15, ""temp"": 0.3, ""theta_quantile"": 0.45, ""type"": ""WR2_uncertainty_schedule""}, ""custom_noise"": null, ""lapse"": {""type"": ""none""}, ""noise_mode"": ""time_gap_selected"", ""schedule"": {""compression"": 0.72, ""early_phase_shortening_ms"": 20, ""late_shift_ms"": -30, ""transition_width"": 1.0}}",0.075,0.13943667448926322,0.5015,0.09237954394025055,0.575,0.0,0.075,1.3833162184295138,0.8913322504526403,0.023980815347721823,0.1933546837469976,60.0,-0.01014228316113952,0.1933546837469976,0.4517080330931412,0.10895516413130503,0.0,0.5585008840714156,0.0006974915666126402,0.5981449553722722,0.9679247043041678,0.011159824631327222,0.05299076676033721,28.0,-0.06747255370466176,0.05299076676033721,0.4526562290913957,0.10905459654757124,0.0,0.5588386293511356,0.0031597951263028223,0.5968940462459552,True,True,False,0,,mixed_tradeoff,fine_search_seed
WR2_uncertainty_schedule_fine,WR2_fine_39dc70e0,c0.72_ls-40_tw1.10_ep40,WR2_uncertainty_schedule,none,time_gap_selected,"{""adaptive"": {""compression_high"": 0.45, ""compression_low"": 0.72, ""score_window_s"": 0.15, ""temp"": 0.3, ""theta_quantile"": 0.5, ""type"": ""WR2_uncertainty_schedule""}, ""custom_noise"": null, ""lapse"": {""type"": ""none""}, ""noise_mode"": ""time_gap_selected"", ""schedule"": {""compression"": 0.72, ""early_phase_shortening_ms"": 40, ""late_shift_ms"": -40, ""transition_width"": 1.1}}",0.075,0.13922119140852957,0.5015,0.09273066787432355,0.575,0.0,0.075,1.3834518592828529,0.8941296922430031,0.017985611510791366,0.19375500400320256,45.0,-0.014892062519350602,0.19295436349079265,0.4325994128636242,0.10522618094475582,0.0,0.579123100112723,0.0007075553400346934,0.5217663806879472,0.9677225416841402,0.010761259465922678,0.05379365716579687,27.0,-0.048758046078334005,0.05379365716579687,0.43358758196172886,0.10455238859895624,0.0,0.5767242534559673,0.003202680156523585,0.5306509972712632,True,True,False,0,,mixed_tradeoff,fine_search_seed
WR2_uncertainty_schedule_fine,WR2_fine_90a261cf,c0.72_ls-40_tw1.10_ep30,WR2_uncertainty_schedule,none,time_gap_selected,"{""adaptive"": {""compression_high"": 0.45, ""compression_low"": 0.72, ""score_window_s"": 0.15, ""temp"": 0.22, ""theta_quantile"": 0.5, ""type"": ""WR2_uncertainty_schedule""}, ""custom_noise"": null, ""lapse"": {""type"": ""none""}, ""noise_mode"": ""time_gap_selected"", ""schedule"": {""compression"": 0.72, ""early_phase_shortening_ms"": 30, ""late_shift_ms"": -40, ""transition_width"": 1.1}}",0.075,0.13332484520193288,0.5124489085253652,0.08828160481014277,0.575,0.0,0.075,1.3840553585374407,0.9023362574952047,0.017985611510791366,0.17734187349879904,45.0,0.022950719052521662,0.17734187349879904,0.4288497464638377,0.10286228983186552,0.0,0.5799297456950945,0.0007069832854297853,0.5187788057488009,0.9681052666442558,0.005579912315663611,0.05820955439582497,14.0,0.018844915048938926,0.05780810919309514,0.43065703198180116,0.10247691690084304,0.0,0.5781075162842528,0.003200205466622419,0.5255278029791102,False,False,False,2,main_young_congruent_fast_error,no_congruent_fast_error,report_negative_result
WR2_uncertainty_schedule_fine,WR2_fine_1a672b60,c0.72_ls-40_tw1.00_ep40,WR2_uncertainty_schedule,none,time_gap_selected,"{""adaptive"": {""compression_high"": 0.42, ""compression_low"": 0.72, ""score_window_s"": 0.15, ""temp"": 0.3, ""theta_quantile"": 0.5, ""type"": ""WR2_uncertainty_schedule""}, ""custom_noise"": null, ""lapse"": {""type"": ""none""}, ""noise_mode"": ""time_gap_selected"", ""schedule"": {""compression"": 0.72, ""early_phase_shortening_ms"": 40, ""late_shift_ms"": -40, ""transition_width"": 1.0}}",0.075,0.13282920828886355,0.5140571462260759,0.08762447533297614,0.575,0.0,0.075,1.3845108298479156,0.9009335365974633,0.01598721023181455,0.18214571657325862,40.0,-0.03908397345996595,0.18134507606084868,0.43194555644515614,0.10097277822257807,0.0,0.5627201786016696,0.0006994847047528951,0.524266146074536,0.9697225676044761,0.00876843363889996,0.05178643115214773,22.0,0.04922858490430415,0.05178643115214773,0.43313261073196846,0.10021477318346046,0.0,0.5599637838796754,0.003168410681369027,0.5334541283114026,False,False,False,1,main_older_congruent_fast_error_not_absent,mixed_tradeoff,report_negative_result
WR2_uncertainty_schedule_fine,WR2_fine_770d5873,c0.72_ls-40_tw1.00_ep30,WR2_uncertainty_schedule,none,time_gap_selected,"{""adaptive"": {""compression_high"": 0.45, ""compression_low"": 0.72, ""score_window_s"": 0.18, ""temp"": 0.3, ""theta_quantile"": 0.45, ""type"": ""WR2_uncertainty_schedule""}, ""custom_noise"": null, ""lapse"": {""type"": ""none""}, ""noise_mode"": ""time_gap_selected"", ""schedule"": {""compression"": 0.72, ""early_phase_shortening_ms"": 30, ""late_shift_ms"": -40, ""transition_width"": 1.0}}",0.075,0.14028644417776803,0.5015615617452862,0.0927336208589513,0.575,0.0,0.075,1.3845816267820057,0.8955308131397204,0.017985611510791366,0.1909527622097678,45.0,-0.0007537530188547192,0.19015212169735787,0.4480784627702162,0.10599879903923137,0.0,0.5585935690122925,0.0007081260336694317,0.59780167685367,0.9673138963880972,0.00876843363889996,0.05660377358490566,22.0,-0.011967007285797249,0.05660377358490566,0.44955171952361844,0.10600361300682455,0.0,0.5596241795246943,0.0032050366673656017,0.5939846029790959,True,True,False,0,,mixed_tradeoff,fine_search_seed
WR2_uncertainty_schedule_fine,WR2_fine_c91d48ff,c0.72_ls-30_tw1.00_ep30,WR2_uncertainty_schedule,none,time_gap_selected,"{""adaptive"": {""compression_high"": 0.45, ""compression_low"": 0.72, ""score_window_s"": 0.15, ""temp"": 0.3, ""theta_quantile"": 0.45, ""type"": ""WR2_uncertainty_schedule""}, ""custom_noise"": null, ""lapse"": {""type"": ""none""}, ""noise_mode"": ""time_gap_selected"", ""schedule"": {""compression"": 0.72, ""early_phase_shortening_ms"": 30, ""late_shift_ms"": -30, ""transition_width"": 1.0}}",0.075,0.13907065982573769,0.5038488077417382,0.09203221670069897,0.575,0.0,0.075,1.384951684268175,0.8951320928845394,0.019984012789768184,0.18975180144115292,50.0,-0.02333951493655284,0.18935148118494796,0.45172137710168137,0.10885108086469177,0.0,0.5585712063206064,0.0006982096040678565,0.5978845036154374,0.9669182112600179,0.010362694300518135,0.055800883179446,26.0,0.008395230966952827,0.055800883179446,0.45262946607788035,0.10891208350060218,0.0,0.5588068747618066,0.0031629127845183014,0.5970116576323486,False,False,False,1,main_older_congruent_fast_error_not_absent,mixed_tradeoff,report_negative_result
WR2_uncertainty_schedule_fine,WR2_fine_bc050908,c0.70_ls-50_tw1.00_ep30,WR2_uncertainty_schedule,none,time_gap_selected,"{""adaptive"": {""compression_high"": 0.45, ""compression_low"": 0.7, ""score_window_s"": 0.15, ""temp"": 0.3, ""theta_quantile"": 0.5, ""type"": ""WR2_uncertainty_schedule""}, ""custom_noise"": null, ""lapse"": {""type"": ""none""}, ""noise_mode"": ""time_gap_selected"", ""schedule"": {""compression"": 0.7, ""early_phase_shortening_ms"": 30, ""late_shift_ms"": -50, ""transition_width"": 1.0}}",0.075,0.13900559908901075,0.5046940011988983,0.09133039068749982,0.575,0.0,0.075,1.3850299909754091,0.8965316137802328,0.017985611510791366,0.188951160928743,45.0,-0.012599942797706265,0.188951160928743,0.4465038697624767,0.10679343474779823,0.0,0.5692008742314869,0.0007033083227979131,0.5231964552058807,0.9689153571430286,0.00757273814268633,0.05459654757125652,19.0,0.011776004795593709,0.05459654757125652,0.4474642044694232,0.10623845845042151,0.0,0.5674026367293428,0.0031846268378099563,0.5303894044553232,False,False,False,1,main_older_congruent_fast_error_not_absent,mixed_tradeoff,report_negative_result
WR2_uncertainty_schedule_fine,WR2_fine_a377b7d8,c0.72_ls-40_tw1.00_ep30,WR2_uncertainty_schedule,none,time_gap_selected,"{""adaptive"": {""compression_high"": 0.45, ""compression_low"": 0.72, ""score_window_s"": 0.18, ""temp"": 0.22, ""theta_quantile"": 0.5, ""type"": ""WR2_uncertainty_schedule""}, ""custom_noise"": null, ""lapse"": {""type"": ""none""}, ""noise_mode"": ""time_gap_selected"", ""schedule"": {""compression"": 0.72, ""early_phase_shortening_ms"": 30, ""late_shift_ms"": -40, ""transition_width"": 1.0}}",0.075,0.14025068565559323,0.5033121732183286,0.0920343259754331,0.575,0.0,0.075,1.385597184849355,0.8963327336529495,0.01958433253397282,0.1877502001601281,49.0,0.0016021960902679044,0.18734987990392313,0.4480384307445956,0.10706164931945558,0.0,0.580396758234068,0.0007081260336694317,0.5170491288706672,0.9673095763321093,0.00757273814268633,0.05780810919309514,19.0,0.0036464967830467376,0.05780810919309514,0.44908336678710026,0.10658570855078281,0.0,0.5784582503822647,0.0032050366673656017,0.5242287883999379,False,False,False,2,main_young_congruent_fast_error,no_congruent_fast_error,report_negative_result
WR2_uncertainty_schedule_fine,WR2_fine_dc6a6698,c0.72_ls-40_tw1.00_ep20,WR2_uncertainty_schedule,none,time_gap_selected,"{""adaptive"": {""compression_high"": 0.45, ""compression_low"": 0.72, ""score_window_s"": 0.18, ""temp"": 0.22, ""theta_quantile"": 0.5, ""type"": ""WR2_uncertainty_schedule""}, ""custom_noise"": null, ""lapse"": {""type"": ""none""}, ""noise_mode"": ""time_gap_selected"", ""schedule"": {""compression"": 0.72, ""early_phase_shortening_ms"": 20, ""late_shift_ms"": -40, ""transition_width"": 1.0}}",0.075,0.1418571838622521,0.5015,0.09283243535816207,0.575,0.0,0.075,1.386189619220414,0.8967285739062874,0.013988808952837729,0.19255404323458766,35.0,-0.02083333880805116,0.19135308246597277,0.44791833466773423,0.10718775020016012,0.0,0.5802814066127634,0.0007075898232505318,0.5174763566175754,0.9679160641921919,0.00876843363889996,0.055399437976716176,22.0,-0.006062269691234468,0.055399437976716176,0.44897631473303895,0.10665796868727416,0.0,0.5782058334397957,0.003202737637534092,0.5251636641206336,True,True,False,0,,mixed_tradeoff,fine_search_seed
WR2_uncertainty_schedule_fine,WR2_fine_80deef6b,c0.72_ls-50_tw0.90_ep30,WR2_uncertainty_schedule,none,time_gap_selected,"{""adaptive"": {""compression_high"": 0.45, ""compression_low"": 0.72, ""score_window_s"": 0.15, ""temp"": 0.3, ""theta_quantile"": 0.45, ""type"": ""WR2_uncertainty_schedule""}, ""custom_noise"": null, ""lapse"": {""type"": ""none""}, ""noise_mode"": ""time_gap_selected"", ""schedule"": {""compression"": 0.72, ""early_phase_shortening_ms"": 30, ""late_shift_ms"": -50, ""transition_width"": 0.9}}",0.075,0.1427030381531642,0.5015,0.0927336208589513,0.575,0.0,0.075,1.3869366590121155,0.8973293742907995,0.014388489208633094,0.1909527622097678,36.0,-0.005332908182973717,0.19015212169735787,0.46095543101147585,0.10865492393915133,0.0,0.5592818465016115,0.0006895511363416151,0.5952525018108508,0.9675131789707995,0.008369868473495417,0.05660377358490566,21.0,-0.006370604839081917,0.05660377358490566,0.46172889067308975,0.10863910076274588,0.0,0.5593133539915546,0.0031261042253429294,0.5951358080619358,True,True,False,0,,mixed_tradeoff,fine_search_seed
WR2_uncertainty_schedule_fine,WR2_fine_21ab80f0,c0.72_ls-40_tw1.10_ep30,WR2_uncertainty_schedule,none,time_gap_selected,"{""adaptive"": {""compression_high"": 0.45, ""compression_low"": 0.72, ""score_window_s"": 0.15, ""temp"": 0.3, ""theta_quantile"": 0.5, ""type"": ""WR2_uncertainty_schedule""}, ""custom_noise"": null, ""lapse"": {""type"": ""none""}, ""noise_mode"": ""time_gap_selected"", ""schedule"": {""compression"": 0.72, ""early_phase_shortening_ms"": 30, ""late_shift_ms"": -40, ""transition_width"": 1.1}}",0.075,0.13570932423054918,0.5113339719195489,0.09012942991888492,0.575,0.0,0.075,1.387172726068983,0.8975333744213596,0.019184652278177457,0.18574859887910328,48.0,0.02385930751754728,0.18574859887910328,0.43262610088070447,0.10543634907926341,0.0,0.5790438830460328,0.0007069832854297853,0.5220597768537093,0.9685167919776241,0.008369868473495417,0.05459654757125652,21.0,0.013476580160648233,0.05459654757125652,0.4336812525090326,0.10480529907667606,0.0,0.5769016569860126,0.003200205466622419,0.5299939479656298,False,False,False,2,main_young_congruent_fast_error,no_congruent_fast_error,report_negative_result
WR2_uncertainty_schedule_fine,WR2_fine_a05bdaf5,c0.72_ls-40_tw1.00_ep30,WR2_uncertainty_schedule,none,time_gap_selected,"{""adaptive"": {""compression_high"": 0.45, ""compression_low"": 0.72, ""score_window_s"": 0.12, ""temp"": 0.3, ""theta_quantile"": 0.45, ""type"": ""WR2_uncertainty_schedule""}, ""custom_noise"": null, ""lapse"": {""type"": ""none""}, ""noise_mode"": ""time_gap_selected"", ""schedule"": {""compression"": 0.72, ""early_phase_shortening_ms"": 30, ""late_shift_ms"": -40, ""transition_width"": 1.0}}",0.075,0.1427129571582777,0.5015,0.0935885199528551,0.575,0.0,0.075,1.3878014771111329,0.8975308144197212,0.01598721023181455,0.188951160928743,40.0,-0.03135143669456808,0.188951160928743,0.4481718708299973,0.10725380304243395,0.0,0.5590863938385846,0.0006873537014281395,0.5959764007552121,0.9663030832879593,0.006775607811877242,0.06061822561220393,17.0,-0.052674918851887575,0.06061822561220393,0.44955171952361844,0.10717984745082297,0.0,0.5594262230382965,0.0031163856961047287,0.5947177750555126,True,True,False,0,,mixed_tradeoff,fine_search_seed
WR2_uncertainty_schedule_fine,WR2_fine_bc3502c3,c0.72_ls-40_tw1.00_ep40,WR2_uncertainty_schedule,none,time_gap_selected,"{""adaptive"": {""compression_high"": 0.45, ""compression_low"": 0.72, ""score_window_s"": 0.18, ""temp"": 0.22, ""theta_quantile"": 0.5, ""type"": ""WR2_uncertainty_schedule""}, ""custom_noise"": null, ""lapse"": {""type"": ""none""}, ""noise_mode"": ""time_gap_selected"", ""schedule"": {""compression"": 0.72, ""early_phase_shortening_ms"": 40, ""late_shift_ms"": -40, ""transition_width"": 1.0}}",0.075,0.14291280061988546,0.5015,0.09368100662786351,0.575,0.0,0.075,1.3880938072477491,0.8927285713462856,0.017985611510791366,0.1965572457966373,45.0,-0.03987656010570295,0.19615692554043235,0.4481184947958367,0.10694355484387509,0.0,0.5804535966182516,0.0007086525721406445,0.5168386163207186,0.9705139378606347,0.005579912315663611,0.053392211963067045,14.0,-0.009738687166265247,0.053392211963067045,0.4491235113073732,0.10646527498996389,0.0,0.5785671681417216,0.003207293643449405,0.5238253880095833,True,True,False,0,,mixed_tradeoff,fine_search_seed
WR2_uncertainty_schedule_fine,WR2_fine_c50951e3,c0.70_ls-40_tw1.00_ep30,WR2_uncertainty_schedule,none,time_gap_selected,"{""adaptive"": {""compression_high"": 0.45, ""compression_low"": 0.7, ""score_window_s"": 0.15, ""temp"": 0.22, ""theta_quantile"": 0.5, ""type"": ""WR2_uncertainty_schedule""}, ""custom_noise"": null, ""lapse"": {""type"": ""none""}, ""noise_mode"": ""time_gap_selected"", ""schedule"": {""compression"": 0.7, ""early_phase_shortening_ms"": 30, ""late_shift_ms"": -40, ""transition_width"": 1.0}}",0.075,0.14275023206492488,0.5015,0.09403508354656426,0.575,0.0,0.075,1.388285315611489,0.8927304913475145,0.02038369304556355,0.1941553242594075,51.0,-0.009217063498656697,0.19295436349079265,0.44759807846277017,0.10700960768614892,0.0,0.5700510991283864,0.0007026568606142147,0.5197955558553353,0.9683088692829459,0.006377042646472699,0.05700521878763549,16.0,-0.0032872207039901236,0.05700521878763549,0.44878897363843173,0.10654757125652348,0.0,0.5682166376493424,0.0031818538406061525,0.5271334013786687,True,True,False,0,,mixed_tradeoff,fine_search_seed
WR2_uncertainty_schedule_fine,WR2_fine_4d89b3f0,c0.72_ls-40_tw1.00_ep30,WR2_uncertainty_schedule,none,time_gap_selected,"{""adaptive"": {""compression_high"": 0.45, ""compression_low"": 0.72, ""score_window_s"": 0.15, ""temp"": 0.38, ""theta_quantile"": 0.45, ""type"": ""WR2_uncertainty_schedule""}, ""custom_noise"": null, ""lapse"": {""type"": ""none""}, ""noise_mode"": ""time_gap_selected"", ""schedule"": {""compression"": 0.72, ""early_phase_shortening_ms"": 30, ""late_shift_ms"": -40, ""transition_width"": 1.0}}",0.075,0.1415238193399347,0.5034612227199837,0.09357923914402497,0.575,0.0,0.075,1.3885642812039434,0.8899298495551037,0.02238209432454037,0.1977582065652522,56.0,0.006844890879935117,0.1977582065652522,0.4503202562049639,0.10838470776621298,0.0,0.558253875358099,0.0006986933430450648,0.5990598022830912,0.9705196979352853,0.007174172977281785,0.05178643115214773,18.0,-0.07333108668711463,0.05178643115214773,0.45133145992238727,0.10835608189482136,0.0,0.5583889989625945,0.0031649739441771962,0.5985593441177002,False,False,False,1,main_young_congruent_fast_error,no_congruent_fast_error,report_negative_result
WR2_uncertainty_schedule_fine,WR2_fine_5b128dfa,c0.72_ls-40_tw1.00_ep30,WR2_uncertainty_schedule,none,time_gap_selected,"{""adaptive"": {""compression_high"": 0.45, ""compression_low"": 0.72, ""score_window_s"": 0.15, ""temp"": 0.3, ""theta_quantile"": 0.45, ""type"": ""WR2_uncertainty_schedule""}, ""custom_noise"": null, ""lapse"": {""type"": ""none""}, ""noise_mode"": ""time_gap_selected"", ""schedule"": {""compression"": 0.72, ""early_phase_shortening_ms"": 30, ""late_shift_ms"": -40, ""transition_width"": 1.0}}",0.075,0.14298505991185895,0.5015,0.0945838364790588,0.575,0.0,0.075,1.3890688963909177,0.8919288908344901,0.019184652278177457,0.1969575660528423,48.0,-0.024799408303071258,0.1965572457966373,0.44797171070189484,0.10653322658126502,0.0,0.558588607857217,0.0006986933430450648,0.5978200530360073,0.9685139119402988,0.00757273814268633,0.055399437976716176,19.0,-0.018373192028171892,0.055399437976716176,0.4493509969222535,0.10645925331192292,0.0,0.5587979097017073,0.0031649739441771962,0.5970448626789899,True,True,False,0,,mixed_tradeoff,fine_search_seed
WR2_uncertainty_schedule_fine,WR2_fine_cf2a6c35,c0.74_ls-40_tw1.00_ep30,WR2_uncertainty_schedule,none,time_gap_selected,"{""adaptive"": {""compression_high"": 0.45, ""compression_low"": 0.74, ""score_window_s"": 0.15, ""temp"": 0.3, ""theta_quantile"": 0.45, ""type"": ""WR2_uncertainty_schedule""}, ""custom_noise"": null, ""lapse"": {""type"": ""none""}, ""noise_mode"": ""time_gap_selected"", ""schedule"": {""compression"": 0.74, ""early_phase_shortening_ms"": 30, ""late_shift_ms"": -40, ""transition_width"": 1.0}}",0.075,0.1438834752160578,0.5015,0.09393711275724714,0.575,0.0,0.075,1.3893205879733048,0.8949306527556178,0.01838529176658673,0.19175340272217775,46.0,-0.04372135314216208,0.1909527622097678,0.4481718708299973,0.10707365892714173,0.0,0.5668927824515118,0.0006946577330493864,0.596921490960633,0.9671059736934191,0.006775607811877242,0.059012444801284626,17.0,-0.023939413239154272,0.059012444801284626,0.4495115750033454,0.10690485748695301,0.0,0.566949085199345,0.003147768877299839,0.5967273426774079,True,True,False,0,,mixed_tradeoff,fine_search_seed
WR2_uncertainty_schedule_fine,WR2_fine_4ffca19b,c0.72_ls-40_tw1.00_ep40,WR2_uncertainty_schedule,none,time_gap_selected,"{""adaptive"": {""compression_high"": 0.45, ""compression_low"": 0.72, ""score_window_s"": 0.15, ""temp"": 0.22, ""theta_quantile"": 0.5, ""type"": ""WR2_uncertainty_schedule""}, ""custom_noise"": null, ""lapse"": {""type"": ""none""}, ""noise_mode"": ""time_gap_selected"", ""schedule"": {""compression"": 0.72, ""early_phase_shortening_ms"": 40, ""late_shift_ms"": -40, ""transition_width"": 1.0}}",0.075,0.14024013360508358,0.506838413497766,0.09238460619961243,0.575,0.0,0.075,1.389463153302462,0.8961322535246423,0.019184652278177457,0.18855084067253802,48.0,-0.02337708510913883,0.18855084067253802,0.4477315185481719,0.10737189751801443,0.0,0.5794634845333879,0.0006994847047528951,0.520505697418251,0.9671102937494069,0.007971303308090873,0.05780810919309514,20.0,0.02035365399106437,0.05780810919309514,0.4488692626789777,0.10685066238458452,0.0,0.5773016632400971,0.003168410681369027,0.5285124438360733,False,False,False,1,main_older_congruent_fast_error_not_absent,mixed_tradeoff,report_negative_result
WR2_uncertainty_schedule_fine,WR2_fine_b390724d,c0.72_ls-40_tw1.00_ep30,WR2_uncertainty_schedule,none,time_gap_selected,"{""adaptive"": {""compression_high"": 0.42, ""compression_low"": 0.72, ""score_window_s"": 0.15, ""temp"": 0.38, ""theta_quantile"": 0.5, ""type"": ""WR2_uncertainty_schedule""}, ""custom_noise"": null, ""lapse"": {""type"": ""none""}, ""noise_mode"": ""time_gap_selected"", ""schedule"": {""compression"": 0.72, ""early_phase_shortening_ms"": 30, ""late_shift_ms"": -40, ""transition_width"": 1.0}}",0.075,0.14323530105226875,0.5018304531453888,0.0948873108924715,0.575,0.0,0.075,1.389953065090129,0.8933296917310027,0.018784972022382093,0.1945556445156125,47.0,0.0003218125815552808,0.1945556445156125,0.4371096877502002,0.10422938350680545,0.0,0.5626657770022545,0.0006986933430450648,0.5244474833938426,0.9653138704677613,0.010761259465922678,0.0586109995985548,27.0,-0.014808697844517882,0.05820955439582497,0.43801686069851464,0.10329185066238458,0.0,0.5600191886522795,0.0031649739441771962,0.533269444258871,False,False,False,1,main_young_congruent_fast_error,no_congruent_fast_error,report_negative_result
WR2_uncertainty_schedule_fine,WR2_fine_bc3aed9d,c0.72_ls-40_tw1.10_ep30,WR2_uncertainty_schedule,none,time_gap_selected,"{""adaptive"": {""compression_high"": 0.45, ""compression_low"": 0.72, ""score_window_s"": 0.12, ""temp"": 0.3, ""theta_quantile"": 0.5, ""type"": ""WR2_uncertainty_schedule""}, ""custom_noise"": null, ""lapse"": {""type"": ""none""}, ""noise_mode"": ""time_gap_selected"", ""schedule"": {""compression"": 0.72, ""early_phase_shortening_ms"": 30, ""late_shift_ms"": -40, ""transition_width"": 1.1}}",0.075,0.14293081602945198,0.5015,0.0956359427164373,0.575,0.0,0.075,1.3900667587458893,0.8893296891710011,0.022781774580335732,0.19855884707766214,57.0,-0.009975778323920714,0.19815852682145715,0.4324793167867628,0.10598879103282625,0.0,0.5785743958032745,0.0006978419738878361,0.5237986191731351,0.9659189183091813,0.011558389796731766,0.05660377358490566,29.0,-0.07909031360885654,0.05660377358490566,0.4337080155225479,0.10527498996386994,0.0,0.576308973847693,0.003161107689618914,0.532189069079523,True,True,False,0,,mixed_tradeoff,fine_search_seed
WR2_uncertainty_schedule_fine,WR2_fine_482e37c2,c0.72_ls-40_tw0.90_ep30,WR2_uncertainty_schedule,none,time_gap_selected,"{""adaptive"": {""compression_high"": 0.45, ""compression_low"": 0.72, ""score_window_s"": 0.15, ""temp"": 0.22, ""theta_quantile"": 0.45, ""type"": ""WR2_uncertainty_schedule""}, ""custom_noise"": null, ""lapse"": {""type"": ""none""}, ""noise_mode"": ""time_gap_selected"", ""schedule"": {""compression"": 0.72, ""early_phase_shortening_ms"": 30, ""late_shift_ms"": -40, ""transition_width"": 0.9}}",0.075,0.14517993058137538,0.5015,0.09343586872709729,0.575,0.0,0.075,1.3901157993084725,0.8979288946744926,0.013189448441247002,0.1909527622097678,33.0,-0.0492886550579934,0.1909527622097678,0.46282359220709895,0.10932892628205128,0.0,0.5609759693191245,0.0006891355737860261,0.5889779735394072,0.9687031143923626,0.00438421681944998,0.05820955439582497,11.0,-0.08106335168738965,0.05820955439582497,0.4633748160042821,0.1096045764753111,0.0,0.5610562993040222,0.003124334794750161,0.5886804567681164,True,True,False,0,,mixed_tradeoff,fine_search_seed
WR2_uncertainty_schedule_fine,WR2_fine_caaef1f1,c0.72_ls-50_tw1.00_ep30,WR2_uncertainty_schedule,none,time_gap_selected,"{""adaptive"": {""compression_high"": 0.45, ""compression_low"": 0.72, ""score_window_s"": 0.12, ""temp"": 0.22, ""theta_quantile"": 0.5, ""type"": ""WR2_uncertainty_schedule""}, ""custom_noise"": null, ""lapse"": {""type"": ""none""}, ""noise_mode"": ""time_gap_selected"", ""schedule"": {""compression"": 0.72, ""early_phase_shortening_ms"": 30, ""late_shift_ms"": -50, ""transition_width"": 1.0}}",0.075,0.14230950909738652,0.5047410014555754,0.09308544788460234,0.575,0.0,0.075,1.3901359584375643,0.8983292149306976,0.013189448441247002,0.19015212169735787,33.0,0.004538797013006968,0.19015212169735787,0.4438350680544435,0.10581265012009608,0.0,0.5794484952372481,0.0006878407919082008,0.5205612156002006,0.9659131582345307,0.00996412913511359,0.05820955439582497,25.0,0.006425208809295091,0.05780810919309514,0.44508229626655965,0.10532717784022481,0.0,0.5771287762679818,0.0031184639705996164,0.5291527653929033,False,False,False,2,main_young_congruent_fast_error,no_congruent_fast_error,report_negative_result
WR2_uncertainty_schedule_fine,WR2_fine_5c01a13a,c0.72_ls-30_tw1.00_ep30,WR2_uncertainty_schedule,none,time_gap_selected,"{""adaptive"": {""compression_high"": 0.45, ""compression_low"": 0.72, ""score_window_s"": 0.12, ""temp"": 0.3, ""theta_quantile"": 0.45, ""type"": ""WR2_uncertainty_schedule""}, ""custom_noise"": null, ""lapse"": {""type"": ""none""}, ""noise_mode"": ""time_gap_selected"", ""schedule"": {""compression"": 0.72, ""early_phase_shortening_ms"": 30, ""late_shift_ms"": -30, ""transition_width"": 1.0}}",0.075,0.14475896799481872,0.5015,0.09458664884537095,0.575,0.0,0.075,1.3908456168401897,0.8953284130101844,0.015187849720223821,0.1941553242594075,38.0,-0.03903908974167036,0.1941553242594075,0.4518281291700027,0.10958566853482786,0.0,0.5590972595682283,0.0006869597229010038,0.5959361567612923,0.9667102885653398,0.008369868473495417,0.05820955439582497,21.0,-0.0723277999570443,0.05780810919309514,0.4528703331995183,0.10960256924929747,0.0,0.5594319418922652,0.0031147097579541927,0.594696593509618,True,True,False,0,,mixed_tradeoff,fine_search_seed
WR2_uncertainty_schedule_fine,WR2_fine_3bee4a65,c0.72_ls-40_tw1.00_ep20,WR2_uncertainty_schedule,none,time_gap_selected,"{""adaptive"": {""compression_high"": 0.45, ""compression_low"": 0.72, ""score_window_s"": 0.15, ""temp"": 0.3, ""theta_quantile"": 0.45, ""type"": ""WR2_uncertainty_schedule""}, ""custom_noise"": null, ""lapse"": {""type"": ""none""}, ""noise_mode"": ""time_gap_selected"", ""schedule"": {""compression"": 0.72, ""early_phase_shortening_ms"": 20, ""late_shift_ms"": -40, ""transition_width"": 1.0}}",0.075,0.1322467040366625,0.5211640219273295,0.08752256723082198,0.575,0.0,0.075,1.390933293194814,0.8985344950620768,0.01958433253397282,0.1833466773418735,49.0,-0.03645275552972982,0.1833466773418735,0.44797171070189484,0.10664731785428341,0.0,0.5585269679919466,0.0006979762467317352,0.5980483495910772,0.969927610261829,0.00996412913511359,0.05018065034122842,25.0,0.07765608770931787,0.049779205138498595,0.44936437842901117,0.10654957848253714,0.0,0.5588244738465997,0.0031618648509558755,0.5969464757566453,False,False,False,1,main_older_congruent_fast_error_not_absent,mixed_tradeoff,report_negative_result
WR2_uncertainty_schedule_fine,WR2_fine_a1e1083b,c0.72_ls-40_tw1.00_ep20,WR2_uncertainty_schedule,none,time_gap_selected,"{""adaptive"": {""compression_high"": 0.45, ""compression_low"": 0.72, ""score_window_s"": 0.15, ""temp"": 0.38, ""theta_quantile"": 0.45, ""type"": ""WR2_uncertainty_schedule""}, ""custom_noise"": null, ""lapse"": {""type"": ""none""}, ""noise_mode"": ""time_gap_selected"", ""schedule"": {""compression"": 0.72, ""early_phase_shortening_ms"": 20, ""late_shift_ms"": -40, ""transition_width"": 1.0}}",0.075,0.1443406659412548,0.5015,0.09523393504044503,0.575,0.0,0.075,1.3910746009816999,0.8889296889150009,0.023181454836131096,0.1989591673338671,58.0,-0.03017123731829674,0.1989591673338671,0.4503602882305845,0.10854283426741393,0.0,0.5581950806476903,0.0006979762467317352,0.5992775623509731,0.9687146345416637,0.00757273814268633,0.05499799277398635,19.0,-0.025799563881761856,0.05499799277398635,0.4513983674561755,0.10852067442794061,0.0,0.5584164407013176,0.0031618648509558755,0.5984577089126226,True,True,False,0,,mixed_tradeoff,fine_search_seed
WR2_uncertainty_schedule_fine,WR2_fine_167b4923,c0.72_ls-40_tw1.00_ep40,WR2_uncertainty_schedule,none,time_gap_selected,"{""adaptive"": {""compression_high"": 0.45, ""compression_low"": 0.72, ""score_window_s"": 0.12, ""temp"": 0.3, ""theta_quantile"": 0.45, ""type"": ""WR2_uncertainty_schedule""}, ""custom_noise"": null, ""lapse"": {""type"": ""none""}, ""noise_mode"": ""time_gap_selected"", ""schedule"": {""compression"": 0.72, ""early_phase_shortening_ms"": 40, ""late_shift_ms"": -40, ""transition_width"": 1.0}}",0.075,0.1404572912307434,0.5092874206508597,0.09207761632830952,0.575,0.0,0.075,1.3918223282099125,0.8945290524985936,0.016786570743405275,0.1941553242594075,42.0,0.030149682603438976,0.1941553242594075,0.44813183880437685,0.10712570056044837,0.0,0.5591180358736918,0.0006881239280039364,0.5958592083999662,0.9703218553712456,0.007971303308090873,0.051384985949417906,20.0,-0.04917857280549587,0.051384985949417906,0.4494981934965878,0.1070132476916901,0.0,0.5592885667163615,0.00311971399074501,0.5952276119770994,False,False,False,1,main_young_congruent_fast_error,no_congruent_fast_error,report_negative_result
WR2_uncertainty_schedule_fine,WR2_fine_65b803ef,c0.72_ls-30_tw1.00_ep40,WR2_uncertainty_schedule,none,time_gap_selected,"{""adaptive"": {""compression_high"": 0.45, ""compression_low"": 0.72, ""score_window_s"": 0.15, ""temp"": 0.22, ""theta_quantile"": 0.5, ""type"": ""WR2_uncertainty_schedule""}, ""custom_noise"": null, ""lapse"": {""type"": ""none""}, ""noise_mode"": ""time_gap_selected"", ""schedule"": {""compression"": 0.72, ""early_phase_shortening_ms"": 40, ""late_shift_ms"": -30, ""transition_width"": 1.0}}",0.075,0.14530376362173486,0.5015,0.09523815358991328,0.575,0.0,0.075,1.392041917211648,0.8947282526260817,0.015587529976019185,0.19495596477181745,39.0,-0.03214705436598064,0.19495596477181745,0.45134774486255674,0.10968975180144115,0.0,0.5794066981039314,0.0006990037499240431,0.5207160170498872,0.9659102781972054,0.009166998804304504,0.059012444801284626,23.0,-0.005895852778344035,0.059012444801284626,0.45225478388866586,0.10937173825772784,0.0,0.5773131007340964,0.0031663618545849648,0.5284700821232492,True,True,False,0,,mixed_tradeoff,fine_search_seed
WR2_uncertainty_schedule_fine,WR2_fine_dfc0f074,c0.72_ls-40_tw1.00_ep20,WR2_uncertainty_schedule,none,time_gap_selected,"{""adaptive"": {""compression_high"": 0.45, ""compression_low"": 0.72, ""score_window_s"": 0.12, ""temp"": 0.3, ""theta_quantile"": 0.45, ""type"": ""WR2_uncertainty_schedule""}, ""custom_noise"": null, ""lapse"": {""type"": ""none""}, ""noise_mode"": ""time_gap_selected"", ""schedule"": {""compression"": 0.72, ""early_phase_shortening_ms"": 20, ""late_shift_ms"": -40, ""transition_width"": 1.0}}",0.075,0.14492535671777754,0.5025355514818581,0.09508676792899594,0.575,0.0,0.075,1.3925476761286317,0.8935285718582859,0.01718625099920064,0.1957566052842274,43.0,0.003142205927433084,0.1957566052842274,0.4481985588470776,0.10737590072057647,0.0,0.5590574150459579,0.0006867530158823354,0.5960837308355087,0.9671102937494069,0.007971303308090873,0.05780810919309514,20.0,-0.03352831571444104,0.05780810919309514,0.44956510103037606,0.107328382175833,0.0,0.5594989726915235,0.003113797686040032,0.5944483312322868,False,False,False,1,main_young_congruent_fast_error,no_congruent_fast_error,report_negative_result
WR2_uncertainty_schedule_fine,WR2_fine_8920c3e6,c0.72_ls-40_tw1.00_ep30,WR2_uncertainty_schedule,none,time_gap_selected,"{""adaptive"": {""compression_high"": 0.45, ""compression_low"": 0.72, ""score_window_s"": 0.15, ""temp"": 0.22, ""theta_quantile"": 0.5, ""type"": ""WR2_uncertainty_schedule""}, ""custom_noise"": null, ""lapse"": {""type"": ""none""}, ""noise_mode"": ""time_gap_selected"", ""schedule"": {""compression"": 0.72, ""early_phase_shortening_ms"": 30, ""late_shift_ms"": -40, ""transition_width"": 1.0}}",0.075,0.14360061075453245,0.504958839363169,0.09478652773684222,0.575,0.0,0.075,1.3933459778545436,0.893329371730798,0.01838529176658673,0.19495596477181745,46.0,0.012835357452676388,0.19495596477181745,0.4476914865225514,0.10750200160128105,0.0,0.5794585641601703,0.0006986933430450648,0.5205239217039009,0.9655160330877888,0.011159824631327222,0.05780810919309514,28.0,-0.07540788781729058,0.05780810919309514,0.44890940719925065,0.10706945002007227,0.0,0.5775070796241052,0.0031649739441771962,0.5277516433290648,False,False,False,1,main_young_congruent_fast_error,no_congruent_fast_error,report_negative_result
WR2_uncertainty_schedule_fine,WR2_fine_8cbeaca4,c0.72_ls-40_tw1.00_ep20,WR2_uncertainty_schedule,none,time_gap_selected,"{""adaptive"": {""compression_high"": 0.45, ""compression_low"": 0.72, ""score_window_s"": 0.18, ""temp"": 0.3, ""theta_quantile"": 0.45, ""type"": ""WR2_uncertainty_schedule""}, ""custom_noise"": null, ""lapse"": {""type"": ""none""}, ""noise_mode"": ""time_gap_selected"", ""schedule"": {""compression"": 0.72, ""early_phase_shortening_ms"": 20, ""late_shift_ms"": -40, ""transition_width"": 1.0}}",0.075,0.14464816179887305,0.5043675880727996,0.09473437843008248,0.575,0.0,0.075,1.3937501283017553,0.8919288908344901,0.019184652278177457,0.1969575660528423,48.0,0.010470352291198637,0.1965572457966373,0.44801174272751537,0.10608286629303443,0.0,0.5584149396907925,0.0007075898232505318,0.5984632688835028,0.9677153415908271,0.00876843363889996,0.055800883179446,22.0,-0.027866169241091088,0.055800883179446,0.44947143048307237,0.10608791649939783,0.0,0.5595088824348387,0.003202737637534092,0.5944116274401616,False,False,False,1,main_young_congruent_fast_error,no_congruent_fast_error,report_negative_result
WR2_uncertainty_schedule_fine,WR2_fine_a6c5f935,c0.72_ls-30_tw1.00_ep40,WR2_uncertainty_schedule,none,time_gap_selected,"{""adaptive"": {""compression_high"": 0.45, ""compression_low"": 0.72, ""score_window_s"": 0.15, ""temp"": 0.3, ""theta_quantile"": 0.45, ""type"": ""WR2_uncertainty_schedule""}, ""custom_noise"": null, ""lapse"": {""type"": ""none""}, ""noise_mode"": ""time_gap_selected"", ""schedule"": {""compression"": 0.72, ""early_phase_shortening_ms"": 40, ""late_shift_ms"": -30, ""transition_width"": 1.0}}",0.075,0.1461300931132204,0.5015,0.09613606180006229,0.575,0.0,0.075,1.3937661549132825,0.891126970321261,0.017585931254996003,0.200160128102482,44.0,-0.03273330045732681,0.19975980784627703,0.45172137710168137,0.10873298638911129,0.0,0.5585246398452339,0.0006990037499240431,0.5980569715166335,0.965719635726479,0.011956954962136309,0.05660377358490566,30.0,-0.028950627773090543,0.055800883179446,0.45261608457112273,0.10877759935768769,0.0,0.5587953816090554,0.0031663618545849648,0.5970542238416182,True,False,False,1,main_young_incongruent_error_rate_le_0.20,high_incongruent_error,keep_as_diagnostic
WR2_uncertainty_schedule_fine,WR2_fine_822a64c2,c0.72_ls-50_tw1.00_ep30,WR2_uncertainty_schedule,none,time_gap_selected,"{""adaptive"": {""compression_high"": 0.45, ""compression_low"": 0.72, ""score_window_s"": 0.18, ""temp"": 0.22, ""theta_quantile"": 0.5, ""type"": ""WR2_uncertainty_schedule""}, ""custom_noise"": null, ""lapse"": {""type"": ""none""}, ""noise_mode"": ""time_gap_selected"", ""schedule"": {""compression"": 0.72, ""early_phase_shortening_ms"": 30, ""late_shift_ms"": -50, ""transition_width"": 1.0}}",0.075,0.13802802350514173,0.5138253152173804,0.09203263855564581,0.575,0.0,0.075,1.393885977278168,0.8941332122452559,0.02238209432454037,0.18935148118494796,56.0,0.014415730219545342,0.188951160928743,0.44395516413130504,0.1045316253002402,0.0,0.5805416581052558,0.0007087188771200403,0.5165124626538214,0.9671160538240575,0.009565563969709047,0.056202328382175835,24.0,0.032885530649976125,0.056202328382175835,0.44514920380034795,0.10412083500602168,0.0,0.5785098141044389,0.00320753587271555,0.5240378103810345,False,False,False,2,main_young_congruent_fast_error,no_congruent_fast_error,report_negative_result
WR2_uncertainty_schedule_fine,WR2_fine_7122c3e6,c0.72_ls-40_tw1.00_ep40,WR2_uncertainty_schedule,none,time_gap_selected,"{""adaptive"": {""compression_high"": 0.45, ""compression_low"": 0.72, ""score_window_s"": 0.12, ""temp"": 0.22, ""theta_quantile"": 0.5, ""type"": ""WR2_uncertainty_schedule""}, ""custom_noise"": null, ""lapse"": {""type"": ""none""}, ""noise_mode"": ""time_gap_selected"", ""schedule"": {""compression"": 0.72, ""early_phase_shortening_ms"": 40, ""late_shift_ms"": -40, ""transition_width"": 1.0}}",0.075,0.1422223456348773,0.5094746744749643,0.09303597032583916,0.575,0.0,0.075,1.3947329904356804,0.8969306540356186,0.016386890487609912,0.18975180144115292,41.0,0.03089869789985722,0.188951160928743,0.447824926607953,0.10803764517420907,0.0,0.5793419888423895,0.0006881239280039364,0.5209556815829716,0.9665095659639749,0.008369868473495417,0.0586109995985548,21.0,-0.050813119373091964,0.0586109995985548,0.4490030777465543,0.10756322761942996,0.0,0.5769973452066274,0.00311971399074501,0.5296395464319443,False,False,False,1,main_young_congruent_fast_error,no_congruent_fast_error,report_negative_result
WR2_uncertainty_schedule_fine,WR2_fine_a45f6ee6,c0.72_ls-30_tw1.00_ep20,WR2_uncertainty_schedule,none,time_gap_selected,"{""adaptive"": {""compression_high"": 0.45, ""compression_low"": 0.72, ""score_window_s"": 0.15, ""temp"": 0.22, ""theta_quantile"": 0.5, ""type"": ""WR2_uncertainty_schedule""}, ""custom_noise"": null, ""lapse"": {""type"": ""none""}, ""noise_mode"": ""time_gap_selected"", ""schedule"": {""compression"": 0.72, ""early_phase_shortening_ms"": 20, ""late_shift_ms"": -30, ""transition_width"": 1.0}}",0.075,0.1467772578778022,0.5015,0.0965905000194455,0.575,0.0,0.075,1.3948677578972477,0.8903298498111039,0.021982414068745005,0.19735788630904724,55.0,-0.0035021365311115327,0.19735788630904724,0.45130771283693627,0.10981570512820514,0.0,0.5795035240600079,0.0006974915666126402,0.5203574042062358,0.9649095452277061,0.00996412913511359,0.060216780409474105,25.0,-0.0027734099297324066,0.060216780409474105,0.45226816539542347,0.10963869931754316,0.0,0.5772657960774633,0.0031597951263028223,0.5286452844896905,True,True,False,0,,mixed_tradeoff,fine_search_seed
WR2_uncertainty_schedule_fine,WR2_fine_a6183d2b,c0.72_ls-30_tw1.00_ep30,WR2_uncertainty_schedule,none,time_gap_selected,"{""adaptive"": {""compression_high"": 0.45, ""compression_low"": 0.72, ""score_window_s"": 0.18, ""temp"": 0.22, ""theta_quantile"": 0.5, ""type"": ""WR2_uncertainty_schedule""}, ""custom_noise"": null, ""lapse"": {""type"": ""none""}, ""noise_mode"": ""time_gap_selected"", ""schedule"": {""compression"": 0.72, ""early_phase_shortening_ms"": 30, ""late_shift_ms"": -30, ""transition_width"": 1.0}}",0.075,0.13677110345412505,0.5177316299347993,0.09083041222219043,0.575,0.0,0.075,1.3953331456111147,0.897132414164745,0.01838529176658673,0.18734987990392313,46.0,0.005342757649326124,0.18694955964771817,0.4516546570589805,0.10935748598879101,0.0,0.5802313284000998,0.000707615207361012,0.5176618320486757,0.9669210912973432,0.011159824631327222,0.05499799277398635,28.0,0.05758376208987126,0.05499799277398635,0.45245550649003075,0.10903853873946207,0.0,0.5783161410871509,0.003202877224324885,0.5247551186861094,False,False,False,2,main_young_congruent_fast_error,no_congruent_fast_error,report_negative_result
WR2_uncertainty_schedule_fine,WR2_fine_d2aa393c,c0.72_ls-50_tw1.00_ep20,WR2_uncertainty_schedule,none,time_gap_selected,"{""adaptive"": {""compression_high"": 0.45, ""compression_low"": 0.72, ""score_window_s"": 0.15, ""temp"": 0.22, ""theta_quantile"": 0.5, ""type"": ""WR2_uncertainty_schedule""}, ""custom_noise"": null, ""lapse"": {""type"": ""none""}, ""noise_mode"": ""time_gap_selected"", ""schedule"": {""compression"": 0.72, ""early_phase_shortening_ms"": 20, ""late_shift_ms"": -50, ""transition_width"": 1.0}}",0.075,0.14084287901667877,0.5116095578437942,0.09313689409978404,0.575,0.0,0.075,1.3955893309602572,0.8965316137802328,0.017985611510791366,0.188951160928743,45.0,0.002366273816542974,0.188951160928743,0.4437683480117427,0.1051861489191353,0.0,0.5794744658294403,0.0006985596889214074,0.5204650274609609,0.9659088381785428,0.00876843363889996,0.05941389000401445,22.0,0.03607195755863424,0.05941389000401445,0.4448146661314064,0.10473705339221195,0.0,0.5775630557452138,0.003164350935763116,0.5275443229213883,False,False,False,2,main_young_congruent_fast_error,no_congruent_fast_error,report_negative_result
WR2_uncertainty_schedule_fine,WR2_fine_84a264b8,c0.72_ls-40_tw0.90_ep30,WR2_uncertainty_schedule,none,time_gap_selected,"{""adaptive"": {""compression_high"": 0.42, ""compression_low"": 0.72, ""score_window_s"": 0.15, ""temp"": 0.3, ""theta_quantile"": 0.5, ""type"": ""WR2_uncertainty_schedule""}, ""custom_noise"": null, ""lapse"": {""type"": ""none""}, ""noise_mode"": ""time_gap_selected"", ""schedule"": {""compression"": 0.72, ""early_phase_shortening_ms"": 30, ""late_shift_ms"": -40, ""transition_width"": 0.9}}",0.075,0.1461447870414776,0.5036341547201553,0.09619060161818735,0.575,0.0,0.075,1.3959695433798203,0.8921293709627974,0.01958433253397282,0.19615692554043235,49.0,-0.03496149539708493,0.1953562850280224,0.4508540165465705,0.10561298076923077,0.0,0.5625119297216329,0.0006891355737860261,0.5249603077081204,0.9639116922955322,0.011558389796731766,0.06061822561220393,29.0,0.00753661888062096,0.06061822561220393,0.4516526160845711,0.10494781212364511,0.0,0.5593091078195832,0.003124334794750161,0.5356363796594381,False,False,False,1,main_older_congruent_fast_error_not_absent,mixed_tradeoff,report_negative_result
WR2_uncertainty_schedule_fine,WR2_fine_74764068,c0.72_ls-40_tw1.00_ep20,WR2_uncertainty_schedule,none,time_gap_selected,"{""adaptive"": {""compression_high"": 0.45, ""compression_low"": 0.72, ""score_window_s"": 0.18, ""temp"": 0.3, ""theta_quantile"": 0.5, ""type"": ""WR2_uncertainty_schedule""}, ""custom_noise"": null, ""lapse"": {""type"": ""none""}, ""noise_mode"": ""time_gap_selected"", ""schedule"": {""compression"": 0.72, ""early_phase_shortening_ms"": 20, ""late_shift_ms"": -40, ""transition_width"": 1.0}}",0.075,0.14623631817075594,0.5057502729413323,0.094438356787397,0.575,0.0,0.075,1.3964249478994852,0.8951301728833106,0.017585931254996003,0.1921537229783827,44.0,0.016001091765329267,0.19175340272217775,0.4510274886575928,0.10966973578863091,0.0,0.579575929944718,0.0007075898232505318,0.5200892325177583,0.9675016588214983,0.0051813471502590676,0.05981533520674428,13.0,-0.022263281811506275,0.05981533520674428,0.4516124715642982,0.10896025692492975,0.0,0.5771100339110877,0.003202737637534092,0.5292221821465783,False,False,False,1,main_young_congruent_fast_error,no_congruent_fast_error,report_negative_result
WR2_uncertainty_schedule_fine,WR2_fine_50f0e6aa,c0.72_ls-40_tw1.10_ep30,WR2_uncertainty_schedule,none,time_gap_selected,"{""adaptive"": {""compression_high"": 0.48, ""compression_low"": 0.72, ""score_window_s"": 0.15, ""temp"": 0.3, ""theta_quantile"": 0.45, ""type"": ""WR2_uncertainty_schedule""}, ""custom_noise"": null, ""lapse"": {""type"": ""none""}, ""noise_mode"": ""time_gap_selected"", ""schedule"": {""compression"": 0.72, ""early_phase_shortening_ms"": 30, ""late_shift_ms"": -40, ""transition_width"": 1.1}}",0.075,0.1479894321378323,0.5015,0.09763923141724941,0.575,0.0,0.075,1.3971286635550817,0.8905258499365439,0.016786570743405275,0.2021617293835068,42.0,-0.014738870399131132,0.2021617293835068,0.44777155057379237,0.11093274619695757,0.0,0.5762177130561555,0.0007069832854297853,0.5990929941259799,0.966909571148042,0.007971303308090873,0.05820955439582497,20.0,-0.07137608495030168,0.05820955439582497,0.44893617021276594,0.1110176635889201,0.0,0.5770303682251999,0.003200205466622419,0.5957069298904263,True,False,False,1,main_young_incongruent_error_rate_le_0.20,high_incongruent_error,keep_as_diagnostic
WR2_uncertainty_schedule_fine,WR2_fine_bb621fe2,c0.72_ls-50_tw1.00_ep20,WR2_uncertainty_schedule,none,time_gap_selected,"{""adaptive"": {""compression_high"": 0.45, ""compression_low"": 0.72, ""score_window_s"": 0.15, ""temp"": 0.3, ""theta_quantile"": 0.5, ""type"": ""WR2_uncertainty_schedule""}, ""custom_noise"": null, ""lapse"": {""type"": ""none""}, ""noise_mode"": ""time_gap_selected"", ""schedule"": {""compression"": 0.72, ""early_phase_shortening_ms"": 20, ""late_shift_ms"": -50, ""transition_width"": 1.0}}",0.075,0.14758531987446125,0.5029390145114975,0.0966914237933904,0.575,0.0,0.075,1.3972157581793492,0.8925284112181832,0.017985611510791366,0.1969575660528423,45.0,0.004756058045990108,0.1965572457966373,0.44674406191619964,0.10769815852682146,0.0,0.5784146971854901,0.0006985596889214074,0.5243900967751312,0.9651059477730831,0.00876843363889996,0.061019670814933764,22.0,-0.019184552796791543,0.061019670814933764,0.4476114010437575,0.1069811320754717,0.0,0.5762268109333462,0.003164350935763116,0.5324933782672504,False,False,False,1,main_young_congruent_fast_error,no_congruent_fast_error,report_negative_result
WR2_uncertainty_schedule_fine,WR2_fine_d37c2d85,c0.72_ls-40_tw1.00_ep40,WR2_uncertainty_schedule,none,time_gap_selected,"{""adaptive"": {""compression_high"": 0.45, ""compression_low"": 0.72, ""score_window_s"": 0.15, ""temp"": 0.3, ""theta_quantile"": 0.45, ""type"": ""WR2_uncertainty_schedule""}, ""custom_noise"": null, ""lapse"": {""type"": ""none""}, ""noise_mode"": ""time_gap_selected"", ""schedule"": {""compression"": 0.72, ""early_phase_shortening_ms"": 40, ""late_shift_ms"": -40, ""transition_width"": 1.0}}",0.075,0.13890829636759866,0.5166514048410094,0.09172817981402383,0.575,0.0,0.075,1.397287881022632,0.8939308121157197,0.01958433253397282,0.19255404323458766,49.0,-0.0330331867369098,0.1921537229783827,0.4479450226848145,0.10639311449159326,0.0,0.5584313905570101,0.0006994847047528951,0.5984023401574653,0.9697211275858135,0.008369868473495417,0.05218787635487756,21.0,0.05960561936403774,0.05218787635487756,0.4493376154154959,0.10633279807306302,0.0,0.5588015603466516,0.003168410681369027,0.5970313418203302,False,False,False,1,main_older_congruent_fast_error_not_absent,mixed_tradeoff,report_negative_result
WR2_uncertainty_schedule_fine,WR2_seed_current,c0.72_ls-40_tw1.00_ep30,WR2_uncertainty_schedule,none,time_gap_selected,"{""adaptive"": {""compression_high"": 0.45, ""compression_low"": 0.72, ""score_window_s"": 0.15, ""temp"": 0.3, ""theta_quantile"": 0.5, ""type"": ""WR2_uncertainty_schedule""}, ""custom_noise"": null, ""lapse"": {""type"": ""none""}, ""noise_mode"": ""time_gap_selected"", ""schedule"": {""compression"": 0.72, ""early_phase_shortening_ms"": 30, ""late_shift_ms"": -40, ""transition_width"": 1.0}}",0.075,0.14811697304727095,0.5015,0.09803912981850756,0.575,0.0,0.075,1.3976561028657786,0.8881264884009525,0.019984012789768184,0.20376301040832667,50.0,-0.002539641144905791,0.2033626901521217,0.4504003202562049,0.1098558847077662,0.0,0.578415704938916,0.0006986933430450648,0.5243863636872627,0.9655160330877888,0.011159824631327222,0.05780810919309514,28.0,-0.04571750748495218,0.05780810919309514,0.451184263348053,0.10926535527900443,0.0,0.5761793058875584,0.0031649739441771962,0.5326693213068632,True,False,False,1,main_young_incongruent_error_rate_le_0.20,high_incongruent_error,keep_as_diagnostic
WR2_uncertainty_schedule_fine,WR2_fine_600eeeed,c0.72_ls-40_tw0.90_ep30,WR2_uncertainty_schedule,none,time_gap_selected,"{""adaptive"": {""compression_high"": 0.45, ""compression_low"": 0.72, ""score_window_s"": 0.18, ""temp"": 0.3, ""theta_quantile"": 0.45, ""type"": ""WR2_uncertainty_schedule""}, ""custom_noise"": null, ""lapse"": {""type"": ""none""}, ""noise_mode"": ""time_gap_selected"", ""schedule"": {""compression"": 0.72, ""early_phase_shortening_ms"": 30, ""late_shift_ms"": -40, ""transition_width"": 0.9}}",0.075,0.14834237610900097,0.5015,0.09798866793153511,0.575,0.0,0.075,1.3978310440405362,0.8897248894239292,0.016386890487609912,0.20416333066453163,41.0,-0.004335196525639073,0.2033626901521217,0.4641446490525754,0.11034827862289831,0.0,0.5590245401344951,0.0007005708937194988,0.5962054895160614,0.9639232124448334,0.014746911119968115,0.057406663990365314,37.0,-0.01119604141567987,0.057406663990365314,0.4644854810651679,0.1103472501003613,0.0,0.5593513565262632,0.0031730931822536723,0.5949950578620626,True,False,False,1,main_young_incongruent_error_rate_le_0.20,high_incongruent_error,keep_as_diagnostic
WR2_uncertainty_schedule_fine,WR2_fine_dd651169,c0.70_ls-40_tw1.00_ep30,WR2_uncertainty_schedule,none,time_gap_selected,"{""adaptive"": {""compression_high"": 0.45, ""compression_low"": 0.7, ""score_window_s"": 0.15, ""temp"": 0.3, ""theta_quantile"": 0.5, ""type"": ""WR2_uncertainty_schedule""}, ""custom_noise"": null, ""lapse"": {""type"": ""none""}, ""noise_mode"": ""time_gap_selected"", ""schedule"": {""compression"": 0.7, ""early_phase_shortening_ms"": 30, ""late_shift_ms"": -40, ""transition_width"": 1.0}}",0.075,0.14905911851079812,0.5015,0.09759340993469202,0.575,0.0,0.075,1.39815252844549,0.8903292098106943,0.021183053557154278,0.19815852682145715,53.0,-0.0200318575775148,0.1977582065652522,0.45022684814518277,0.10920736589271418,0.0,0.5691571525796932,0.0007026568606142147,0.5233713403861762,0.9656994754652021,0.006377042646472699,0.06222400642312324,16.0,-0.006458876159145199,0.06222400642312324,0.4509701592399304,0.10863910076274588,0.0,0.5670297449053308,0.0031818538406061525,0.5318809725697943,True,True,False,0,,mixed_tradeoff,fine_search_seed
WR2_uncertainty_schedule_fine,WR2_fine_a0c35e35,c0.74_ls-50_tw1.00_ep30,WR2_uncertainty_schedule,none,time_gap_selected,"{""adaptive"": {""compression_high"": 0.45, ""compression_low"": 0.74, ""score_window_s"": 0.15, ""temp"": 0.3, ""theta_quantile"": 0.5, ""type"": ""WR2_uncertainty_schedule""}, ""custom_noise"": null, ""lapse"": {""type"": ""none""}, ""noise_mode"": ""time_gap_selected"", ""schedule"": {""compression"": 0.74, ""early_phase_shortening_ms"": 30, ""late_shift_ms"": -50, ""transition_width"": 1.0}}",0.075,0.14571254906262393,0.5073107895826372,0.09553586265238605,0.575,0.0,0.075,1.3985592012976473,0.8907288900664896,0.02038369304556355,0.19815852682145715,51.0,0.02224315833054935,0.19815852682145715,0.44699759807846284,0.10817180616740087,0.0,0.5879692663279441,0.0006951610803480057,0.5242439573792665,0.9665167660572881,0.010362694300518135,0.05660377358490566,26.0,-0.022294256507606303,0.05660377358490566,0.44786564967215303,0.10752910477719792,0.0,0.5854125035162752,0.003149915906878853,0.533060380837689,False,False,False,1,main_young_congruent_fast_error,no_congruent_fast_error,report_negative_result
WR2_uncertainty_schedule_fine,WR2_fine_7e8dc03d,c0.70_ls-40_tw1.00_ep20,WR2_uncertainty_schedule,none,time_gap_selected,"{""adaptive"": {""compression_high"": 0.45, ""compression_low"": 0.7, ""score_window_s"": 0.15, ""temp"": 0.3, ""theta_quantile"": 0.5, ""type"": ""WR2_uncertainty_schedule""}, ""custom_noise"": null, ""lapse"": {""type"": ""none""}, ""noise_mode"": ""time_gap_selected"", ""schedule"": {""compression"": 0.7, ""early_phase_shortening_ms"": 20, ""late_shift_ms"": -40, ""transition_width"": 1.0}}",0.075,0.14984825563487536,0.5015,0.09763965327219623,0.575,0.0,0.075,1.3989879089070716,0.889726809425158,0.018784972022382093,0.20176140912730184,47.0,-0.05161217100059179,0.20176140912730184,0.45022684814518277,0.10938550840672538,0.0,0.5691193913347371,0.0007019897311840717,0.5235223870799957,0.9677052614601885,0.005978477481068154,0.0586109995985548,15.0,-0.060387231410744646,0.0586109995985548,0.4509969222534457,0.10877960658370134,0.0,0.5668559683676462,0.003178961840397454,0.5325760789415547,True,False,False,1,main_young_incongruent_error_rate_le_0.20,high_incongruent_error,keep_as_diagnostic
WR2_uncertainty_schedule_fine,WR2_fine_c0538176,c0.72_ls-40_tw1.00_ep40,WR2_uncertainty_schedule,none,time_gap_selected,"{""adaptive"": {""compression_high"": 0.45, ""compression_low"": 0.72, ""score_window_s"": 0.12, ""temp"": 0.3, ""theta_quantile"": 0.5, ""type"": ""WR2_uncertainty_schedule""}, ""custom_noise"": null, ""lapse"": {""type"": ""none""}, ""noise_mode"": ""time_gap_selected"", ""schedule"": {""compression"": 0.72, ""early_phase_shortening_ms"": 40, ""late_shift_ms"": -40, ""transition_width"": 1.0}}",0.075,0.14935067946983654,0.5015,0.0983932067372083,0.575,0.0,0.075,1.3992438862070449,0.8889280889139769,0.021183053557154278,0.20096076861489193,53.0,-0.007911353828761958,0.20096076861489193,0.45030691219642377,0.1103702962369896,0.0,0.5781474304431322,0.0006881239280039364,0.525379971217013,0.9639088122582069,0.010761259465922678,0.06142111601766359,27.0,-0.04839515066409772,0.06142111601766359,0.45107721129399164,0.10962264150943396,0.0,0.5755463290179917,0.00311971399074501,0.5350136823244944,True,False,False,1,main_young_incongruent_error_rate_le_0.20,high_incongruent_error,keep_as_diagnostic
WR2_uncertainty_schedule_fine,WR2_fine_18958e6c,c0.72_ls-50_tw1.00_ep30,WR2_uncertainty_schedule,none,time_gap_selected,"{""adaptive"": {""compression_high"": 0.45, ""compression_low"": 0.72, ""score_window_s"": 0.15, ""temp"": 0.3, ""theta_quantile"": 0.45, ""type"": ""WR2_uncertainty_schedule""}, ""custom_noise"": null, ""lapse"": {""type"": ""none""}, ""noise_mode"": ""time_gap_selected"", ""schedule"": {""compression"": 0.72, ""early_phase_shortening_ms"": 30, ""late_shift_ms"": -50, ""transition_width"": 1.0}}",0.075,0.13559818117499078,0.5238923695366751,0.08977957154965241,0.575,0.0,0.075,1.3992701222613184,0.8989332153172578,0.017585931254996003,0.18454763811048838,44.0,0.007813133287226104,0.18414731785428343,0.44404857219108623,0.10397317854283428,0.0,0.5583916398899232,0.0006992732070412178,0.5985495641044924,0.9691131997070682,0.006775607811877242,0.05499799277398635,17.0,0.07975634485947469,0.05499799277398635,0.44543021544225875,0.10401645925331193,0.0,0.5588630096304615,0.0031674480056125276,0.5968037496683629,False,False,False,2,main_young_congruent_fast_error,no_congruent_fast_error,report_negative_result
WR2_uncertainty_schedule_fine,WR2_fine_1fb4b346,c0.72_ls-30_tw1.00_ep30,WR2_uncertainty_schedule,none,time_gap_selected,"{""adaptive"": {""compression_high"": 0.45, ""compression_low"": 0.72, ""score_window_s"": 0.18, ""temp"": 0.3, ""theta_quantile"": 0.45, ""type"": ""WR2_uncertainty_schedule""}, ""custom_noise"": null, ""lapse"": {""type"": ""none""}, ""noise_mode"": ""time_gap_selected"", ""schedule"": {""compression"": 0.72, ""early_phase_shortening_ms"": 30, ""late_shift_ms"": -30, ""transition_width"": 1.0}}",0.075,0.14450697346446162,0.5097706623571907,0.09538532070136237,0.575,0.0,0.075,1.3996629565230148,0.8919279308338757,0.017985611510791366,0.19815852682145715,45.0,0.023005016392500965,0.19815852682145715,0.45176140912730184,0.10829263410728582,0.0,0.5585595809636541,0.000707615207361012,0.5979275591691738,0.965920358327844,0.011956954962136309,0.056202328382175835,30.0,0.008077633036261744,0.056202328382175835,0.45279004415897234,0.10845644319550382,0.0,0.5594989702759281,0.003202877224324885,0.5944483410911271,False,False,False,2,main_young_congruent_fast_error,no_congruent_fast_error,report_negative_result
WR2_uncertainty_schedule_fine,WR2_fine_37d0f9f1,c0.72_ls-40_tw1.00_ep30,WR2_uncertainty_schedule,none,time_gap_selected,"{""adaptive"": {""compression_high"": 0.45, ""compression_low"": 0.72, ""score_window_s"": 0.12, ""temp"": 0.22, ""theta_quantile"": 0.45, ""type"": ""WR2_uncertainty_schedule""}, ""custom_noise"": null, ""lapse"": {""type"": ""none""}, ""noise_mode"": ""time_gap_selected"", ""schedule"": {""compression"": 0.72, ""early_phase_shortening_ms"": 30, ""late_shift_ms"": -40, ""transition_width"": 1.0}}",0.075,0.14122859058338996,0.5172981412976483,0.09193171478170091,0.575,0.0,0.075,1.4004584466627392,0.8955317731403348,0.019184652278177457,0.18975180144115292,48.0,0.001403888172873069,0.18975180144115292,0.4467840939418201,0.10564051240992793,0.0,0.5607698915004766,0.0006873537014281395,0.5897412248439959,0.9707060203500237,0.0031885213232363493,0.055399437976716176,8.0,0.05978867701772017,0.055399437976716176,0.44817342432757934,0.10568044961862706,0.0,0.5611317360570198,0.0031163856961047287,0.5884010607835629,False,False,False,2,main_young_congruent_fast_error,no_congruent_fast_error,report_negative_result
WR2_uncertainty_schedule_fine,WR2_fine_fcd48af5,c0.74_ls-40_tw1.00_ep30,WR2_uncertainty_schedule,none,time_gap_selected,"{""adaptive"": {""compression_high"": 0.45, ""compression_low"": 0.74, ""score_window_s"": 0.15, ""temp"": 0.22, ""theta_quantile"": 0.5, ""type"": ""WR2_uncertainty_schedule""}, ""custom_noise"": null, ""lapse"": {""type"": ""none""}, ""noise_mode"": ""time_gap_selected"", ""schedule"": {""compression"": 0.74, ""early_phase_shortening_ms"": 30, ""late_shift_ms"": -40, ""transition_width"": 1.0}}",0.075,0.1430410437622442,0.5139833050676699,0.09358472325833368,0.575,0.0,0.075,1.4006090720882476,0.8921319309644358,0.022781774580335732,0.19295436349079265,57.0,0.014956675891842353,0.19175340272217775,0.44789164665065384,0.10784569138276555,0.0,0.5891532151204728,0.0006946577330493864,0.5201613746359756,0.9683088692829459,0.006377042646472699,0.05700521878763549,16.0,0.032976544378837125,0.05700521878763549,0.4490298407600696,0.10749196787148596,0.0,0.5867395946506775,0.003147768877299839,0.5284842059698143,False,False,False,2,main_young_congruent_fast_error,no_congruent_fast_error,report_negative_result
WR2_uncertainty_schedule_fine,WR2_fine_9d47def4,c0.74_ls-40_tw1.10_ep30,WR2_uncertainty_schedule,none,time_gap_selected,"{""adaptive"": {""compression_high"": 0.45, ""compression_low"": 0.74, ""score_window_s"": 0.15, ""temp"": 0.3, ""theta_quantile"": 0.5, ""type"": ""WR2_uncertainty_schedule""}, ""custom_noise"": null, ""lapse"": {""type"": ""none""}, ""noise_mode"": ""time_gap_selected"", ""schedule"": {""compression"": 0.74, ""early_phase_shortening_ms"": 30, ""late_shift_ms"": -40, ""transition_width"": 1.1}}",0.075,0.1470081689622678,0.5077620300528727,0.09584074324895485,0.575,0.0,0.075,1.4006109422640953,0.893129851603105,0.019184652278177457,0.1945556445156125,48.0,0.024048120211491164,0.1945556445156125,0.4328396050173472,0.10603282626100881,0.0,0.5880586734319977,0.0007033929051892263,0.5239356566688685,0.9659030781038922,0.007174172977281785,0.061019670814933764,18.0,-0.013657277976963034,0.061019670814933764,0.4339890271644588,0.10544961862705741,0.0,0.5861739403618353,0.0031849235074771776,0.5304347369838411,False,False,False,1,main_young_congruent_fast_error,no_congruent_fast_error,report_negative_result
WR2_uncertainty_schedule_fine,WR2_fine_075344f2,c0.74_ls-40_tw1.00_ep40,WR2_uncertainty_schedule,none,time_gap_selected,"{""adaptive"": {""compression_high"": 0.45, ""compression_low"": 0.74, ""score_window_s"": 0.15, ""temp"": 0.3, ""theta_quantile"": 0.5, ""type"": ""WR2_uncertainty_schedule""}, ""custom_noise"": null, ""lapse"": {""type"": ""none""}, ""noise_mode"": ""time_gap_selected"", ""schedule"": {""compression"": 0.74, ""early_phase_shortening_ms"": 40, ""late_shift_ms"": -40, ""transition_width"": 1.0}}",0.075,0.15123524918887743,0.5015,0.09789154085211163,0.575,0.0,0.075,1.400626790040989,0.8905268099371584,0.017985611510791366,0.20096076861489193,45.0,-0.020112664062995278,0.20056044835868694,0.4506938884440886,0.11019831730769229,0.0,0.5878665999892445,0.0006955048797743224,0.5245979781579948,0.9663045233066221,0.007174172977281785,0.060216780409474105,18.0,-0.0034512421954959738,0.060216780409474105,0.4512913154021142,0.10970293054997993,0.0,0.5852225503697847,0.0031514468389379213,0.5337153920799774,True,False,False,1,main_young_incongruent_error_rate_le_0.20,high_incongruent_error,keep_as_diagnostic
WR2_uncertainty_schedule_fine,WR2_fine_5a773c6a,c0.72_ls-40_tw0.90_ep30,WR2_uncertainty_schedule,none,time_gap_selected,"{""adaptive"": {""compression_high"": 0.45, ""compression_low"": 0.72, ""score_window_s"": 0.15, ""temp"": 0.3, ""theta_quantile"": 0.45, ""type"": ""WR2_uncertainty_schedule""}, ""custom_noise"": null, ""lapse"": {""type"": ""none""}, ""noise_mode"": ""time_gap_selected"", ""schedule"": {""compression"": 0.72, ""early_phase_shortening_ms"": 30, ""late_shift_ms"": -40, ""transition_width"": 0.9}}",0.075,0.15152958401008365,0.502067957414233,0.09844085625786858,0.575,0.0,0.075,1.4020383976821855,0.8879269682732597,0.020783373301358914,0.2033626901521217,52.0,-0.015989252316708447,0.2033626901521217,0.46391780090739254,0.11094313175810974,0.0,0.5593206682546249,0.0006891355737860261,0.5951087177086071,0.9657095555958406,0.009166998804304504,0.05941389000401445,23.0,0.0012718296569326215,0.0586109995985548,0.46437842901110665,0.11100361300682457,0.0,0.5593971989205864,0.003124334794750161,0.5948252709552742,False,False,False,2,main_young_incongruent_error_rate_le_0.20,high_incongruent_error,report_negative_result
WR2_uncertainty_schedule_fine,WR2_fine_db1138eb,c0.72_ls-40_tw1.00_ep20,WR2_uncertainty_schedule,none,time_gap_selected,"{""adaptive"": {""compression_high"": 0.45, ""compression_low"": 0.72, ""score_window_s"": 0.12, ""temp"": 0.22, ""theta_quantile"": 0.5, ""type"": ""WR2_uncertainty_schedule""}, ""custom_noise"": null, ""lapse"": {""type"": ""none""}, ""noise_mode"": ""time_gap_selected"", ""schedule"": {""compression"": 0.72, ""early_phase_shortening_ms"": 20, ""late_shift_ms"": -40, ""transition_width"": 1.0}}",0.075,0.1510076090207777,0.5025278762494849,0.09854684229117536,0.575,0.0,0.075,1.402082327561438,0.8927272913454665,0.016386890487609912,0.19815852682145715,41.0,-0.007156970942488572,0.1977582065652522,0.44779823859087264,0.10820112179487176,0.0,0.5791630214757675,0.0006867530158823354,0.52161852378158,0.9628994391767317,0.009166998804304504,0.06503412284223203,23.0,0.0031115049979398846,0.06423123243677238,0.4490298407600696,0.10780722891566265,0.0,0.5771917766100181,0.003113797686040032,0.5289194301736033,False,False,False,1,main_older_congruent_fast_error_not_absent,mixed_tradeoff,report_negative_result
WR2_uncertainty_schedule_fine,WR2_fine_c13b7404,c0.70_ls-40_tw1.00_ep30,WR2_uncertainty_schedule,none,time_gap_selected,"{""adaptive"": {""compression_high"": 0.48, ""compression_low"": 0.7, ""score_window_s"": 0.15, ""temp"": 0.3, ""theta_quantile"": 0.45, ""type"": ""WR2_uncertainty_schedule""}, ""custom_noise"": null, ""lapse"": {""type"": ""none""}, ""noise_mode"": ""time_gap_selected"", ""schedule"": {""compression"": 0.7, ""early_phase_shortening_ms"": 30, ""late_shift_ms"": -40, ""transition_width"": 1.0}}",0.075,0.15208694943827944,0.5015,0.09893900668507508,0.575,0.0,0.075,1.4025259561233545,0.8861255271203374,0.020783373301358914,0.20696557245796637,52.0,-0.004897017129455672,0.20656525220176142,0.4628369362156391,0.11495196156925541,0.0,0.5683757705874042,0.0007026568606142147,0.5982919005873838,0.9671131737867322,0.00876843363889996,0.05700521878763549,22.0,-0.020066708654244758,0.05700521878763549,0.46334805299076676,0.11498394219189081,0.0,0.5689429835855057,0.0031818538406061525,0.5957136577343836,True,False,False,1,main_young_incongruent_error_rate_le_0.20,high_incongruent_error,keep_as_diagnostic
WR2_uncertainty_schedule_fine,WR2_fine_0bdfc7d0,c0.72_ls-40_tw1.00_ep20,WR2_uncertainty_schedule,none,time_gap_selected,"{""adaptive"": {""compression_high"": 0.45, ""compression_low"": 0.72, ""score_window_s"": 0.15, ""temp"": 0.22, ""theta_quantile"": 0.5, ""type"": ""WR2_uncertainty_schedule""}, ""custom_noise"": null, ""lapse"": {""type"": ""none""}, ""noise_mode"": ""time_gap_selected"", ""schedule"": {""compression"": 0.72, ""early_phase_shortening_ms"": 20, ""late_shift_ms"": -40, ""transition_width"": 1.0}}",0.075,0.14699548633893758,0.5096019709635624,0.0962923691020259,0.575,0.0,0.075,1.4028898264045258,0.8949284127541841,0.015587529976019185,0.1945556445156125,39.0,0.03140788385424953,0.1945556445156125,0.44767814251401117,0.1076941553242594,0.0,0.5794726221424045,0.0006979762467317352,0.520471855398627,0.964902345134393,0.007971303308090873,0.06222400642312324,20.0,-0.09859555226257888,0.06222400642312324,0.44893617021276594,0.10718386190285026,0.0,0.5773536179571596,0.0031618648509558755,0.5283200174089461,False,False,False,1,main_young_congruent_fast_error,no_congruent_fast_error,report_negative_result
WR2_uncertainty_schedule_fine,WR2_fine_b60d9f73,c0.74_ls-40_tw1.00_ep20,WR2_uncertainty_schedule,none,time_gap_selected,"{""adaptive"": {""compression_high"": 0.45, ""compression_low"": 0.74, ""score_window_s"": 0.15, ""temp"": 0.3, ""theta_quantile"": 0.5, ""type"": ""WR2_uncertainty_schedule""}, ""custom_noise"": null, ""lapse"": {""type"": ""none""}, ""noise_mode"": ""time_gap_selected"", ""schedule"": {""compression"": 0.74, ""early_phase_shortening_ms"": 20, ""late_shift_ms"": -40, ""transition_width"": 1.0}}",0.075,0.15323824699804728,0.5015,0.0994470003943741,0.575,0.0,0.075,1.4041852473924212,0.8905264899369536,0.017585931254996003,0.20136108887109688,44.0,-0.005159148811518022,0.200160128102482,0.450720576461169,0.11074519230769231,0.0,0.5881429906156013,0.000693899528789399,0.5236449077586923,0.9635001669621638,0.00876843363889996,0.06423123243677238,22.0,-0.03872175274651912,0.06423123243677238,0.45139836745617556,0.11012846246487357,0.0,0.5852746420680474,0.0031444798475575575,0.5335357647500404,True,False,False,1,main_young_incongruent_error_rate_le_0.20,high_incongruent_error,keep_as_diagnostic
WR2_uncertainty_schedule_fine,WR2_fine_cb20034e,c0.72_ls-30_tw1.00_ep30,WR2_uncertainty_schedule,none,time_gap_selected,"{""adaptive"": {""compression_high"": 0.45, ""compression_low"": 0.72, ""score_window_s"": 0.15, ""temp"": 0.22, ""theta_quantile"": 0.5, ""type"": ""WR2_uncertainty_schedule""}, ""custom_noise"": null, ""lapse"": {""type"": ""none""}, ""noise_mode"": ""time_gap_selected"", ""schedule"": {""compression"": 0.72, ""early_phase_shortening_ms"": 30, ""late_shift_ms"": -30, ""transition_width"": 1.0}}",0.075,0.15322455801777365,0.5015,0.09974639687663418,0.575,0.0,0.075,1.4044709548944079,0.8907253700642368,0.01598721023181455,0.20256204963971178,40.0,-0.0016945047048316786,0.20256204963971178,0.45129436882839613,0.10975770925110132,0.0,0.5794812625078176,0.0006982096040678565,0.5204398528607869,0.9648980250784049,0.006775607811877242,0.06342834203131273,17.0,-0.01119373356915554,0.06342834203131273,0.45226816539542347,0.10951826575672421,0.0,0.5773578432835381,0.0031629127845183014,0.5283043698883878,True,False,False,1,main_young_incongruent_error_rate_le_0.20,high_incongruent_error,keep_as_diagnostic
WR2_uncertainty_schedule_fine,WR2_fine_c05f2c13,c0.72_ls-50_tw1.00_ep40,WR2_uncertainty_schedule,none,time_gap_selected,"{""adaptive"": {""compression_high"": 0.45, ""compression_low"": 0.72, ""score_window_s"": 0.15, ""temp"": 0.3, ""theta_quantile"": 0.5, ""type"": ""WR2_uncertainty_schedule""}, ""custom_noise"": null, ""lapse"": {""type"": ""none""}, ""noise_mode"": ""time_gap_selected"", ""schedule"": {""compression"": 0.72, ""early_phase_shortening_ms"": 40, ""late_shift_ms"": -50, ""transition_width"": 1.0}}",0.075,0.1520693328075508,0.5028095364764962,0.09989946995733881,0.575,0.0,0.075,1.404778339241386,0.8901277696817727,0.01958433253397282,0.200160128102482,49.0,0.004238145905984925,0.200160128102482,0.44670402989057917,0.10725980784627702,0.0,0.5784500895977535,0.0007000617467986525,0.5242590132522142,0.9624965539553392,0.00876843363889996,0.06623845845042152,22.0,-0.01049010306253595,0.06623845845042152,0.4475980195369999,0.10655760738659173,0.0,0.5760714432974018,0.003170867895472107,0.5330688138861978,False,False,False,2,main_young_incongruent_error_rate_le_0.20,no_congruent_fast_error,report_negative_result
WR2_uncertainty_schedule_fine,WR2_fine_f710bb3b,c0.70_ls-40_tw1.00_ep30,WR2_uncertainty_schedule,none,time_gap_selected,"{""adaptive"": {""compression_high"": 0.45, ""compression_low"": 0.7, ""score_window_s"": 0.18, ""temp"": 0.3, ""theta_quantile"": 0.5, ""type"": ""WR2_uncertainty_schedule""}, ""custom_noise"": null, ""lapse"": {""type"": ""none""}, ""noise_mode"": ""time_gap_selected"", ""schedule"": {""compression"": 0.7, ""early_phase_shortening_ms"": 30, ""late_shift_ms"": -40, ""transition_width"": 1.0}}",0.075,0.14979038689367524,0.5074307845208657,0.09774085828277233,0.575,0.0,0.075,1.404962029697313,0.8919256908324422,0.015187849720223821,0.20096076861489193,38.0,0.02272313808346249,0.20096076861489193,0.4512009607686149,0.10898919135308247,0.0,0.57086009633205,0.0007113366552960465,0.5165595676550093,0.9661066807425824,0.007971303308090873,0.05981533520674428,20.0,-0.026155201302277775,0.05941389000401445,0.4517730496453901,0.10847852268165396,0.0,0.5689082695926263,0.0032185532733815525,0.5243668752256141,False,False,False,2,main_young_incongruent_error_rate_le_0.20,no_congruent_fast_error,report_negative_result
WR2_uncertainty_schedule_fine,WR2_fine_dab85e5b,c0.72_ls-40_tw1.10_ep30,WR2_uncertainty_schedule,none,time_gap_selected,"{""adaptive"": {""compression_high"": 0.48, ""compression_low"": 0.72, ""score_window_s"": 0.15, ""temp"": 0.22, ""theta_quantile"": 0.5, ""type"": ""WR2_uncertainty_schedule""}, ""custom_noise"": null, ""lapse"": {""type"": ""none""}, ""noise_mode"": ""time_gap_selected"", ""schedule"": {""compression"": 0.72, ""early_phase_shortening_ms"": 30, ""late_shift_ms"": -40, ""transition_width"": 1.1}}",0.075,0.15023345092978144,0.5062574750895933,0.09864256318744276,0.575,0.0,0.075,1.4051334892068175,0.8897261694247485,0.017985611510791366,0.20256204963971178,45.0,0.01508825128040614,0.2021617293835068,0.44759807846277017,0.1118694955964772,0.0,0.5954931177521482,0.0007069832854297853,0.5187788057488009,0.9643102574609367,0.010761259465922678,0.06061822561220393,27.0,0.0019416490779673445,0.06061822561220393,0.4486685400776127,0.11157968687274186,0.0,0.593873358252666,0.003200205466622419,0.5255278029791102,False,False,False,3,main_young_incongruent_error_rate_le_0.20,no_congruent_fast_error,report_negative_result
WR2_uncertainty_schedule_fine,WR2_fine_03200cf1,c0.72_ls-30_tw1.10_ep30,WR2_uncertainty_schedule,none,time_gap_selected,"{""adaptive"": {""compression_high"": 0.45, ""compression_low"": 0.72, ""score_window_s"": 0.15, ""temp"": 0.3, ""theta_quantile"": 0.5, ""type"": ""WR2_uncertainty_schedule""}, ""custom_noise"": null, ""lapse"": {""type"": ""none""}, ""noise_mode"": ""time_gap_selected"", ""schedule"": {""compression"": 0.72, ""early_phase_shortening_ms"": 30, ""late_shift_ms"": -30, ""transition_width"": 1.1}}",0.075,0.14285581939595396,0.5183004503798638,0.09428823669132014,0.575,0.0,0.075,1.4054445064671377,0.89473081262772,0.018784972022382093,0.19175340272217775,47.0,-0.032825523430467296,0.19135308246597277,0.43712303175874034,0.1079923939151321,0.0,0.5788038840648092,0.0007063941466801671,0.5229486622949648,0.9649109852463688,0.010362694300518135,0.05981533520674428,26.0,0.06620180151945532,0.05981533520674428,0.4383781613809715,0.10740264953833803,0.0,0.5767962439416144,0.0031976977421855346,0.5303843659473377,False,False,False,1,main_older_congruent_fast_error_not_absent,mixed_tradeoff,report_negative_result
WR2_uncertainty_schedule_fine,WR2_fine_9a537f8d,c0.74_ls-40_tw1.00_ep30,WR2_uncertainty_schedule,none,time_gap_selected,"{""adaptive"": {""compression_high"": 0.45, ""compression_low"": 0.74, ""score_window_s"": 0.15, ""temp"": 0.3, ""theta_quantile"": 0.5, ""type"": ""WR2_uncertainty_schedule""}, ""custom_noise"": null, ""lapse"": {""type"": ""none""}, ""noise_mode"": ""time_gap_selected"", ""schedule"": {""compression"": 0.74, ""early_phase_shortening_ms"": 30, ""late_shift_ms"": -40, ""transition_width"": 1.0}}",0.075,0.15434339058653404,0.5019795282385247,0.09919595652435235,0.575,0.0,0.075,1.405518875349411,0.8919253708322374,0.014788169464428458,0.20136108887109688,37.0,-0.02282417790616964,0.20056044835868694,0.45066720042700825,0.11048677884615384,0.0,0.588004917881952,0.0006946577330493864,0.5241210216084019,0.9648980250784049,0.006775607811877242,0.06342834203131273,17.0,0.0009181129540986044,0.06342834203131273,0.4513716044426603,0.10992171818546768,0.0,0.5852713633973615,0.003147768877299839,0.5335470714232885,False,False,False,2,main_young_incongruent_error_rate_le_0.20,high_incongruent_error,report_negative_result
WR2_uncertainty_schedule_fine,WR2_fine_705002f5,c0.72_ls-40_tw1.00_ep30,WR2_uncertainty_schedule,none,time_gap_selected,"{""adaptive"": {""compression_high"": 0.48, ""compression_low"": 0.72, ""score_window_s"": 0.15, ""temp"": 0.3, ""theta_quantile"": 0.45, ""type"": ""WR2_uncertainty_schedule""}, ""custom_noise"": null, ""lapse"": {""type"": ""none""}, ""noise_mode"": ""time_gap_selected"", ""schedule"": {""compression"": 0.72, ""early_phase_shortening_ms"": 30, ""late_shift_ms"": -40, ""transition_width"": 1.0}}",0.075,0.15199106943311208,0.5051201602052471,0.09898904671710068,0.575,0.0,0.075,1.40610027635546,0.8871247277598258,0.018784972022382093,0.20696557245796637,47.0,0.011409369148641657,0.20696557245796637,0.4629570322925007,0.11538630904723779,0.0,0.5765232188515309,0.0006986933430450648,0.5978200530360073,0.9685081518656482,0.005978477481068154,0.05700521878763549,15.0,0.0010712716723469962,0.05700521878763549,0.46346848655158573,0.11536330790847049,0.0,0.5767092643740006,0.0031649739441771962,0.5970448626789899,False,False,False,3,main_young_incongruent_error_rate_le_0.20,no_congruent_fast_error,report_negative_result
WR2_uncertainty_schedule_fine,WR2_fine_c7c37148,c0.72_ls-40_tw1.00_ep30,WR2_uncertainty_schedule,none,time_gap_selected,"{""adaptive"": {""compression_high"": 0.45, ""compression_low"": 0.72, ""score_window_s"": 0.18, ""temp"": 0.3, ""theta_quantile"": 0.5, ""type"": ""WR2_uncertainty_schedule""}, ""custom_noise"": null, ""lapse"": {""type"": ""none""}, ""noise_mode"": ""time_gap_selected"", ""schedule"": {""compression"": 0.72, ""early_phase_shortening_ms"": 30, ""late_shift_ms"": -40, ""transition_width"": 1.0}}",0.075,0.1537579346527222,0.5026343874584847,0.09979517134381934,0.575,0.0,0.075,1.4061874934550262,0.8891253690402362,0.017585931254996003,0.20416333066453163,44.0,0.0035375498339387246,0.2033626901521217,0.4511876167600747,0.10950960768614892,0.0,0.5797536132312621,0.0007081260336694317,0.5194311475977509,0.964902345134393,0.007971303308090873,0.06222400642312324,20.0,-0.03241694416744545,0.06222400642312324,0.4517596681386324,0.10885788839823363,0.0,0.577435610528372,0.0032050366673656017,0.5280163433704477,False,False,False,2,main_young_incongruent_error_rate_le_0.20,no_congruent_fast_error,report_negative_result
WR2_uncertainty_schedule_fine,WR2_fine_6bc0ea2b,c0.70_ls-40_tw1.00_ep40,WR2_uncertainty_schedule,none,time_gap_selected,"{""adaptive"": {""compression_high"": 0.45, ""compression_low"": 0.7, ""score_window_s"": 0.15, ""temp"": 0.3, ""theta_quantile"": 0.5, ""type"": ""WR2_uncertainty_schedule""}, ""custom_noise"": null, ""lapse"": {""type"": ""none""}, ""noise_mode"": ""time_gap_selected"", ""schedule"": {""compression"": 0.7, ""early_phase_shortening_ms"": 40, ""late_shift_ms"": -40, ""transition_width"": 1.0}}",0.075,0.15119322192933748,0.5059169770434311,0.0994931031135627,0.575,0.0,0.075,1.406603302086331,0.8865268073771567,0.021982414068745005,0.20496397117694154,55.0,-0.0029989601304274416,0.20456365092073658,0.45025353616226316,0.10900920736589272,0.0,0.5691135323691954,0.0007033865485236435,0.5235458238463868,0.9641109748782344,0.011159824631327222,0.06061822561220393,28.0,0.016667908173724433,0.060216780409474105,0.4509567777331727,0.10845443596949017,0.0,0.5671254393674385,0.0031850125176465793,0.5314981939506791,False,False,False,2,main_young_incongruent_error_rate_le_0.20,high_incongruent_error,report_negative_result
WR2_uncertainty_schedule_fine,WR2_fine_96d5e743,c0.72_ls-40_tw1.00_ep30,WR2_uncertainty_schedule,none,time_gap_selected,"{""adaptive"": {""compression_high"": 0.48, ""compression_low"": 0.72, ""score_window_s"": 0.15, ""temp"": 0.22, ""theta_quantile"": 0.45, ""type"": ""WR2_uncertainty_schedule""}, ""custom_noise"": null, ""lapse"": {""type"": ""none""}, ""noise_mode"": ""time_gap_selected"", ""schedule"": {""compression"": 0.72, ""early_phase_shortening_ms"": 30, ""late_shift_ms"": -40, ""transition_width"": 1.0}}",0.075,0.15265837515520383,0.5047396611418153,0.09973655359454162,0.575,0.0,0.075,1.4071345898915608,0.8833236053271074,0.021183053557154278,0.2121697357886309,53.0,0.011958644567261922,0.21136909527622097,0.4620763277288498,0.11403522818254604,0.0,0.5781978868781553,0.0006986933430450648,0.5908422695199569,0.968717514578989,0.008369868473495417,0.0541951023685267,21.0,-0.05055455738900172,0.05379365716579687,0.462705740666399,0.11418105178643116,0.0,0.5783818841112787,0.0031649739441771962,0.5900756137998825,False,False,False,2,main_young_incongruent_error_rate_le_0.20,no_congruent_fast_error,report_negative_result
WR2_uncertainty_schedule_fine,WR2_fine_419f24e6,c0.72_ls-40_tw0.90_ep40,WR2_uncertainty_schedule,none,time_gap_selected,"{""adaptive"": {""compression_high"": 0.45, ""compression_low"": 0.72, ""score_window_s"": 0.15, ""temp"": 0.3, ""theta_quantile"": 0.45, ""type"": ""WR2_uncertainty_schedule""}, ""custom_noise"": null, ""lapse"": {""type"": ""none""}, ""noise_mode"": ""time_gap_selected"", ""schedule"": {""compression"": 0.72, ""early_phase_shortening_ms"": 40, ""late_shift_ms"": -40, ""transition_width"": 0.9}}",0.075,0.15456984179684694,0.5037663538183477,0.09923798131238831,0.575,0.0,0.075,1.407574176927583,0.8881223283982902,0.014788169464428458,0.20896717373899118,37.0,0.008065415273390553,0.20856685348278622,0.4638911128903122,0.1108787029623699,0.0,0.5593609079629669,0.0006901962947050699,0.5949596819456033,0.9683131893389338,0.00757273814268633,0.055800883179446,19.0,-0.03502513718728506,0.055800883179446,0.46435166599759137,0.11083500602167805,0.0,0.5593404402307944,0.003128959421523969,0.5950354875589325,False,False,False,2,main_young_incongruent_error_rate_le_0.20,no_congruent_fast_error,report_negative_result
WR2_uncertainty_schedule_fine,WR2_fine_29fb1340,c0.72_ls-30_tw0.90_ep30,WR2_uncertainty_schedule,none,time_gap_selected,"{""adaptive"": {""compression_high"": 0.45, ""compression_low"": 0.72, ""score_window_s"": 0.15, ""temp"": 0.3, ""theta_quantile"": 0.45, ""type"": ""WR2_uncertainty_schedule""}, ""custom_noise"": null, ""lapse"": {""type"": ""none""}, ""noise_mode"": ""time_gap_selected"", ""schedule"": {""compression"": 0.72, ""early_phase_shortening_ms"": 30, ""late_shift_ms"": -30, ""transition_width"": 0.9}}",0.075,0.15541000107753283,0.5018618538652424,0.10059834298591021,0.575,0.0,0.075,1.4078701979286856,0.889725209424134,0.016786570743405275,0.20376301040832667,42.0,0.00044741546096982443,0.2033626901521217,0.46606618628235924,0.11306367641169406,0.0,0.5593339373723328,0.0006888081596452822,0.5950595725348796,0.9644951398570125,0.006377042646472699,0.06463267763950221,16.0,-0.0860633010405567,0.06463267763950221,0.4666399036531514,0.1132396627860297,0.0,0.559466938664507,0.0031229381928232214,0.5945669766833132,False,False,False,2,main_young_incongruent_error_rate_le_0.20,no_congruent_fast_error,report_negative_result
WR2_uncertainty_schedule_fine,WR2_fine_2857d743,c0.70_ls-40_tw1.00_ep30,WR2_uncertainty_schedule,none,time_gap_selected,"{""adaptive"": {""compression_high"": 0.45, ""compression_low"": 0.7, ""score_window_s"": 0.12, ""temp"": 0.3, ""theta_quantile"": 0.5, ""type"": ""WR2_uncertainty_schedule""}, ""custom_noise"": null, ""lapse"": {""type"": ""none""}, ""noise_mode"": ""time_gap_selected"", ""schedule"": {""compression"": 0.7, ""early_phase_shortening_ms"": 30, ""late_shift_ms"": -40, ""transition_width"": 1.0}}",0.075,0.15327635523321498,0.5046779195388018,0.09994444773000255,0.575,0.0,0.075,1.4078987225020194,0.8863266472490543,0.021982414068745005,0.20536429143314652,55.0,-0.025347020068308357,0.20456365092073658,0.45008006405124096,0.10984587670136108,0.0,0.5689089997458285,0.000691814987853423,0.5243639533175093,0.9649052251717183,0.00876843363889996,0.06142111601766359,22.0,0.011711678155207461,0.06142111601766359,0.45087648869262675,0.10916900843034925,0.0,0.5664655461944135,0.003135446166942113,0.5341377672513985,False,False,False,2,main_young_incongruent_error_rate_le_0.20,high_incongruent_error,report_negative_result
WR2_uncertainty_schedule_fine,WR2_fine_5bbf4245,c0.72_ls-50_tw0.90_ep30,WR2_uncertainty_schedule,none,time_gap_selected,"{""adaptive"": {""compression_high"": 0.45, ""compression_low"": 0.72, ""score_window_s"": 0.15, ""temp"": 0.22, ""theta_quantile"": 0.5, ""type"": ""WR2_uncertainty_schedule""}, ""custom_noise"": null, ""lapse"": {""type"": ""none""}, ""noise_mode"": ""time_gap_selected"", ""schedule"": {""compression"": 0.72, ""early_phase_shortening_ms"": 30, ""late_shift_ms"": -50, ""transition_width"": 0.9}}",0.075,0.15544629335666385,0.5018087870994944,0.10089253659049278,0.575,0.0,0.075,1.408147617046651,0.8849239263513129,0.019984012789768184,0.21016813450760607,50.0,0.0002351483979777802,0.21016813450760607,0.46062183079797164,0.10949919871794872,0.0,0.5794058143663787,0.0006895511363416151,0.5207192911684945,0.9679031040242281,0.0051813471502590676,0.059012444801284626,13.0,-0.020153804479214665,0.0586109995985548,0.4613006824568446,0.10923323966278604,0.0,0.5769106635649613,0.0031261042253429294,0.5299605892994103,False,False,False,2,main_young_incongruent_error_rate_le_0.20,no_congruent_fast_error,report_negative_result
WR2_uncertainty_schedule_fine,WR2_fine_42743bbf,c0.72_ls-40_tw1.00_ep40,WR2_uncertainty_schedule,none,time_gap_selected,"{""adaptive"": {""compression_high"": 0.45, ""compression_low"": 0.72, ""score_window_s"": 0.15, ""temp"": 0.38, ""theta_quantile"": 0.5, ""type"": ""WR2_uncertainty_schedule""}, ""custom_noise"": null, ""lapse"": {""type"": ""none""}, ""noise_mode"": ""time_gap_selected"", ""schedule"": {""compression"": 0.72, ""early_phase_shortening_ms"": 40, ""late_shift_ms"": -40, ""transition_width"": 1.0}}",0.075,0.15676463468278098,0.5015,0.10124591041761549,0.575,0.0,0.075,1.4095105451003964,0.887923128270802,0.01598721023181455,0.20816653322658127,40.0,-0.0016193603744214524,0.20816653322658127,0.4540032025620496,0.11228582866293035,0.0,0.5784599680169374,0.0006994847047528951,0.5242224253403804,0.9655016329011624,0.007174172977281785,0.06182256122039342,18.0,-0.017714880623870166,0.06182256122039342,0.4543155359293456,0.11143918105178645,0.0,0.5758146966277037,0.003168410681369027,0.5340197270171582,True,False,False,1,main_young_incongruent_error_rate_le_0.20,high_incongruent_error,keep_as_diagnostic
WR2_uncertainty_schedule_fine,WR2_fine_8824d77e,c0.72_ls-40_tw1.00_ep30,WR2_uncertainty_schedule,none,time_gap_selected,"{""adaptive"": {""compression_high"": 0.45, ""compression_low"": 0.72, ""score_window_s"": 0.12, ""temp"": 0.3, ""theta_quantile"": 0.5, ""type"": ""WR2_uncertainty_schedule""}, ""custom_noise"": null, ""lapse"": {""type"": ""none""}, ""noise_mode"": ""time_gap_selected"", ""schedule"": {""compression"": 0.72, ""early_phase_shortening_ms"": 30, ""late_shift_ms"": -40, ""transition_width"": 1.0}}",0.075,0.15589240177387123,0.502192952696407,0.10155247843397158,0.575,0.0,0.075,1.4096378329042498,0.8889264889129529,0.019184652278177457,0.20296236989591673,48.0,0.0017718107856281584,0.20296236989591673,0.450320256204964,0.11064051240992794,0.0,0.57809481000288,0.0006873537014281395,0.5255748632346978,0.9618929461325818,0.008369868473495417,0.06784423926134082,21.0,-0.04225835014865331,0.06784423926134082,0.4511441188277801,0.10992773986350862,0.0,0.5757272289154429,0.0031163856961047287,0.5343436815678652,False,False,False,2,main_young_incongruent_error_rate_le_0.20,no_congruent_fast_error,report_negative_result
WR2_uncertainty_schedule_fine,WR2_fine_29c95c6c,c0.72_ls-40_tw0.90_ep30,WR2_uncertainty_schedule,none,time_gap_selected,"{""adaptive"": {""compression_high"": 0.45, ""compression_low"": 0.72, ""score_window_s"": 0.18, ""temp"": 0.22, ""theta_quantile"": 0.5, ""type"": ""WR2_uncertainty_schedule""}, ""custom_noise"": null, ""lapse"": {""type"": ""none""}, ""noise_mode"": ""time_gap_selected"", ""schedule"": {""compression"": 0.72, ""early_phase_shortening_ms"": 30, ""late_shift_ms"": -40, ""transition_width"": 0.9}}",0.075,0.15559698551056458,0.5037960730273618,0.10069757934006779,0.575,0.0,0.075,1.4100906378779943,0.8891247290398265,0.016786570743405275,0.20496397117694154,42.0,0.008184292109447378,0.20416333066453163,0.46382439284761146,0.11108373397435897,0.0,0.5797395066817017,0.0007005708937194988,0.5194833946736278,0.9635016069808264,0.009166998804304504,0.06382978723404255,23.0,-0.060238380815267334,0.06382978723404255,0.4641107988759534,0.11088920112404657,0.0,0.5773296308196137,0.0031730931822536723,0.5284088587139333,False,False,False,2,main_young_incongruent_error_rate_le_0.20,no_congruent_fast_error,report_negative_result
WR2_uncertainty_schedule_fine,WR2_fine_6578938b,c0.72_ls-40_tw1.10_ep30,WR2_uncertainty_schedule,none,time_gap_selected,"{""adaptive"": {""compression_high"": 0.48, ""compression_low"": 0.72, ""score_window_s"": 0.15, ""temp"": 0.3, ""theta_quantile"": 0.5, ""type"": ""WR2_uncertainty_schedule""}, ""custom_noise"": null, ""lapse"": {""type"": ""none""}, ""noise_mode"": ""time_gap_selected"", ""schedule"": {""compression"": 0.72, ""early_phase_shortening_ms"": 30, ""late_shift_ms"": -40, ""transition_width"": 1.1}}",0.075,0.15623738343201918,0.5015,0.10244813675107085,0.575,0.0,0.075,1.4101855201830902,0.8849239263513129,0.019984012789768184,0.21016813450760607,50.0,-0.005583333474193375,0.21016813450760607,0.45004003202562043,0.11414731785428342,0.0,0.5947056848112051,0.0007069832854297853,0.5220597768537093,0.963703769600854,0.009565563969709047,0.0630268968285829,24.0,-0.02716795113474879,0.0630268968285829,0.4505553325304429,0.1136150140505821,0.0,0.5928014836991025,0.003200205466622419,0.5299939479656298,True,False,False,1,main_young_incongruent_error_rate_le_0.20,high_incongruent_error,keep_as_diagnostic
WR2_uncertainty_schedule_fine,WR2_fine_fbfcb862,c0.72_ls-50_tw1.00_ep30,WR2_uncertainty_schedule,none,time_gap_selected,"{""adaptive"": {""compression_high"": 0.45, ""compression_low"": 0.72, ""score_window_s"": 0.18, ""temp"": 0.3, ""theta_quantile"": 0.5, ""type"": ""WR2_uncertainty_schedule""}, ""custom_noise"": null, ""lapse"": {""type"": ""none""}, ""noise_mode"": ""time_gap_selected"", ""schedule"": {""compression"": 0.72, ""early_phase_shortening_ms"": 30, ""late_shift_ms"": -50, ""transition_width"": 1.0}}",0.075,0.14331203285981847,0.5233115737095202,0.09383450156351496,0.575,0.0,0.075,1.4104581081328535,0.892930651475617,0.02038369304556355,0.19375500400320256,51.0,0.030307436928789344,0.1933546837469976,0.44741126234320794,0.10711769415532425,0.0,0.5799379820250002,0.0007087188771200403,0.5187483008186498,0.9691074396324176,0.0051813471502590676,0.05660377358490566,13.0,0.05493885790929198,0.05660377358490566,0.44837414692894423,0.1064090726615817,0.0,0.5775031746638576,0.00320753587271555,0.5277661051161656,False,False,False,2,main_young_congruent_fast_error,no_congruent_fast_error,report_negative_result
WR2_uncertainty_schedule_fine,WR2_fine_45d34d06,c0.72_ls-50_tw1.00_ep30,WR2_uncertainty_schedule,none,time_gap_selected,"{""adaptive"": {""compression_high"": 0.48, ""compression_low"": 0.72, ""score_window_s"": 0.15, ""temp"": 0.3, ""theta_quantile"": 0.45, ""type"": ""WR2_uncertainty_schedule""}, ""custom_noise"": null, ""lapse"": {""type"": ""none""}, ""noise_mode"": ""time_gap_selected"", ""schedule"": {""compression"": 0.72, ""early_phase_shortening_ms"": 30, ""late_shift_ms"": -50, ""transition_width"": 1.0}}",0.075,0.1573112335714947,0.5015,0.1018968526888954,0.575,0.0,0.075,1.41070808626039,0.8847244062236199,0.020783373301358914,0.20976781425140112,52.0,-0.016734928260886295,0.20896717373899118,0.46031491860154794,0.11293835068054443,0.0,0.5763481360357205,0.0006992732070412178,0.5985495641044924,0.9656994754652021,0.006377042646472699,0.06222400642312324,16.0,-0.02034626135918638,0.06222400642312324,0.4609126187608724,0.11306904857486952,0.0,0.5767671314715358,0.0031674480056125276,0.5968037496683629,True,False,False,1,main_young_incongruent_error_rate_le_0.20,high_incongruent_error,keep_as_diagnostic
WR2_uncertainty_schedule_fine,WR2_fine_0aa7a06d,c0.72_ls-40_tw1.00_ep20,WR2_uncertainty_schedule,none,time_gap_selected,"{""adaptive"": {""compression_high"": 0.48, ""compression_low"": 0.72, ""score_window_s"": 0.15, ""temp"": 0.3, ""theta_quantile"": 0.45, ""type"": ""WR2_uncertainty_schedule""}, ""custom_noise"": null, ""lapse"": {""type"": ""none""}, ""noise_mode"": ""time_gap_selected"", ""schedule"": {""compression"": 0.72, ""early_phase_shortening_ms"": 20, ""late_shift_ms"": -40, ""transition_width"": 1.0}}",0.075,0.15743350083178925,0.5015,0.10183921926782694,0.575,0.0,0.075,1.410772720099616,0.8819212044295708,0.01958433253397282,0.2165732586068855,49.0,-0.012488204770857103,0.2165732586068855,0.4629170002668802,0.11552241793434749,0.0,0.5764684275671035,0.0006979762467317352,0.5980483495910772,0.9695117648724727,0.005978477481068154,0.05499799277398635,15.0,-0.05070763712131987,0.05499799277398635,0.4634283420313128,0.11549377759935768,0.0,0.576732877187552,0.0031618648509558755,0.5969464757566453,True,False,False,1,main_young_incongruent_error_rate_le_0.20,high_incongruent_error,keep_as_diagnostic
WR2_uncertainty_schedule_fine,WR2_fine_4bf48b10,c0.74_ls-40_tw1.00_ep30,WR2_uncertainty_schedule,none,time_gap_selected,"{""adaptive"": {""compression_high"": 0.45, ""compression_low"": 0.74, ""score_window_s"": 0.18, ""temp"": 0.3, ""theta_quantile"": 0.5, ""type"": ""WR2_uncertainty_schedule""}, ""custom_noise"": null, ""lapse"": {""type"": ""none""}, ""noise_mode"": ""time_gap_selected"", ""schedule"": {""compression"": 0.74, ""early_phase_shortening_ms"": 30, ""late_shift_ms"": -40, ""transition_width"": 1.0}}",0.075,0.15264610574575097,0.509700935485784,0.09884567630017302,0.575,0.0,0.075,1.4111927175317078,0.8919263308328518,0.01598721023181455,0.200160128102482,40.0,0.026080631551875233,0.200160128102482,0.4512409927942354,0.10995794953944733,0.0,0.5887805326829452,0.0007047257290589415,0.5214464867121134,0.9650973076611074,0.006377042646472699,0.06342834203131273,16.0,0.004723110391261165,0.06342834203131273,0.4517730496453901,0.10930549979927738,0.0,0.586000004302907,0.003190675114994601,0.5310345169615938,False,False,False,3,main_young_incongruent_error_rate_le_0.20,no_congruent_fast_error,report_negative_result
WR2_uncertainty_schedule_fine,WR2_fine_7d443aa1,c0.72_ls-40_tw1.00_ep40,WR2_uncertainty_schedule,none,time_gap_selected,"{""adaptive"": {""compression_high"": 0.45, ""compression_low"": 0.72, ""score_window_s"": 0.15, ""temp"": 0.3, ""theta_quantile"": 0.5, ""type"": ""WR2_uncertainty_schedule""}, ""custom_noise"": null, ""lapse"": {""type"": ""none""}, ""noise_mode"": ""time_gap_selected"", ""schedule"": {""compression"": 0.72, ""early_phase_shortening_ms"": 40, ""late_shift_ms"": -40, ""transition_width"": 1.0}}",0.075,0.15353494124869949,0.507235723171513,0.100743822677572,0.575,0.0,0.075,1.4115144870977847,0.884925206352132,0.02158273381294964,0.20856685348278622,54.0,0.021942892686051985,0.20816653322658127,0.45038697624766477,0.10962570056044837,0.0,0.5784481637131134,0.0006994847047528951,0.524266146074536,0.9645109800623016,0.010761259465922678,0.060216780409474105,27.0,-0.022867231580508518,0.060216780409474105,0.4511307373210223,0.10899839421918908,0.0,0.5759674083876984,0.003168410681369027,0.5334541283114026,False,False,False,2,main_young_incongruent_error_rate_le_0.20,no_congruent_fast_error,report_negative_result
WR2_uncertainty_schedule_fine,WR2_fine_2359fdf6,c0.72_ls-40_tw1.00_ep40,WR2_uncertainty_schedule,none,time_gap_selected,"{""adaptive"": {""compression_high"": 0.48, ""compression_low"": 0.72, ""score_window_s"": 0.15, ""temp"": 0.3, ""theta_quantile"": 0.45, ""type"": ""WR2_uncertainty_schedule""}, ""custom_noise"": null, ""lapse"": {""type"": ""none""}, ""noise_mode"": ""time_gap_selected"", ""schedule"": {""compression"": 0.72, ""early_phase_shortening_ms"": 40, ""late_shift_ms"": -40, ""transition_width"": 1.0}}",0.075,0.15789635390166168,0.5015,0.10334421692311697,0.575,0.0,0.075,1.4127405708247784,0.8807218436619799,0.02158273381294964,0.21697357886309046,54.0,-0.02387990923862182,0.21697357886309046,0.4629703763010408,0.11525420336269014,0.0,0.5763834697920835,0.0006994847047528951,0.5984023401574653,0.9657124356331659,0.00996412913511359,0.0586109995985548,25.0,-0.006585242459355545,0.0586109995985548,0.46348186805834335,0.11524889602569251,0.0,0.576712509471139,0.003168410681369027,0.5970313418203302,True,False,False,1,main_young_incongruent_error_rate_le_0.20,high_incongruent_error,keep_as_diagnostic
WR2_uncertainty_schedule_fine,WR2_fine_be60c74d,c0.72_ls-50_tw1.00_ep30,WR2_uncertainty_schedule,none,time_gap_selected,"{""adaptive"": {""compression_high"": 0.45, ""compression_low"": 0.72, ""score_window_s"": 0.12, ""temp"": 0.3, ""theta_quantile"": 0.5, ""type"": ""WR2_uncertainty_schedule""}, ""custom_noise"": null, ""lapse"": {""type"": ""none""}, ""noise_mode"": ""time_gap_selected"", ""schedule"": {""compression"": 0.72, ""early_phase_shortening_ms"": 30, ""late_shift_ms"": -50, ""transition_width"": 1.0}}",0.075,0.15115436260379142,0.5137484424845276,0.09804503578776308,0.575,0.0,0.075,1.412947840876082,0.8921277709617734,0.017585931254996003,0.19815852682145715,44.0,0.018152568608079345,0.1977582065652522,0.44669068588203903,0.1082646116893515,0.0,0.5782530107023778,0.0006878407919082008,0.5249889340532308,0.9643001773302982,0.007971303308090873,0.06342834203131273,20.0,0.028841201330031097,0.06342834203131273,0.4476515455640306,0.1074668807707748,0.0,0.575680206327392,0.0031184639705996164,0.5345178395229723,False,False,False,2,main_young_congruent_fast_error,no_congruent_fast_error,report_negative_result
WR2_uncertainty_schedule_fine,WR2_fine_3f2876e7,c0.70_ls-40_tw1.00_ep30,WR2_uncertainty_schedule,none,time_gap_selected,"{""adaptive"": {""compression_high"": 0.45, ""compression_low"": 0.7, ""score_window_s"": 0.15, ""temp"": 0.38, ""theta_quantile"": 0.5, ""type"": ""WR2_uncertainty_schedule""}, ""custom_noise"": null, ""lapse"": {""type"": ""none""}, ""noise_mode"": ""time_gap_selected"", ""schedule"": {""compression"": 0.7, ""early_phase_shortening_ms"": 30, ""late_shift_ms"": -40, ""transition_width"": 1.0}}",0.075,0.15857065385928396,0.5015,0.10304650786064419,0.575,0.0,0.075,1.413117161719928,0.8823231246867997,0.02158273381294964,0.21377101681345076,54.0,-0.018136210800483332,0.21377101681345076,0.45378969842540695,0.11179143314651721,0.0,0.5691942656032473,0.0007026568606142147,0.5232228913037001,0.966500925851999,0.005978477481068154,0.061019670814933764,15.0,-0.08120470004615798,0.061019670814933764,0.45399437976716184,0.11102970694500203,0.0,0.5669118650691807,0.0031818538406061525,0.5323524907759222,True,False,False,1,main_young_incongruent_error_rate_le_0.20,high_incongruent_error,keep_as_diagnostic
WR2_uncertainty_schedule_fine,WR2_fine_b6a09350,c0.72_ls-40_tw0.90_ep40,WR2_uncertainty_schedule,none,time_gap_selected,"{""adaptive"": {""compression_high"": 0.45, ""compression_low"": 0.72, ""score_window_s"": 0.15, ""temp"": 0.22, ""theta_quantile"": 0.5, ""type"": ""WR2_uncertainty_schedule""}, ""custom_noise"": null, ""lapse"": {""type"": ""none""}, ""noise_mode"": ""time_gap_selected"", ""schedule"": {""compression"": 0.72, ""early_phase_shortening_ms"": 40, ""late_shift_ms"": -40, ""transition_width"": 0.9}}",0.075,0.15892035066665472,0.5017525397052653,0.10260163168672232,0.575,0.0,0.075,1.4132745220586425,0.8893226491664954,0.013988808952837729,0.20736589271417133,35.0,-0.02830392487821287,0.20736589271417133,0.46353082465972784,0.1116045673076923,0.0,0.5791923748207981,0.0006901962947050699,0.5215098073481982,0.9611015758764234,0.011558389796731766,0.06623845845042152,29.0,1.0158821061923007e-05,0.06623845845042152,0.4638833132610732,0.11138297872340427,0.0,0.5768838827657905,0.003128959421523969,0.5300597793610046,False,False,False,2,main_young_incongruent_error_rate_le_0.20,high_incongruent_error,report_negative_result
WR2_uncertainty_schedule_fine,WR2_fine_f3601c4f,c0.72_ls-40_tw1.00_ep30,WR2_uncertainty_schedule,none,time_gap_selected,"{""adaptive"": {""compression_high"": 0.45, ""compression_low"": 0.72, ""score_window_s"": 0.18, ""temp"": 0.38, ""theta_quantile"": 0.5, ""type"": ""WR2_uncertainty_schedule""}, ""custom_noise"": null, ""lapse"": {""type"": ""none""}, ""noise_mode"": ""time_gap_selected"", ""schedule"": {""compression"": 0.72, ""early_phase_shortening_ms"": 30, ""late_shift_ms"": -40, ""transition_width"": 1.0}}",0.075,0.1582723981619109,0.5025535981594331,0.10249761430983406,0.575,0.0,0.075,1.4133236106311782,0.885722646862494,0.017585931254996003,0.21096877502001601,44.0,0.0032143926377329324,0.21056845476381106,0.45504403522818254,0.11230984787830264,0.0,0.5800255990227942,0.0007081260336694317,0.5184237934575743,0.964701622533028,0.007971303308090873,0.06262545162585308,20.0,-0.0550741866943395,0.06222400642312324,0.4554797270172621,0.1115435568044962,0.0,0.5774970225100367,0.0032050366673656017,0.5277888895933381,False,False,False,2,main_young_incongruent_error_rate_le_0.20,no_congruent_fast_error,report_negative_result
WR2_uncertainty_schedule_fine,WR2_fine_6962ecee,c0.72_ls-40_tw1.00_ep40,WR2_uncertainty_schedule,none,time_gap_selected,"{""adaptive"": {""compression_high"": 0.45, ""compression_low"": 0.72, ""score_window_s"": 0.18, ""temp"": 0.3, ""theta_quantile"": 0.5, ""type"": ""WR2_uncertainty_schedule""}, ""custom_noise"": null, ""lapse"": {""type"": ""none""}, ""noise_mode"": ""time_gap_selected"", ""schedule"": {""compression"": 0.72, ""early_phase_shortening_ms"": 40, ""late_shift_ms"": -40, ""transition_width"": 1.0}}",0.075,0.1529369866914103,0.5121476837039831,0.09844198120439346,0.575,0.0,0.075,1.4135266515997869,0.8917245707037252,0.013988808952837729,0.20256204963971178,35.0,0.012170423516125961,0.20176140912730184,0.45138777688817716,0.10930944755804645,0.0,0.5798659042873965,0.0007086525721406445,0.5190152536680247,0.9667030884720267,0.006377042646472699,0.060216780409474105,16.0,0.028420311299806822,0.060216780409474105,0.45182657567242074,0.10871336812525091,0.0,0.577598445342242,0.003207293643449405,0.5274132499467566,False,False,False,3,main_young_incongruent_error_rate_le_0.20,no_congruent_fast_error,report_negative_result
WR2_uncertainty_schedule_fine,WR2_fine_fa0ce4e9,c0.70_ls-30_tw1.00_ep30,WR2_uncertainty_schedule,none,time_gap_selected,"{""adaptive"": {""compression_high"": 0.45, ""compression_low"": 0.7, ""score_window_s"": 0.15, ""temp"": 0.3, ""theta_quantile"": 0.5, ""type"": ""WR2_uncertainty_schedule""}, ""custom_noise"": null, ""lapse"": {""type"": ""none""}, ""noise_mode"": ""time_gap_selected"", ""schedule"": {""compression"": 0.7, ""early_phase_shortening_ms"": 30, ""late_shift_ms"": -30, ""transition_width"": 1.0}}",0.075,0.15575651405305665,0.5070500127492537,0.10080314351842776,0.575,0.0,0.075,1.4136096703207381,0.8911272903214658,0.017985611510791366,0.19975980784627703,45.0,-0.052937242181309796,0.19975980784627703,0.4534827862289832,0.11157926341072859,0.0,0.56912097328413,0.0007021063946976991,0.5235160588298993,0.9612907783284872,0.008369868473495417,0.06904857486953031,21.0,0.02120005099701494,0.06904857486953031,0.45416833935501133,0.11097149739060619,0.0,0.5668345071024911,0.0031795095230516823,0.5326619231523311,False,False,False,1,main_older_congruent_fast_error_not_absent,mixed_tradeoff,report_negative_result
WR2_uncertainty_schedule_fine,WR2_fine_8b00a406,c0.72_ls-50_tw1.00_ep30,WR2_uncertainty_schedule,none,time_gap_selected,"{""adaptive"": {""compression_high"": 0.45, ""compression_low"": 0.72, ""score_window_s"": 0.15, ""temp"": 0.38, ""theta_quantile"": 0.5, ""type"": ""WR2_uncertainty_schedule""}, ""custom_noise"": null, ""lapse"": {""type"": ""none""}, ""noise_mode"": ""time_gap_selected"", ""schedule"": {""compression"": 0.72, ""early_phase_shortening_ms"": 30, ""late_shift_ms"": -50, ""transition_width"": 1.0}}",0.075,0.15537368634340226,0.5084769698426699,0.10039382369002386,0.575,0.0,0.075,1.4142444798760958,0.8857255268643371,0.021183053557154278,0.20736589271417133,53.0,0.011628856417627564,0.20696557245796637,0.450240192153723,0.11019015212169736,0.0,0.578571980059951,0.0006992732070412178,0.5238075653649741,0.9667016484533639,0.005978477481068154,0.06061822561220393,15.0,0.014279022953052056,0.060216780409474105,0.45094339622641505,0.10935768767563228,0.0,0.5759934867656589,0.0031674480056125276,0.5333575405906245,False,False,False,3,main_young_incongruent_error_rate_le_0.20,no_congruent_fast_error,report_negative_result
WR2_uncertainty_schedule_fine,WR2_fine_27c36d0a,c0.72_ls-50_tw1.00_ep30,WR2_uncertainty_schedule,none,time_gap_selected,"{""adaptive"": {""compression_high"": 0.48, ""compression_low"": 0.72, ""score_window_s"": 0.15, ""temp"": 0.22, ""theta_quantile"": 0.5, ""type"": ""WR2_uncertainty_schedule""}, ""custom_noise"": null, ""lapse"": {""type"": ""none""}, ""noise_mode"": ""time_gap_selected"", ""schedule"": {""compression"": 0.72, ""early_phase_shortening_ms"": 30, ""late_shift_ms"": -50, ""transition_width"": 1.0}}",0.075,0.15801802276806606,0.5041161189002625,0.10229548552531305,0.575,0.0,0.075,1.4144296271936416,0.8849223263502889,0.017985611510791366,0.2121697357886309,45.0,0.009464475601050348,0.2121697357886309,0.4600880704563651,0.11391112890312251,0.0,0.5951963553113295,0.0006992732070412178,0.5200153156371703,0.9657052355398525,0.007971303308090873,0.06061822561220393,20.0,-0.009044550776529436,0.06061822561220393,0.460537936571658,0.11359895624247292,0.0,0.5933212810932185,0.0031674480056125276,0.5278281255020084,False,False,False,2,main_young_incongruent_error_rate_le_0.20,no_congruent_fast_error,report_negative_result
WR2_uncertainty_schedule_fine,WR2_fine_37f54098,c0.72_ls-40_tw1.00_ep30,WR2_uncertainty_schedule,none,time_gap_selected,"{""adaptive"": {""compression_high"": 0.45, ""compression_low"": 0.72, ""score_window_s"": 0.15, ""temp"": 0.38, ""theta_quantile"": 0.5, ""type"": ""WR2_uncertainty_schedule""}, ""custom_noise"": null, ""lapse"": {""type"": ""none""}, ""noise_mode"": ""time_gap_selected"", ""schedule"": {""compression"": 0.72, ""early_phase_shortening_ms"": 30, ""late_shift_ms"": -40, ""transition_width"": 1.0}}",0.075,0.15769044460330553,0.5039091205749533,0.1030503045551656,0.575,0.0,0.075,1.4146498697334244,0.8855234467350059,0.018784972022382093,0.21016813450760607,47.0,-0.017521718404639897,0.21016813450760607,0.4540032025620496,0.11257405924739791,0.0,0.5783992024369995,0.0006986933430450648,0.5244474833938426,0.9629008791953944,0.009565563969709047,0.06463267763950221,24.0,0.008636482299813286,0.06463267763950221,0.4543690619563763,0.11180248896025692,0.0,0.5760172730771281,0.0031649739441771962,0.533269444258871,False,False,False,2,main_young_incongruent_error_rate_le_0.20,high_incongruent_error,report_negative_result
WR2_uncertainty_schedule_fine,WR2_fine_1cadf9d2,c0.72_ls-40_tw0.90_ep20,WR2_uncertainty_schedule,none,time_gap_selected,"{""adaptive"": {""compression_high"": 0.45, ""compression_low"": 0.72, ""score_window_s"": 0.15, ""temp"": 0.3, ""theta_quantile"": 0.45, ""type"": ""WR2_uncertainty_schedule""}, ""custom_noise"": null, ""lapse"": {""type"": ""none""}, ""noise_mode"": ""time_gap_selected"", ""schedule"": {""compression"": 0.72, ""early_phase_shortening_ms"": 20, ""late_shift_ms"": -40, ""transition_width"": 0.9}}",0.075,0.15306654889346374,0.5132752697059609,0.09929378669535388,0.575,0.0,0.075,1.4156356052947787,0.8883263285288503,0.01958433253397282,0.20376301040832667,49.0,0.00023048078928433746,0.20296236989591673,0.46395783293301307,0.11109531437725272,0.0,0.5593706129687204,0.0006881549599950243,0.5949237378158907,0.9645066600063137,0.009565563969709047,0.06142111601766359,24.0,0.04487059803455973,0.061019670814933764,0.46437842901110665,0.11118627057406666,0.0,0.5595233978721252,0.003120065128992655,0.594357868063569,False,False,False,3,main_young_incongruent_error_rate_le_0.20,no_congruent_fast_error,report_negative_result
WR2_uncertainty_schedule_fine,WR2_fine_e59a28dd,c0.72_ls-30_tw1.00_ep30,WR2_uncertainty_schedule,none,time_gap_selected,"{""adaptive"": {""compression_high"": 0.45, ""compression_low"": 0.72, ""score_window_s"": 0.15, ""temp"": 0.3, ""theta_quantile"": 0.5, ""type"": ""WR2_uncertainty_schedule""}, ""custom_noise"": null, ""lapse"": {""type"": ""none""}, ""noise_mode"": ""time_gap_selected"", ""schedule"": {""compression"": 0.72, ""early_phase_shortening_ms"": 30, ""late_shift_ms"": -30, ""transition_width"": 1.0}}",0.075,0.15834017471991502,0.5068368309173079,0.10169795812563338,0.575,0.0,0.075,1.4168749637628564,0.8883231285268023,0.015587529976019185,0.2077662129703763,39.0,0.020347323669232087,0.2077662129703763,0.45370963437416595,0.1122818254603683,0.0,0.5784389752861502,0.0006982096040678565,0.5243001753918206,0.9643001773302982,0.007971303308090873,0.06342834203131273,20.0,-0.04108398089379184,0.06342834203131273,0.4543289174361033,0.11163187474909675,0.0,0.5760114916078498,0.0031629127845183014,0.5332908561928353,False,False,False,2,main_young_incongruent_error_rate_le_0.20,no_congruent_fast_error,report_negative_result
WR2_uncertainty_schedule_fine,WR2_fine_a2b93321,c0.72_ls-50_tw1.00_ep30,WR2_uncertainty_schedule,none,time_gap_selected,"{""adaptive"": {""compression_high"": 0.45, ""compression_low"": 0.72, ""score_window_s"": 0.15, ""temp"": 0.3, ""theta_quantile"": 0.5, ""type"": ""WR2_uncertainty_schedule""}, ""custom_noise"": null, ""lapse"": {""type"": ""none""}, ""noise_mode"": ""time_gap_selected"", ""schedule"": {""compression"": 0.72, ""early_phase_shortening_ms"": 30, ""late_shift_ms"": -50, ""transition_width"": 1.0}}",0.075,0.15011230116059424,0.5179098699051861,0.09899664010614354,0.575,0.0,0.075,1.4170188111719237,0.889128889042489,0.021982414068745005,0.19975980784627703,55.0,-0.05823420427168591,0.19975980784627703,0.4467307179076595,0.10751000800640513,0.0,0.5785770082346845,0.0006992732070412178,0.5237889430403927,0.9623044714659501,0.011159824631327222,0.06423123243677238,28.0,0.06463947962074412,0.06423123243677238,0.4476114010437575,0.10678241670012044,0.0,0.5761569610214455,0.0031674480056125276,0.5327520812413623,False,False,False,1,main_older_congruent_fast_error_not_absent,mixed_tradeoff,report_negative_result
WR2_uncertainty_schedule_fine,WR2_fine_d24fb672,c0.72_ls-40_tw1.10_ep30,WR2_uncertainty_schedule,none,time_gap_selected,"{""adaptive"": {""compression_high"": 0.45, ""compression_low"": 0.72, ""score_window_s"": 0.15, ""temp"": 0.38, ""theta_quantile"": 0.5, ""type"": ""WR2_uncertainty_schedule""}, ""custom_noise"": null, ""lapse"": {""type"": ""none""}, ""noise_mode"": ""time_gap_selected"", ""schedule"": {""compression"": 0.72, ""early_phase_shortening_ms"": 30, ""late_shift_ms"": -40, ""transition_width"": 1.1}}",0.075,0.152783626512302,0.5148382519625652,0.09944573482953363,0.575,0.0,0.075,1.417067613304401,0.8893268091691579,0.019184652278177457,0.2021617293835068,48.0,-0.0040666412944679875,0.2021617293835068,0.43717640779290096,0.10836869495596477,0.0,0.5791288585493641,0.0007069832854297853,0.521745053635445,0.9658958780105791,0.0051813471502590676,0.0630268968285829,13.0,0.05235300785026109,0.0630268968285829,0.43801686069851464,0.10757125652348457,0.0,0.5768125880290399,0.003200205466622419,0.5303238341295006,False,False,False,2,main_young_incongruent_error_rate_le_0.20,high_incongruent_error,report_negative_result
WR2_uncertainty_schedule_fine,WR2_fine_a368dd4f,c0.72_ls-40_tw1.00_ep20,WR2_uncertainty_schedule,none,time_gap_selected,"{""adaptive"": {""compression_high"": 0.45, ""compression_low"": 0.72, ""score_window_s"": 0.15, ""temp"": 0.3, ""theta_quantile"": 0.5, ""type"": ""WR2_uncertainty_schedule""}, ""custom_noise"": null, ""lapse"": {""type"": ""none""}, ""noise_mode"": ""time_gap_selected"", ""schedule"": {""compression"": 0.72, ""early_phase_shortening_ms"": 20, ""late_shift_ms"": -40, ""transition_width"": 1.0}}",0.075,0.15995838077716412,0.5038969958855967,0.10405307385209653,0.575,0.0,0.075,1.4179084505148571,0.8849232863509033,0.019184652278177457,0.21096877502001601,48.0,0.008587983542386879,0.21096877502001601,0.4504136642647451,0.1101200960768615,0.0,0.5784090629671731,0.0006979762467317352,0.5244109632004716,0.9622958313539743,0.00876843363889996,0.06663990365315134,22.0,-0.006187546647344,0.06623845845042152,0.45118426334805295,0.10941389000401443,0.0,0.5759912240890634,0.0031618648509558755,0.5333659214749328,False,False,False,2,main_young_incongruent_error_rate_le_0.20,no_congruent_fast_error,report_negative_result
WR2_uncertainty_schedule_fine,WR2_fine_87597fef,c0.72_ls-30_tw1.00_ep30,WR2_uncertainty_schedule,none,time_gap_selected,"{""adaptive"": {""compression_high"": 0.45, ""compression_low"": 0.72, ""score_window_s"": 0.12, ""temp"": 0.22, ""theta_quantile"": 0.5, ""type"": ""WR2_uncertainty_schedule""}, ""custom_noise"": null, ""lapse"": {""type"": ""none""}, ""noise_mode"": ""time_gap_selected"", ""schedule"": {""compression"": 0.72, ""early_phase_shortening_ms"": 30, ""late_shift_ms"": -30, ""transition_width"": 1.0}}",0.075,0.1522241732683453,0.517268395321426,0.09849286494631274,0.575,0.0,0.075,1.4179854335360842,0.8901264896809533,0.017985611510791366,0.20176140912730184,45.0,0.013571462422112046,0.20136108887109688,0.45134774486255674,0.11035657051282054,0.0,0.5792201832710219,0.0006869597229010038,0.5214068151614127,0.9651059477730831,0.00876843363889996,0.061019670814933764,22.0,0.047502118863592124,0.061019670814933764,0.4523885989562425,0.11013253012048194,0.0,0.5771804093276072,0.0031147097579541927,0.5289615314549312,False,False,False,3,main_young_incongruent_error_rate_le_0.20,no_congruent_fast_error,report_negative_result
WR2_uncertainty_schedule_fine,WR2_fine_c728c43f,c0.72_ls-40_tw1.00_ep30,WR2_uncertainty_schedule,none,time_gap_selected,"{""adaptive"": {""compression_high"": 0.48, ""compression_low"": 0.72, ""score_window_s"": 0.18, ""temp"": 0.22, ""theta_quantile"": 0.5, ""type"": ""WR2_uncertainty_schedule""}, ""custom_noise"": null, ""lapse"": {""type"": ""none""}, ""noise_mode"": ""time_gap_selected"", ""schedule"": {""compression"": 0.72, ""early_phase_shortening_ms"": 30, ""late_shift_ms"": -40, ""transition_width"": 1.0}}",0.075,0.16251753723936146,0.5015,0.10500355322395209,0.575,0.0,0.075,1.4190210904633136,0.8827228049425951,0.020783373301358914,0.21377101681345076,52.0,-0.028646162163518785,0.21377101681345076,0.4629703763010408,0.115886709367494,0.0,0.5959082405031497,0.0007081260336694317,0.5170491288706672,0.9634929668688506,0.006775607811877242,0.06623845845042152,17.0,-0.018605493999593437,0.06623845845042152,0.4634015790177974,0.11555198715375352,0.0,0.5941851219944356,0.0032050366673656017,0.5242287883999379,True,False,False,1,main_young_incongruent_error_rate_le_0.20,high_incongruent_error,keep_as_diagnostic
WR2_uncertainty_schedule_fine,WR2_fine_c042cba2,c0.72_ls-50_tw0.90_ep30,WR2_uncertainty_schedule,none,time_gap_selected,"{""adaptive"": {""compression_high"": 0.45, ""compression_low"": 0.72, ""score_window_s"": 0.15, ""temp"": 0.3, ""theta_quantile"": 0.5, ""type"": ""WR2_uncertainty_schedule""}, ""custom_noise"": null, ""lapse"": {""type"": ""none""}, ""noise_mode"": ""time_gap_selected"", ""schedule"": {""compression"": 0.72, ""early_phase_shortening_ms"": 30, ""late_shift_ms"": -50, ""transition_width"": 0.9}}",0.075,0.1610195977337308,0.5040729891375955,0.1042516871787273,0.575,0.0,0.075,1.4193442740500535,0.8849216863498792,0.01718625099920064,0.21297037630104082,43.0,-0.015382982365646725,0.21297037630104082,0.4626234320789966,0.11180288461538461,0.0,0.5783169204004961,0.0006895511363416151,0.5247522313705908,0.9615044610978158,0.011956954962136309,0.06503412284223203,30.0,0.009291956550382174,0.06503412284223203,0.4629466077880369,0.11127458851866723,0.0,0.5755301320303321,0.0031261042253429294,0.535073668176234,False,False,False,2,main_young_incongruent_error_rate_le_0.20,high_incongruent_error,report_negative_result
WR2_uncertainty_schedule_fine,WR2_fine_1df923cd,c0.72_ls-50_tw0.90_ep40,WR2_uncertainty_schedule,none,time_gap_selected,"{""adaptive"": {""compression_high"": 0.45, ""compression_low"": 0.72, ""score_window_s"": 0.15, ""temp"": 0.3, ""theta_quantile"": 0.5, ""type"": ""WR2_uncertainty_schedule""}, ""custom_noise"": null, ""lapse"": {""type"": ""none""}, ""noise_mode"": ""time_gap_selected"", ""schedule"": {""compression"": 0.72, ""early_phase_shortening_ms"": 40, ""late_shift_ms"": -50, ""transition_width"": 0.9}}",0.075,0.16323483229780258,0.5015,0.10515831372444402,0.575,0.0,0.075,1.4198931460222466,0.8867228075025968,0.016786570743405275,0.20976781425140112,42.0,-0.016933870249785876,0.20976781425140112,0.46274352815585806,0.11154046474358974,0.0,0.5782729182965481,0.0006906120728663034,0.5249152019829509,0.9598900401749206,0.009565563969709047,0.07065435568044962,24.0,-0.027216576489524358,0.07065435568044962,0.46300013381506755,0.11101967081493375,0.0,0.5755792563517163,0.0031307275802966994,0.5348917270469533,True,False,False,1,main_young_incongruent_error_rate_le_0.20,high_incongruent_error,keep_as_diagnostic
WR2_uncertainty_schedule_fine,WR2_fine_bee6197d,c0.72_ls-30_tw1.00_ep30,WR2_uncertainty_schedule,none,time_gap_selected,"{""adaptive"": {""compression_high"": 0.45, ""compression_low"": 0.72, ""score_window_s"": 0.12, ""temp"": 0.3, ""theta_quantile"": 0.5, ""type"": ""WR2_uncertainty_schedule""}, ""custom_noise"": null, ""lapse"": {""type"": ""none""}, ""noise_mode"": ""time_gap_selected"", ""schedule"": {""compression"": 0.72, ""early_phase_shortening_ms"": 30, ""late_shift_ms"": -30, ""transition_width"": 1.0}}",0.075,0.162295033957286,0.5037987574414906,0.10449682507949354,0.575,0.0,0.075,1.42059061647827,0.8811202439169561,0.019184652278177457,0.21857485988791034,48.0,0.008195029765962647,0.21817453963170536,0.4535628502802242,0.11294435548438753,0.0,0.5779978437323874,0.0006869597229010038,0.5259339985810256,0.9667030884720267,0.006377042646472699,0.060216780409474105,16.0,-0.04452014178399266,0.060216780409474105,0.4543021544225879,0.11229425933360097,0.0,0.5757380849144103,0.0031147097579541927,0.5343034735643639,False,False,False,2,main_young_incongruent_error_rate_le_0.20,no_congruent_fast_error,report_negative_result
WR2_uncertainty_schedule_fine,WR2_fine_5682493f,c0.72_ls-40_tw1.00_ep30,WR2_uncertainty_schedule,none,time_gap_selected,"{""adaptive"": {""compression_high"": 0.45, ""compression_low"": 0.72, ""score_window_s"": 0.12, ""temp"": 0.38, ""theta_quantile"": 0.5, ""type"": ""WR2_uncertainty_schedule""}, ""custom_noise"": null, ""lapse"": {""type"": ""none""}, ""noise_mode"": ""time_gap_selected"", ""schedule"": {""compression"": 0.72, ""early_phase_shortening_ms"": 30, ""late_shift_ms"": -40, ""transition_width"": 1.0}}",0.075,0.16145416142734986,0.5050524511656425,0.10420530322290751,0.575,0.0,0.075,1.4207119158158998,0.8855240867354155,0.01958433253397282,0.20936749399519616,49.0,0.013209804662570379,0.20936749399519616,0.45370963437416606,0.11324059247397919,0.0,0.577914271776178,0.0006873537014281395,0.5262435229723812,0.9616907835125543,0.007971303308090873,0.06864712966680048,20.0,-0.041987442869098834,0.06824568446407066,0.45399437976716184,0.1123845845042152,0.0,0.5754469417447132,0.0031163856961047287,0.5353817822906011,False,False,False,2,main_young_incongruent_error_rate_le_0.20,no_congruent_fast_error,report_negative_result
WR2_uncertainty_schedule_fine,WR2_fine_da80b426,c0.72_ls-40_tw0.90_ep30,WR2_uncertainty_schedule,none,time_gap_selected,"{""adaptive"": {""compression_high"": 0.45, ""compression_low"": 0.72, ""score_window_s"": 0.15, ""temp"": 0.22, ""theta_quantile"": 0.5, ""type"": ""WR2_uncertainty_schedule""}, ""custom_noise"": null, ""lapse"": {""type"": ""none""}, ""noise_mode"": ""time_gap_selected"", ""schedule"": {""compression"": 0.72, ""early_phase_shortening_ms"": 30, ""late_shift_ms"": -40, ""transition_width"": 0.9}}",0.075,0.1642129396522609,0.5015,0.10510447699789699,0.575,0.0,0.075,1.420817416650158,0.8845216860938792,0.017585931254996003,0.2133706965572458,44.0,-0.02796709989864743,0.21297037630104082,0.46351748065118764,0.11182692307692307,0.0,0.579356017918255,0.0006891355737860261,0.5209037234126448,0.9622943913353117,0.008369868473495417,0.06704134885588117,21.0,-0.004448408951982619,0.06704134885588117,0.46381640572728494,0.11151746286631874,0.0,0.5767696929636732,0.003124334794750161,0.5304827031241208,True,False,False,1,main_young_incongruent_error_rate_le_0.20,high_incongruent_error,keep_as_diagnostic
WR2_uncertainty_schedule_fine,WR2_fine_d264c8df,c0.72_ls-30_tw1.00_ep20,WR2_uncertainty_schedule,none,time_gap_selected,"{""adaptive"": {""compression_high"": 0.45, ""compression_low"": 0.72, ""score_window_s"": 0.12, ""temp"": 0.3, ""theta_quantile"": 0.5, ""type"": ""WR2_uncertainty_schedule""}, ""custom_noise"": null, ""lapse"": {""type"": ""none""}, ""noise_mode"": ""time_gap_selected"", ""schedule"": {""compression"": 0.72, ""early_phase_shortening_ms"": 20, ""late_shift_ms"": -30, ""transition_width"": 1.0}}",0.075,0.1643350510994259,0.5015,0.10530252785126536,0.575,0.0,0.075,1.4211375789506913,0.8857188068600363,0.012789768185451638,0.2157726180944756,32.0,-0.03547816850878449,0.2157726180944756,0.4535895382973045,0.11314251401120896,0.0,0.577873357339888,0.0006863606211312545,0.5263950580538159,0.9625008740113272,0.00996412913511359,0.06503412284223203,25.0,-0.03734136108423014,0.06503412284223203,0.4543556804496186,0.112482938578884,0.0,0.5756747341758965,0.0031121250137431944,0.534538107785556,True,False,False,1,main_young_incongruent_error_rate_le_0.20,high_incongruent_error,keep_as_diagnostic
WR2_uncertainty_schedule_fine,WR2_fine_30072f4d,c0.72_ls-40_tw0.90_ep40,WR2_uncertainty_schedule,none,time_gap_selected,"{""adaptive"": {""compression_high"": 0.45, ""compression_low"": 0.72, ""score_window_s"": 0.18, ""temp"": 0.3, ""theta_quantile"": 0.5, ""type"": ""WR2_uncertainty_schedule""}, ""custom_noise"": null, ""lapse"": {""type"": ""none""}, ""noise_mode"": ""time_gap_selected"", ""schedule"": {""compression"": 0.72, ""early_phase_shortening_ms"": 40, ""late_shift_ms"": -40, ""transition_width"": 0.9}}",0.075,0.1644981691775254,0.5015,0.10655043504896249,0.575,0.0,0.075,1.4225486042264879,0.8797184830198291,0.01838529176658673,0.222177742193755,46.0,-0.0017850431300369118,0.22177742193755004,0.4662663464104618,0.113125,0.0,0.5786493626112259,0.0007012250038120893,0.5235209646647652,0.9651016277170952,0.00757273814268633,0.06222400642312324,19.0,-0.1030915869092417,0.06182256122039342,0.46621169543690616,0.11274187073464471,0.0,0.5762976873867184,0.0031759204035248234,0.5322308723799413,True,False,False,1,main_young_incongruent_error_rate_le_0.20,high_incongruent_error,keep_as_diagnostic
WR2_uncertainty_schedule_fine,WR2_fine_b15218db,c0.72_ls-40_tw1.00_ep30,WR2_uncertainty_schedule,none,time_gap_selected,"{""adaptive"": {""compression_high"": 0.45, ""compression_low"": 0.72, ""score_window_s"": 0.12, ""temp"": 0.22, ""theta_quantile"": 0.5, ""type"": ""WR2_uncertainty_schedule""}, ""custom_noise"": null, ""lapse"": {""type"": ""none""}, ""noise_mode"": ""time_gap_selected"", ""schedule"": {""compression"": 0.72, ""early_phase_shortening_ms"": 30, ""late_shift_ms"": -40, ""transition_width"": 1.0}}",0.075,0.15054292965952193,0.5248019556997197,0.09744582096829611,0.575,0.0,0.075,1.4227907063275376,0.8943282523700815,0.01598721023181455,0.1953562850280224,40.0,0.008430296988820363,0.19495596477181745,0.447824926607953,0.10818982779335201,0.0,0.5793070159470439,0.0006873537014281395,0.5210852111369179,0.9648937050224171,0.005579912315663611,0.06463267763950221,14.0,0.08277752581005826,0.06463267763950221,0.4490164592533119,0.10765261044176708,0.0,0.5771711567524236,0.0031163856961047287,0.5289958012075534,False,False,False,2,main_young_congruent_fast_error,no_congruent_fast_error,report_negative_result
WR2_uncertainty_schedule_fine,WR2_fine_c815c9a5,c0.72_ls-40_tw0.90_ep30,WR2_uncertainty_schedule,none,time_gap_selected,"{""adaptive"": {""compression_high"": 0.45, ""compression_low"": 0.72, ""score_window_s"": 0.15, ""temp"": 0.38, ""theta_quantile"": 0.45, ""type"": ""WR2_uncertainty_schedule""}, ""custom_noise"": null, ""lapse"": {""type"": ""none""}, ""noise_mode"": ""time_gap_selected"", ""schedule"": {""compression"": 0.72, ""early_phase_shortening_ms"": 30, ""late_shift_ms"": -40, ""transition_width"": 0.9}}",0.075,0.16296947008857388,0.5043802032961013,0.10545180423744857,0.575,0.0,0.075,1.4228014776221238,0.881920884429366,0.019184652278177457,0.21697357886309046,48.0,-0.016830397628630367,0.21697357886309046,0.4655858019749132,0.11290232185748597,0.0,0.5591516631898252,0.0006891355737860261,0.5957346624390074,0.9617066237178433,0.012355520127540853,0.06423123243677238,31.0,0.010520813184405897,0.06423123243677238,0.465863776261207,0.11275792854275392,0.0,0.5591542101878227,0.003124334794750161,0.5957252295305523,False,False,False,2,main_young_incongruent_error_rate_le_0.20,high_incongruent_error,report_negative_result
WR2_uncertainty_schedule_fine,WR2_fine_bce4a143,c0.72_ls-30_tw1.00_ep20,WR2_uncertainty_schedule,none,time_gap_selected,"{""adaptive"": {""compression_high"": 0.45, ""compression_low"": 0.72, ""score_window_s"": 0.15, ""temp"": 0.3, ""theta_quantile"": 0.5, ""type"": ""WR2_uncertainty_schedule""}, ""custom_noise"": null, ""lapse"": {""type"": ""none""}, ""noise_mode"": ""time_gap_selected"", ""schedule"": {""compression"": 0.72, ""early_phase_shortening_ms"": 20, ""late_shift_ms"": -30, ""transition_width"": 1.0}}",0.075,0.15943032611724012,0.5104326330462079,0.1030006863780868,0.575,0.0,0.075,1.4228636455415349,0.885923446991006,0.01838529176658673,0.20976781425140112,46.0,0.03473053218483202,0.20936749399519616,0.4536962903656258,0.11249999999999999,0.0,0.57844161458532,0.0006974915666126402,0.5242904006115853,0.9632980043421362,0.008369868473495417,0.06503412284223203,21.0,-0.06673562937163591,0.06503412284223203,0.4543155359293456,0.11179847450822963,0.0,0.5758927780197611,0.0031597951263028223,0.5337305368526921,False,False,False,2,main_young_incongruent_error_rate_le_0.20,no_congruent_fast_error,report_negative_result
WR2_uncertainty_schedule_fine,WR2_fine_be96a10b,c0.72_ls-40_tw1.00_ep30,WR2_uncertainty_schedule,none,time_gap_selected,"{""adaptive"": {""compression_high"": 0.48, ""compression_low"": 0.72, ""score_window_s"": 0.12, ""temp"": 0.3, ""theta_quantile"": 0.45, ""type"": ""WR2_uncertainty_schedule""}, ""custom_noise"": null, ""lapse"": {""type"": ""none""}, ""noise_mode"": ""time_gap_selected"", ""schedule"": {""compression"": 0.72, ""early_phase_shortening_ms"": 30, ""late_shift_ms"": -40, ""transition_width"": 1.0}}",0.075,0.1647863613501877,0.5015,0.10665318686101029,0.575,0.0,0.075,1.422939548211198,0.8805197635326487,0.019184652278177457,0.21977582065652523,48.0,-0.012388836358656397,0.21977582065652523,0.46289031224979993,0.11602882305844676,0.0,0.5769656955161943,0.0006873537014281395,0.5959764007552121,0.9627015966126922,0.00996412913511359,0.06463267763950221,25.0,-0.039766465007490925,0.06463267763950221,0.46342834203131267,0.11598554797270173,0.0,0.577267765464926,0.0031163856961047287,0.5947177750555126,True,False,False,1,main_young_incongruent_error_rate_le_0.20,high_incongruent_error,keep_as_diagnostic
WR2_uncertainty_schedule_fine,WR2_fine_a2612cc6,c0.74_ls-40_tw1.00_ep30,WR2_uncertainty_schedule,none,time_gap_selected,"{""adaptive"": {""compression_high"": 0.48, ""compression_low"": 0.74, ""score_window_s"": 0.15, ""temp"": 0.3, ""theta_quantile"": 0.45, ""type"": ""WR2_uncertainty_schedule""}, ""custom_noise"": null, ""lapse"": {""type"": ""none""}, ""noise_mode"": ""time_gap_selected"", ""schedule"": {""compression"": 0.74, ""early_phase_shortening_ms"": 30, ""late_shift_ms"": -40, ""transition_width"": 1.0}}",0.075,0.16069398586185954,0.5086858916219344,0.10365078493947306,0.575,0.0,0.075,1.423030662423267,0.8861216871178798,0.01598721023181455,0.21176941553242595,40.0,0.027743566487738014,0.21176941553242595,0.4630370963437417,0.11590072057646116,0.0,0.5848004277344883,0.0006946577330493864,0.596921490960633,0.964096574691608,0.007174172977281785,0.06463267763950221,18.0,-0.03217112100264208,0.06463267763950221,0.4635487755921317,0.11582898434363709,0.0,0.5848509064047765,0.003147768877299839,0.5967273426774079,False,False,False,2,main_young_incongruent_error_rate_le_0.20,no_congruent_fast_error,report_negative_result
WR2_uncertainty_schedule_fine,WR2_fine_47d33535,c0.72_ls-40_tw0.90_ep30,WR2_uncertainty_schedule,none,time_gap_selected,"{""adaptive"": {""compression_high"": 0.45, ""compression_low"": 0.72, ""score_window_s"": 0.12, ""temp"": 0.3, ""theta_quantile"": 0.45, ""type"": ""WR2_uncertainty_schedule""}, ""custom_noise"": null, ""lapse"": {""type"": ""none""}, ""noise_mode"": ""time_gap_selected"", ""schedule"": {""compression"": 0.72, ""early_phase_shortening_ms"": 30, ""late_shift_ms"": -40, ""transition_width"": 0.9}}",0.075,0.16041423380079856,0.5098429294264561,0.10334632619785108,0.575,0.0,0.075,1.4236034894251057,0.8847202462209576,0.015587529976019185,0.21497197758206565,39.0,-0.01602332279327645,0.21497197758206565,0.4639845209500934,0.11166666666666668,0.0,0.5600358366564302,0.000675555792998439,0.5924599458238904,0.964509540043639,0.010362694300518135,0.06061822561220393,26.0,0.03237171770582459,0.06061822561220393,0.464445336544895,0.11184062625451627,0.0,0.5600212817297832,0.0030660360281241084,0.5925138532250173,False,False,False,2,main_young_incongruent_error_rate_le_0.20,high_incongruent_error,report_negative_result
WR2_uncertainty_schedule_fine,WR2_fine_f361de1d,c0.72_ls-40_tw1.00_ep30,WR2_uncertainty_schedule,none,time_gap_selected,"{""adaptive"": {""compression_high"": 0.48, ""compression_low"": 0.72, ""score_window_s"": 0.18, ""temp"": 0.3, ""theta_quantile"": 0.45, ""type"": ""WR2_uncertainty_schedule""}, ""custom_noise"": null, ""lapse"": {""type"": ""none""}, ""noise_mode"": ""time_gap_selected"", ""schedule"": {""compression"": 0.72, ""early_phase_shortening_ms"": 30, ""late_shift_ms"": -40, ""transition_width"": 1.0}}",0.075,0.16044271809210675,0.5093060029514116,0.10409777038812905,0.575,0.0,0.075,1.4238464914316473,0.8823212046855711,0.019184652278177457,0.21617293835068055,48.0,0.030224011805646267,0.21617293835068055,0.46315719242060316,0.11491993594875903,0.0,0.5765276288077281,0.0007081260336694317,0.59780167685367,0.9649052251717183,0.00876843363889996,0.06142111601766359,22.0,-0.050804653328997196,0.06142111601766359,0.46360230161916227,0.11497792051384986,0.0,0.577443727152471,0.0032050366673656017,0.5939846029790959,False,False,False,2,main_young_incongruent_error_rate_le_0.20,no_congruent_fast_error,report_negative_result
WR2_uncertainty_schedule_fine,WR2_fine_5f839cdb,c0.72_ls-50_tw0.90_ep30,WR2_uncertainty_schedule,none,time_gap_selected,"{""adaptive"": {""compression_high"": 0.45, ""compression_low"": 0.72, ""score_window_s"": 0.18, ""temp"": 0.3, ""theta_quantile"": 0.5, ""type"": ""WR2_uncertainty_schedule""}, ""custom_noise"": null, ""lapse"": {""type"": ""none""}, ""noise_mode"": ""time_gap_selected"", ""schedule"": {""compression"": 0.72, ""early_phase_shortening_ms"": 30, ""late_shift_ms"": -50, ""transition_width"": 0.9}}",0.075,0.16061494398763498,0.5099417721114037,0.10340213158081664,0.575,0.0,0.075,1.4239588476798553,0.8843247259678246,0.02158273381294964,0.20976781425140112,54.0,-0.013055625357431766,0.20936749399519616,0.46345076060848683,0.11125350420504607,0.0,0.5789224928145346,0.0007010745665386731,0.5225093711147687,0.9624965539553392,0.00876843363889996,0.06623845845042152,22.0,0.032767088445615156,0.06583701324769169,0.46358892011240466,0.11059815335206742,0.0,0.5761946364696746,0.0031752178106642104,0.5326125415581755,False,False,False,2,main_young_incongruent_error_rate_le_0.20,high_incongruent_error,report_negative_result
WR2_uncertainty_schedule_fine,WR2_fine_7c429776,c0.70_ls-40_tw0.90_ep30,WR2_uncertainty_schedule,none,time_gap_selected,"{""adaptive"": {""compression_high"": 0.45, ""compression_low"": 0.7, ""score_window_s"": 0.15, ""temp"": 0.3, ""theta_quantile"": 0.5, ""type"": ""WR2_uncertainty_schedule""}, ""custom_noise"": null, ""lapse"": {""type"": ""none""}, ""noise_mode"": ""time_gap_selected"", ""schedule"": {""compression"": 0.7, ""early_phase_shortening_ms"": 30, ""late_shift_ms"": -40, ""transition_width"": 0.9}}",0.075,0.16688096021068272,0.5015,0.10710396900418769,0.575,0.0,0.075,1.4254849292148701,0.8817181642996251,0.01598721023181455,0.22057646116893515,40.0,-0.021810130452983856,0.22057646116893515,0.4653722978382706,0.11352481985588472,0.0,0.5687090459748271,0.0006934409526042074,0.5251637674928614,0.963098721759434,0.00876843363889996,0.06503412284223203,22.0,-0.06284981593775607,0.06503412284223203,0.4654890940719925,0.11293657165796868,0.0,0.5665949227522177,0.003142702539319975,0.5336202609730978,True,False,False,1,main_young_incongruent_error_rate_le_0.20,high_incongruent_error,keep_as_diagnostic
WR2_uncertainty_schedule_fine,WR2_fine_ca69234c,c0.72_ls-30_tw1.00_ep30,WR2_uncertainty_schedule,none,time_gap_selected,"{""adaptive"": {""compression_high"": 0.48, ""compression_low"": 0.72, ""score_window_s"": 0.15, ""temp"": 0.22, ""theta_quantile"": 0.5, ""type"": ""WR2_uncertainty_schedule""}, ""custom_noise"": null, ""lapse"": {""type"": ""none""}, ""noise_mode"": ""time_gap_selected"", ""schedule"": {""compression"": 0.72, ""early_phase_shortening_ms"": 30, ""late_shift_ms"": -30, ""transition_width"": 1.0}}",0.075,0.16698035828066854,0.5015,0.1081047696447001,0.575,0.0,0.075,1.4265851279253687,0.8771196013565448,0.02238209432454037,0.2233787029623699,56.0,-0.022717208250262244,0.22297838270616493,0.46499866559914593,0.11832331730769233,0.0,0.5950944665063774,0.0006982096040678565,0.5204398528607869,0.963098721759434,0.00876843363889996,0.06503412284223203,22.0,-0.025991936996413,0.06503412284223203,0.4650876488692627,0.11825371336812525,0.0,0.5932069825208421,0.0031629127845183014,0.5283043698883878,True,False,False,1,main_young_incongruent_error_rate_le_0.20,high_incongruent_error,keep_as_diagnostic
WR2_uncertainty_schedule_fine,WR2_fine_3a8884c6,c0.72_ls-30_tw1.00_ep40,WR2_uncertainty_schedule,none,time_gap_selected,"{""adaptive"": {""compression_high"": 0.45, ""compression_low"": 0.72, ""score_window_s"": 0.15, ""temp"": 0.3, ""theta_quantile"": 0.5, ""type"": ""WR2_uncertainty_schedule""}, ""custom_noise"": null, ""lapse"": {""type"": ""none""}, ""noise_mode"": ""time_gap_selected"", ""schedule"": {""compression"": 0.72, ""early_phase_shortening_ms"": 40, ""late_shift_ms"": -30, ""transition_width"": 1.0}}",0.075,0.15998740270360734,0.5135636604615765,0.1036499412295794,0.575,0.0,0.075,1.4272010043947634,0.8829236050711072,0.02158273381294964,0.21257005604483586,54.0,-0.025537707061711656,0.21257005604483586,0.4536962903656258,0.11203362690152122,0.0,0.5783802505561169,0.0006990037499240431,0.5245176769745145,0.9648965850597424,0.006377042646472699,0.06382978723404255,16.0,0.047254641846306455,0.06382978723404255,0.45439582496989167,0.11140706543556804,0.0,0.5759800813905426,0.0031663618545849648,0.533407190209781,False,False,False,2,main_young_incongruent_error_rate_le_0.20,high_incongruent_error,report_negative_result
WR2_uncertainty_schedule_fine,WR2_fine_c2981f2e,c0.70_ls-40_tw1.00_ep30,WR2_uncertainty_schedule,none,time_gap_selected,"{""adaptive"": {""compression_high"": 0.48, ""compression_low"": 0.7, ""score_window_s"": 0.15, ""temp"": 0.22, ""theta_quantile"": 0.5, ""type"": ""WR2_uncertainty_schedule""}, ""custom_noise"": null, ""lapse"": {""type"": ""none""}, ""noise_mode"": ""time_gap_selected"", ""schedule"": {""compression"": 0.7, ""early_phase_shortening_ms"": 30, ""late_shift_ms"": -40, ""transition_width"": 1.0}}",0.075,0.16058712653632876,0.5124859061711311,0.10420080343680804,0.575,0.0,0.075,1.4272738361442678,0.8839218457099812,0.01838529176658673,0.21377101681345076,46.0,-0.009697598973789079,0.2133706965572458,0.4625967440619162,0.11579263410728582,0.0,0.5856449666451685,0.0007026568606142147,0.5197955558553353,0.9633008843794615,0.009166998804304504,0.06423123243677238,23.0,0.042943624684524506,0.06423123243677238,0.46304027833534056,0.11547370533922119,0.0,0.5840306402602709,0.0031818538406061525,0.5271334013786687,False,False,False,2,main_young_incongruent_error_rate_le_0.20,high_incongruent_error,report_negative_result
WR2_uncertainty_schedule_fine,WR2_fine_7fee53bf,c0.72_ls-40_tw1.00_ep20,WR2_uncertainty_schedule,none,time_gap_selected,"{""adaptive"": {""compression_high"": 0.45, ""compression_low"": 0.72, ""score_window_s"": 0.12, ""temp"": 0.3, ""theta_quantile"": 0.5, ""type"": ""WR2_uncertainty_schedule""}, ""custom_noise"": null, ""lapse"": {""type"": ""none""}, ""noise_mode"": ""time_gap_selected"", ""schedule"": {""compression"": 0.72, ""early_phase_shortening_ms"": 20, ""late_shift_ms"": -40, ""transition_width"": 1.0}}",0.075,0.16749411081484955,0.5015,0.10841429064568395,0.575,0.0,0.075,1.4274084014605335,0.8829213650696737,0.018784972022382093,0.2153722978382706,47.0,-0.01697296945904203,0.21497197758206565,0.4503469442220443,0.1107986389111289,0.0,0.5779248548560141,0.0006867530158823354,0.5262043257672155,0.9574871290331923,0.011159824631327222,0.07386591730228824,28.0,-0.00990121684770695,0.07386591730228824,0.4511708818412954,0.11013649136892815,0.0,0.5757428658951129,0.003113797686040032,0.5342857657062626,True,False,False,1,main_young_incongruent_error_rate_le_0.20,high_incongruent_error,keep_as_diagnostic
WR2_uncertainty_schedule_fine,WR2_fine_28a9c1cb,c0.74_ls-40_tw1.00_ep30,WR2_uncertainty_schedule,none,time_gap_selected,"{""adaptive"": {""compression_high"": 0.45, ""compression_low"": 0.74, ""score_window_s"": 0.12, ""temp"": 0.3, ""theta_quantile"": 0.5, ""type"": ""WR2_uncertainty_schedule""}, ""custom_noise"": null, ""lapse"": {""type"": ""none""}, ""noise_mode"": ""time_gap_selected"", ""schedule"": {""compression"": 0.74, ""early_phase_shortening_ms"": 30, ""late_shift_ms"": -40, ""transition_width"": 1.0}}",0.075,0.1610571602652258,0.512739613629331,0.10390295375601967,0.575,0.0,0.075,1.4276997276505765,0.8845239260953127,0.02038369304556355,0.21056845476381106,51.0,-0.014058884041817432,0.21056845476381106,0.45058713637576725,0.11107014028056113,0.0,0.5872569697747385,0.0006829070747265131,0.5267001516877476,0.962096548771272,0.009166998804304504,0.06663990365315134,23.0,0.043958454517324275,0.06623845845042152,0.4514251304696909,0.11064056224899599,0.0,0.5851949600955539,0.00309739094420608,0.5338105305011065,False,False,False,2,main_young_incongruent_error_rate_le_0.20,high_incongruent_error,report_negative_result
WR2_uncertainty_schedule_fine,WR2_fine_9f9d9a00,c0.72_ls-40_tw1.00_ep30,WR2_uncertainty_schedule,none,time_gap_selected,"{""adaptive"": {""compression_high"": 0.48, ""compression_low"": 0.72, ""score_window_s"": 0.12, ""temp"": 0.22, ""theta_quantile"": 0.5, ""type"": ""WR2_uncertainty_schedule""}, ""custom_noise"": null, ""lapse"": {""type"": ""none""}, ""noise_mode"": ""time_gap_selected"", ""schedule"": {""compression"": 0.72, ""early_phase_shortening_ms"": 30, ""late_shift_ms"": -40, ""transition_width"": 1.0}}",0.075,0.16886478142640807,0.5015,0.1081136285985834,0.575,0.0,0.075,1.4284784100249914,0.8837210455814692,0.017585931254996003,0.21497197758206565,44.0,-0.04209935845622159,0.2145716573258607,0.46261008807045634,0.11685622747296757,0.0,0.5949395801974762,0.0006873537014281395,0.5210852111369179,0.9582856993826641,0.00996412913511359,0.0734644720995584,25.0,-0.021666846909288773,0.0734644720995584,0.46316071189615954,0.11644979919678716,0.0,0.5930410391254276,0.0031163856961047287,0.5289958012075534,True,False,False,1,main_young_incongruent_error_rate_le_0.20,high_incongruent_error,keep_as_diagnostic
WR2_uncertainty_schedule_fine,WR2_fine_c2e2394a,c0.74_ls-30_tw1.00_ep30,WR2_uncertainty_schedule,none,time_gap_selected,"{""adaptive"": {""compression_high"": 0.45, ""compression_low"": 0.74, ""score_window_s"": 0.15, ""temp"": 0.3, ""theta_quantile"": 0.5, ""type"": ""WR2_uncertainty_schedule""}, ""custom_noise"": null, ""lapse"": {""type"": ""none""}, ""noise_mode"": ""time_gap_selected"", ""schedule"": {""compression"": 0.74, ""early_phase_shortening_ms"": 30, ""late_shift_ms"": -30, ""transition_width"": 1.0}}",0.075,0.16690158587033585,0.5044658053969793,0.10720615834297305,0.575,0.0,0.075,1.428573549610288,0.8823189646841374,0.016386890487609912,0.2189751801441153,41.0,-0.021076858233883833,0.21857485988791034,0.45386976247664806,0.11270340681362727,0.0,0.5880333943104132,0.0006942447593843992,0.5240228269164822,0.9628922390834185,0.007174172977281785,0.06704134885588117,18.0,0.010863221587917415,0.06704134885588117,0.4545028770239528,0.11229827378562826,0.0,0.5851996217721135,0.0031460028196979017,0.5337944561927568,False,False,False,2,main_young_incongruent_error_rate_le_0.20,high_incongruent_error,report_negative_result
WR2_uncertainty_schedule_fine,WR2_fine_b9857987,c0.74_ls-40_tw1.00_ep30,WR2_uncertainty_schedule,none,time_gap_selected,"{""adaptive"": {""compression_high"": 0.45, ""compression_low"": 0.74, ""score_window_s"": 0.15, ""temp"": 0.38, ""theta_quantile"": 0.5, ""type"": ""WR2_uncertainty_schedule""}, ""custom_noise"": null, ""lapse"": {""type"": ""none""}, ""noise_mode"": ""time_gap_selected"", ""schedule"": {""compression"": 0.74, ""early_phase_shortening_ms"": 30, ""late_shift_ms"": -40, ""transition_width"": 1.0}}",0.075,0.16861939699941686,0.5015,0.10871748382246543,0.575,0.0,0.075,1.428836880821882,0.8823234446870045,0.021982414068745005,0.2133706965572458,55.0,-0.025301544949820287,0.21297037630104082,0.454270082732853,0.11350280224179342,0.0,0.5879526185166531,0.0006946577330493864,0.5243013628297245,0.9568792011544469,0.009565563969709047,0.07667603372139703,24.0,-0.0205779762125351,0.07667603372139703,0.45465007359828713,0.11261942994781213,0.0,0.5850645665078364,0.003147768877299839,0.5342601641760958,True,False,False,1,main_young_incongruent_error_rate_le_0.20,high_incongruent_error,keep_as_diagnostic
WR2_uncertainty_schedule_fine,WR2_fine_4fc716f8,c0.72_ls-30_tw1.00_ep30,WR2_uncertainty_schedule,none,time_gap_selected,"{""adaptive"": {""compression_high"": 0.45, ""compression_low"": 0.72, ""score_window_s"": 0.18, ""temp"": 0.3, ""theta_quantile"": 0.5, ""type"": ""WR2_uncertainty_schedule""}, ""custom_noise"": null, ""lapse"": {""type"": ""none""}, ""noise_mode"": ""time_gap_selected"", ""schedule"": {""compression"": 0.72, ""early_phase_shortening_ms"": 30, ""late_shift_ms"": -30, ""transition_width"": 1.0}}",0.075,0.15978721315453914,0.5155682491055091,0.10360144799902547,0.575,0.0,0.075,1.4289569102590738,0.8847234462230056,0.01958433253397282,0.21096877502001601,49.0,-0.014402012214341897,0.21096877502001601,0.4545236188951161,0.11187550040032027,0.0,0.5795474954332833,0.000707615207361012,0.5201945469682541,0.9632965643234737,0.007971303308090873,0.06543556804496187,20.0,0.05527299642203665,0.06503412284223203,0.45505151880101696,0.111258530710558,0.0,0.5772641366532029,0.003202877224324885,0.5286514304741091,False,False,False,2,main_young_incongruent_error_rate_le_0.20,high_incongruent_error,report_negative_result
WR2_uncertainty_schedule_fine,WR2_fine_c72050b5,c0.72_ls-40_tw1.00_ep40,WR2_uncertainty_schedule,none,time_gap_selected,"{""adaptive"": {""compression_high"": 0.48, ""compression_low"": 0.72, ""score_window_s"": 0.15, ""temp"": 0.22, ""theta_quantile"": 0.5, ""type"": ""WR2_uncertainty_schedule""}, ""custom_noise"": null, ""lapse"": {""type"": ""none""}, ""noise_mode"": ""time_gap_selected"", ""schedule"": {""compression"": 0.72, ""early_phase_shortening_ms"": 40, ""late_shift_ms"": -40, ""transition_width"": 1.0}}",0.075,0.1672042924749608,0.504155208032842,0.10765947161583139,0.575,0.0,0.075,1.4290189721236342,0.8807215236617751,0.021183053557154278,0.21737389911929544,53.0,-0.013852890564504339,0.21697357886309046,0.4626367760875366,0.1161549239391513,0.0,0.5950786638117468,0.0006994847047528951,0.520505697418251,0.9612878982911619,0.00757273814268633,0.06985146527498996,19.0,0.009620832131367996,0.06985146527498996,0.4631071858691288,0.11579084704937775,0.0,0.5931570446941397,0.003168410681369027,0.5285124438360733,False,False,False,2,main_young_incongruent_error_rate_le_0.20,high_incongruent_error,report_negative_result
WR2_uncertainty_schedule_fine,WR2_fine_996f45e3,c0.72_ls-30_tw1.00_ep30,WR2_uncertainty_schedule,none,time_gap_selected,"{""adaptive"": {""compression_high"": 0.48, ""compression_low"": 0.72, ""score_window_s"": 0.15, ""temp"": 0.3, ""theta_quantile"": 0.45, ""type"": ""WR2_uncertainty_schedule""}, ""custom_noise"": null, ""lapse"": {""type"": ""none""}, ""noise_mode"": ""time_gap_selected"", ""schedule"": {""compression"": 0.72, ""early_phase_shortening_ms"": 30, ""late_shift_ms"": -30, ""transition_width"": 1.0}}",0.075,0.16823271318782884,0.5026578052355841,0.10860643552979676,0.575,0.0,0.075,1.4294969539532099,0.8809165637866008,0.014788169464428458,0.2233787029623699,37.0,0.0036312209423366992,0.2233787029623699,0.46522551374432886,0.11765012009607685,0.0,0.5765077506221269,0.0006982096040678565,0.5978845036154374,0.9615001410418279,0.010761259465922678,0.06623845845042152,27.0,-0.006751631258971824,0.06623845845042152,0.4653820420179312,0.11772782015254918,0.0,0.576717233510839,0.0031629127845183014,0.5970116576323486,False,False,False,2,main_young_incongruent_error_rate_le_0.20,no_congruent_fast_error,report_negative_result
WR2_uncertainty_schedule_fine,WR2_fine_b59c3210,c0.74_ls-40_tw1.00_ep30,WR2_uncertainty_schedule,none,time_gap_selected,"{""adaptive"": {""compression_high"": 0.48, ""compression_low"": 0.74, ""score_window_s"": 0.15, ""temp"": 0.22, ""theta_quantile"": 0.5, ""type"": ""WR2_uncertainty_schedule""}, ""custom_noise"": null, ""lapse"": {""type"": ""none""}, ""noise_mode"": ""time_gap_selected"", ""schedule"": {""compression"": 0.74, ""early_phase_shortening_ms"": 30, ""late_shift_ms"": -40, ""transition_width"": 1.0}}",0.075,0.16920781581230857,0.5015,0.10890878499668462,0.575,0.0,0.075,1.4296166008089932,0.878519442252443,0.020783373301358914,0.222177742193755,52.0,-0.02937503763841498,0.222177742193755,0.46269015212169734,0.1165811623246493,0.0,0.6047580570914145,0.0006946577330493864,0.5201613746359756,0.9620907886966215,0.00757273814268633,0.06824568446407066,19.0,-0.03802842660097416,0.06824568446407066,0.46317409340291715,0.1163734939759036,0.0,0.6025941208637363,0.003147768877299839,0.5284842059698143,True,False,False,1,main_young_incongruent_error_rate_le_0.20,high_incongruent_error,keep_as_diagnostic
WR2_uncertainty_schedule_fine,WR2_fine_733d0983,c0.72_ls-50_tw1.00_ep40,WR2_uncertainty_schedule,none,time_gap_selected,"{""adaptive"": {""compression_high"": 0.48, ""compression_low"": 0.72, ""score_window_s"": 0.15, ""temp"": 0.3, ""theta_quantile"": 0.5, ""type"": ""WR2_uncertainty_schedule""}, ""custom_noise"": null, ""lapse"": {""type"": ""none""}, ""noise_mode"": ""time_gap_selected"", ""schedule"": {""compression"": 0.72, ""early_phase_shortening_ms"": 40, ""late_shift_ms"": -50, ""transition_width"": 1.0}}",0.075,0.1615926530439062,0.5152377526630176,0.1028993407491951,0.575,0.0,0.075,1.429729746456119,0.8863224872463918,0.016786570743405275,0.21056845476381106,42.0,0.024058394615173895,0.21056845476381106,0.46196957566052843,0.11581265012009608,0.0,0.5941778679941963,0.0007000617467986525,0.5242590132522142,0.9654944328078492,0.0051813471502590676,0.06382978723404255,13.0,0.02889261603689719,0.06382978723404255,0.4621972434096079,0.11530509835407468,0.0,0.5920635159137355,0.003170867895472107,0.5330688138861978,False,False,False,3,main_young_incongruent_error_rate_le_0.20,no_congruent_fast_error,report_negative_result
WR2_uncertainty_schedule_fine,WR2_fine_f7e7d0b0,c0.72_ls-40_tw1.00_ep20,WR2_uncertainty_schedule,none,time_gap_selected,"{""adaptive"": {""compression_high"": 0.48, ""compression_low"": 0.72, ""score_window_s"": 0.15, ""temp"": 0.22, ""theta_quantile"": 0.5, ""type"": ""WR2_uncertainty_schedule""}, ""custom_noise"": null, ""lapse"": {""type"": ""none""}, ""noise_mode"": ""time_gap_selected"", ""schedule"": {""compression"": 0.72, ""early_phase_shortening_ms"": 20, ""late_shift_ms"": -40, ""transition_width"": 1.0}}",0.075,0.1651496256669851,0.5082168320292153,0.10665403057090393,0.575,0.0,0.075,1.4300204882671046,0.8797210430214675,0.02158273381294964,0.2189751801441153,54.0,-0.004265778042652046,0.2189751801441153,0.4626234320789966,0.11647718174539633,0.0,0.5950867857066934,0.0006979762467317352,0.520471855398627,0.9644922598196872,0.005579912315663611,0.06543556804496187,14.0,0.025867328116861654,0.06543556804496187,0.4630938043623712,0.11609193095142513,0.0,0.5932032271570762,0.0031618648509558755,0.5283200174089461,False,False,False,2,main_young_incongruent_error_rate_le_0.20,high_incongruent_error,report_negative_result
WR2_uncertainty_schedule_fine,WR2_fine_3f134d3f,c0.72_ls-30_tw1.00_ep20,WR2_uncertainty_schedule,none,time_gap_selected,"{""adaptive"": {""compression_high"": 0.45, ""compression_low"": 0.72, ""score_window_s"": 0.18, ""temp"": 0.3, ""theta_quantile"": 0.5, ""type"": ""WR2_uncertainty_schedule""}, ""custom_noise"": null, ""lapse"": {""type"": ""none""}, ""noise_mode"": ""time_gap_selected"", ""schedule"": {""compression"": 0.72, ""early_phase_shortening_ms"": 20, ""late_shift_ms"": -30, ""transition_width"": 1.0}}",0.075,0.1554550637657845,0.524380116486679,0.10049573179217802,0.575,0.0,0.075,1.4303309120446417,0.8879250482720309,0.01838529176658673,0.20576461168935148,46.0,0.031931712425746106,0.20576461168935148,0.4543634907926341,0.11204163330664531,0.0,0.5793767547026714,0.0007070699982850148,0.5208269202318068,0.9656994754652021,0.006377042646472699,0.06222400642312324,16.0,0.05758875352097026,0.06222400642312324,0.45493108524019804,0.11141509433962263,0.0,0.577204006996123,0.0032005425423763945,0.5288741323911909,False,False,False,3,main_young_incongruent_error_rate_le_0.20,no_congruent_fast_error,report_negative_result
WR2_uncertainty_schedule_fine,WR2_fine_46457780,c0.72_ls-40_tw0.90_ep30,WR2_uncertainty_schedule,none,time_gap_selected,"{""adaptive"": {""compression_high"": 0.45, ""compression_low"": 0.72, ""score_window_s"": 0.15, ""temp"": 0.3, ""theta_quantile"": 0.5, ""type"": ""WR2_uncertainty_schedule""}, ""custom_noise"": null, ""lapse"": {""type"": ""none""}, ""noise_mode"": ""time_gap_selected"", ""schedule"": {""compression"": 0.72, ""early_phase_shortening_ms"": 30, ""late_shift_ms"": -40, ""transition_width"": 0.9}}",0.075,0.16977556428430268,0.5015,0.10925737780107665,0.575,0.0,0.075,1.4305329420853792,0.8769184812278279,0.021183053557154278,0.22497998398718974,53.0,-0.018480085852781714,0.22417934347477983,0.46550573792367234,0.11408653846153846,0.0,0.5782607402276695,0.0006891355737860261,0.5249603077081204,0.9626943965193788,0.007971303308090873,0.06663990365315134,20.0,-0.03642852044203715,0.06663990365315134,0.46550247557875013,0.11353071055800885,0.0,0.5753782001109546,0.003124334794750161,0.5356363796594381,True,False,False,1,main_young_incongruent_error_rate_le_0.20,high_incongruent_error,keep_as_diagnostic
WR2_uncertainty_schedule_fine,WR2_fine_cc2eba15,c0.72_ls-50_tw0.90_ep20,WR2_uncertainty_schedule,none,time_gap_selected,"{""adaptive"": {""compression_high"": 0.45, ""compression_low"": 0.72, ""score_window_s"": 0.15, ""temp"": 0.3, ""theta_quantile"": 0.5, ""type"": ""WR2_uncertainty_schedule""}, ""custom_noise"": null, ""lapse"": {""type"": ""none""}, ""noise_mode"": ""time_gap_selected"", ""schedule"": {""compression"": 0.72, ""early_phase_shortening_ms"": 20, ""late_shift_ms"": -50, ""transition_width"": 0.9}}",0.075,0.16932172014406247,0.503285482647024,0.10825868643529837,0.575,0.0,0.075,1.4308658892263848,0.8809191237882392,0.017985611510791366,0.2201761409127302,45.0,0.0061419305880962005,0.21977582065652523,0.4626501200960768,0.11204527243589744,0.0,0.5781471497780127,0.0006885694500082251,0.5253810131185767,0.9616907835125543,0.007971303308090873,0.06864712966680048,20.0,-0.04681611029904931,0.06864712966680048,0.4629198447745216,0.11151344841429146,0.0,0.5754710304548254,0.003121833036368926,0.5352925641162019,False,False,False,2,main_young_incongruent_error_rate_le_0.20,no_congruent_fast_error,report_negative_result
WR2_uncertainty_schedule_fine,WR2_fine_2a6186ec,c0.72_ls-40_tw0.90_ep20,WR2_uncertainty_schedule,none,time_gap_selected,"{""adaptive"": {""compression_high"": 0.45, ""compression_low"": 0.72, ""score_window_s"": 0.15, ""temp"": 0.22, ""theta_quantile"": 0.5, ""type"": ""WR2_uncertainty_schedule""}, ""custom_noise"": null, ""lapse"": {""type"": ""none""}, ""noise_mode"": ""time_gap_selected"", ""schedule"": {""compression"": 0.72, ""early_phase_shortening_ms"": 20, ""late_shift_ms"": -40, ""transition_width"": 0.9}}",0.075,0.160750815678362,0.517493570698214,0.10320337763587023,0.575,0.0,0.075,1.4314477640124461,0.8873239278873138,0.017585931254996003,0.2077662129703763,44.0,0.0022591812030055003,0.2077662129703763,0.46351748065118764,0.11187975951903807,0.0,0.5792498597841507,0.0006881549599950243,0.5212969001394374,0.9626915164820536,0.007174172977281785,0.067442794058611,18.0,0.05971510158985083,0.067442794058611,0.46381640572728494,0.11173625050180652,0.0,0.5768672074143874,0.003120065128992655,0.530121540396155,False,False,False,3,main_young_incongruent_error_rate_le_0.20,no_congruent_fast_error,report_negative_result
WR2_uncertainty_schedule_fine,WR2_fine_08b7665b,c0.72_ls-40_tw0.90_ep20,WR2_uncertainty_schedule,none,time_gap_selected,"{""adaptive"": {""compression_high"": 0.45, ""compression_low"": 0.72, ""score_window_s"": 0.18, ""temp"": 0.3, ""theta_quantile"": 0.5, ""type"": ""WR2_uncertainty_schedule""}, ""custom_noise"": null, ""lapse"": {""type"": ""none""}, ""noise_mode"": ""time_gap_selected"", ""schedule"": {""compression"": 0.72, ""early_phase_shortening_ms"": 20, ""late_shift_ms"": -40, ""transition_width"": 0.9}}",0.075,0.1699459262149309,0.5025352789211164,0.10901097433546998,0.575,0.0,0.075,1.4314921794715174,0.8801194432764436,0.019184652278177457,0.22057646116893515,48.0,0.003141115684465956,0.2201761409127302,0.4660128102481985,0.11359174679487179,0.0,0.5786762914725165,0.0006998796808513896,0.5234212281208,0.9604893279416902,0.00876843363889996,0.0702529104777198,22.0,-0.05472540091639455,0.0702529104777198,0.46603773584905667,0.11309915696507428,0.0,0.5760862991340999,0.0031701043971237852,0.5330137908654218,False,False,False,2,main_young_incongruent_error_rate_le_0.20,no_congruent_fast_error,report_negative_result
WR2_uncertainty_schedule_fine,WR2_fine_9d5a5ca7,c0.72_ls-50_tw1.00_ep20,WR2_uncertainty_schedule,none,time_gap_selected,"{""adaptive"": {""compression_high"": 0.48, ""compression_low"": 0.72, ""score_window_s"": 0.15, ""temp"": 0.3, ""theta_quantile"": 0.5, ""type"": ""WR2_uncertainty_schedule""}, ""custom_noise"": null, ""lapse"": {""type"": ""none""}, ""noise_mode"": ""time_gap_selected"", ""schedule"": {""compression"": 0.72, ""early_phase_shortening_ms"": 20, ""late_shift_ms"": -50, ""transition_width"": 1.0}}",0.075,0.17134346570788753,0.5015,0.10935577044534062,0.575,0.0,0.075,1.4321992361532283,0.8785159222501903,0.016386890487609912,0.22658126501200962,41.0,-0.02539265016972092,0.22658126501200962,0.46187616760074734,0.11628302642113691,0.0,0.5941464079630422,0.0006985596889214074,0.5243900967751312,0.9640951346729454,0.006775607811877242,0.06503412284223203,17.0,-0.014122994825034318,0.06503412284223203,0.4622106249163656,0.1157767964672822,0.0,0.5922016208057272,0.003164350935763116,0.5324933782672504,True,False,False,1,main_young_incongruent_error_rate_le_0.20,high_incongruent_error,keep_as_diagnostic
WR2_uncertainty_schedule_fine,WR2_fine_a3bb3421,c0.72_ls-40_tw1.00_ep30,WR2_uncertainty_schedule,none,time_gap_selected,"{""adaptive"": {""compression_high"": 0.48, ""compression_low"": 0.72, ""score_window_s"": 0.18, ""temp"": 0.3, ""theta_quantile"": 0.5, ""type"": ""WR2_uncertainty_schedule""}, ""custom_noise"": null, ""lapse"": {""type"": ""none""}, ""noise_mode"": ""time_gap_selected"", ""schedule"": {""compression"": 0.72, ""early_phase_shortening_ms"": 30, ""late_shift_ms"": -40, ""transition_width"": 1.0}}",0.075,0.1714296216818195,0.5015,0.10950926538099207,0.575,0.0,0.075,1.4324388870628115,0.8795173628911122,0.01718625099920064,0.22377902321857485,43.0,-0.013237359617077837,0.22377902321857485,0.4649319455564452,0.1180164131305044,0.0,0.5953365554032939,0.0007081260336694317,0.5194311475977509,0.9612936583658125,0.009166998804304504,0.06824568446407066,23.0,-0.01995320829767977,0.06824568446407066,0.4649003077746554,0.11748293857888398,0.0,0.5932761088279291,0.0032050366673656017,0.5280163433704477,True,False,False,1,main_young_incongruent_error_rate_le_0.20,high_incongruent_error,keep_as_diagnostic
WR2_uncertainty_schedule_fine,WR2_fine_24f2ebc5,c0.70_ls-40_tw1.00_ep30,WR2_uncertainty_schedule,none,time_gap_selected,"{""adaptive"": {""compression_high"": 0.48, ""compression_low"": 0.7, ""score_window_s"": 0.15, ""temp"": 0.3, ""theta_quantile"": 0.5, ""type"": ""WR2_uncertainty_schedule""}, ""custom_noise"": null, ""lapse"": {""type"": ""none""}, ""noise_mode"": ""time_gap_selected"", ""schedule"": {""compression"": 0.7, ""early_phase_shortening_ms"": 30, ""late_shift_ms"": -40, ""transition_width"": 1.0}}",0.075,0.1684989607793999,0.5060639291027653,0.10835159496525362,0.575,0.0,0.075,1.432914484847419,0.8775160816102923,0.017585931254996003,0.22738190552441953,44.0,0.017255716411061606,0.22658126501200962,0.46438484120629836,0.11774419535628503,0.0,0.5848582941234991,0.0007026568606142147,0.5233713403861762,0.9629109593260329,0.012355520127540853,0.06182256122039342,31.0,-0.04952560930419181,0.06182256122039342,0.46440519202462205,0.11724608590927338,0.0,0.5829861747430422,0.0031818538406061525,0.5318809725697943,False,False,False,2,main_young_incongruent_error_rate_le_0.20,no_congruent_fast_error,report_negative_result
WR2_uncertainty_schedule_fine,WR2_fine_1654e07b,c0.72_ls-50_tw1.00_ep30,WR2_uncertainty_schedule,none,time_gap_selected,"{""adaptive"": {""compression_high"": 0.48, ""compression_low"": 0.72, ""score_window_s"": 0.12, ""temp"": 0.3, ""theta_quantile"": 0.5, ""type"": ""WR2_uncertainty_schedule""}, ""custom_noise"": null, ""lapse"": {""type"": ""none""}, ""noise_mode"": ""time_gap_selected"", ""schedule"": {""compression"": 0.72, ""early_phase_shortening_ms"": 30, ""late_shift_ms"": -50, ""transition_width"": 1.0}}",0.075,0.17133420271292046,0.5015,0.11016006703395635,0.575,0.0,0.075,1.4329942697468767,0.8777175217392139,0.019184652278177457,0.22538030424339472,48.0,-0.015343885627418063,0.22497998398718974,0.4617293835068055,0.11673738991192954,0.0,0.5940026873863417,0.0006878407919082008,0.5249889340532308,0.9610929357644475,0.009166998804304504,0.06864712966680048,23.0,-0.029275253287930125,0.06824568446407066,0.4620232838217584,0.11612605379365716,0.0,0.5917157500087746,0.0031184639705996164,0.5345178395229723,True,False,False,1,main_young_incongruent_error_rate_le_0.20,high_incongruent_error,keep_as_diagnostic
WR2_uncertainty_schedule_fine,WR2_fine_b2747cb0,c0.72_ls-40_tw1.00_ep40,WR2_uncertainty_schedule,none,time_gap_selected,"{""adaptive"": {""compression_high"": 0.48, ""compression_low"": 0.72, ""score_window_s"": 0.18, ""temp"": 0.3, ""theta_quantile"": 0.5, ""type"": ""WR2_uncertainty_schedule""}, ""custom_noise"": null, ""lapse"": {""type"": ""none""}, ""noise_mode"": ""time_gap_selected"", ""schedule"": {""compression"": 0.72, ""early_phase_shortening_ms"": 40, ""late_shift_ms"": -40, ""transition_width"": 1.0}}",0.075,0.16790704723857974,0.5076899056374156,0.1075564385671524,0.575,0.0,0.075,1.4331533914431476,0.8833175253232162,0.013589128697042365,0.21977582065652523,34.0,0.010953707534730017,0.21977582065652523,0.4650653856418468,0.11784627702161729,0.0,0.5954363705898515,0.0007086525721406445,0.5190152536680247,0.9603015655082889,0.012355520127540853,0.06704134885588117,31.0,0.011805915014932333,0.06704134885588117,0.4649805968152015,0.1173083099156965,0.0,0.5934208511811064,0.003207293643449405,0.5274132499467566,False,False,False,3,main_young_incongruent_error_rate_le_0.20,no_congruent_fast_error,report_negative_result
WR2_uncertainty_schedule_fine,WR2_fine_048861cc,c0.72_ls-40_tw0.90_ep30,WR2_uncertainty_schedule,none,time_gap_selected,"{""adaptive"": {""compression_high"": 0.45, ""compression_low"": 0.72, ""score_window_s"": 0.18, ""temp"": 0.3, ""theta_quantile"": 0.5, ""type"": ""WR2_uncertainty_schedule""}, ""custom_noise"": null, ""lapse"": {""type"": ""none""}, ""noise_mode"": ""time_gap_selected"", ""schedule"": {""compression"": 0.72, ""early_phase_shortening_ms"": 30, ""late_shift_ms"": -40, ""transition_width"": 0.9}}",0.075,0.1719568113165584,0.502368506899527,0.1102602877163232,0.575,0.0,0.075,1.4345856059324085,0.8789162425063952,0.016386890487609912,0.22578062449959968,41.0,0.0024740275981077753,0.22457966373098479,0.46619962636776086,0.11342948717948718,0.0,0.5789321010193123,0.0007005708937194988,0.5224737849117328,0.9616907835125543,0.007971303308090873,0.06864712966680048,20.0,-0.009161914455790066,0.06864712966680048,0.4661046433828449,0.1129325572059414,0.0,0.5761333295047276,0.0031730931822536723,0.5328396052816043,False,False,False,2,main_young_incongruent_error_rate_le_0.20,no_congruent_fast_error,report_negative_result
WR2_uncertainty_schedule_fine,WR2_fine_f60d1357,c0.72_ls-40_tw1.00_ep20,WR2_uncertainty_schedule,none,time_gap_selected,"{""adaptive"": {""compression_high"": 0.45, ""compression_low"": 0.72, ""score_window_s"": 0.15, ""temp"": 0.38, ""theta_quantile"": 0.5, ""type"": ""WR2_uncertainty_schedule""}, ""custom_noise"": null, ""lapse"": {""type"": ""none""}, ""noise_mode"": ""time_gap_selected"", ""schedule"": {""compression"": 0.72, ""early_phase_shortening_ms"": 20, ""late_shift_ms"": -40, ""transition_width"": 1.0}}",0.075,0.1610493936739568,0.519488584754582,0.1040561674550399,0.575,0.0,0.075,1.4345941458835787,0.8853252066081322,0.021183053557154278,0.20816653322658127,53.0,-0.015004419337781405,0.2077662129703763,0.4540032025620497,0.11289031224979984,0.0,0.5783697497112119,0.0006979762467317352,0.5245565686953159,0.9610900557271222,0.008369868473495417,0.06945002007226013,21.0,0.0709543390183286,0.06945002007226013,0.4543289174361032,0.11202328382175833,0.0,0.575801817964905,0.0031618648509558755,0.5340674256848046,False,False,False,2,main_young_incongruent_error_rate_le_0.20,high_incongruent_error,report_negative_result
WR2_uncertainty_schedule_fine,WR2_fine_202d17ea,c0.72_ls-30_tw1.00_ep30,WR2_uncertainty_schedule,none,time_gap_selected,"{""adaptive"": {""compression_high"": 0.45, ""compression_low"": 0.72, ""score_window_s"": 0.15, ""temp"": 0.38, ""theta_quantile"": 0.5, ""type"": ""WR2_uncertainty_schedule""}, ""custom_noise"": null, ""lapse"": {""type"": ""none""}, ""noise_mode"": ""time_gap_selected"", ""schedule"": {""compression"": 0.72, ""early_phase_shortening_ms"": 30, ""late_shift_ms"": -30, ""transition_width"": 1.0}}",0.075,0.1702479402806711,0.5066812318688678,0.10966276031664351,0.575,0.0,0.075,1.4365919324661824,0.8797194430204436,0.01958433253397282,0.2209767814251401,49.0,0.0197249274754715,0.2209767814251401,0.4568187883640245,0.11486188951160929,0.0,0.5784223619599068,0.0006982096040678565,0.5243617073020249,0.9602857253029999,0.007971303308090873,0.07145724608590927,20.0,-0.002258163615133202,0.07145724608590927,0.45717917837548516,0.11411079887595343,0.0,0.5758410272169534,0.0031629127845183014,0.5339222068134115,False,False,False,2,main_young_incongruent_error_rate_le_0.20,no_congruent_fast_error,report_negative_result
WR2_uncertainty_schedule_fine,WR2_fine_bb0286cb,c0.72_ls-40_tw0.90_ep40,WR2_uncertainty_schedule,none,time_gap_selected,"{""adaptive"": {""compression_high"": 0.45, ""compression_low"": 0.72, ""score_window_s"": 0.15, ""temp"": 0.3, ""theta_quantile"": 0.5, ""type"": ""WR2_uncertainty_schedule""}, ""custom_noise"": null, ""lapse"": {""type"": ""none""}, ""noise_mode"": ""time_gap_selected"", ""schedule"": {""compression"": 0.72, ""early_phase_shortening_ms"": 40, ""late_shift_ms"": -40, ""transition_width"": 0.9}}",0.075,0.1726562834369764,0.5035412299282078,0.11056348089310467,0.575,0.0,0.075,1.436760994258289,0.8791180026355216,0.01838529176658673,0.2233787029623699,46.0,-0.012337947812740224,0.2233787029623699,0.4654657058980518,0.11376001602564105,0.0,0.5781129239440402,0.0006901962947050699,0.5255077730189637,0.9602857253029999,0.007971303308090873,0.07145724608590927,20.0,0.007164919712831841,0.07145724608590927,0.46558276461929615,0.113358089120835,0.0,0.5755268857823969,0.003128959421523969,0.5350856934746611,False,False,False,2,main_young_incongruent_error_rate_le_0.20,high_incongruent_error,report_negative_result
WR2_uncertainty_schedule_fine,WR2_fine_be7e082d,c0.72_ls-50_tw1.00_ep30,WR2_uncertainty_schedule,none,time_gap_selected,"{""adaptive"": {""compression_high"": 0.48, ""compression_low"": 0.72, ""score_window_s"": 0.18, ""temp"": 0.3, ""theta_quantile"": 0.5, ""type"": ""WR2_uncertainty_schedule""}, ""custom_noise"": null, ""lapse"": {""type"": ""none""}, ""noise_mode"": ""time_gap_selected"", ""schedule"": {""compression"": 0.72, ""early_phase_shortening_ms"": 30, ""late_shift_ms"": -50, ""transition_width"": 1.0}}",0.075,0.1647261726503117,0.517732755029394,0.10525572204049871,0.575,0.0,0.075,1.4377146497202045,0.8869204076290609,0.013589128697042365,0.21257005604483586,34.0,0.008957393992355178,0.21257005604483586,0.46265012009607687,0.11579463570856685,0.0,0.5955004392487477,0.0007087188771200403,0.5187483008186498,0.961692223531217,0.008369868473495417,0.06824568446407066,21.0,0.053973626125221164,0.06784423926134082,0.4629332262812793,0.11522280208751505,0.0,0.5933361660595131,0.00320753587271555,0.5277661051161656,False,False,False,3,main_young_incongruent_error_rate_le_0.20,no_congruent_fast_error,report_negative_result
WR2_uncertainty_schedule_fine,WR2_fine_4a3ef383,c0.72_ls-40_tw0.90_ep30,WR2_uncertainty_schedule,none,time_gap_selected,"{""adaptive"": {""compression_high"": 0.45, ""compression_low"": 0.72, ""score_window_s"": 0.12, ""temp"": 0.3, ""theta_quantile"": 0.5, ""type"": ""WR2_uncertainty_schedule""}, ""custom_noise"": null, ""lapse"": {""type"": ""none""}, ""noise_mode"": ""time_gap_selected"", ""schedule"": {""compression"": 0.72, ""early_phase_shortening_ms"": 30, ""late_shift_ms"": -40, ""transition_width"": 0.9}}",0.075,0.1723654361697933,0.5065634815674138,0.10926187758717612,0.575,0.0,0.075,1.438190795324383,0.8817181642996251,0.01598721023181455,0.22057646116893515,40.0,0.019253926269655608,0.2201761409127302,0.46513210568454766,0.11445312499999998,0.0,0.5760086137884018,0.000675555792998439,0.5333015151717676,0.9598886001562581,0.009166998804304504,0.07105580088317945,23.0,-0.023116182487022408,0.07065435568044962,0.46527498996386996,0.11435768767563229,0.0,0.5752238428198853,0.0030660360281241084,0.5362080736060408,False,False,False,2,main_young_incongruent_error_rate_le_0.20,no_congruent_fast_error,report_negative_result
WR2_uncertainty_schedule_fine,WR2_fine_5df23f0e,c0.72_ls-30_tw0.90_ep30,WR2_uncertainty_schedule,none,time_gap_selected,"{""adaptive"": {""compression_high"": 0.45, ""compression_low"": 0.72, ""score_window_s"": 0.15, ""temp"": 0.22, ""theta_quantile"": 0.5, ""type"": ""WR2_uncertainty_schedule""}, ""custom_noise"": null, ""lapse"": {""type"": ""none""}, ""noise_mode"": ""time_gap_selected"", ""schedule"": {""compression"": 0.72, ""early_phase_shortening_ms"": 30, ""late_shift_ms"": -30, ""transition_width"": 0.9}}",0.075,0.1719741891585726,0.5063188641064075,0.10995751639448853,0.575,0.0,0.075,1.4382505696594685,0.8779160818662923,0.01718625099920064,0.22698158526821458,43.0,-0.0011786361814613011,0.22698158526821458,0.4658259941286362,0.1138817635270541,0.0,0.5792475825940537,0.0006888081596452822,0.5213053351560921,0.9630944017034461,0.00757273814268633,0.06623845845042152,19.0,0.01827545642563011,0.06623845845042152,0.4662919844774521,0.11381372942593336,0.0,0.5767687970173322,0.0031229381928232214,0.5304860223748039,False,False,False,2,main_young_incongruent_error_rate_le_0.20,high_incongruent_error,report_negative_result
WR2_uncertainty_schedule_fine,WR2_fine_12c96b35,c0.72_ls-50_tw1.00_ep30,WR2_uncertainty_schedule,none,time_gap_selected,"{""adaptive"": {""compression_high"": 0.48, ""compression_low"": 0.72, ""score_window_s"": 0.15, ""temp"": 0.3, ""theta_quantile"": 0.5, ""type"": ""WR2_uncertainty_schedule""}, ""custom_noise"": null, ""lapse"": {""type"": ""none""}, ""noise_mode"": ""time_gap_selected"", ""schedule"": {""compression"": 0.72, ""early_phase_shortening_ms"": 30, ""late_shift_ms"": -50, ""transition_width"": 1.0}}",0.075,0.1684533461899129,0.5155220208327527,0.10755222001768415,0.575,0.0,0.075,1.44152758704035,0.880316723402703,0.015587529976019185,0.22377902321857485,39.0,0.007011445919404502,0.22377902321857485,0.4619562316519883,0.11610488390712569,0.0,0.594290685489047,0.0006992732070412178,0.5237889430403927,0.9643016173489609,0.008369868473495417,0.0630268968285829,21.0,0.047076637411606725,0.0630268968285829,0.46218386190285027,0.1155479727017262,0.0,0.5921395317848275,0.0031674480056125276,0.5327520812413623,False,False,False,3,main_young_incongruent_error_rate_le_0.20,no_congruent_fast_error,report_negative_result
WR2_uncertainty_schedule_fine,WR2_fine_b0c45d1f,c0.72_ls-50_tw0.90_ep30,WR2_uncertainty_schedule,none,time_gap_selected,"{""adaptive"": {""compression_high"": 0.45, ""compression_low"": 0.72, ""score_window_s"": 0.12, ""temp"": 0.3, ""theta_quantile"": 0.5, ""type"": ""WR2_uncertainty_schedule""}, ""custom_noise"": null, ""lapse"": {""type"": ""none""}, ""noise_mode"": ""time_gap_selected"", ""schedule"": {""compression"": 0.72, ""early_phase_shortening_ms"": 30, ""late_shift_ms"": -50, ""transition_width"": 0.9}}",0.075,0.17431850253610634,0.5052745334603377,0.11301797359204103,0.575,0.0,0.075,1.442611009588485,0.8751176800753153,0.021982414068745005,0.2277822257806245,55.0,-0.008253562084370891,0.22698158526821458,0.46227648785695225,0.11226762820512821,0.0,0.5760312951044926,0.0006758451774973029,0.5332175105627128,0.9582842593640013,0.009565563969709047,0.07386591730228824,24.0,0.014098133841350835,0.07386591730228824,0.4629332262812793,0.11213970293054996,0.0,0.5752242314254046,0.003067263163626599,0.536206635014862,False,False,False,2,main_young_incongruent_error_rate_le_0.20,high_incongruent_error,report_negative_result
WR2_uncertainty_schedule_fine,WR2_fine_b33aa632,c0.72_ls-40_tw0.90_ep20,WR2_uncertainty_schedule,none,time_gap_selected,"{""adaptive"": {""compression_high"": 0.45, ""compression_low"": 0.72, ""score_window_s"": 0.12, ""temp"": 0.3, ""theta_quantile"": 0.5, ""type"": ""WR2_uncertainty_schedule""}, ""custom_noise"": null, ""lapse"": {""type"": ""none""}, ""noise_mode"": ""time_gap_selected"", ""schedule"": {""compression"": 0.72, ""early_phase_shortening_ms"": 20, ""late_shift_ms"": -40, ""transition_width"": 0.9}}",0.075,0.17847054828215375,0.5015,0.1139719684217868,0.575,0.0,0.075,1.4439425167039404,0.8783157621220878,0.016386890487609912,0.22698158526821458,41.0,-0.029832048177059867,0.22698158526821458,0.46514544969308785,0.1147215544871795,0.0,0.5760727593207403,0.0006746980590803808,0.533063938507858,0.9574756088838912,0.007971303308090873,0.07707747892412686,20.0,-0.07697578125231819,0.07667603372139703,0.46530175297738524,0.11463869931754316,0.0,0.5753401191740125,0.0030623177337262275,0.5357774214853954,True,False,False,1,main_young_incongruent_error_rate_le_0.20,high_incongruent_error,keep_as_diagnostic
WR2_uncertainty_schedule_fine,WR2_fine_907683ad,c0.72_ls-40_tw1.00_ep30,WR2_uncertainty_schedule,none,time_gap_selected,"{""adaptive"": {""compression_high"": 0.48, ""compression_low"": 0.72, ""score_window_s"": 0.12, ""temp"": 0.3, ""theta_quantile"": 0.5, ""type"": ""WR2_uncertainty_schedule""}, ""custom_noise"": null, ""lapse"": {""type"": ""none""}, ""noise_mode"": ""time_gap_selected"", ""schedule"": {""compression"": 0.72, ""early_phase_shortening_ms"": 30, ""late_shift_ms"": -40, ""transition_width"": 1.0}}",0.075,0.17845098411994828,0.5015,0.11402468020180898,0.575,0.0,0.075,1.4439756643217572,0.8771186413559304,0.021183053557154278,0.22457966373098479,53.0,-0.007547660469866546,0.22457966373098479,0.4642380571123565,0.11900720576461168,0.0,0.5938620638849399,0.0006873537014281395,0.5255748632346978,0.9566698384411062,0.007174172977281785,0.07948615014050582,18.0,-0.06121387705589054,0.07948615014050582,0.46425799545028773,0.11845443596949018,0.0,0.5917575474567357,0.0031163856961047287,0.5343436815678652,True,False,False,1,main_young_incongruent_error_rate_le_0.20,high_incongruent_error,keep_as_diagnostic
WR2_uncertainty_schedule_fine,WR2_fine_1dc8d1f2,c0.72_ls-30_tw0.90_ep30,WR2_uncertainty_schedule,none,time_gap_selected,"{""adaptive"": {""compression_high"": 0.45, ""compression_low"": 0.72, ""score_window_s"": 0.18, ""temp"": 0.3, ""theta_quantile"": 0.5, ""type"": ""WR2_uncertainty_schedule""}, ""custom_noise"": null, ""lapse"": {""type"": ""none""}, ""noise_mode"": ""time_gap_selected"", ""schedule"": {""compression"": 0.72, ""early_phase_shortening_ms"": 30, ""late_shift_ms"": -30, ""transition_width"": 0.9}}",0.075,0.17565545534229746,0.5060593326539367,0.11246415840018462,0.575,0.0,0.075,1.4441789463964185,0.8755160803302914,0.01958433253397282,0.22938350680544436,49.0,0.01723733061574706,0.22898318654923938,0.468067787563384,0.11549679487179486,0.0,0.5788769713173002,0.0007001570250811939,0.522677969444093,0.9604878879230274,0.008369868473495417,0.07065435568044962,21.0,-0.030953978943689675,0.07065435568044962,0.4681386324100093,0.11508831794460056,0.0,0.5760945027691856,0.0031713461630961115,0.5329834075011787,False,False,False,2,main_young_incongruent_error_rate_le_0.20,no_congruent_fast_error,report_negative_result
WR2_uncertainty_schedule_fine,WR2_fine_16af4544,c0.72_ls-40_tw1.00_ep20,WR2_uncertainty_schedule,none,time_gap_selected,"{""adaptive"": {""compression_high"": 0.48, ""compression_low"": 0.72, ""score_window_s"": 0.18, ""temp"": 0.3, ""theta_quantile"": 0.5, ""type"": ""WR2_uncertainty_schedule""}, ""custom_noise"": null, ""lapse"": {""type"": ""none""}, ""noise_mode"": ""time_gap_selected"", ""schedule"": {""compression"": 0.72, ""early_phase_shortening_ms"": 20, ""late_shift_ms"": -40, ""transition_width"": 1.0}}",0.075,0.17590691268547248,0.5070794723063845,0.11216434006297771,0.575,0.0,0.075,1.4451507250548348,0.8775154416098827,0.016786570743405275,0.22818254603682947,42.0,0.021317889225538345,0.2277822257806245,0.46486522551374443,0.1182025620496397,0.0,0.5951786156004979,0.0007075898232505318,0.5200892325177583,0.9596893175735557,0.009565563969709047,0.07105580088317945,24.0,-0.0473245526523417,0.07105580088317945,0.46486016325438245,0.11762545162585307,0.0,0.5929867073822124,0.003202737637534092,0.5292221821465783,False,False,False,2,main_young_incongruent_error_rate_le_0.20,no_congruent_fast_error,report_negative_result
WR2_uncertainty_schedule_fine,WR2_fine_4a51cd5f,c0.72_ls-40_tw1.00_ep40,WR2_uncertainty_schedule,none,time_gap_selected,"{""adaptive"": {""compression_high"": 0.48, ""compression_low"": 0.72, ""score_window_s"": 0.15, ""temp"": 0.3, ""theta_quantile"": 0.5, ""type"": ""WR2_uncertainty_schedule""}, ""custom_noise"": null, ""lapse"": {""type"": ""none""}, ""noise_mode"": ""time_gap_selected"", ""schedule"": {""compression"": 0.72, ""early_phase_shortening_ms"": 40, ""late_shift_ms"": -40, ""transition_width"": 1.0}}",0.075,0.1733463341038206,0.5133982479040735,0.10925822151097031,0.575,0.0,0.075,1.4460028035188643,0.8805162435303959,0.014788169464428458,0.22417934347477983,37.0,0.008533671149480337,0.2233787029623699,0.46449159327461975,0.11819055244195356,0.0,0.5941761565173662,0.0006994847047528951,0.524266146074536,0.9632893642301604,0.005978477481068154,0.067442794058611,15.0,0.03705932046681348,0.067442794058611,0.4644587180516526,0.11762545162585307,0.0,0.5919710404153263,0.003168410681369027,0.5334541283114026,False,False,False,3,main_young_incongruent_error_rate_le_0.20,no_congruent_fast_error,report_negative_result
WR2_uncertainty_schedule_fine,WR2_fine_357d63b3,c0.72_ls-40_tw1.00_ep30,WR2_uncertainty_schedule,none,time_gap_selected,"{""adaptive"": {""compression_high"": 0.48, ""compression_low"": 0.72, ""score_window_s"": 0.15, ""temp"": 0.22, ""theta_quantile"": 0.5, ""type"": ""WR2_uncertainty_schedule""}, ""custom_noise"": null, ""lapse"": {""type"": ""none""}, ""noise_mode"": ""time_gap_selected"", ""schedule"": {""compression"": 0.72, ""early_phase_shortening_ms"": 30, ""late_shift_ms"": -40, ""transition_width"": 1.0}}",0.075,0.1701881330979531,0.5179358116339741,0.10885958867455264,0.575,0.0,0.075,1.4469835334064798,0.8799189631481364,0.018784972022382093,0.22137710168134508,47.0,0.005675536496142164,0.2209767814251401,0.4626234320789965,0.11631505204163331,0.0,0.59507428986178,0.0006986933430450648,0.5205239217039009,0.9620879086592962,0.006775607811877242,0.06904857486953031,17.0,0.058067710039754306,0.06904857486953031,0.4631071858691288,0.11597149739060618,0.0,0.5933396369075773,0.0031649739441771962,0.5277516433290648,False,False,False,3,main_young_incongruent_error_rate_le_0.20,no_congruent_fast_error,report_negative_result
WR2_uncertainty_schedule_fine,WR2_fine_d4a6b697,c0.72_ls-50_tw1.00_ep30,WR2_uncertainty_schedule,none,time_gap_selected,"{""adaptive"": {""compression_high"": 0.48, ""compression_low"": 0.72, ""score_window_s"": 0.15, ""temp"": 0.38, ""theta_quantile"": 0.5, ""type"": ""WR2_uncertainty_schedule""}, ""custom_noise"": null, ""lapse"": {""type"": ""none""}, ""noise_mode"": ""time_gap_selected"", ""schedule"": {""compression"": 0.72, ""early_phase_shortening_ms"": 30, ""late_shift_ms"": -50, ""transition_width"": 1.0}}",0.075,0.1808529557488101,0.5015,0.11476937471293776,0.575,0.0,0.075,1.447122330461748,0.8771125613520393,0.013589128697042365,0.2321857485988791,34.0,-0.012829297504816983,0.2321857485988791,0.46425140112089675,0.11843074459567653,0.0,0.5942862158475621,0.0006992732070412178,0.5238075653649741,0.9590813896948105,0.007971303308090873,0.07386591730228824,20.0,-0.04593907356405891,0.07386591730228824,0.4642981399705607,0.1177438779606584,0.0,0.5919942217124863,0.0031674480056125276,0.5333575405906245,True,False,False,1,main_young_incongruent_error_rate_le_0.20,high_incongruent_error,keep_as_diagnostic
WR2_uncertainty_schedule_fine,WR2_fine_d546b083,c0.72_ls-40_tw1.00_ep40,WR2_uncertainty_schedule,none,time_gap_selected,"{""adaptive"": {""compression_high"": 0.48, ""compression_low"": 0.72, ""score_window_s"": 0.12, ""temp"": 0.3, ""theta_quantile"": 0.5, ""type"": ""WR2_uncertainty_schedule""}, ""custom_noise"": null, ""lapse"": {""type"": ""none""}, ""noise_mode"": ""time_gap_selected"", ""schedule"": {""compression"": 0.72, ""early_phase_shortening_ms"": 40, ""late_shift_ms"": -40, ""transition_width"": 1.0}}",0.075,0.17597707207059143,0.5106945465499029,0.11216307449813724,0.575,0.0,0.075,1.4488346931186316,0.8745168796908029,0.02158273381294964,0.22938350680544436,54.0,0.0031205493437374,0.22898318654923938,0.46421136909527616,0.11878702962369897,0.0,0.5939088382501885,0.0006881239280039364,0.525379971217013,0.9626828763700778,0.004782781984854523,0.06985146527498996,12.0,0.031657636855874194,0.06985146527498996,0.4642312324367724,0.11818948213568849,0.0,0.5915967478577049,0.00311971399074501,0.5350136823244944,False,False,False,3,main_young_incongruent_error_rate_le_0.20,no_congruent_fast_error,report_negative_result
WR2_uncertainty_schedule_fine,WR2_fine_a752f99c,c0.72_ls-40_tw1.00_ep20,WR2_uncertainty_schedule,none,time_gap_selected,"{""adaptive"": {""compression_high"": 0.48, ""compression_low"": 0.72, ""score_window_s"": 0.12, ""temp"": 0.3, ""theta_quantile"": 0.5, ""type"": ""WR2_uncertainty_schedule""}, ""custom_noise"": null, ""lapse"": {""type"": ""none""}, ""noise_mode"": ""time_gap_selected"", ""schedule"": {""compression"": 0.72, ""early_phase_shortening_ms"": 20, ""late_shift_ms"": -40, ""transition_width"": 1.0}}",0.075,0.1792121576957534,0.5061822699185534,0.11371769033050606,0.575,0.0,0.075,1.4491121179448128,0.877314001480961,0.015187849720223821,0.23018414731785428,38.0,0.017729079674213888,0.23018414731785428,0.46422471310381636,0.11917734187349882,0.0,0.5937109932151727,0.0006867530158823354,0.5262043257672155,0.9594828348975403,0.007971303308090873,0.07306302689682859,20.0,-0.08235689904159127,0.07306302689682859,0.46427137695704535,0.11865114411882778,0.0,0.5917714472721183,0.003113797686040032,0.5342857657062626,False,False,False,2,main_young_incongruent_error_rate_le_0.20,no_congruent_fast_error,report_negative_result
WR2_uncertainty_schedule_fine,WR2_fine_bca6b2c4,c0.74_ls-40_tw0.90_ep30,WR2_uncertainty_schedule,none,time_gap_selected,"{""adaptive"": {""compression_high"": 0.45, ""compression_low"": 0.74, ""score_window_s"": 0.15, ""temp"": 0.3, ""theta_quantile"": 0.5, ""type"": ""WR2_uncertainty_schedule""}, ""custom_noise"": null, ""lapse"": {""type"": ""none""}, ""noise_mode"": ""time_gap_selected"", ""schedule"": {""compression"": 0.74, ""early_phase_shortening_ms"": 30, ""late_shift_ms"": -40, ""transition_width"": 0.9}}",0.075,0.17322806967803275,0.5161415819693848,0.10986249858979918,0.575,0.0,0.075,1.4492321502372167,0.8815170441709084,0.014788169464428458,0.222177742193755,37.0,0.035257278715830176,0.22137710168134508,0.4655991459834534,0.1146813627254509,0.0,0.5873678527060255,0.0006848532101856319,0.5263177975190114,0.9608850130697695,0.007174172977281785,0.07105580088317945,18.0,0.02130904916170906,0.07105580088317945,0.46560952763281144,0.11431754315535929,0.0,0.5848155490207212,0.0031060495545349176,0.5351188451206758,False,False,False,3,main_young_incongruent_error_rate_le_0.20,no_congruent_fast_error,report_negative_result
WR2_uncertainty_schedule_fine,WR2_fine_dba8324a,c0.72_ls-40_tw0.90_ep40,WR2_uncertainty_schedule,none,time_gap_selected,"{""adaptive"": {""compression_high"": 0.45, ""compression_low"": 0.72, ""score_window_s"": 0.12, ""temp"": 0.3, ""theta_quantile"": 0.5, ""type"": ""WR2_uncertainty_schedule""}, ""custom_noise"": null, ""lapse"": {""type"": ""none""}, ""noise_mode"": ""time_gap_selected"", ""schedule"": {""compression"": 0.72, ""early_phase_shortening_ms"": 40, ""late_shift_ms"": -40, ""transition_width"": 0.9}}",0.075,0.18157331742146574,0.5015,0.11652457252835588,0.575,0.0,0.075,1.4495978899498216,0.8741139994329596,0.01838529176658673,0.233386709367494,46.0,-0.023438779800505682,0.23298638911128902,0.46518548171870827,0.11429286858974358,0.0,0.5764723535949114,0.0006766389459627598,0.5315839604632031,0.9558799082036104,0.010761259465922678,0.07747892412685668,27.0,-0.02448126324194666,0.07747892412685668,0.465234845443597,0.11406262545162585,0.0,0.575004122428638,0.0030707324018988125,0.5370218535522251,True,False,False,1,main_young_incongruent_error_rate_le_0.20,high_incongruent_error,keep_as_diagnostic
WR2_uncertainty_schedule_fine,WR2_fine_8919ebeb,c0.72_ls-40_tw1.00_ep30,WR2_uncertainty_schedule,none,time_gap_selected,"{""adaptive"": {""compression_high"": 0.48, ""compression_low"": 0.72, ""score_window_s"": 0.18, ""temp"": 0.38, ""theta_quantile"": 0.5, ""type"": ""WR2_uncertainty_schedule""}, ""custom_noise"": null, ""lapse"": {""type"": ""none""}, ""noise_mode"": ""time_gap_selected"", ""schedule"": {""compression"": 0.72, ""early_phase_shortening_ms"": 30, ""late_shift_ms"": -40, ""transition_width"": 1.0}}",0.075,0.18225366693101913,0.5015,0.1161166588831081,0.575,0.0,0.075,1.4498703258141272,0.8699125567440362,0.020783373301358914,0.23939151321056845,52.0,-0.02408181333186299,0.23939151321056845,0.4676407792900988,0.12046837469975981,0.0,0.5955783210518746,0.0007081260336694317,0.5184237934575743,0.9612864582724993,0.007174172977281785,0.0702529104777198,18.0,-0.022129026886701042,0.0702529104777198,0.4674026495383381,0.11983741469289441,0.0,0.5933306981937639,0.0032050366673656017,0.5277888895933381,True,False,False,1,main_young_incongruent_error_rate_le_0.20,high_incongruent_error,keep_as_diagnostic
WR2_uncertainty_schedule_fine,WR2_fine_ec9bf014,c0.72_ls-30_tw1.00_ep30,WR2_uncertainty_schedule,none,time_gap_selected,"{""adaptive"": {""compression_high"": 0.48, ""compression_low"": 0.72, ""score_window_s"": 0.18, ""temp"": 0.3, ""theta_quantile"": 0.5, ""type"": ""WR2_uncertainty_schedule""}, ""custom_noise"": null, ""lapse"": {""type"": ""none""}, ""noise_mode"": ""time_gap_selected"", ""schedule"": {""compression"": 0.72, ""early_phase_shortening_ms"": 30, ""late_shift_ms"": -30, ""transition_width"": 1.0}}",0.075,0.18280609112655516,0.5015,0.11597328846618041,0.575,0.0,0.075,1.4502793795927356,0.8751138400728576,0.01718625099920064,0.23258606885508407,43.0,-0.02230730601652764,0.23258606885508407,0.46700026688017077,0.12027021617293836,0.0,0.5951533400081688,0.000707615207361012,0.5201945469682541,0.9586727443987675,0.005978477481068154,0.07667603372139703,15.0,-0.016101402225133676,0.07667603372139703,0.4670413488558811,0.1197751906864713,0.0,0.5931236881684991,0.003202877224324885,0.5286514304741091,True,False,False,1,main_young_incongruent_error_rate_le_0.20,high_incongruent_error,keep_as_diagnostic
WR2_uncertainty_schedule_fine,WR2_fine_687c006a,c0.72_ls-40_tw0.90_ep30,WR2_uncertainty_schedule,none,time_gap_selected,"{""adaptive"": {""compression_high"": 0.45, ""compression_low"": 0.72, ""score_window_s"": 0.12, ""temp"": 0.22, ""theta_quantile"": 0.5, ""type"": ""WR2_uncertainty_schedule""}, ""custom_noise"": null, ""lapse"": {""type"": ""none""}, ""noise_mode"": ""time_gap_selected"", ""schedule"": {""compression"": 0.72, ""early_phase_shortening_ms"": 30, ""late_shift_ms"": -40, ""transition_width"": 0.9}}",0.075,0.1685958128270843,0.5242694703759394,0.10801340791621655,0.575,0.0,0.075,1.4508786911192404,0.8837210455814692,0.017585931254996003,0.21497197758206565,44.0,0.00974790475547771,0.21417133706965572,0.46346410461702686,0.11228256513026051,0.0,0.5774035131382784,0.000675555792998439,0.528135220497409,0.9596806774615799,0.007174172977281785,0.0734644720995584,18.0,0.07932997674828013,0.07306302689682859,0.4638699317543155,0.11231526104417672,0.0,0.5766901220062933,0.0030660360281241084,0.5307774105984765,False,False,False,3,main_young_incongruent_error_rate_le_0.20,no_congruent_fast_error,report_negative_result
WR2_uncertainty_schedule_fine,WR2_fine_1198dfa0,c0.74_ls-40_tw1.00_ep30,WR2_uncertainty_schedule,none,time_gap_selected,"{""adaptive"": {""compression_high"": 0.48, ""compression_low"": 0.74, ""score_window_s"": 0.15, ""temp"": 0.3, ""theta_quantile"": 0.5, ""type"": ""WR2_uncertainty_schedule""}, ""custom_noise"": null, ""lapse"": {""type"": ""none""}, ""noise_mode"": ""time_gap_selected"", ""schedule"": {""compression"": 0.74, ""early_phase_shortening_ms"": 30, ""late_shift_ms"": -40, ""transition_width"": 1.0}}",0.075,0.17519274381419767,0.5150726158784236,0.11166351788777469,0.575,0.0,0.075,1.451928877580396,0.8741187994360317,0.024380495603517186,0.22738190552441953,61.0,0.0029808069926117176,0.22658126501200962,0.4645716573258607,0.1188316633266533,0.0,0.6037285491722975,0.0006946577330493864,0.5241210216084019,0.9616835834192411,0.005978477481068154,0.07065435568044962,15.0,0.04930965652108288,0.07065435568044962,0.46452562558544086,0.11850461661983139,0.0,0.6012777762138851,0.003147768877299839,0.5335470714232885,False,False,False,3,main_young_incongruent_error_rate_le_0.20,no_congruent_fast_error,report_negative_result
WR2_uncertainty_schedule_fine,WR2_fine_d0270b85,c0.72_ls-40_tw1.00_ep20,WR2_uncertainty_schedule,none,time_gap_selected,"{""adaptive"": {""compression_high"": 0.48, ""compression_low"": 0.72, ""score_window_s"": 0.15, ""temp"": 0.38, ""theta_quantile"": 0.5, ""type"": ""WR2_uncertainty_schedule""}, ""custom_noise"": null, ""lapse"": {""type"": ""none""}, ""noise_mode"": ""time_gap_selected"", ""schedule"": {""compression"": 0.72, ""early_phase_shortening_ms"": 20, ""late_shift_ms"": -40, ""transition_width"": 1.0}}",0.075,0.18192848258134187,0.504818343763358,0.11521762572643421,0.575,0.0,0.075,1.451964452071134,0.873912559304038,0.016786570743405275,0.2353883106485188,42.0,-0.01296273549536242,0.2353883106485188,0.46647985054710434,0.12097277822257806,0.0,0.5941064547602537,0.0006979762467317352,0.5245565686953159,0.9602842852843373,0.00757273814268633,0.0718586912886391,19.0,0.012273375053431956,0.0718586912886391,0.4662250769436639,0.1202990766760337,0.0,0.591823849616194,0.0031618648509558755,0.5340674256848046,False,False,False,2,main_young_incongruent_error_rate_le_0.20,high_incongruent_error,report_negative_result
WR2_uncertainty_schedule_fine,WR2_fine_84f02516,c0.72_ls-30_tw1.00_ep30,WR2_uncertainty_schedule,none,time_gap_selected,"{""adaptive"": {""compression_high"": 0.48, ""compression_low"": 0.72, ""score_window_s"": 0.15, ""temp"": 0.3, ""theta_quantile"": 0.5, ""type"": ""WR2_uncertainty_schedule""}, ""custom_noise"": null, ""lapse"": {""type"": ""none""}, ""noise_mode"": ""time_gap_selected"", ""schedule"": {""compression"": 0.72, ""early_phase_shortening_ms"": 30, ""late_shift_ms"": -30, ""transition_width"": 1.0}}",0.075,0.18341492966952505,0.5032633918336404,0.11577144091829064,0.575,0.0,0.075,1.452449762421456,0.8751128800722432,0.01598721023181455,0.23378702962369896,40.0,0.006053567334561749,0.233386709367494,0.46627969041900186,0.12059447558046438,0.0,0.5941679893025712,0.0006982096040678565,0.5243001753918206,0.9588777870561203,0.007174172977281785,0.07507025291047772,18.0,-0.022103261859098278,0.07507025291047772,0.4664257995450287,0.12008229626655961,0.0,0.5920102259349128,0.0031629127845183014,0.5332908561928353,False,False,False,2,main_young_incongruent_error_rate_le_0.20,no_congruent_fast_error,report_negative_result
WR2_uncertainty_schedule_fine,WR2_fine_e7df19d8,c0.72_ls-30_tw1.00_ep20,WR2_uncertainty_schedule,none,time_gap_selected,"{""adaptive"": {""compression_high"": 0.48, ""compression_low"": 0.72, ""score_window_s"": 0.15, ""temp"": 0.3, ""theta_quantile"": 0.5, ""type"": ""WR2_uncertainty_schedule""}, ""custom_noise"": null, ""lapse"": {""type"": ""none""}, ""noise_mode"": ""time_gap_selected"", ""schedule"": {""compression"": 0.72, ""early_phase_shortening_ms"": 20, ""late_shift_ms"": -30, ""transition_width"": 1.0}}",0.075,0.18483834221517292,0.5015,0.1173269004605531,0.575,0.0,0.075,1.453665242675726,0.8737136791767546,0.01838529176658673,0.23418734987990392,46.0,-0.005777806381808026,0.23298638911128902,0.4663330664531626,0.12084267413931145,0.0,0.5941703355119824,0.0006974915666126402,0.5242904006115853,0.9560734307116621,0.00876843363889996,0.07908470493777599,22.0,-0.0328193560324902,0.07908470493777599,0.46635889201124037,0.12030309112806102,0.0,0.5919047025365827,0.0031597951263028223,0.5337305368526921,True,False,False,1,main_young_incongruent_error_rate_le_0.20,high_incongruent_error,keep_as_diagnostic
WR2_uncertainty_schedule_fine,WR2_fine_6ed34fb2,c0.72_ls-40_tw0.90_ep20,WR2_uncertainty_schedule,none,time_gap_selected,"{""adaptive"": {""compression_high"": 0.45, ""compression_low"": 0.72, ""score_window_s"": 0.15, ""temp"": 0.3, ""theta_quantile"": 0.5, ""type"": ""WR2_uncertainty_schedule""}, ""custom_noise"": null, ""lapse"": {""type"": ""none""}, ""noise_mode"": ""time_gap_selected"", ""schedule"": {""compression"": 0.72, ""early_phase_shortening_ms"": 20, ""late_shift_ms"": -40, ""transition_width"": 0.9}}",0.075,0.1787172520104031,0.5114938600866494,0.11431563958513258,0.575,0.0,0.075,1.454526751682185,0.8733139989209593,0.019184652278177457,0.23418734987990392,48.0,0.0186817105085314,0.23418734987990392,0.46550573792367234,0.11432491987179488,0.0,0.5781133775273611,0.0006881549599950243,0.5255060932785424,0.9600893227576229,0.009166998804304504,0.07065435568044962,23.0,0.019293729838066875,0.07065435568044962,0.4654623310584772,0.11380168606985147,0.0,0.5754645993162683,0.003120065128992655,0.5353163832399863,False,False,False,3,main_young_incongruent_error_rate_le_0.20,no_congruent_fast_error,report_negative_result
WR2_uncertainty_schedule_fine,WR2_fine_204b3688,c0.72_ls-30_tw0.90_ep40,WR2_uncertainty_schedule,none,time_gap_selected,"{""adaptive"": {""compression_high"": 0.45, ""compression_low"": 0.72, ""score_window_s"": 0.15, ""temp"": 0.3, ""theta_quantile"": 0.5, ""type"": ""WR2_uncertainty_schedule""}, ""custom_noise"": null, ""lapse"": {""type"": ""none""}, ""noise_mode"": ""time_gap_selected"", ""schedule"": {""compression"": 0.72, ""early_phase_shortening_ms"": 40, ""late_shift_ms"": -30, ""transition_width"": 0.9}}",0.075,0.1778955403561208,0.5140223846648007,0.11291606548988689,0.575,0.0,0.075,1.4548339905108083,0.8771151213536776,0.016786570743405275,0.22898318654923938,42.0,-0.02070186444656641,0.22898318654923938,0.46745396317053634,0.11586538461538463,0.0,0.5780182911770143,0.0006898690247142403,0.5258582653428515,0.9592864323521633,0.009166998804304504,0.07226013649136893,23.0,0.049089538659202625,0.0718586912886391,0.4675364646059146,0.1155018065034123,0.0,0.5754542727890182,0.0031275617288114566,0.5353546296395469,False,False,False,2,main_young_incongruent_error_rate_le_0.20,high_incongruent_error,report_negative_result
WR2_uncertainty_schedule_fine,WR2_fine_2738a3a6,c0.72_ls-40_tw1.00_ep30,WR2_uncertainty_schedule,none,time_gap_selected,"{""adaptive"": {""compression_high"": 0.48, ""compression_low"": 0.72, ""score_window_s"": 0.15, ""temp"": 0.38, ""theta_quantile"": 0.5, ""type"": ""WR2_uncertainty_schedule""}, ""custom_noise"": null, ""lapse"": {""type"": ""none""}, ""noise_mode"": ""time_gap_selected"", ""schedule"": {""compression"": 0.72, ""early_phase_shortening_ms"": 30, ""late_shift_ms"": -40, ""transition_width"": 1.0}}",0.075,0.18503725734939666,0.5022639716086305,0.11762376581313225,0.575,0.0,0.075,1.4549249947711593,0.87211207815173,0.017985611510791366,0.2377902321857486,45.0,-0.006150458496568811,0.2377902321857486,0.46645316253002395,0.12065652522017616,0.0,0.5941326352546283,0.0006986933430450648,0.5244474833938426,0.9580777766879858,0.007971303308090873,0.07587314331593738,20.0,0.0020558864345220362,0.07587314331593738,0.4662518399571792,0.12006824568446409,0.0,0.5920153653435105,0.0031649739441771962,0.533269444258871,False,False,False,2,main_young_incongruent_error_rate_le_0.20,high_incongruent_error,report_negative_result
WR2_uncertainty_schedule_fine,WR2_fine_5ba34cf5,c0.72_ls-40_tw0.90_ep20,WR2_uncertainty_schedule,none,time_gap_selected,"{""adaptive"": {""compression_high"": 0.45, ""compression_low"": 0.72, ""score_window_s"": 0.15, ""temp"": 0.38, ""theta_quantile"": 0.5, ""type"": ""WR2_uncertainty_schedule""}, ""custom_noise"": null, ""lapse"": {""type"": ""none""}, ""noise_mode"": ""time_gap_selected"", ""schedule"": {""compression"": 0.72, ""early_phase_shortening_ms"": 20, ""late_shift_ms"": -40, ""transition_width"": 0.9}}",0.075,0.18615156744516945,0.5023015473543062,0.11667342705959227,0.575,0.0,0.075,1.4551265418590678,0.8749120799437311,0.015187849720223821,0.23498799039231386,38.0,0.0022061894172249463,0.2345876701361089,0.4676541232986389,0.11689827793352021,0.0,0.5780167691757607,0.0006881549599950243,0.5258639038614452,0.9584749018347278,0.006775607811877242,0.0762745885186672,17.0,-0.009302764098988336,0.0762745885186672,0.4676836611802489,0.11614612605379364,0.0,0.5752485815392704,0.003120065128992655,0.536116449051439,False,False,False,2,main_young_incongruent_error_rate_le_0.20,no_congruent_fast_error,report_negative_result
WR2_uncertainty_schedule_fine,WR2_fine_4ea1cd83,c0.72_ls-40_tw1.00_ep30,WR2_uncertainty_schedule,none,time_gap_selected,"{""adaptive"": {""compression_high"": 0.48, ""compression_low"": 0.72, ""score_window_s"": 0.15, ""temp"": 0.38, ""theta_quantile"": 0.45, ""type"": ""WR2_uncertainty_schedule""}, ""custom_noise"": null, ""lapse"": {""type"": ""none""}, ""noise_mode"": ""time_gap_selected"", ""schedule"": {""compression"": 0.72, ""early_phase_shortening_ms"": 30, ""late_shift_ms"": -40, ""transition_width"": 1.0}}",0.075,0.1713201386490012,0.5239007438314847,0.1101042616509908,0.575,0.0,0.075,1.4553251441314765,0.8749155999459839,0.01958433253397282,0.23058446757405926,49.0,0.026747727623305018,0.23058446757405926,0.4644515612489992,0.11707566052842275,0.0,0.5762256789211294,0.0006986933430450648,0.5990598022830912,0.9643016173489609,0.008369868473495417,0.0630268968285829,21.0,0.06085524770263384,0.0630268968285829,0.46460591462598694,0.11698715375351264,0.0,0.5763457891095745,0.0031649739441771962,0.5985593441177002,False,False,False,3,main_young_incongruent_error_rate_le_0.20,no_congruent_fast_error,report_negative_result
WR2_uncertainty_schedule_fine,WR2_fine_cc95e708,c0.72_ls-30_tw0.90_ep20,WR2_uncertainty_schedule,none,time_gap_selected,"{""adaptive"": {""compression_high"": 0.45, ""compression_low"": 0.72, ""score_window_s"": 0.15, ""temp"": 0.3, ""theta_quantile"": 0.5, ""type"": ""WR2_uncertainty_schedule""}, ""custom_noise"": null, ""lapse"": {""type"": ""none""}, ""noise_mode"": ""time_gap_selected"", ""schedule"": {""compression"": 0.72, ""early_phase_shortening_ms"": 20, ""late_shift_ms"": -30, ""transition_width"": 0.9}}",0.075,0.18568524742514403,0.5016005406306348,0.11807061064347261,0.575,0.0,0.075,1.4553563986992515,0.8691106362308072,0.019184652278177457,0.24259407526020815,48.0,-0.0005978374774608941,0.24179343474779824,0.46737389911929544,0.11636818910256412,0.0,0.5779969774649387,0.0006878268912274832,0.5259372051066645,0.9596835574989051,0.007971303308090873,0.07266158169409875,20.0,-0.04507353422319904,0.07226013649136893,0.4675230830991569,0.11599558410276997,0.0,0.5755327980916101,0.0031186694356249434,0.5350637964592593,True,False,False,1,main_young_incongruent_error_rate_le_0.20,high_incongruent_error,keep_as_diagnostic
WR2_uncertainty_schedule_fine,WR2_fine_7bc64979,c0.72_ls-30_tw0.90_ep30,WR2_uncertainty_schedule,none,time_gap_selected,"{""adaptive"": {""compression_high"": 0.45, ""compression_low"": 0.72, ""score_window_s"": 0.12, ""temp"": 0.3, ""theta_quantile"": 0.5, ""type"": ""WR2_uncertainty_schedule""}, ""custom_noise"": null, ""lapse"": {""type"": ""none""}, ""noise_mode"": ""time_gap_selected"", ""schedule"": {""compression"": 0.72, ""early_phase_shortening_ms"": 30, ""late_shift_ms"": -30, ""transition_width"": 0.9}}",0.075,0.18651851835368238,0.5015,0.11852533009948706,0.575,0.0,0.075,1.4565438484531694,0.8697123966159338,0.020783373301358914,0.2397918334667734,52.0,-0.001541021157471234,0.23859087269815854,0.4670536429143315,0.11658653846153846,0.0,0.575995436356019,0.0006753358416650146,0.5333503213538163,0.9580748966506607,0.007174172977281785,0.07667603372139703,18.0,-0.024566751134146303,0.07667603372139703,0.4674026495383381,0.11655560016057809,0.0,0.5752233961101064,0.0030651014086774397,0.5362097286144138,True,False,False,1,main_young_incongruent_error_rate_le_0.20,high_incongruent_error,keep_as_diagnostic
WR2_uncertainty_schedule_fine,WR2_fine_3c2a61cc,c0.72_ls-40_tw1.00_ep40,WR2_uncertainty_schedule,none,time_gap_selected,"{""adaptive"": {""compression_high"": 0.48, ""compression_low"": 0.72, ""score_window_s"": 0.15, ""temp"": 0.38, ""theta_quantile"": 0.5, ""type"": ""WR2_uncertainty_schedule""}, ""custom_noise"": null, ""lapse"": {""type"": ""none""}, ""noise_mode"": ""time_gap_selected"", ""schedule"": {""compression"": 0.72, ""early_phase_shortening_ms"": 40, ""late_shift_ms"": -40, ""transition_width"": 1.0}}",0.075,0.187993095432133,0.5019897896630685,0.11987472354439152,0.575,0.0,0.075,1.459857608639593,0.8685095158460902,0.01838529176658673,0.244595676541233,46.0,0.0009591586522745832,0.244595676541233,0.4664665065385641,0.12034027221777423,0.0,0.5941866495165306,0.0006994847047528951,0.5242224253403804,0.9574828089772043,0.00996412913511359,0.07507025291047772,25.0,-0.05059503824286604,0.07507025291047772,0.4661849324233909,0.11972501003613008,0.0,0.5918352966611127,0.003168410681369027,0.5340197270171582,False,False,False,2,main_young_incongruent_error_rate_le_0.20,no_congruent_fast_error,report_negative_result
WR2_uncertainty_schedule_fine,WR2_fine_daea6ff7,c0.72_ls-30_tw0.90_ep30,WR2_uncertainty_schedule,none,time_gap_selected,"{""adaptive"": {""compression_high"": 0.45, ""compression_low"": 0.72, ""score_window_s"": 0.15, ""temp"": 0.3, ""theta_quantile"": 0.5, ""type"": ""WR2_uncertainty_schedule""}, ""custom_noise"": null, ""lapse"": {""type"": ""none""}, ""noise_mode"": ""time_gap_selected"", ""schedule"": {""compression"": 0.72, ""early_phase_shortening_ms"": 30, ""late_shift_ms"": -30, ""transition_width"": 0.9}}",0.075,0.18172901711974399,0.5137932358921462,0.11576792546040043,0.575,0.0,0.075,1.4612901784722907,0.8711135175126512,0.020783373301358914,0.23698959167333866,52.0,0.0207136057590952,0.23698959167333866,0.4674139311449159,0.11615985576923077,0.0,0.5781396065096114,0.0006888081596452822,0.5254089479844426,0.9606828504497418,0.006775607811877242,0.0718586912886391,17.0,0.026459337809489725,0.07145724608590927,0.4675097015923993,0.11571457246085909,0.0,0.5753788153308916,0.0031229381928232214,0.5356341031731664,False,False,False,3,main_young_incongruent_error_rate_le_0.20,no_congruent_fast_error,report_negative_result
WR2_uncertainty_schedule_fine,WR2_fine_b39d3f2b,c0.72_ls-30_tw1.00_ep40,WR2_uncertainty_schedule,none,time_gap_selected,"{""adaptive"": {""compression_high"": 0.48, ""compression_low"": 0.72, ""score_window_s"": 0.15, ""temp"": 0.3, ""theta_quantile"": 0.5, ""type"": ""WR2_uncertainty_schedule""}, ""custom_noise"": null, ""lapse"": {""type"": ""none""}, ""noise_mode"": ""time_gap_selected"", ""schedule"": {""compression"": 0.72, ""early_phase_shortening_ms"": 40, ""late_shift_ms"": -30, ""transition_width"": 1.0}}",0.075,0.18328274727873203,0.5125498828456999,0.11646862652707472,0.575,0.0,0.075,1.4623012566515068,0.8713117576395248,0.01838529176658673,0.2389911929543635,46.0,-0.01824647747323127,0.23819055244195356,0.4662663464104617,0.12033626901521217,0.0,0.5941157887123982,0.0006990037499240431,0.5245176769745145,0.9602842852843373,0.00757273814268633,0.0718586912886391,19.0,0.04319953138279986,0.0718586912886391,0.46642579954502883,0.11985748695303093,0.0,0.5919823059045092,0.0031663618545849648,0.533407190209781,False,False,False,2,main_young_incongruent_error_rate_le_0.20,high_incongruent_error,report_negative_result
WR2_uncertainty_schedule_fine,WR2_fine_2c4d59a8,c0.72_ls-40_tw0.90_ep30,WR2_uncertainty_schedule,none,time_gap_selected,"{""adaptive"": {""compression_high"": 0.48, ""compression_low"": 0.72, ""score_window_s"": 0.15, ""temp"": 0.22, ""theta_quantile"": 0.5, ""type"": ""WR2_uncertainty_schedule""}, ""custom_noise"": null, ""lapse"": {""type"": ""none""}, ""noise_mode"": ""time_gap_selected"", ""schedule"": {""compression"": 0.72, ""early_phase_shortening_ms"": 30, ""late_shift_ms"": -40, ""transition_width"": 0.9}}",0.075,0.19116810542689816,0.5015,0.12102690984582123,0.575,0.0,0.075,1.4636950152727193,0.8651106336708055,0.023181454836131096,0.2465972778222578,58.0,-0.005668645641292991,0.24619695756605284,0.4742327195089405,0.120234375,0.0,0.594983137261166,0.0006891355737860261,0.5209037234126448,0.9584749018347278,0.006775607811877242,0.0762745885186672,17.0,-0.08339643651661233,0.0762745885186672,0.474347651545564,0.12008028904054596,0.0,0.5926841825660691,0.003124334794750161,0.5304827031241208,True,False,False,1,main_young_incongruent_error_rate_le_0.20,high_incongruent_error,keep_as_diagnostic
WR2_uncertainty_schedule_fine,WR2_fine_d96c224b,c0.72_ls-30_tw1.00_ep30,WR2_uncertainty_schedule,none,time_gap_selected,"{""adaptive"": {""compression_high"": 0.48, ""compression_low"": 0.72, ""score_window_s"": 0.12, ""temp"": 0.3, ""theta_quantile"": 0.5, ""type"": ""WR2_uncertainty_schedule""}, ""custom_noise"": null, ""lapse"": {""type"": ""none""}, ""noise_mode"": ""time_gap_selected"", ""schedule"": {""compression"": 0.72, ""early_phase_shortening_ms"": 30, ""late_shift_ms"": -30, ""transition_width"": 1.0}}",0.075,0.18810987108512348,0.5059092565323454,0.11972291602852735,0.575,0.0,0.075,1.4637420436459962,0.8665101545664988,0.021183053557154278,0.24579663730984788,53.0,0.016637026129381893,0.24579663730984788,0.46619962636776086,0.12113736483780538,0.0,0.5937758715125963,0.0006869597229010038,0.5259339985810256,0.9598799600442822,0.006775607811877242,0.0734644720995584,17.0,-0.03175023093238538,0.0734644720995584,0.4662786029706945,0.12071657968687273,0.0,0.591767197767086,0.0031147097579541927,0.5343034735643639,False,False,False,2,main_young_incongruent_error_rate_le_0.20,no_congruent_fast_error,report_negative_result
WR2_uncertainty_schedule_fine,WR2_fine_da5370cd,c0.72_ls-40_tw1.00_ep20,WR2_uncertainty_schedule,none,time_gap_selected,"{""adaptive"": {""compression_high"": 0.48, ""compression_low"": 0.72, ""score_window_s"": 0.15, ""temp"": 0.3, ""theta_quantile"": 0.5, ""type"": ""WR2_uncertainty_schedule""}, ""custom_noise"": null, ""lapse"": {""type"": ""none""}, ""noise_mode"": ""time_gap_selected"", ""schedule"": {""compression"": 0.72, ""early_phase_shortening_ms"": 20, ""late_shift_ms"": -40, ""transition_width"": 1.0}}",0.075,0.180058695052339,0.5199299154953156,0.11397070285694634,0.575,0.0,0.075,1.463959313404601,0.8777152817377804,0.016386890487609912,0.22818254603682947,41.0,-0.016877145280738914,0.22818254603682947,0.4644115292233787,0.11863090472377903,0.0,0.5941414000249663,0.0006979762467317352,0.5244109632004716,0.9580777766879858,0.007971303308090873,0.07587314331593738,20.0,0.07271966198126245,0.07547169811320754,0.464365047504349,0.11801083902047371,0.0,0.5919922102566169,0.0031618648509558755,0.5333659214749328,False,False,False,2,main_young_incongruent_error_rate_le_0.20,high_incongruent_error,report_negative_result
WR2_uncertainty_schedule_fine,WR2_fine_2c3703fb,c0.72_ls-40_tw0.90_ep30,WR2_uncertainty_schedule,none,time_gap_selected,"{""adaptive"": {""compression_high"": 0.48, ""compression_low"": 0.72, ""score_window_s"": 0.15, ""temp"": 0.3, ""theta_quantile"": 0.45, ""type"": ""WR2_uncertainty_schedule""}, ""custom_noise"": null, ""lapse"": {""type"": ""none""}, ""noise_mode"": ""time_gap_selected"", ""schedule"": {""compression"": 0.72, ""early_phase_shortening_ms"": 30, ""late_shift_ms"": -40, ""transition_width"": 0.9}}",0.075,0.18728050417147507,0.5080073722741322,0.11906803644441044,0.575,0.0,0.075,1.4643559128900177,0.8653091937978841,0.021183053557154278,0.24819855884707767,53.0,-0.009938326415941612,0.24819855884707767,0.47447291166266337,0.11945334401281536,0.0,0.5771739391306627,0.0006891355737860261,0.5951087177086071,0.9606914905617177,0.009166998804304504,0.06945002007226013,23.0,0.025029489096528912,0.06904857486953031,0.4746152816807173,0.11958450421517462,0.0,0.577241966914303,0.003124334794750161,0.5948252709552742,False,False,False,2,main_young_incongruent_error_rate_le_0.20,high_incongruent_error,report_negative_result
WR2_uncertainty_schedule_fine,WR2_fine_607927bd,c0.72_ls-40_tw0.90_ep30,WR2_uncertainty_schedule,none,time_gap_selected,"{""adaptive"": {""compression_high"": 0.45, ""compression_low"": 0.72, ""score_window_s"": 0.15, ""temp"": 0.38, ""theta_quantile"": 0.5, ""type"": ""WR2_uncertainty_schedule""}, ""custom_noise"": null, ""lapse"": {""type"": ""none""}, ""noise_mode"": ""time_gap_selected"", ""schedule"": {""compression"": 0.72, ""early_phase_shortening_ms"": 30, ""late_shift_ms"": -40, ""transition_width"": 0.9}}",0.075,0.19171617425906295,0.5015,0.12137719007000058,0.575,0.0,0.075,1.4645933643290636,0.8673082350772705,0.017985611510791366,0.24739791833466773,45.0,-0.006015900520954243,0.24739791833466773,0.46769415532425945,0.1166239487384862,0.0,0.5781993117729137,0.0006891355737860261,0.5251878202623418,0.95867418441743,0.006377042646472699,0.0762745885186672,16.0,-0.056126108626931015,0.0762745885186672,0.46772380570052186,0.11583701324769169,0.0,0.5751819524957786,0.003124334794750161,0.5363632234676685,True,False,False,1,main_young_incongruent_error_rate_le_0.20,high_incongruent_error,keep_as_diagnostic
WR2_uncertainty_schedule_fine,WR2_fine_a672a64e,c0.72_ls-40_tw1.00_ep30,WR2_uncertainty_schedule,none,time_gap_selected,"{""adaptive"": {""compression_high"": 0.48, ""compression_low"": 0.72, ""score_window_s"": 0.15, ""temp"": 0.3, ""theta_quantile"": 0.5, ""type"": ""WR2_uncertainty_schedule""}, ""custom_noise"": null, ""lapse"": {""type"": ""none""}, ""noise_mode"": ""time_gap_selected"", ""schedule"": {""compression"": 0.72, ""early_phase_shortening_ms"": 30, ""late_shift_ms"": -40, ""transition_width"": 1.0}}",0.075,0.1833614628964025,0.5184626391790093,0.11566629859487751,0.575,0.0,0.075,1.4674904006702891,0.872911118663116,0.01598721023181455,0.23819055244195356,40.0,-0.001194679836956758,0.23819055244195356,0.4644382172404591,0.118386709367494,0.0,0.5941473036957512,0.0006986933430450648,0.5243863636872627,0.9620835886033083,0.005579912315663611,0.0702529104777198,14.0,0.06685055671603701,0.0702529104777198,0.46443195503813733,0.11783821758329989,0.0,0.5921593944709369,0.0031649739441771962,0.5326693213068632,False,False,False,2,main_young_incongruent_error_rate_le_0.20,high_incongruent_error,report_negative_result
WR2_uncertainty_schedule_fine,WR2_fine_92b76c99,c0.72_ls-40_tw0.90_ep30,WR2_uncertainty_schedule,none,time_gap_selected,"{""adaptive"": {""compression_high"": 0.48, ""compression_low"": 0.72, ""score_window_s"": 0.18, ""temp"": 0.3, ""theta_quantile"": 0.5, ""type"": ""WR2_uncertainty_schedule""}, ""custom_noise"": null, ""lapse"": {""type"": ""none""}, ""noise_mode"": ""time_gap_selected"", ""schedule"": {""compression"": 0.72, ""early_phase_shortening_ms"": 30, ""late_shift_ms"": -40, ""transition_width"": 0.9}}",0.075,0.19482236711540005,0.5081479756545869,0.12367509423034212,0.575,0.0,0.075,1.476645437000329,0.8601059904678339,0.02238209432454037,0.25740592473979185,56.0,0.020546273356974787,0.2570056044835869,0.475967440619162,0.12169671474358974,0.0,0.5946063228310952,0.0007005708937194988,0.5224737849117328,0.9590857097507983,0.009166998804304504,0.07266158169409875,23.0,0.004045629261373085,0.07226013649136893,0.47584638030242205,0.12124247290244883,0.0,0.5921185259792547,0.0031730931822536723,0.5328396052816043,False,False,False,4,main_young_incongruent_error_rate_le_0.20,no_congruent_fast_error,report_negative_result
WR2_uncertainty_schedule_fine,WR2_fine_b7a2bc52,c0.72_ls-40_tw0.90_ep40,WR2_uncertainty_schedule,none,time_gap_selected,"{""adaptive"": {""compression_high"": 0.48, ""compression_low"": 0.72, ""score_window_s"": 0.15, ""temp"": 0.3, ""theta_quantile"": 0.5, ""type"": ""WR2_uncertainty_schedule""}, ""custom_noise"": null, ""lapse"": {""type"": ""none""}, ""noise_mode"": ""time_gap_selected"", ""schedule"": {""compression"": 0.72, ""early_phase_shortening_ms"": 40, ""late_shift_ms"": -40, ""transition_width"": 0.9}}",0.075,0.1982894467966789,0.5095841981460891,0.12387553559507582,0.575,0.0,0.075,1.4817491805378438,0.862703592130299,0.016786570743405275,0.2578062449959968,42.0,0.02068442791769598,0.2570056044835869,0.47528689618361364,0.12195112179487179,0.0,0.5938781657539374,0.0006901962947050699,0.5255077730189637,0.9600806826456472,0.006775607811877242,0.07306302689682859,17.0,0.009652364666660529,0.07226013649136893,0.47527097551184255,0.12158370132476917,0.0,0.5915794647778216,0.003128959421523969,0.5350856934746611,False,False,False,4,main_young_incongruent_error_rate_le_0.20,no_congruent_fast_error,report_negative_result
WR2_uncertainty_schedule_fine,WR2_fine_5c7e2665,c0.72_ls-50_tw0.90_ep30,WR2_uncertainty_schedule,none,time_gap_selected,"{""adaptive"": {""compression_high"": 0.48, ""compression_low"": 0.72, ""score_window_s"": 0.15, ""temp"": 0.3, ""theta_quantile"": 0.5, ""type"": ""WR2_uncertainty_schedule""}, ""custom_noise"": null, ""lapse"": {""type"": ""none""}, ""noise_mode"": ""time_gap_selected"", ""schedule"": {""compression"": 0.72, ""early_phase_shortening_ms"": 30, ""late_shift_ms"": -50, ""transition_width"": 0.9}}",0.075,0.19789328379982374,0.5115275503073518,0.12388130094601574,0.575,0.0,0.075,1.4833021350531912,0.8649063135400407,0.017985611510791366,0.2522017614091273,45.0,0.0020064564390690487,0.25180144115292236,0.47385908726981596,0.12012820512820514,0.0,0.5940594958667795,0.0006895511363416151,0.5247522313705908,0.9584677017414146,0.004782781984854523,0.07828181453231634,12.0,0.036103744790337955,0.07828181453231634,0.4738525357955306,0.1197390606182256,0.0,0.5915823510326237,0.0031261042253429294,0.535073668176234,False,False,False,4,main_young_incongruent_error_rate_le_0.20,no_congruent_fast_error,report_negative_result
WR2_uncertainty_schedule_fine,WR2_fine_36545564,c0.72_ls-30_tw1.00_ep30,WR2_uncertainty_schedule,none,time_gap_selected,"{""adaptive"": {""compression_high"": 0.48, ""compression_low"": 0.72, ""score_window_s"": 0.15, ""temp"": 0.38, ""theta_quantile"": 0.5, ""type"": ""WR2_uncertainty_schedule""}, ""custom_noise"": null, ""lapse"": {""type"": ""none""}, ""noise_mode"": ""time_gap_selected"", ""schedule"": {""compression"": 0.72, ""early_phase_shortening_ms"": 30, ""late_shift_ms"": -30, ""transition_width"": 1.0}}",0.075,0.1970369820982928,0.5111682105789459,0.1251369421510713,0.575,0.0,0.075,1.4833421348283102,0.8623093518779852,0.024380495603517186,0.2510008006405124,61.0,0.01365863011306545,0.2510008006405124,0.46825460368294636,0.12292233787029624,0.0,0.5941532214887975,0.0006982096040678565,0.5243617073020249,0.953669079551271,0.00996412913511359,0.08269771176234444,25.0,0.02301421220271871,0.08269771176234444,0.46835273651813186,0.12226013649136894,0.0,0.5918587019583609,0.0031629127845183014,0.5339222068134115,False,False,False,4,main_young_incongruent_error_rate_le_0.20,no_congruent_fast_error,report_negative_result
WR2_uncertainty_schedule_fine,WR2_fine_920acf6a,c0.72_ls-40_tw1.00_ep30,WR2_uncertainty_schedule,none,time_gap_selected,"{""adaptive"": {""compression_high"": 0.42, ""compression_low"": 0.72, ""score_window_s"": 0.15, ""temp"": 0.3, ""theta_quantile"": 0.55, ""type"": ""WR2_uncertainty_schedule""}, ""custom_noise"": null, ""lapse"": {""type"": ""none""}, ""noise_mode"": ""time_gap_selected"", ""schedule"": {""compression"": 0.72, ""early_phase_shortening_ms"": 30, ""late_shift_ms"": -40, ""transition_width"": 1.0}}",0.075,0.20260040723089545,0.5047651436603782,0.12740139924062893,0.575,0.0,0.075,1.4847669501319025,0.8693085563574761,0.016386890487609912,0.24499599679743794,41.0,-0.0005420373795891331,0.24499599679743794,0.4480384307445957,0.11661858974358975,0.0,0.6018836543814593,0.0006986933430450648,0.3937212297890876,0.9466509885968122,0.011956954962136309,0.09474106784423926,30.0,0.011602612021101799,0.09474106784423926,0.44952495651010305,0.11625753314584171,0.0,0.6016583605801932,0.0031649739441771962,0.39447220958305984,False,False,False,2,main_young_incongruent_error_rate_le_0.20,high_incongruent_error,report_negative_result
WR2_uncertainty_schedule_fine,WR2_fine_b3d2ebe3,c0.72_ls-40_tw0.90_ep20,WR2_uncertainty_schedule,none,time_gap_selected,"{""adaptive"": {""compression_high"": 0.48, ""compression_low"": 0.72, ""score_window_s"": 0.15, ""temp"": 0.3, ""theta_quantile"": 0.5, ""type"": ""WR2_uncertainty_schedule""}, ""custom_noise"": null, ""lapse"": {""type"": ""none""}, ""noise_mode"": ""time_gap_selected"", ""schedule"": {""compression"": 0.72, ""early_phase_shortening_ms"": 20, ""late_shift_ms"": -40, ""transition_width"": 0.9}}",0.075,0.20422429517572627,0.5043677329279319,0.1276863120363814,0.575,0.0,0.075,1.4862783401400395,0.8591042298267071,0.021183053557154278,0.26060848678943155,53.0,0.010470931711728193,0.25980784627702164,0.475246864157993,0.12247996794871796,0.0,0.5938785685527525,0.0006881549599950243,0.5255060932785424,0.9558698280729718,0.007971303308090873,0.08028904054596547,20.0,-0.026202079347814045,0.07988759534323565,0.47525759400508505,0.12203733440385388,0.0,0.5915240991749698,0.003120065128992655,0.5353163832399863,False,False,False,3,main_young_incongruent_error_rate_le_0.20,no_congruent_fast_error,report_negative_result
WR2_uncertainty_schedule_fine,WR2_fine_a157171a,c0.70_ls-40_tw0.90_ep30,WR2_uncertainty_schedule,none,time_gap_selected,"{""adaptive"": {""compression_high"": 0.48, ""compression_low"": 0.7, ""score_window_s"": 0.15, ""temp"": 0.3, ""theta_quantile"": 0.5, ""type"": ""WR2_uncertainty_schedule""}, ""custom_noise"": null, ""lapse"": {""type"": ""none""}, ""noise_mode"": ""time_gap_selected"", ""schedule"": {""compression"": 0.7, ""early_phase_shortening_ms"": 30, ""late_shift_ms"": -40, ""transition_width"": 0.9}}",0.075,0.20684885096855832,0.5052179121008993,0.1295916299478764,0.575,0.0,0.075,1.491658393017334,0.8607019908492741,0.016786570743405275,0.2618094475580464,42.0,0.0068917505295987835,0.2618094475580464,0.4752068321323725,0.12165932746196959,0.0,0.5844639596029461,0.0006934409526042074,0.5251637674928614,0.953664759495283,0.00876843363889996,0.08390204737053392,22.0,0.005979897873998663,0.0835006021678041,0.4752040679780543,0.12119028502609396,0.0,0.5826035308476317,0.003142702539319975,0.5336202609730978,False,False,False,4,main_young_incongruent_error_rate_le_0.20,no_congruent_fast_error,report_negative_result
WR2_uncertainty_schedule_fine,WR2_fine_4a944650,c0.72_ls-40_tw0.90_ep30,WR2_uncertainty_schedule,none,time_gap_selected,"{""adaptive"": {""compression_high"": 0.48, ""compression_low"": 0.72, ""score_window_s"": 0.12, ""temp"": 0.3, ""theta_quantile"": 0.5, ""type"": ""WR2_uncertainty_schedule""}, ""custom_noise"": null, ""lapse"": {""type"": ""none""}, ""noise_mode"": ""time_gap_selected"", ""schedule"": {""compression"": 0.72, ""early_phase_shortening_ms"": 30, ""late_shift_ms"": -40, ""transition_width"": 0.9}}",0.075,0.2088896549389813,0.5015,0.1314440954610336,0.575,0.0,0.075,1.4918337504000148,0.8561024679055795,0.021982414068745005,0.2658126501200961,55.0,-0.0021406818172280406,0.2658126501200961,0.47491326394448896,0.12260216346153847,0.0,0.5920076676007275,0.000675555792998439,0.5333015151717676,0.9522669013790419,0.010761259465922678,0.08470493777599358,27.0,-0.05672521984735146,0.08470493777599358,0.4750702529104778,0.12259333600963468,0.0,0.5913100935288442,0.0030660360281241084,0.5362080736060408,False,False,False,2,main_young_incongruent_error_rate_le_0.20,high_incongruent_error,report_negative_result
WR2_uncertainty_schedule_fine,WR2_fine_fc671457,c0.72_ls-40_tw0.90_ep30,WR2_uncertainty_schedule,none,time_gap_selected,"{""adaptive"": {""compression_high"": 0.48, ""compression_low"": 0.72, ""score_window_s"": 0.15, ""temp"": 0.38, ""theta_quantile"": 0.5, ""type"": ""WR2_uncertainty_schedule""}, ""custom_noise"": null, ""lapse"": {""type"": ""none""}, ""noise_mode"": ""time_gap_selected"", ""schedule"": {""compression"": 0.72, ""early_phase_shortening_ms"": 30, ""late_shift_ms"": -40, ""transition_width"": 0.9}}",0.075,0.20933686616296318,0.5015,0.13109086225222652,0.575,0.0,0.075,1.4919277284151895,0.855900707776453,0.019984012789768184,0.2682145716573259,50.0,-0.03408229242821892,0.266613290632506,0.476861489191353,0.12454945935122147,0.0,0.5939549546855334,0.0006891355737860261,0.5251878202623418,0.9542698073367031,0.009565563969709047,0.08189482135688479,24.0,-0.009113818872782398,0.08189482135688479,0.4766091261876088,0.12389000401445203,0.0,0.5912728575836532,0.003124334794750161,0.5363632234676685,False,False,False,2,main_young_incongruent_error_rate_le_0.20,high_incongruent_error,report_negative_result
WR2_uncertainty_schedule_fine,WR2_fine_90810bf7,c0.72_ls-40_tw0.90_ep30,WR2_uncertainty_schedule,none,time_gap_selected,"{""adaptive"": {""compression_high"": 0.48, ""compression_low"": 0.72, ""score_window_s"": 0.15, ""temp"": 0.3, ""theta_quantile"": 0.5, ""type"": ""WR2_uncertainty_schedule""}, ""custom_noise"": null, ""lapse"": {""type"": ""none""}, ""noise_mode"": ""time_gap_selected"", ""schedule"": {""compression"": 0.72, ""early_phase_shortening_ms"": 30, ""late_shift_ms"": -40, ""transition_width"": 0.9}}",0.075,0.20350304438071606,0.5138703887417013,0.1274819333588107,0.575,0.0,0.075,1.4948553664812283,0.8599010303366594,0.016386890487609912,0.26381104883907125,41.0,0.025711181181485854,0.26381104883907125,0.4753002401921538,0.12226161858974358,0.0,0.5940095572822961,0.0006891355737860261,0.5249603077081204,0.9570799237558119,0.009565563969709047,0.0762745885186672,24.0,0.021770373785319874,0.07587314331593738,0.47525759400508505,0.12178442392613409,0.0,0.5914473002781903,0.003124334794750161,0.5356363796594381,False,False,False,4,main_young_incongruent_error_rate_le_0.20,no_congruent_fast_error,report_negative_result
WR2_uncertainty_schedule_fine,WR2_fine_41990e65,c0.72_ls-40_tw1.00_ep30,WR2_uncertainty_schedule,none,time_gap_selected,"{""adaptive"": {""compression_high"": 0.48, ""compression_low"": 0.72, ""score_window_s"": 0.12, ""temp"": 0.38, ""theta_quantile"": 0.5, ""type"": ""WR2_uncertainty_schedule""}, ""custom_noise"": null, ""lapse"": {""type"": ""none""}, ""noise_mode"": ""time_gap_selected"", ""schedule"": {""compression"": 0.72, ""early_phase_shortening_ms"": 30, ""late_shift_ms"": -40, ""transition_width"": 1.0}}",0.075,0.19334703610481108,0.5290348694428302,0.12263283127505617,0.575,0.0,0.075,1.4950147368226976,0.8657101540544986,0.021982414068745005,0.2465972778222578,55.0,0.004869872984420431,0.24579663730984788,0.4661062183079797,0.12125100080064051,0.0,0.5937015860842656,0.0006873537014281395,0.5262435229723812,0.9548719751407978,0.009565563969709047,0.0806904857486953,24.0,0.10326960478690073,0.0806904857486953,0.4658102502341763,0.12054797270172621,0.0,0.5915084035656185,0.0031163856961047287,0.5353817822906011,False,False,False,3,main_young_incongruent_error_rate_le_0.20,no_congruent_fast_error,report_negative_result
WR2_uncertainty_schedule_fine,WR2_fine_51df0ff5,c0.72_ls-30_tw0.90_ep30,WR2_uncertainty_schedule,none,time_gap_selected,"{""adaptive"": {""compression_high"": 0.48, ""compression_low"": 0.72, ""score_window_s"": 0.15, ""temp"": 0.3, ""theta_quantile"": 0.5, ""type"": ""WR2_uncertainty_schedule""}, ""custom_noise"": null, ""lapse"": {""type"": ""none""}, ""noise_mode"": ""time_gap_selected"", ""schedule"": {""compression"": 0.72, ""early_phase_shortening_ms"": 30, ""late_shift_ms"": -30, ""transition_width"": 0.9}}",0.075,0.2111257551032161,0.5059223730011432,0.131042931494935,0.575,0.0,0.075,1.4980910595992945,0.8596995902077378,0.014788169464428458,0.2658126501200961,37.0,0.016689492004572926,0.26501200960768617,0.4765946090205498,0.12427884615384617,0.0,0.5939018840734746,0.0006888081596452822,0.5254089479844426,0.9556575853223057,0.004782781984854523,0.08390204737053392,12.0,-0.0909708447464953,0.08390204737053392,0.47647531112003216,0.12391208350060215,0.0,0.5914478463142696,0.0031229381928232214,0.5356341031731664,False,False,False,3,main_young_incongruent_error_rate_le_0.20,no_congruent_fast_error,report_negative_result
WR2_uncertainty_schedule_fine,WR2_fine_b5612db3,c0.70_ls-40_tw1.00_ep30,WR2_uncertainty_schedule,none,time_gap_selected,"{""adaptive"": {""compression_high"": 0.45, ""compression_low"": 0.7, ""score_window_s"": 0.15, ""temp"": 0.3, ""theta_quantile"": 0.55, ""type"": ""WR2_uncertainty_schedule""}, ""custom_noise"": null, ""lapse"": {""type"": ""none""}, ""noise_mode"": ""time_gap_selected"", ""schedule"": {""compression"": 0.7, ""early_phase_shortening_ms"": 30, ""late_shift_ms"": -40, ""transition_width"": 1.0}}",0.075,0.21570014323480735,0.5015,0.13415370996114434,0.575,0.0,0.075,1.5013538531959516,0.8571013485448631,0.01958433253397282,0.26621297037630104,49.0,-0.01633885236992727,0.2654123298638911,0.4612489991993594,0.12254905887064477,0.0,0.6026333180284823,0.0007026568606142147,0.389466679912047,0.9504474377987939,0.007174172977281785,0.09193095142513047,18.0,-0.022063032792299375,0.09152950622240064,0.46191623176769697,0.1223885094415428,0.0,0.6026014118963361,0.0031818538406061525,0.38959430459616184,False,False,False,2,main_young_incongruent_error_rate_le_0.20,high_incongruent_error,report_negative_result
WR2_uncertainty_schedule_fine,WR2_fine_93a913c2,c0.72_ls-50_tw1.00_ep30,WR2_uncertainty_schedule,none,time_gap_selected,"{""adaptive"": {""compression_high"": 0.45, ""compression_low"": 0.72, ""score_window_s"": 0.15, ""temp"": 0.3, ""theta_quantile"": 0.55, ""type"": ""WR2_uncertainty_schedule""}, ""custom_noise"": null, ""lapse"": {""type"": ""none""}, ""noise_mode"": ""time_gap_selected"", ""schedule"": {""compression"": 0.72, ""early_phase_shortening_ms"": 30, ""late_shift_ms"": -50, ""transition_width"": 1.0}}",0.075,0.2129857766313641,0.5055590218003375,0.13345793053551633,0.575,0.0,0.075,1.5020027289672178,0.8625021520013774,0.015187849720223821,0.25980784627702164,38.0,0.015236087201350279,0.25900720576461167,0.4583266613290632,0.12140168201842211,0.0,0.6136302012897179,0.0006992732070412178,0.393962307838396,0.944652402695139,0.01434834595456357,0.09634684865515857,36.0,-0.05848160422506554,0.09634684865515857,0.45934698247022604,0.12115709120128566,0.0,0.6136481651924282,0.0031674480056125276,0.3938957740263591,False,False,False,3,main_young_incongruent_error_rate_le_0.20,no_congruent_fast_error,report_negative_result
WR2_uncertainty_schedule_fine,WR2_fine_7959f417,c0.72_ls-40_tw1.00_ep40,WR2_uncertainty_schedule,none,time_gap_selected,"{""adaptive"": {""compression_high"": 0.45, ""compression_low"": 0.72, ""score_window_s"": 0.15, ""temp"": 0.3, ""theta_quantile"": 0.55, ""type"": ""WR2_uncertainty_schedule""}, ""custom_noise"": null, ""lapse"": {""type"": ""none""}, ""noise_mode"": ""time_gap_selected"", ""schedule"": {""compression"": 0.72, ""early_phase_shortening_ms"": 40, ""late_shift_ms"": -40, ""transition_width"": 1.0}}",0.075,0.21745583953831857,0.5015,0.1356558952501222,0.575,0.0,0.075,1.5046117347884407,0.8578984690550202,0.015187849720223821,0.2690152121697358,38.0,-0.026870197421722808,0.2690152121697358,0.46128903122498005,0.12312700320512822,0.0,0.6140858780344646,0.0006994847047528951,0.39227461581193607,0.9484517319344459,0.010362694300518135,0.09273384183059012,26.0,-0.02796460874753759,0.09273384183059012,0.46195637628797004,0.12298312575331459,0.0,0.6140152038823574,0.003168410681369027,0.3925363721313326,False,False,False,2,main_young_incongruent_error_rate_le_0.20,high_incongruent_error,report_negative_result
WR2_uncertainty_schedule_fine,WR2_fine_c2741062,c0.72_ls-40_tw1.10_ep30,WR2_uncertainty_schedule,none,time_gap_selected,"{""adaptive"": {""compression_high"": 0.45, ""compression_low"": 0.72, ""score_window_s"": 0.15, ""temp"": 0.3, ""theta_quantile"": 0.55, ""type"": ""WR2_uncertainty_schedule""}, ""custom_noise"": null, ""lapse"": {""type"": ""none""}, ""noise_mode"": ""time_gap_selected"", ""schedule"": {""compression"": 0.72, ""early_phase_shortening_ms"": 30, ""late_shift_ms"": -40, ""transition_width"": 1.1}}",0.075,0.20613465731728742,0.5208521708989782,0.1302515717913552,0.575,0.0,0.075,1.5072384000076209,0.8621066317482443,0.021183053557154278,0.2546036829463571,53.0,-0.01585689771951182,0.2546036829463571,0.4489191353082466,0.12114629258517033,0.0,0.6166000891437009,0.0007069832854297853,0.382962722664188,0.9490495796825527,0.009166998804304504,0.09273384183059012,23.0,0.07640868359591291,0.09273384183059012,0.44985949417904453,0.12070940514469455,0.0,0.6159945179793713,0.003200205466622419,0.3852055790753859,False,False,False,3,main_young_incongruent_error_rate_le_0.20,high_incongruent_error,report_negative_result
WR2_uncertainty_schedule_fine,WR2_fine_6708c9d4,c0.74_ls-40_tw0.90_ep30,WR2_uncertainty_schedule,none,time_gap_selected,"{""adaptive"": {""compression_high"": 0.48, ""compression_low"": 0.74, ""score_window_s"": 0.15, ""temp"": 0.3, ""theta_quantile"": 0.5, ""type"": ""WR2_uncertainty_schedule""}, ""custom_noise"": null, ""lapse"": {""type"": ""none""}, ""noise_mode"": ""time_gap_selected"", ""schedule"": {""compression"": 0.74, ""early_phase_shortening_ms"": 30, ""late_shift_ms"": -40, ""transition_width"": 0.9}}",0.075,0.2148498698056429,0.5079556896892305,0.13484175537941392,0.575,0.0,0.075,1.5076473148742875,0.850096064061481,0.019984012789768184,0.2798238590872698,50.0,0.0036952116822923653,0.27942353883106485,0.475313584200694,0.12282565130260523,0.0,0.6031573875332221,0.0006848532101856319,0.5263177975190114,0.9558712680916345,0.008369868473495417,0.07988759534323565,21.0,0.020127547074630048,0.07988759534323565,0.4753512645523886,0.12247389558232934,0.0,0.6008691149006267,0.0031060495545349176,0.5351188451206758,False,False,False,4,main_young_incongruent_error_rate_le_0.20,no_congruent_fast_error,report_negative_result
WR2_uncertainty_schedule_fine,WR2_fine_d4a9bc40,c0.72_ls-40_tw1.00_ep30,WR2_uncertainty_schedule,none,time_gap_selected,"{""adaptive"": {""compression_high"": 0.45, ""compression_low"": 0.72, ""score_window_s"": 0.15, ""temp"": 0.22, ""theta_quantile"": 0.55, ""type"": ""WR2_uncertainty_schedule""}, ""custom_noise"": null, ""lapse"": {""type"": ""none""}, ""noise_mode"": ""time_gap_selected"", ""schedule"": {""compression"": 0.72, ""early_phase_shortening_ms"": 30, ""late_shift_ms"": -40, ""transition_width"": 1.0}}",0.075,0.21551193421662845,0.51104559672452,0.13436160409660525,0.575,0.0,0.075,1.5109191350377538,0.8615032713620937,0.017585931254996003,0.2594075260208166,44.0,-0.029436003702531965,0.2586068855084067,0.4555911395783293,0.11995589414595031,0.0,0.6100544089083992,0.0006986933430450648,0.4072059825093812,0.9470337135569277,0.006775607811877242,0.09915696507426736,17.0,0.03718238689808051,0.09915696507426736,0.45659039207814794,0.11962605548854041,0.0,0.609705882417697,0.0031649739441771962,0.4084968226293571,False,False,False,3,main_young_incongruent_error_rate_le_0.20,high_incongruent_error,report_negative_result
WR2_uncertainty_schedule_fine,WR2_fine_479a4a83,c0.72_ls-40_tw1.00_ep30,WR2_uncertainty_schedule,none,time_gap_selected,"{""adaptive"": {""compression_high"": 0.45, ""compression_low"": 0.72, ""score_window_s"": 0.12, ""temp"": 0.3, ""theta_quantile"": 0.55, ""type"": ""WR2_uncertainty_schedule""}, ""custom_noise"": null, ""lapse"": {""type"": ""none""}, ""noise_mode"": ""time_gap_selected"", ""schedule"": {""compression"": 0.72, ""early_phase_shortening_ms"": 30, ""late_shift_ms"": -40, ""transition_width"": 1.0}}",0.075,0.22071039992066793,0.5037860986078067,0.13841526854562733,0.575,0.0,0.075,1.5129117670741017,0.8549002271361454,0.02038369304556355,0.2698158526821457,51.0,0.008144394431226498,0.2690152121697358,0.45809981318388043,0.12206330128205128,0.0,0.609701642415019,0.0006873537014281395,0.40851252465122156,0.9456372954593492,0.009166998804304504,0.09955841027699719,23.0,-0.07597133499231112,0.09955841027699719,0.45873143315937376,0.12157958199356914,0.0,0.6094156881941715,0.0031163856961047287,0.40957161668570174,False,False,False,3,main_young_incongruent_error_rate_le_0.20,no_congruent_fast_error,report_negative_result
WR2_uncertainty_schedule_fine,WR2_fine_1f7684e4,c0.72_ls-40_tw1.00_ep20,WR2_uncertainty_schedule,none,time_gap_selected,"{""adaptive"": {""compression_high"": 0.45, ""compression_low"": 0.72, ""score_window_s"": 0.15, ""temp"": 0.3, ""theta_quantile"": 0.55, ""type"": ""WR2_uncertainty_schedule""}, ""custom_noise"": null, ""lapse"": {""type"": ""none""}, ""noise_mode"": ""time_gap_selected"", ""schedule"": {""compression"": 0.72, ""early_phase_shortening_ms"": 20, ""late_shift_ms"": -40, ""transition_width"": 1.0}}",0.075,0.2226118200427057,0.5092191163394244,0.1382636016480788,0.575,0.0,0.075,1.5200945380302087,0.8548995871357358,0.01958433253397282,0.27061649319455566,49.0,0.029876465357697612,0.27061649319455566,0.46074192687483323,0.12363672814755414,0.0,0.6131590204975634,0.0006979762467317352,0.3957074224402231,0.9468373110115507,0.007971303308090873,0.0983540746688077,20.0,-0.009132088372965086,0.09755118426334805,0.46128730095008696,0.12356511254019291,0.0,0.6131501375598446,0.0031618648509558755,0.3957403231046361,False,False,False,3,main_young_incongruent_error_rate_le_0.20,no_congruent_fast_error,report_negative_result
WR2_uncertainty_schedule_fine,WR2_fine_ac5f26a5,c0.72_ls-40_tw1.00_ep30,WR2_uncertainty_schedule,none,time_gap_selected,"{""adaptive"": {""compression_high"": 0.45, ""compression_low"": 0.72, ""score_window_s"": 0.15, ""temp"": 0.3, ""theta_quantile"": 0.55, ""type"": ""WR2_uncertainty_schedule""}, ""custom_noise"": null, ""lapse"": {""type"": ""none""}, ""noise_mode"": ""time_gap_selected"", ""schedule"": {""compression"": 0.72, ""early_phase_shortening_ms"": 30, ""late_shift_ms"": -40, ""transition_width"": 1.0}}",0.075,0.22819894549252215,0.5065956343204654,0.14132265266247523,0.575,0.0,0.075,1.5261172324754626,0.8560970279020979,0.015187849720223821,0.27261809447558044,38.0,-0.00762514339572784,0.2722177742193755,0.4610221510541767,0.12352764423076924,0.0,0.6136952918058574,0.0006986933430450648,0.3937212297890876,0.9458192978180997,0.0039856516540454365,0.10437575270975512,10.0,0.019382537281861456,0.10437575270975512,0.4616084571122709,0.12332261952591402,0.0,0.6134925273345188,0.0031649739441771962,0.39447220958305984,False,False,False,4,main_young_incongruent_error_rate_le_0.20,high_incongruent_error,report_negative_result
WR2_uncertainty_schedule_fine,WR2_fine_9f564814,c0.72_ls-30_tw1.00_ep30,WR2_uncertainty_schedule,none,time_gap_selected,"{""adaptive"": {""compression_high"": 0.45, ""compression_low"": 0.72, ""score_window_s"": 0.15, ""temp"": 0.3, ""theta_quantile"": 0.55, ""type"": ""WR2_uncertainty_schedule""}, ""custom_noise"": null, ""lapse"": {""type"": ""none""}, ""noise_mode"": ""time_gap_selected"", ""schedule"": {""compression"": 0.72, ""early_phase_shortening_ms"": 30, ""late_shift_ms"": -30, ""transition_width"": 1.0}}",0.075,0.22344386180627568,0.5134415811197117,0.1393159891220885,0.575,0.0,0.075,1.526201432048076,0.8538991064954282,0.019984012789768184,0.2722177742193755,50.0,-0.033529757244746494,0.2714171337069656,0.4634774486255672,0.12545509222133122,0.0,0.6137201009724502,0.0006982096040678565,0.39362934579278736,0.9456372954593492,0.009166998804304504,0.09955841027699719,23.0,0.04676632447884721,0.09955841027699719,0.4637494981934966,0.1252331189710611,0.0,0.61336451976394,0.0031629127845183014,0.39494631376356526,False,False,False,3,main_young_incongruent_error_rate_le_0.20,high_incongruent_error,report_negative_result
WR2_uncertainty_schedule_fine,WR2_fine_e333920c,c0.72_ls-40_tw1.00_ep30,WR2_uncertainty_schedule,none,time_gap_selected,"{""adaptive"": {""compression_high"": 0.45, ""compression_low"": 0.72, ""score_window_s"": 0.18, ""temp"": 0.3, ""theta_quantile"": 0.55, ""type"": ""WR2_uncertainty_schedule""}, ""custom_noise"": null, ""lapse"": {""type"": ""none""}, ""noise_mode"": ""time_gap_selected"", ""schedule"": {""compression"": 0.72, ""early_phase_shortening_ms"": 30, ""late_shift_ms"": -40, ""transition_width"": 1.0}}",0.075,0.22641184985932988,0.5120153206400213,0.1397165906149247,0.575,0.0,0.075,1.5281437611142759,0.8544979868787116,0.017985611510791366,0.27301841473178545,45.0,0.027406334015815603,0.2722177742193755,0.46631972244462233,0.12543669871794874,0.0,0.6180451235874189,0.0007081260336694317,0.377610746270667,0.9472301161023047,0.005579912315663611,0.09995985547972702,14.0,0.012654948544270184,0.09955841027699719,0.46651947009233236,0.12520289272800322,0.0,0.6178511885629159,0.0032050366673656017,0.37832902250771006,False,False,False,4,main_young_incongruent_error_rate_le_0.20,no_congruent_fast_error,report_negative_result
WR2_uncertainty_schedule_fine,WR2_fine_f825ea7a,c0.72_ls-40_tw1.00_ep30,WR2_uncertainty_schedule,none,time_gap_selected,"{""adaptive"": {""compression_high"": 0.48, ""compression_low"": 0.72, ""score_window_s"": 0.15, ""temp"": 0.22, ""theta_quantile"": 0.55, ""type"": ""WR2_uncertainty_schedule""}, ""custom_noise"": null, ""lapse"": {""type"": ""none""}, ""noise_mode"": ""time_gap_selected"", ""schedule"": {""compression"": 0.72, ""early_phase_shortening_ms"": 30, ""late_shift_ms"": -40, ""transition_width"": 1.0}}",0.075,0.2300972848902653,0.5110588293383915,0.14221943592609937,0.575,0.0,0.075,1.5333755501547564,0.8520954253410722,0.01718625099920064,0.27862289831865494,43.0,-0.007352086215436593,0.27862289831865494,0.4673071790765946,0.1271812349639134,0.0,0.6222705949819348,0.0006986933430450648,0.4072059825093812,0.9458322579860635,0.00757273814268633,0.10076274588518667,19.0,0.03723531735356633,0.10036130068245684,0.46756322761943,0.12695416164053078,0.0,0.6219607933690737,0.0031649739441771962,0.4084968226293571,False,False,False,4,main_young_incongruent_error_rate_le_0.20,high_incongruent_error,report_negative_result
WR2_uncertainty_schedule_fine,WR2_fine_6da92fa3,c0.74_ls-40_tw1.00_ep30,WR2_uncertainty_schedule,none,time_gap_selected,"{""adaptive"": {""compression_high"": 0.45, ""compression_low"": 0.74, ""score_window_s"": 0.15, ""temp"": 0.3, ""theta_quantile"": 0.55, ""type"": ""WR2_uncertainty_schedule""}, ""custom_noise"": null, ""lapse"": {""type"": ""none""}, ""noise_mode"": ""time_gap_selected"", ""schedule"": {""compression"": 0.74, ""early_phase_shortening_ms"": 30, ""late_shift_ms"": -40, ""transition_width"": 1.0}}",0.08017473547096925,0.22947587328695102,0.5103434562235922,0.14352511716318056,0.575,0.0,0.08017473547096925,1.5385191821446933,0.8504973443183004,0.021183053557154278,0.277822257806245,53.0,0.018366289608616193,0.27742193755004,0.4606885508406725,0.12397312474929806,0.0,0.6240961908399429,0.0006946577330493864,0.39966835220121877,0.9426278964575381,0.009565563969709047,0.10517864311521477,24.0,0.015007535285753049,0.10477719791248495,0.4612739194433293,0.12383145615446502,0.0,0.6241709149166832,0.003147768877299839,0.39941068345890984,False,False,False,5,main_young_incongruent_error_rate_le_0.20,no_congruent_fast_error,report_negative_result
WR2_uncertainty_schedule_fine,WR2_fine_dcd019cd,c0.72_ls-40_tw0.90_ep30,WR2_uncertainty_schedule,none,time_gap_selected,"{""adaptive"": {""compression_high"": 0.45, ""compression_low"": 0.72, ""score_window_s"": 0.15, ""temp"": 0.3, ""theta_quantile"": 0.55, ""type"": ""WR2_uncertainty_schedule""}, ""custom_noise"": null, ""lapse"": {""type"": ""none""}, ""noise_mode"": ""time_gap_selected"", ""schedule"": {""compression"": 0.72, ""early_phase_shortening_ms"": 30, ""late_shift_ms"": -40, ""transition_width"": 0.9}}",0.075,0.24363079775711344,0.5015,0.15053254968487034,0.575,0.0,0.075,1.5456633474419839,0.8440890202169729,0.01718625099920064,0.2946357085668535,43.0,-0.009039651436671181,0.2946357085668535,0.47141713370696553,0.12551724137931033,0.0,0.610845839743184,0.0006891355737860261,0.4042747568449932,0.9428214189655898,0.00757273814268633,0.10678442392613409,19.0,-0.006750821802687157,0.10678442392613409,0.4718185467683661,0.12566894335074325,0.0,0.6109654707632627,0.003124334794750161,0.4038316799729824,False,False,False,3,main_young_incongruent_error_rate_le_0.20,high_incongruent_error,report_negative_result
WR2_uncertainty_schedule_fine,WR2_fine_8d80c677,c0.72_ls-40_tw1.00_ep30,WR2_uncertainty_schedule,none,time_gap_selected,"{""adaptive"": {""compression_high"": 0.48, ""compression_low"": 0.72, ""score_window_s"": 0.15, ""temp"": 0.3, ""theta_quantile"": 0.55, ""type"": ""WR2_uncertainty_schedule""}, ""custom_noise"": null, ""lapse"": {""type"": ""none""}, ""noise_mode"": ""time_gap_selected"", ""schedule"": {""compression"": 0.72, ""early_phase_shortening_ms"": 30, ""late_shift_ms"": -40, ""transition_width"": 1.0}}",0.075,0.24428487792722856,0.5068639462264266,0.15139040176340188,0.575,0.0,0.075,1.552539225917057,0.8454911011143047,0.01838529176658673,0.29063250600480384,46.0,-0.017282588107464192,0.289031224979984,0.4708967173738992,0.1302925851703407,0.0,0.6255069353020464,0.0006986933430450648,0.3937212297890876,0.9386120044115771,0.009166998804304504,0.11360899237254114,23.0,0.020455784905706986,0.11360899237254114,0.47098889334939104,0.13005225080385854,0.0,0.6253267006853329,0.0031649739441771962,0.39447220958305984,False,False,False,4,main_young_incongruent_error_rate_le_0.20,high_incongruent_error,report_negative_result
WR2_uncertainty_schedule_fine,WR2_fine_b17321f6,c0.72_ls-40_tw1.00_ep30,WR2_uncertainty_schedule,none,time_gap_selected,"{""adaptive"": {""compression_high"": 0.45, ""compression_low"": 0.72, ""score_window_s"": 0.15, ""temp"": 0.38, ""theta_quantile"": 0.55, ""type"": ""WR2_uncertainty_schedule""}, ""custom_noise"": null, ""lapse"": {""type"": ""none""}, ""noise_mode"": ""time_gap_selected"", ""schedule"": {""compression"": 0.72, ""early_phase_shortening_ms"": 30, ""late_shift_ms"": -40, ""transition_width"": 1.0}}",0.075,0.23104143264625351,0.5292477158833018,0.14316611860343353,0.575,0.0,0.075,1.5534552671329886,0.8482933429077395,0.01838529176658673,0.28502802241793435,46.0,-0.020829937123358455,0.28502802241793435,0.4655724579663731,0.12631958350020026,0.0,0.6155059860386849,0.0006986933430450648,0.3870149586599433,0.9478394839997126,0.00757273814268633,0.0967482938578884,19.0,0.10999086353320753,0.0967482938578884,0.4658905392747224,0.12605062274005624,0.0,0.6154390527864866,0.0031649739441771962,0.3872628590879996,False,False,False,3,main_young_incongruent_error_rate_le_0.20,high_incongruent_error,report_negative_result
WR2_uncertainty_schedule_fine,WR2_fine_e4461b22,c0.72_ls-40_tw0.90_ep30,WR2_uncertainty_schedule,none,time_gap_selected,"{""adaptive"": {""compression_high"": 0.48, ""compression_low"": 0.72, ""score_window_s"": 0.15, ""temp"": 0.3, ""theta_quantile"": 0.55, ""type"": ""WR2_uncertainty_schedule""}, ""custom_noise"": null, ""lapse"": {""type"": ""none""}, ""noise_mode"": ""time_gap_selected"", ""schedule"": {""compression"": 0.72, ""early_phase_shortening_ms"": 30, ""late_shift_ms"": -40, ""transition_width"": 0.9}}",0.075,0.2731367839425311,0.5086618363443778,0.1674514240055232,0.575,0.0,0.075,1.599250044292432,0.8224739663833385,0.019984012789768184,0.33506805444355486,50.0,-0.004257386589808676,0.33386709367493994,0.4791433146517214,0.1323897353648757,0.0,0.6229740891174976,0.0006891355737860261,0.4042747568449932,0.940011302546481,0.00757273814268633,0.11240465676435167,19.0,0.027647345377511456,0.11079887595343235,0.4791516124715643,0.1324949779027722,0.0,0.6230804276008721,0.003124334794750161,0.4038316799729824,False,False,False,4,main_young_incongruent_error_rate_le_0.20,high_incongruent_error,report_negative_result
