lag,lagged_condition,user_id,n_after_previous_correct,errors_after_previous_correct,n_after_previous_error,errors_after_previous_error,shrunk_risk_after_previous_correct,shrunk_risk_after_previous_error,risk_difference,posterior_risk_difference_sd,raw_stable,log_odds_ratio,odds_ratio
1,all,163,48250,2873,2916,241,0.05952834995311965,0.08189749162569371,0.02236914167257406,0.0051364009056580175,True,0.34308814974661805,1.4092929852708045
1,all,166,78047,2643,2599,123,0.03387551825304394,0.047334474114536396,0.013458955861492455,0.004164931505714341,True,0.34857510823088367,1.417046970817635
1,all,182,38005,1007,1000,24,0.026532086658718233,0.02542285384680818,-0.0011092328119100513,0.004893319100338503,True,-0.04384510712435574,0.957102194303497
1,all,221,71581,1964,2000,148,0.027455510954927525,0.07318498743707004,0.04572947648214251,0.005763760463530252,True,1.0285852299178493,2.7971057725072983
1,all,335,80459,1942,1811,105,0.024155207990861478,0.05762802376584817,0.03347281577498669,0.005407615146926417,True,0.9044124377806209,2.470479935858789
1,all,522,35522,310,277,9,0.008796958347519647,0.03533937161196669,0.02654241326444704,0.009997431555732366,True,1.4177347060215268,4.127759253153377
1,all,569,26179,2403,2416,400,0.09168369941079295,0.16252463892559443,0.07084093951480148,0.00761814438481432,True,0.6536858338965197,1.9226142219995703
1,all,677,30413,1428,1502,134,0.046955135794583394,0.08751914673923088,0.04056401094464748,0.007241151608389008,True,0.6661598778884139,1.9467472013804061
1,all,878,22959,1595,1471,177,0.06941117604622885,0.11730124698998355,0.047890070943754706,0.008379678073044381,True,0.5775310442079182,1.781634219959707
1,all,899,28578,420,411,10,0.01477023417350497,0.02747386076462927,0.0127036265911243,0.007526628025663309,True,0.633599009150791,1.8843802917420516
1,all,984,32062,898,837,48,0.028047380024423085,0.05666200413982406,0.02861462411540097,0.00775323647822299,True,0.7330910550954552,2.081504719687044
1,all,1018,31588,3068,3195,259,0.09702564639078821,0.08040945186090709,-0.016616194529881126,0.005044858019261092,True,-0.20607797251462046,0.8137696221453531
1,all,1054,27956,772,812,104,0.02766060310856907,0.12221211743822066,0.09455151432965159,0.011103743967035158,True,1.5880490166073082,4.894191122197726
1,all,1127,27665,1198,1226,178,0.04331390877684506,0.14035604301647225,0.0970421342396272,0.009744729416830534,True,1.2826655806259115,3.6062396477392067
1,all,1182,34522,644,589,38,0.018708418682958562,0.0628682575567538,0.044159838873795244,0.009519843197566812,True,1.258113538938475,3.518777186082272
1,all,1354,31200,2081,2193,248,0.06665984140201661,0.11123478913731119,0.04457494773529458,0.006765676288567637,True,0.5609771155599406,1.7523839456402708
1,all,1369,29488,966,958,56,0.03279136836060635,0.057781367000365604,0.024989998639759252,0.007368588324107736,True,0.5926779139431617,1.8088258153082484
1,all,1478,23353,1546,1618,173,0.06615079814035632,0.10467085816911058,0.03852006002875426,0.007637005823027701,True,0.5010073507152395,1.650382948056819
1,all,1488,25769,826,889,127,0.03209269000029997,0.13647321997658585,0.10438052997628589,0.011168870192167233,True,1.5616115444827192,4.766496480089876
1,all,1744,27227,966,1045,143,0.03550807004089747,0.1317029660651846,0.09619489602428714,0.010212101346425086,True,1.415856738251957,4.120014728575277
1,all,1941,69464,2976,3182,395,0.04284678601936042,0.12263026771367252,0.0797834816943121,0.0058074535488646705,True,1.1385782237814648,3.1223259590856802
1,all,2046,34452,863,857,35,0.02509125882007044,0.04131510680029249,0.01622384798022205,0.00660843837024748,True,0.5154901093290243,1.6744589686834888
1,all,2090,25533,1392,1410,137,0.054500616843861205,0.0950173647744815,0.040516747930620295,0.007766206460940119,True,0.5996451219346146,1.8214722851195535
1,all,2143,25720,711,679,28,0.02769353481963473,0.04179172578337086,0.014098190963736133,0.00740772196245681,True,0.4261052748151619,1.5312819720746804
1,all,2317,32841,1564,1603,90,0.047623513999507566,0.05582027417007813,0.008196760170570562,0.005742580419089943,True,0.16745439847435684,1.1822913746651766
1,all,2410,29385,1048,1090,114,0.03569054142335944,0.10143511212382796,0.06574457070046852,0.008949220101631043,True,1.1151469336696938,3.050016296347175
1,all,2553,29050,1173,1213,90,0.040394694588645634,0.07286905895780084,0.032474364369155205,0.007361925399932538,True,0.624392914992586,1.867112117524731
1,all,2683,32343,1549,1513,126,0.04789248465155228,0.08183545972258789,0.03394297507103561,0.007001837106359488,True,0.5720533995095987,1.7719017405873279
1,all,2718,24746,889,946,150,0.03595529125276642,0.1515447609251869,0.11558946967242048,0.011339634021214448,True,1.56632511758804,4.789016743463091
1,all,2918,171188,12332,12433,448,0.07202866956129006,0.03609272522975799,-0.03593594433153207,0.001781563881994475,True,-0.7289671638624018,0.4824069802370417
1,all,3288,25810,1699,1800,133,0.06578237651650604,0.07299023507379679,0.007207858557290753,0.006217468667145162,True,0.11171901099203563,1.1181986149777938
1,all,3403,24542,433,428,68,0.017721258555339077,0.14443013811658742,0.12670887956124835,0.015855539820891846,True,2.236138316964639,9.357127168771418
1,all,3471,23386,1644,1729,255,0.07023682616156116,0.1439261499308153,0.07368932376925413,0.008453847349160593,True,0.8000008137086769,2.2255427394351686
1,all,3497,28151,1582,1623,87,0.05617765111482821,0.053380081750008565,-0.0027975693648196465,0.005640550310996604,True,-0.05404103580759845,0.9473932286578606
1,all,3605,25898,376,412,55,0.014600147651097878,0.12197015783829955,0.10737001018720167,0.015003569500313991,True,2.238111683595979,9.375610442431123
1,all,3875,82469,5112,5142,269,0.06197585086402627,0.052257415731525474,-0.0097184351325008,0.003196257535790066,True,-0.18087023410453096,0.8345436469732325
1,all,3988,37820,1716,1669,69,0.045376716946636045,0.041576015380398776,-0.003800701566237269,0.004911675694073975,True,-0.09144914135830451,0.9126077289612508
1,all,4193,53173,2179,2180,368,0.04098749340925548,0.16535710145967344,0.12436960805041797,0.007887762607417026,True,1.5337405543063576,4.635483712000893
1,all,4275,30767,963,898,43,0.03133373548843986,0.04787084026672405,0.01653710477828419,0.006951179239209345,True,0.44103067081075764,1.5543083735092285
1,all,4344,28215,1225,1250,99,0.04342626633339061,0.07766680350369232,0.034240537170301705,0.00747979396136206,True,0.6178147837524484,1.854870317203872
1,all,4398,29440,869,899,60,0.02955701782324333,0.065475789168587,0.03591877134534367,0.008028156447368002,True,0.833074353407047,2.3003800614834735
1,all,4431,42278,3026,3125,197,0.07153780359107886,0.06273219224869814,-0.008805611342380726,0.00447221590322402,True,-0.14079067282321533,0.8686711291423556
1,all,4484,52553,657,498,15,0.012544403245358165,0.032118261324678425,0.019573858079320258,0.007447116539927998,True,0.9601717688644071,2.612145120091195
1,all,4790,26218,1577,1638,120,0.06011919746786748,0.0722994957758672,0.012180298307999715,0.006444884574472035,True,0.19753205235506943,1.2183921166805238
1,all,4969,38452,1731,1775,174,0.04502158884168959,0.09627824827113426,0.05125665942944468,0.006957421461604801,True,0.8152675097315019,2.2597801046693866
1,all,5058,59918,5415,5769,787,0.09032801862239637,0.13544640748255896,0.04511838886016259,0.004630578787318031,True,0.4559991281078253,1.5777489691388984
1,all,5119,30663,610,558,34,0.019951491196940445,0.05957026214665887,0.039618770949718426,0.009516853794894347,True,1.1351177355181044,3.1115398600979627
1,all,5256,24768,1521,1611,217,0.061374550994372425,0.13137824648829902,0.0700036954939266,0.00839122329921256,True,0.8385940228523543,2.3131125061379643
1,all,5295,39261,1025,1027,55,0.02614240242113121,0.053210067862938214,0.027067665441807005,0.006839972546690567,True,0.7388768593006998,2.093582805473872
1,all,5336,27045,212,182,8,0.007932734118955084,0.0449248289859074,0.03699209486695231,0.013193126529962849,True,1.771993730919275,5.882569939222393
1,all,5356,32117,2039,2108,383,0.06345523818664671,0.17774509511247383,0.11428985692582712,0.008313076399029428,True,1.1601625945186593,3.190451983950153
1,all,5383,28165,1929,1929,227,0.06844214910326027,0.1154326450799762,0.04699049597671594,0.007312196168444011,True,0.5744579828029548,1.7761675526049503
1,all,5402,37360,1596,1705,184,0.04272796410479257,0.10574136280260799,0.06301339869781541,0.007383710417990007,True,0.9742351094209876,2.649140133504602
1,all,5573,140736,8195,8171,498,0.058224805349862775,0.060844299577615606,0.0026194942277528305,0.0027069589307965624,True,0.046791981059507215,1.047904002525352
1,all,5675,162153,5385,5301,282,0.033215079506889705,0.053131813169166105,0.0199167336622764,0.003094119766723457,True,0.4905880502165223,1.6332763861472561
1,all,5886,25160,2174,2249,255,0.08630886794442384,0.11156807015994281,0.025259202215518972,0.0067795990364351915,True,0.28473710155802134,1.3294124817056956
1,all,6003,25133,606,555,69,0.02417152098977431,0.11640927518777583,0.09223775419800152,0.012917359232237281,True,1.671229952106008,5.3187055288750305
1,all,6181,27013,700,677,68,0.02596483955833955,0.09589158841789196,0.06992674885955241,0.010853033937486252,True,1.3809730923915584,3.978771456570907
1,all,6194,41857,443,370,12,0.010640221134331116,0.03467896734586816,0.024038746211537045,0.008787641601028044,True,1.2060894314035435,3.340396229046636
1,all,6474,33854,3913,4677,900,0.11545660898637718,0.19047951608582678,0.0750229070994496,0.005960600973168516,True,0.5892793743777969,1.8026888834178219
1,all,6519,33081,1663,1688,227,0.0502655587194144,0.1313119620198794,0.081046403300465,0.008155618030116614,True,1.0494540952558307,2.856091538490307
1,all,6591,38484,1481,1364,129,0.0384987803138892,0.09247576209583738,0.05397698178194818,0.007726110452571269,True,0.9340955774882578,2.5449107420165493
1,all,6609,32897,160,129,10,0.0049467020284227805,0.06763399527159339,0.06268729324317061,0.018037067308271724,True,2.6804605026201824,14.591811316273425
1,all,6786,28278,1708,1750,172,0.06037163109343255,0.09650260026384617,0.03613096917041363,0.007074043583441306,True,0.5082618558264964,1.6623991928446018
1,all,6858,34487,1250,1230,49,0.03626670143826301,0.04022498021983937,0.003958278781576362,0.005552093603828879,True,0.10770388910024797,1.1137179125421746
1,all,6946,28753,1681,1876,297,0.05843955341586431,0.154670342058813,0.09623078864294868,0.00832304461432115,True,1.0811149509325364,2.9479645552459393
1,all,7097,26039,1877,2030,236,0.07202443088396558,0.11416292169531657,0.04213849081135099,0.007129814426459125,True,0.5070935434255412,1.6604581253596595
1,all,7109,29180,272,247,21,0.00940530055388935,0.07734454503633112,0.06793924448244176,0.015136180236975404,True,2.178046225050266,8.829039440386108
1,all,7332,33129,1948,1974,92,0.05877903890845381,0.046639670200338865,-0.012139368708114946,0.004845052663864967,True,-0.24414884486865018,0.7833710248274249
1,all,7522,36087,1355,1408,124,0.03756606753414252,0.08631446024898173,0.04874839271483922,0.0073853198034248635,True,0.8838749166113229,2.4202598649428384
1,all,7643,29499,2456,2691,507,0.08318014510415428,0.18514081673471314,0.10196067163055886,0.007571079834858133,True,0.9180037137196817,2.504286124592557
1,all,7652,43244,2583,2771,361,0.05971304873711939,0.12841563354747268,0.0687025848103533,0.006384621592727052,True,0.841594001796852,2.320062214229398
1,all,7735,42798,1386,1614,313,0.03240750516699872,0.18835709926423252,0.1559495940972338,0.009580679649117607,True,1.935700144586789,6.9288935848301305
1,all,7862,32023,1611,1699,206,0.05030236378466132,0.11858055503469665,0.06827819125003534,0.0077937653305601776,True,0.9321504918602401,2.539965483742203
1,all,8503,23963,2012,2340,448,0.08386626235917789,0.1876302634162775,0.10376400105709961,0.008159548617818774,True,0.9254567057639393,2.523020275174429
1,congruent,163,25296,1477,597,57,0.05836122885485553,0.0908231000729452,0.03246187121808967,0.01126332955374859,True,0.4773439257376202,1.6117876840081946
1,congruent,166,40007,1340,474,24,0.033516655123530206,0.050264746276103486,0.01674809115257328,0.00945212094339863,True,0.42274227959434096,1.5261409276201499
1,congruent,182,19526,561,97,3,0.02879259120462312,0.03754693348304192,0.008754342278418797,0.014973731637210476,True,0.2745283516278305,1.3159098817274542
1,congruent,221,36375,1015,562,40,0.027938391225341207,0.0687517905971861,0.04081339937184489,0.010140261555792701,True,0.9433943477709845,2.5686856497874446
1,congruent,335,40966,989,335,33,0.02417859647191298,0.09031121482280598,0.066132618350893,0.014347715343985644,True,1.3879708841408265,4.006711716685442
1,congruent,522,18025,150,58,0,0.00846100141974895,0.024980719841855605,0.016519718422106654,0.014076722292870164,True,1.099437818041114,3.002477610648488
1,congruent,569,13098,1234,1187,169,0.09398521630641712,0.13750954516688185,0.04352432886046473,0.010058941736490667,True,0.4297873789957598,1.536930705055318
1,congruent,677,15737,799,298,24,0.050758960292057405,0.07468894059540698,0.023929980303349578,0.013904245976555164,True,0.4117766687387401,1.5094972807498777
1,congruent,878,11830,890,571,59,0.07508300951964962,0.09768921755743824,0.022606208037788622,0.012016138307894986,True,0.28794187968412066,1.3336797879802156
1,congruent,899,14489,236,24,1,0.016426126024488653,0.04594686333453115,0.029520737310042497,0.022192519512742533,True,1.0590858459942472,2.8837336073363256
1,congruent,984,16452,459,141,17,0.0279757223396351,0.0977202280667156,0.06974450572708049,0.02071793367309451,True,1.325227646257877,3.763041899908338
1,congruent,1018,17017,1717,532,41,0.10069855585347513,0.07388852611576542,-0.026810029737709712,0.010949118936215469,True,-0.33895022573763933,0.7125179132601343
1,congruent,1054,14301,408,271,38,0.02861447256748829,0.12247027627412195,0.09385580370663366,0.017933033172083876,True,1.5555683373929348,4.737778416769324
1,congruent,1127,14285,650,243,49,0.0455114233587159,0.16943927080527582,0.12392784744655992,0.021439116312398275,True,1.453605846173924,4.278514398451514
1,congruent,1182,17500,318,99,6,0.01827881063284452,0.055468468301078315,0.037189657668233796,0.017890837798280157,True,1.1486904964218718,3.1540599514265266
1,congruent,1354,15803,1137,883,97,0.0718496238764578,0.10562937238757535,0.03377974851111755,0.010189931417833736,True,0.422434603898191,1.5256714433759708
1,congruent,1369,14903,451,271,16,0.03033650987480837,0.05683903785238867,0.0265025279775803,0.012704962556065283,True,0.6555835765510842,1.9262663132855757
1,congruent,1478,12197,829,375,31,0.0678605990297899,0.07753259692109739,0.009671997891307488,0.012947232126142811,True,0.14367320209301182,1.1545067564777218
1,congruent,1488,13254,449,199,47,0.03394246881209131,0.1901657099778259,0.15622324116573458,0.024194010794676722,True,1.8996225942001095,6.68337162303255
1,congruent,1744,13877,499,237,36,0.03601214925825145,0.12965468741161118,0.09364253815335974,0.01938792765094498,True,1.3832069524082438,3.9876694097340084
1,congruent,1941,36300,1529,317,44,0.04213079174353182,0.12343134999900188,0.08130055825547006,0.016858014306424994,True,1.1636024810305527,3.2014456743797717
1,congruent,2046,17722,449,63,2,0.025415920278271154,0.03972132178521692,0.014305401506945769,0.017289002683021238,True,0.4612996188501306,1.5861340157428274
1,congruent,2090,13053,763,297,38,0.05840060651355362,0.11365473844871002,0.0552541319351564,0.01680218376172508,True,0.7263123188824934,2.0674424642744116
1,congruent,2143,13172,395,103,7,0.030073027926422843,0.060122159296370443,0.0300491313699476,0.01838872548780288,True,0.7242206648456957,2.063122609294172
1,congruent,2317,17201,786,301,25,0.045701904111866386,0.07681358446652863,0.03111168035466224,0.014006030449329803,True,0.5523864541090648,1.7373942861618699
1,congruent,2410,15168,531,173,39,0.03506076477240567,0.1772837062425668,0.14222294147016115,0.02478957612722064,True,1.7801223284688135,5.930581853216864
1,congruent,2553,14956,683,167,12,0.045675324898322496,0.06510551032956832,0.019430185431245826,0.016279608465163794,True,0.37502124040468177,1.4550223195528718
1,congruent,2683,16948,883,174,13,0.05208335636283971,0.06739034321470337,0.015306986851863665,0.016298504055599114,True,0.27393612051641636,1.315130789679724
1,congruent,2718,12721,501,112,33,0.03942469057809693,0.2046057032085905,0.16518101263049356,0.030353571240704716,True,1.8353868667028779,6.267558386124413
1,congruent,2918,89007,6583,2927,133,0.07394143493004023,0.04548425923646632,-0.028457175693573908,0.0039087410505496654,True,-0.5161737010231979,0.596799718948677
1,congruent,3288,13388,853,272,26,0.06363660985856669,0.08641362652928425,0.022777016670717562,0.01544499871410801,True,0.33058216126596873,1.3917781319838296
1,congruent,3403,12507,215,92,23,0.017345415834004303,0.16678463847423963,0.14943922264023532,0.029754630239397985,True,2.428340658727329,11.340049447358185
1,congruent,3471,12323,869,331,67,0.07039947373150766,0.17725631399643188,0.10685684026492422,0.019322656369450703,True,1.0455212377150271,2.844880996527972
1,congruent,3497,14847,873,97,7,0.058751303287109896,0.06235987030686988,0.0036085670197599853,0.0190835602525245,True,0.06344980418140134,1.0655060005131916
1,congruent,3605,13069,188,85,19,0.014547308269468037,0.14780079623697218,0.13325348796750414,0.02897660066094843,True,2.463740232292044,11.748672227523109
1,congruent,3875,43013,2818,733,36,0.06548829523746798,0.048987072761758815,-0.016501222475709162,0.007732121528906579,True,-0.3078184896787164,0.7350487248315482
1,congruent,3988,19870,925,210,12,0.046555794040015745,0.05489590661481218,0.008340112574796436,0.013811166865992442,True,0.17357315501841297,1.1895477049709209
1,congruent,4193,27161,1126,561,108,0.041470863069196166,0.17762586850459725,0.13615500543540107,0.015320890843074945,True,1.6078929111894562,4.992280958276779
1,congruent,4275,15744,501,173,6,0.03188551517237675,0.03816425729997404,0.006278742127597291,0.012492128944355942,True,0.18625422726391516,1.2047284962785922
1,congruent,4344,14575,660,154,15,0.04529294752582009,0.08273274138850209,0.037439793862682,0.018685510747918417,True,0.6424697560375856,1.9011705131487526
1,congruent,4398,15091,439,131,9,0.029168379030013385,0.06174392894860275,0.03257554991858937,0.017237377497500192,True,0.7840405782709841,2.1903045065972004
1,congruent,4431,22803,1572,282,8,0.06887823478537877,0.03192547862216863,-0.03695275616321014,0.009582201421684759,True,-0.8078548492932307,0.44581337809574495
1,congruent,4484,26274,341,98,4,0.013062878944367366,0.04348044828490762,0.030417569340540258,0.01597872987809217,True,1.2338419336425441,3.434398954961455
1,congruent,4790,13579,837,431,33,0.06157297525476462,0.07280360668263589,0.011230631427871264,0.011843714549344075,True,0.17958212895896608,1.196717185168158
1,congruent,4969,19841,886,393,51,0.04466433501478136,0.11822410993132053,0.07355977491653917,0.01515437188153241,True,1.0535315807017742,2.8677609850020365
1,congruent,5058,31545,2988,1306,204,0.09462600160953918,0.1511106832418916,0.05648468163235243,0.00981122774174264,True,0.5324995805232049,1.7031842385342153
1,congruent,5119,15645,321,130,6,0.020628209652987322,0.04661436244903315,0.02598615279604583,0.015131097975734765,True,0.842141018708289,2.321331674672678
1,congruent,5256,12985,799,131,13,0.061463723191953715,0.08223507823463433,0.020771355042680614,0.01972509051234724,True,0.3135150475636137,1.3682260510754432
1,congruent,5295,20040,561,164,8,0.028056457098661256,0.04843338236262917,0.02037692526396791,0.014227828340600965,True,0.567158510911586,1.7632496716924628
1,congruent,5336,13645,117,29,1,0.008757093414457207,0.0434820676150604,0.03472497420060319,0.021026792181566514,True,1.6381446467491472,5.145613719148529
1,congruent,5356,16544,1108,627,122,0.06689782052372603,0.18091966503009427,0.11402184450636824,0.014759357703316564,True,1.1252192484796555,3.080892255817428
1,congruent,5383,14837,1045,362,61,0.07033342022242796,0.15028592988323197,0.07995250966080401,0.017415703787419756,True,0.8492186993298589,2.3378195981829255
1,congruent,5402,19338,861,189,27,0.04453373958364683,0.11868902118567862,0.07415528160203179,0.020339063809168643,True,1.0610486150276617,2.8893992687349
1,congruent,5573,73353,4251,1043,48,0.05794353964203349,0.04610956677426584,-0.011833972867767655,0.006358646455468413,True,-0.24093223681139664,0.7858948793269609
1,congruent,5675,83614,2815,890,42,0.033677261100088576,0.04721495016344083,0.013537689063352253,0.006890876330361715,True,0.35199626788340543,1.4219032170000827
1,congruent,5886,13470,1123,308,33,0.08320050547921652,0.09686242918687912,0.013661923707662602,0.015493128667825127,True,0.1670521969065395,1.1818159508351833
1,congruent,6003,12787,284,98,16,0.022336642526551043,0.11746034413589555,0.09512370160934451,0.02523623126112515,True,1.7622339592222143,5.825436657028522
1,congruent,6181,13830,365,133,12,0.02648966004260869,0.07633024370374017,0.04984058366113148,0.018909412642356755,True,1.1108686138221615,3.0369952251064696
1,congruent,6194,21026,208,118,2,0.010007147265064879,0.027731212015229115,0.017724064750164234,0.012150648291559943,True,1.0373244287544394,2.8216573603666864
1,congruent,6474,18376,2194,728,169,0.11914469785172388,0.21718183104819494,0.09803713319647106,0.014833360115724701,True,0.7183891552385195,2.051126501681142
1,congruent,6519,16987,879,335,42,0.051729642331304046,0.11285595316655092,0.061126310835246875,0.01590743263633126,True,0.8467135670446337,2.3319703804216023
1,congruent,6591,19622,717,319,39,0.03657651409226543,0.10973934217249107,0.07316282808022564,0.01600223866315482,True,1.1776803724635374,3.2468340154688193
1,congruent,6609,16518,85,21,2,0.005310077463322303,0.05930082337155132,0.05399074590822902,0.02544446198518278,True,2.468824416659094,11.808556746166795
1,congruent,6786,14879,920,122,17,0.06177073282588601,0.10769134629142642,0.04592061346554041,0.022741663079412427,True,0.6060218007576803,1.8331243400899706
1,congruent,6858,17692,634,160,1,0.03587775402825008,0.01807621311144259,-0.017801540916807492,0.008986781272805945,True,-0.7038161547509336,0.4946938687249789
1,congruent,6946,15074,916,279,54,0.06071081247222643,0.1662347434601076,0.10552393098788118,0.020160220144286905,True,1.1264506047420766,3.0846882684327883
1,congruent,7097,13671,950,473,82,0.06938758571487635,0.15832429865485775,0.0889367129399814,0.015883857855181843,True,0.9253855734421299,2.52284081326713
1,congruent,7109,14661,144,59,5,0.009986467917481813,0.065360327927668,0.05537386001018618,0.022192372870175225,True,1.9362420337197044,6.932649294464093
1,congruent,7332,17474,947,203,17,0.05417046573270122,0.07504615291254593,0.020875687179844712,0.01617808343767136,True,0.34828596444659077,1.4166372997237513
1,congruent,7522,18619,725,246,31,0.03896830076338006,0.10977471212167841,0.07080641135829835,0.01777700555158791,True,1.1122145102789363,3.0410854581168065
1,congruent,7643,15558,1258,589,114,0.08072181233750757,0.17919731047003765,0.09847549813253008,0.015151910800561687,True,0.9107846962911987,2.4862727371216553
1,congruent,7652,22494,1295,667,106,0.05754237665710636,0.14914096068020247,0.0915985840230961,0.013255676480934678,True,1.05461472456663,2.870868865555844
1,congruent,7735,21841,743,399,113,0.03405824130397963,0.2505423979292998,0.21648415662532014,0.020149458277864525,True,2.2493099142770974,9.48119074391235
1,congruent,7862,16485,890,328,49,0.0539634824283205,0.1327179315768483,0.0787544491485278,0.017199308793777453,True,0.9868354025075114,2.6827312602046915
1,congruent,8503,12782,1093,448,87,0.0853211274964883,0.17581355775034468,0.09049243025385638,0.016983031517956115,True,0.8271782696373642,2.2868567344502098
1,incongruent,163,22954,1396,2319,184,0.06078158369980717,0.07850787363713395,0.017726289937326778,0.0057302510598425905,True,0.2749659021292099,1.3164857847401121
1,incongruent,166,38040,1303,2125,99,0.0342759265369941,0.0466237991045859,0.012347872567591803,0.004601381671093839,True,0.3205364386999934,1.3778667071446218
1,incongruent,182,18479,446,903,21,0.02421625900358873,0.024863074592967473,0.0006468155893787422,0.00513233007592926,True,0.02702257508376249,1.0273909959394847
1,incongruent,221,35206,949,1438,108,0.02699303225465278,0.07395521071832299,0.04696217846367021,0.00680693151020582,True,1.0573495225635074,2.87873085755859
1,incongruent,335,39493,953,1476,72,0.024168719917499887,0.048741000533419315,0.02457228061591943,0.005540685760547448,True,0.7269646771688203,2.0687916175152865
1,incongruent,522,17497,160,219,9,0.009283667871633811,0.042602022044252015,0.033318354172618206,0.012022235053892485,True,1.5578540888248291,4.748620186644582
1,incongruent,569,13081,1169,1229,231,0.08916641628972499,0.1811012795833767,0.09193486329365172,0.010993445669608713,True,0.8149517533429069,2.259066677305069
1,incongruent,677,14676,629,1204,110,0.0428803655663373,0.08918971626750113,0.046309350701163834,0.008175477971568871,True,0.7819454708909128,2.185720387248787
1,incongruent,878,11129,705,900,118,0.06326028937638263,0.12564406319652582,0.06238377382014319,0.010919155225069314,True,0.7551131322670004,2.127852238486299
1,incongruent,899,14089,184,387,9,0.013215116606423818,0.026705153004954737,0.013490036398530919,0.007650148302550524,True,0.7172601720839098,2.0488121211069377
1,incongruent,984,15610,439,696,31,0.028202449091617874,0.04481327615458423,0.01661082706296636,0.007619346125216769,True,0.48033627495134645,1.6166179389176338
1,incongruent,1018,14571,1351,2663,218,0.09252443802826764,0.08107306763719696,-0.011451370391070678,0.005749290400817763,True,-0.1446619614869089,0.865314753389129
1,incongruent,1054,13655,364,541,66,0.02675443270532084,0.1142347346798613,0.08748030197454046,0.01300324875496517,True,1.5457396933178473,4.691440571127998
1,incongruent,1127,13380,548,983,129,0.040988925857745696,0.12619035459884492,0.08520142874109923,0.010402781880327911,True,1.217529656010083,3.378830541580477
1,incongruent,1182,17022,326,490,32,0.01925776888038214,0.0633076819549649,0.04404991307458277,0.010397194820969104,True,1.2360469267592062,3.4419801361715705
1,incongruent,1354,15397,944,1310,151,0.061255472589450854,0.11216186632929863,0.050906393739847774,0.008728292860389035,True,0.6606437981293629,1.9360383511362096
1,incongruent,1369,14585,515,687,40,0.03536423988916064,0.05734730486360417,0.02198306497444353,0.008619132996295121,True,0.5064773734600134,1.6594353160783364
1,incongruent,1478,11156,717,1243,142,0.06417764095920928,0.11102488229515789,0.046847241335948614,0.008991942622480717,True,0.5994558877178742,1.8211276328493942
1,incongruent,1488,12515,377,690,80,0.030212795026731368,0.11022400405896438,0.08001120903223301,0.011504922817221975,True,1.3803561146600116,3.9763174003101684
1,incongruent,1744,13350,467,808,107,0.035041784677376356,0.1262859811295243,0.09124419645214794,0.011358810403386843,True,1.3813395168892235,3.9802296430445128
1,incongruent,1941,33164,1447,2865,351,0.04363961653461697,0.12090037287758959,0.07726075634297262,0.006126977932172778,True,1.1032380473570877,3.01390942207956
1,incongruent,2046,16730,414,794,33,0.02483283134686857,0.04202321986193392,0.01719038851506535,0.006953389365464844,True,0.5438410685830641,1.722610837272656
1,incongruent,2090,12480,629,1113,99,0.0503876291354813,0.08673802533881537,0.03635039620333407,0.00843230180688369,True,0.5821777745011358,1.7899322581026313
1,incongruent,2143,12548,316,576,21,0.025296775294775035,0.03758198878161863,0.012285213486843593,0.007645277250115055,True,0.4085321453191515,1.5046076180726426
1,incongruent,2317,15640,778,1302,65,0.0497364947843182,0.049825756536537105,8.926175221890542e-05,0.006136948068466245,True,0.001887022823874318,1.0018888043718743
1,incongruent,2410,14217,517,917,75,0.036415626834509364,0.07959746099652758,0.043181834162018214,0.00878183846901747,True,0.827833140883063,2.288354821642208
1,incongruent,2553,14094,490,1046,78,0.03482485740637276,0.07304506263235515,0.038220205225982386,0.007959981200626876,True,0.781149748608096,2.1839818526197514
1,incongruent,2683,15395,666,1339,113,0.04327944229505161,0.08274237499419539,0.03946293269914378,0.007534280291934493,True,0.6901770909407188,1.9940686334668927
1,incongruent,2718,12025,388,834,117,0.03234745692659241,0.1337719269639243,0.10142447003733188,0.01147153339738541,True,1.5303257476971797,4.6196814278124
1,incongruent,2918,82181,5749,9506,315,0.06993832581065829,0.033233970261628415,-0.03670435554902987,0.0020366943388280623,True,-0.7827468515067606,0.45714856586095726
1,incongruent,3288,12422,846,1528,107,0.06800225071358466,0.06914383741314191,0.0011415866995572455,0.0067453066059222,True,0.017873763837427337,1.0180344555149425
1,incongruent,3403,12035,218,336,45,0.018269069435222145,0.12029179858838664,0.10202272915316449,0.016306103117272715,True,1.994438017104797,7.348072376333536
1,incongruent,3471,11063,775,1398,188,0.069926988181077,0.13072833532055322,0.06080134713947623,0.009141174764987875,True,0.6932771184407645,2.0002598926462225
1,incongruent,3497,13304,709,1526,80,0.05326635667180645,0.05224142128818321,-0.001024935383623242,0.005908275519030839,True,-0.020511249513588403,0.9796976752902158
1,incongruent,3605,12829,188,327,36,0.014816938616322693,0.10000245333029358,0.08518551471397089,0.015204765128581925,True,1.99985912718595,7.38801525511984
1,incongruent,3875,39456,2294,4409,233,0.05812420114937716,0.05277537997139448,-0.005348821177982674,0.0035441046562435237,True,-0.10220016529213227,0.902848814584112
1,incongruent,3988,17950,791,1459,57,0.044080022221982734,0.0394313258912802,-0.004648696330702536,0.005215852070902179,True,-0.11629736883892372,0.8902104630819002
1,incongruent,4193,26012,1053,1619,260,0.040499107944277676,0.15635456444482138,0.1158554565005437,0.008936241340068443,True,1.479527268318025,4.390869487098154
1,incongruent,4275,15023,462,725,37,0.03082436691806262,0.05077658048385621,0.019952213565793585,0.007940445815556618,True,0.5199313734863957,1.6819122219662483
1,incongruent,4344,13640,565,1096,84,0.04145180084497862,0.07507033853303433,0.03361853768805571,0.00792120066561042,True,0.6295963485850198,1.8768528320403994
1,incongruent,4398,14349,430,768,51,0.030045557395118567,0.06499250543960919,0.034946948044490625,0.00866264376796316,True,0.8082517118743882,2.2439814292129214
1,incongruent,4431,19475,1454,2843,189,0.07457296721196072,0.06607313516615931,-0.008499832045801403,0.004975694559640238,True,-0.1301586785570814,0.87795610705875
1,incongruent,4484,26279,316,400,11,0.012110719639628493,0.030273266408823836,0.01816254676919534,0.007980770200608037,True,0.9347303584822608,2.5465267158274836
1,incongruent,4790,12639,740,1207,87,0.0584955300213363,0.07087201539020942,0.012376485368873119,0.007492347416639099,True,0.20515790932376587,1.2277189179212835
1,incongruent,4969,18611,845,1382,123,0.04541143531514941,0.08719987176547934,0.04178843645032994,0.007573532904982072,True,0.6972023941130621,2.0081268941147496
1,incongruent,5058,28373,2427,4463,583,0.08545520481645345,0.12947290723614152,0.04401770241968807,0.005257778400907417,True,0.46480689828509125,1.5917067978968868
1,incongruent,5119,15018,289,428,28,0.01936336832759847,0.06315515716698536,0.04379178883938689,0.01102096815644416,True,1.227895765906721,3.4140380374105845
1,incongruent,5256,11783,722,1480,204,0.06120290545056549,0.13414992489092264,0.07294701944035716,0.008948075642279535,True,0.8656509528810039,2.3765526063325106
1,incongruent,5295,19221,464,863,47,0.02421789432065405,0.05400780142588081,0.029789907105226762,0.007505091378880675,True,0.8330416991691547,2.3003049455521363
1,incongruent,5336,13400,95,153,7,0.007280818162312829,0.04635616751785741,0.03907534935554458,0.014284523682047046,True,1.8912686721425054,6.6277718189761
1,incongruent,5356,15573,931,1481,261,0.0597345833805879,0.17097481459733177,0.11124023121674387,0.009763260486989668,True,1.177516782193616,3.2463029084589934
1,incongruent,5383,13328,884,1567,166,0.06623915269457092,0.10368106480217285,0.03744191210760192,0.007847852014682969,True,0.4889718332917665,1.6306387892476872
1,incongruent,5402,18022,735,1516,157,0.04080808242604925,0.10133037388788682,0.060522291461837574,0.0077324383262439254,True,0.9746817477410752,2.6503236052757555
1,incongruent,5573,67383,3944,7128,450,0.05852104226545609,0.06299669274687522,0.004475650481419131,0.0030040129542756497,True,0.07846102879620309,1.081621202260603
1,incongruent,5675,78539,2570,4411,240,0.03273473922897845,0.05431630649378913,0.021581567264810676,0.0034468385807336164,True,0.5289522297155038,1.6971531500677068
1,incongruent,5886,11690,1051,1941,222,0.08967950831067252,0.11227455953781454,0.02259505122714202,0.00752662098331503,True,0.24983921952232624,1.2838189870632726
1,incongruent,6003,12346,322,457,53,0.026192072962073258,0.10769084717202798,0.08149877420995472,0.01365345403131916,True,1.501209217396461,4.4871116846264645
1,incongruent,6181,13183,335,544,56,0.025518464725576603,0.09720194720241265,0.07168348247683605,0.01208949903654743,True,1.413795129979674,4.11152962161757
1,incongruent,6194,20831,235,252,10,0.011391822399995932,0.0413144686831989,0.02992264628320297,0.011215656486232423,True,1.3190519700188243,3.7398741832518536
1,incongruent,6474,15478,1719,3949,731,0.11080358700707243,0.1829467700038604,0.07214318299678796,0.00660192706264983,True,0.5860499911133852,1.7968767000418637
1,incongruent,6519,16094,784,1353,185,0.04871030554390863,0.13276387253758049,0.08405356699367186,0.009171120073568146,True,1.095188882696618,2.9897473416046907
1,incongruent,6591,18862,764,1045,90,0.04052915365600942,0.0839391178651909,0.04340996420918148,0.008448457290434625,True,0.7743692933223234,2.169223551864479
1,incongruent,6609,16379,75,108,8,0.004745299897786097,0.06437958387097212,0.05963428397318602,0.018709247270966886,True,2.669430757744025,14.431751691259818
1,incongruent,6786,13399,788,1628,155,0.058758740423037095,0.09343726927003684,0.03467852884699975,0.007359648591729221,True,0.5013896433849325,1.651013997975241
1,incongruent,6858,16795,616,1070,48,0.036719366674182935,0.045024915584604315,0.00830554891042138,0.006325138761080232,True,0.21257123256450905,1.2368542147250503
1,incongruent,6946,13679,765,1597,243,0.05588784779801006,0.14818686786724464,0.09229902006923457,0.008934426990345986,True,1.0780049234289122,2.938810546387411
1,incongruent,7097,12368,927,1557,154,0.07481349687830333,0.09691459635604342,0.022101099477740097,0.007717043650582922,True,0.2830100480509672,1.3271184967044567
1,incongruent,7109,14519,128,188,16,0.00898513746169345,0.07572261654455106,0.06673747908285761,0.016676262487620667,True,2.201222368730856,9.036052139000821
1,incongruent,7332,15655,1001,1771,75,0.06387638511071948,0.04253750524453308,-0.021338879866186405,0.005098671254965437,True,-0.42910258525025435,0.6510931332029415
1,incongruent,7522,17468,630,1162,93,0.03610833493771789,0.07837206964815249,0.042263734710434604,0.007803174323233703,True,0.8197811978052361,2.270003101530188
1,incongruent,7643,13941,1198,2102,393,0.08576150641141073,0.18290182507551092,0.0971403186641002,0.00863648298300805,True,0.8697114898244116,2.3862223047862474
1,incongruent,7652,20750,1288,2104,255,0.062028993108202146,0.11905708503005993,0.05702809192185779,0.0071531688972135245,True,0.7147273886224261,2.0436294896630596
1,incongruent,7735,20957,643,1215,200,0.030733416728286195,0.1588324133563825,0.12809899662809632,0.010288786183453249,True,1.7842478619137023,5.9550992058051815
1,incongruent,7862,15538,721,1371,157,0.04640810977430038,0.11157487691976886,0.06516676714546848,0.008479561951652927,True,0.9480071050779442,2.580561742997831
1,incongruent,8503,11181,919,1892,361,0.08199973101398388,0.1861799076862934,0.10418017667230951,0.009173212964179256,True,0.9404558437886434,2.561148635972104
2,all,163,47381,2892,2813,169,0.06101922842923238,0.059804412499917796,-0.0012148159293145847,0.004554636729310936,True,-0.021402512785305472,0.9788248957308002
2,all,166,76760,2613,2527,119,0.034052605121187025,0.04710818796203154,0.013055582840844515,0.004212651675670183,True,0.3381482920698744,1.4023484451404993
2,all,182,37477,1000,977,27,0.02671898317906817,0.02887352938465526,0.0021545462055870893,0.005253788670910727,True,0.07976709157138329,1.0830347903661819
2,all,221,70349,1986,1932,101,0.028248439138884748,0.05213291933687933,0.023884480197994582,0.005013429972930572,True,0.6376442877726829,1.8920185741257214
2,all,335,79025,1950,1727,72,0.024694424645071652,0.0419080532119272,0.017213628566855547,0.004765566315618876,True,0.5467075952308238,1.7275558312338253
2,all,522,34774,306,269,5,0.008871272058904485,0.024196250896506545,0.01532497883760206,0.008422768831163073,True,1.0189624355661895,2.7703188879205283
2,all,569,25225,2448,2239,241,0.0969218725757851,0.10597360882923729,0.00905173625345218,0.006676984861196694,True,0.0993586476635433,1.104462341373106
2,all,677,29777,1400,1444,130,0.04701777136000187,0.08823425028093763,0.041216478920935766,0.007403660559080284,True,0.6736827204989542,1.9614474988630861
2,all,878,22251,1563,1376,152,0.07017957778249709,0.10767862389906468,0.0374990461165676,0.008342822465615242,True,0.4692588506570492,1.5988087979040726
2,all,899,28083,418,397,10,0.01495922713892497,0.02832395871118522,0.01336473157226025,0.007752038354817291,True,0.6520403107121484,1.9194531172715166
2,all,984,31010,885,786,23,0.02857879077555068,0.030655695585069056,0.002076904809518377,0.005984325558835434,True,0.07229390551461146,1.074971237614895
2,all,1018,30953,2995,3090,276,0.09665851745781398,0.08847725080409886,-0.008181266653715116,0.005327032650187416,True,-0.09745476804395237,0.9071433724969935
2,all,1054,27420,782,780,73,0.02856415895003624,0.0901152208814784,0.061551061931442164,0.00990173054934034,True,1.2143935855525476,3.3682508888770064
2,all,1127,27180,1193,1167,157,0.043901678172192746,0.13002208187028816,0.08612040369809541,0.009662076221479177,True,1.1801446750609002,3.2548450637357553
2,all,1182,33668,654,570,21,0.019478754863980326,0.03794531486144498,0.018466559997464653,0.007619381394936007,True,0.6858346819228252,1.9854283452604797
2,all,1354,30571,2074,2080,207,0.06780013977512786,0.09797445610560525,0.030174316330477388,0.00657751400305963,True,0.4010469313495002,1.4933873535391826
2,all,1369,28937,936,919,67,0.032380170976766105,0.0712688468762015,0.03888867589943539,0.008267168299031239,True,0.8299330416047934,2.293165188462486
2,all,1478,22988,1560,1552,132,0.06780571238947401,0.08357503518190461,0.015769322792430596,0.00707866219708907,True,0.2261594719201403,1.2537755913374427
2,all,1488,25214,810,840,108,0.03216462294647283,0.12285087856043464,0.09068625561396182,0.01096820220354984,True,1.438489062134959,4.214323423227664
2,all,1744,26596,1003,1002,92,0.037736584019318474,0.08917190237179094,0.05143531835247247,0.008802392578307294,True,0.914870023081527,2.496450749840872
2,all,1941,68239,3021,3080,297,0.044274150762473354,0.09543805277842178,0.05116390201594843,0.0052980452690096986,True,0.8230966855433808,2.2775417592367586
2,all,2046,33829,846,841,39,0.02505111232954423,0.046472172402113085,0.021421060072568856,0.007044895668097676,True,0.6401518969927218,1.8967689709268438
2,all,2090,25004,1407,1361,94,0.056249293937761465,0.06811037299389211,0.011861079056130645,0.006828439148738817,True,0.20398369979035813,1.2262781647021368
2,all,2143,25339,697,654,20,0.027558057953284257,0.0321132854078146,0.004555227454530342,0.006654646330824761,True,0.15767016658719601,1.170779968663337
2,all,2317,32302,1530,1571,97,0.047366289149045775,0.06119712082032767,0.013830831671281893,0.006042469858764167,True,0.27081431185096827,1.311031604748938
2,all,2410,28687,1020,1058,120,0.03558336521821452,0.10967666241379,0.07409329719557547,0.00938860829059326,True,1.2055970426631273,3.338751860422445
2,all,2553,28598,1197,1174,43,0.04186928069794132,0.03720301357507623,-0.004666267122865088,0.005505370944330027,True,-0.1230209894081793,0.8842451025846514
2,all,2683,31827,1544,1429,109,0.04851078087149454,0.07505510411329913,0.026544323241804592,0.006922019098453574,True,0.46473069857225324,1.5915855149168876
2,all,2718,24302,930,893,88,0.03829341414540849,0.0951486294638633,0.056855215318454805,0.009559346343559339,True,0.9711009637851564,2.6408503400123164
2,all,2918,167992,11838,12086,752,0.07045899746376694,0.06214463300659972,-0.008314364457167218,0.0022773337344812556,True,-0.13447131111702904,0.874177957705953
2,all,3288,25439,1644,1776,160,0.06458288386236032,0.0886180700062803,0.024035186143919987,0.0067999128579116445,True,0.34241685857470516,1.408347256796256
2,all,3403,24002,449,398,42,0.018784067156138978,0.097526481828629,0.07874241467249002,0.01381529993488165,True,1.7307681341494967,5.644988351824751
2,all,3471,22856,1658,1633,182,0.07247195787786384,0.10904962653402511,0.03657766865616127,0.007755745270395587,True,0.44883766853994045,1.566490345893629
2,all,3497,27741,1578,1582,68,0.05686233768941378,0.04316969701734482,-0.013692640672068962,0.005196945656384771,True,-0.28990822580190034,0.7483322420186695
2,all,3605,25372,379,379,29,0.015020339919085598,0.07236405131540392,0.057343711396318324,0.012319461515362574,True,1.6322860022633683,5.115555533793501
2,all,3875,81046,4856,5002,404,0.05990700646774321,0.08035082155463616,0.02044381508689295,0.0039086857598503895,True,0.3155953792568411,1.371075377837774
2,all,3988,37159,1683,1599,80,0.04529611578592359,0.04994426367214638,0.004648147886222795,0.005447681318351315,True,0.10256694334994698,1.108011473426943
2,all,4193,51755,2202,2061,271,0.04255306590775439,0.1289680868062061,0.08641502089845172,0.007322909401538947,True,1.203404760303654,3.3314403909472636
2,all,4275,30055,959,862,31,0.0319418752015727,0.03677897568270051,0.004837100481127815,0.0062643915979607775,True,0.14601774761416708,1.157216725704504
2,all,4344,27692,1241,1184,68,0.04482120329502819,0.05693693856985595,0.012115735274827753,0.0066732924011118164,True,0.2520283902542664,1.2866325645919845
2,all,4398,29061,897,878,28,0.030903256338283606,0.0329695727783894,0.0020663164401057907,0.005902364638764288,True,0.06685802266630114,1.0691436732303583
2,all,4431,41698,2890,3046,285,0.06927487380056518,0.09262290753209755,0.023348033731532367,0.00534405412391955,True,0.3158600898398185,1.3714383640413725
2,all,4484,51598,652,442,9,0.012679675001251346,0.023828759159280143,0.011149084158028797,0.006791300228333307,True,0.6422494095087052,1.9007516429753597
2,all,4790,25771,1527,1573,120,0.059224203432845145,0.07517243143191651,0.01594822799907137,0.006678282120320768,True,0.255551802932231,1.2911738978794163
2,all,4969,37707,1734,1700,146,0.04598917997389972,0.08449957787955742,0.038510397905657696,0.006707548074281147,True,0.6495445759142306,1.9146686442051482
2,all,5058,58330,5451,5518,640,0.09340098710799016,0.11520193593995307,0.021800948831962902,0.004439297427602025,True,0.2341254463035285,1.2638030216815597
2,all,5119,29998,606,539,30,0.02026004117576424,0.05482139752727802,0.03456135635151378,0.009297749107656668,True,1.0313433337357676,2.8048311293884067
2,all,5256,24246,1533,1572,132,0.06318623156598488,0.08255333648124472,0.019367104915259836,0.006978633277659016,True,0.288248228445076,1.3340884217197986
2,all,5295,38512,1030,994,44,0.026779794365108335,0.04447761739578238,0.017697823030674048,0.006388046242567402,True,0.52569060553428,1.6916266918284137
2,all,5336,26525,216,174,4,0.008238646695889147,0.02965270103713733,0.021414054341248184,0.010986234834376822,True,1.3025455836638664,3.6786490678825867
2,all,5356,31146,2054,1993,282,0.06591019817446442,0.1385790807661706,0.07266888259170617,0.007744535869602251,True,0.8241372848278543,2.2799130011040996
2,all,5383,27609,1929,1835,181,0.06981741331962513,0.09692324147806573,0.027105828158440606,0.006958062652534321,True,0.3576092300605378,1.4299067467186248
2,all,5402,36593,1588,1662,150,0.04340391523902744,0.0886774326285556,0.04527351738952816,0.006922924411825364,True,0.7629401066878319,2.144572231650037
2,all,5573,138565,8067,7925,482,0.05821334134488188,0.0607156456764389,0.002502304331557015,0.0027446404975938273,True,0.04474736959123682,1.0457636348399393
2,all,5675,160037,5366,5174,281,0.03353543910815563,0.0542301076082304,0.020694668500074773,0.0031610630636841625,True,0.5022788154116333,1.6524826862994535
2,all,5886,24577,2107,2168,269,0.0856319651626825,0.12188942462003398,0.03625745945735148,0.007149093522366487,True,0.3935162685004452,1.4821833964371998
2,all,6003,24540,625,520,40,0.025526635889566707,0.07372820643361563,0.04820157054404893,0.010851254751556367,True,1.111392474414501,3.038586604017982
2,all,6181,26506,718,652,44,0.02713802585085164,0.06572246553690256,0.03858443968605092,0.009307644017895989,True,0.924973571915277,2.5218016130907865
2,all,6194,40867,446,345,6,0.010971082373737086,0.022145121808273504,0.011174039434536417,0.00728568904531454,True,0.713716599459064,2.0415648547520635
2,all,6474,33217,4023,4547,720,0.12097164139345436,0.15681135112991088,0.03583970973645652,0.005644826138734401,True,0.3011137920127753,1.3513631071171515
2,all,6519,32381,1720,1620,145,0.0531070212804117,0.08791998214063804,0.03481296086022634,0.007010017934522103,True,0.5415763107914549,1.7187139553694926
2,all,6591,37343,1474,1274,97,0.03948612097107356,0.07478121889232829,0.03529509792125473,0.007258508534786961,True,0.6760557290220284,1.9661075574880702
2,all,6609,31773,168,109,0,0.0053729114416289385,0.017672612440103805,0.012299700998474866,0.009996935791803127,True,1.2030894321679577,3.330390059667808
2,all,6786,27849,1712,1685,133,0.06144295819686832,0.0777914614507362,0.016348503253867885,0.00656202151824891,True,0.2534946950720891,1.2885205439585632
2,all,6858,33978,1227,1189,55,0.03613352131224728,0.046334649834977704,0.010201128522730425,0.006021665153269726,True,0.25930900858532313,1.29603422866119
2,all,6946,28309,1735,1795,223,0.061257438143483035,0.1216015041479711,0.06034406600448807,0.007710630415396069,True,0.7521049791750087,2.121460951000955
2,all,7097,25481,1828,1942,249,0.07167967413678361,0.12565163995618459,0.053971965819400974,0.0075726348348205755,True,0.6212040675398196,1.861167664818471
2,all,7109,28513,271,234,12,0.009590138042541196,0.050527884416267356,0.04093774637372616,0.012679999906775747,True,1.7040027644181164,5.495902224271124
2,all,7332,32609,1863,1935,159,0.05711313007848064,0.0810691650076065,0.02395603492912586,0.006236712653586108,True,0.37600408904172244,1.4564530892563587
2,all,7522,35320,1374,1363,76,0.038917514358798797,0.05540105240682654,0.01648353804802774,0.006140349257651359,True,0.3704539952917667,1.4483920285822296
2,all,7643,28846,2589,2521,324,0.08965953812350985,0.1265211560407898,0.03686161791727996,0.006749701535381616,True,0.3857247023630881,1.470679740421918
2,all,7652,42443,2595,2659,290,0.06112069288971509,0.10762292269683543,0.04650222980712034,0.006050373424959799,True,0.616581341776008,1.852583852694313
2,all,7735,42102,1437,1546,228,0.03415209732180919,0.14351376476174146,0.10936166743993228,0.008779584900927933,True,1.5557750776450654,4.738758007530678
2,all,7862,31196,1605,1599,163,0.05144137261993788,0.09985401737401021,0.04841264475407234,0.007455010762301919,True,0.7156531746716062,2.045522329381392
2,all,8503,23488,2089,2256,317,0.08882715898769149,0.13795567678025394,0.04912851779256246,0.007394224595630788,True,0.4956659206833802,1.6415910445859996
2,congruent,163,24827,1492,586,29,0.060065090997840506,0.04935321189773442,-0.010711879100106084,0.008622300509644557,True,-0.2077579317452396,0.8124036700502043
2,congruent,166,39317,1428,455,16,0.03633932272299786,0.036760869871013416,0.0004215471480155525,0.00830612176391016,True,0.011971074422121752,1.0120430145136585
2,congruent,182,19245,521,95,0,0.02714166241579632,0.019358045319312164,-0.007783617096484157,0.01095692210504658,True,-0.34593072889494936,0.7075614989758543
2,congruent,221,35750,1032,549,32,0.028901503794432747,0.05722679133551488,0.02832528754108213,0.009416001248329439,True,0.7127306877160118,2.0395530438845006
2,congruent,335,40240,1038,319,26,0.02583064428087203,0.07592965333980159,0.050099009058929556,0.01354142822000114,True,1.1310427113146129,3.09888605964006
2,congruent,522,17650,153,56,2,0.008810960032969507,0.04232666011021251,0.033515700077243,0.018320673803963624,True,1.6038192797552275,4.971985611583644
2,congruent,569,12599,1227,1111,120,0.09713987443808282,0.10475119222409242,0.007611317786009597,0.009309819331359501,True,0.08390196057527799,1.0875222685245922
2,congruent,677,15409,739,287,28,0.04795964006194837,0.08855200900046808,0.04059236893851972,0.015240672419504898,True,0.6568031215459986,1.928616914767616
2,congruent,878,11448,765,535,60,0.06671999200814814,0.10531332545147751,0.03859333344332937,0.012745995966949659,True,0.4986670192531535,1.646525021093787
2,congruent,899,14234,210,21,2,0.014902621545060816,0.05976662969855935,0.04486400815349854,0.025590475134134632,True,1.4355227202373642,4.201840822071785
2,congruent,984,15918,462,129,3,0.029100141901961238,0.03149533842044447,0.002395196518483231,0.012611362824337566,True,0.08156653189665519,1.0849854013193057
2,congruent,1018,16674,1685,511,49,0.1008532940217572,0.09057716023685206,-0.010276133784905148,0.012183584186677318,True,-0.11882878685607645,0.8879598181400337
2,congruent,1054,14009,429,262,25,0.030702661584987783,0.08613994413637668,0.0554372825513889,0.015584888782027646,True,1.090517851316255,2.9758147031808124
2,congruent,1127,14032,667,227,36,0.047536853525916606,0.13431025868628432,0.08677340516036772,0.020036857393474536,True,1.1341720499387988,3.1085987126423955
2,congruent,1182,17097,327,97,5,0.0192341892871848,0.05018406008543492,0.03094987079825012,0.017188131768690357,True,0.9910735482120505,2.694125193691995
2,congruent,1354,15461,1061,838,83,0.0685398163363383,0.09543474027402933,0.026894923937691037,0.009985889244569057,True,0.3603268217124991,1.4337979342912222
2,congruent,1369,14616,448,259,27,0.03072742219718159,0.09313315314282572,0.062405730945644125,0.01620957309212384,True,1.1754249734653657,3.239519361115848
2,congruent,1478,12004,828,360,29,0.06886647884354131,0.07566283602823072,0.0067963571846894055,0.013034357518444676,True,0.1014433444464573,1.1067672121065781
2,congruent,1488,12963,419,189,39,0.0324002955671369,0.16634805039003075,0.13394775482289384,0.02341997586642545,True,1.784917221893595,5.9590866452571545
2,congruent,1744,13549,519,220,25,0.03835150072827986,0.09888143065352617,0.06052992992524631,0.01775992522295618,True,1.0121399547959697,2.7514827681751832
2,congruent,1941,35654,1592,308,33,0.044657576798728685,0.09699522045985506,0.05233764366112638,0.015363831572709569,True,0.8319797057928264,2.2978633336537335
2,congruent,2046,17386,449,62,3,0.025907065405262598,0.04825021226336761,0.022343146858105015,0.019057680122720782,True,0.6450890421900586,1.9061567500872767
2,congruent,2090,12771,744,285,24,0.05820647271198728,0.07759641658957833,0.019389943877591055,0.014450038781235068,True,0.30832789587586973,1.3611472303360734
2,congruent,2143,12970,367,101,3,0.028393312014291964,0.03684179356110955,0.008448481546817588,0.014695221213068436,True,0.26921266766972307,1.308933479281507
2,congruent,2317,16915,824,297,24,0.04871191190729842,0.07501663918476399,0.02630472727746557,0.013944211881438818,True,0.459827546238023,1.5838008290305834
2,congruent,2410,14795,505,169,38,0.03419333397239818,0.1763373780697083,0.14214404409731013,0.024961240700486404,True,1.7995710377908527,6.047052950785982
2,congruent,2553,14709,661,160,4,0.04495223342513298,0.031600920326356,-0.013351313098776976,0.011787686756709076,True,-0.36629712026001293,0.6932967780854784
2,congruent,2683,16638,831,172,17,0.049938906724850275,0.08509137207452797,0.03515246534967769,0.018204441474496,True,0.5706273430114801,1.769376709442588
2,congruent,2718,12485,536,104,23,0.04295794359063579,0.15527050140423243,0.11231255781359664,0.027921925152470058,True,1.409778065651635,4.095046471743024
2,congruent,2918,87361,6127,2807,183,0.07011816683893224,0.06481380794108231,-0.005304358897849928,0.004674504916657142,True,-0.08435137874212151,0.9191082442499622
2,congruent,3288,13192,863,265,13,0.06533497822993385,0.048874046318981706,-0.016460931910952145,0.01206212006458471,True,-0.30773933934803877,0.7351069064837008
2,congruent,3403,12225,235,83,11,0.019373254947250316,0.09579697793497935,0.07642372298772904,0.02422878990168745,True,1.6794756208800505,5.36274312316762
2,congruent,3471,12042,877,300,52,0.0726979083541821,0.15133303989338992,0.07863513153920781,0.018907356946653863,True,0.8217829143531448,2.2745515551410005
2,congruent,3497,14631,893,96,5,0.060978579825582746,0.050497818890456535,-0.010480760935126211,0.017372708360820326,True,-0.19969204377275895,0.8189829251388113
2,congruent,3605,12806,201,71,6,0.015856855914057492,0.06726354112854599,0.0514066852144885,0.021510867439494447,True,1.498665060234499,4.475710276933875
2,congruent,3875,42250,2653,707,56,0.06277072197452742,0.07662917757205479,0.013858455597527367,0.009646305112582602,True,0.21438619274300263,1.2391010942530294
2,congruent,3988,19498,876,201,13,0.04493811182949912,0.06068005294506308,0.015741941115563964,0.014714501792358732,True,0.31694876638717595,1.372932229845237
2,congruent,4193,26409,1157,525,103,0.04382122471395142,0.18011344292160736,0.13629221820765594,0.01587131716355332,True,1.5672475216505513,4.793436189907023
2,congruent,4275,15388,519,164,5,0.03378712962953275,0.03543341256025046,0.0016462829307177101,0.012304350196844038,True,0.04928058721438644,1.0505150704880972
2,congruent,4344,14287,635,148,7,0.04446235922951667,0.047544753481764394,0.003082394252247725,0.01468392230695594,True,0.07025951089695592,1.072786544931968
2,congruent,4398,14905,487,127,6,0.032739573058508886,0.04753658265101016,0.014797009592501277,0.015427258592909726,True,0.38833111842582646,1.4745179435247353
2,congruent,4431,22476,1614,277,25,0.07174271631411427,0.08235018252356835,0.010607466209454075,0.014964994775423011,True,0.1493874226678451,1.161122747352685
2,congruent,4484,25793,338,88,3,0.013190918830715681,0.03999388306970313,0.026802964238987453,0.015859941160357445,True,1.1367348247114752,3.116575568077592
2,congruent,4790,13350,828,406,33,0.06195618641657246,0.07676830553378698,0.014812119117214521,0.012442971335840115,True,0.23028083331078086,1.2589535163730843
2,congruent,4969,19479,885,378,33,0.04544232571704674,0.08163206455547517,0.03618973883842843,0.013094624964867484,True,0.6244281309496018,1.8671778708225815
2,congruent,5058,30681,2853,1254,148,0.09289582030711492,0.11463065032612742,0.021734830019012497,0.008926867201388116,True,0.23448897303322358,1.2642625313779785
2,congruent,5119,15294,301,125,11,0.01979931980760741,0.07450253078845688,0.05470321098084947,0.019085962949508654,True,1.3826114400711793,3.9852954103474976
2,congruent,5256,12698,861,128,7,0.06770730313347127,0.05249875864984087,-0.015208544483630404,0.0162096744264952,True,-0.2705859537620081,0.7629323202747631
2,congruent,5295,19647,536,158,8,0.027349113239167173,0.0499081910814599,0.022559077842292725,0.014629974251368858,True,0.6249676296196829,1.8681854825788566
2,congruent,5336,13382,116,27,0,0.008855968207099982,0.03383219260675507,0.024976224399655085,0.018872364812511148,True,1.3658435186102227,3.9190274307161013
2,congruent,5356,16021,1103,585,102,0.06876472869491879,0.16191958687966881,0.09315485818475003,0.014586650792663988,True,0.9618067848110301,2.616419512415024
2,congruent,5383,14559,1030,339,42,0.0706476622561122,0.11186859654375857,0.041220934287646366,0.015825583765181044,True,0.5049881414641879,1.6569658711552224
2,congruent,5402,18918,859,182,17,0.04541562374943674,0.08163159555929975,0.03621597180986301,0.017489008705435672,True,0.6250376217048221,1.8683162453523354
2,congruent,5573,72191,4277,1009,65,0.05923576408789893,0.06344861799922813,0.004212853911329202,0.00749017141573473,True,0.0731931058960047,1.0759382868821201
2,congruent,5675,82509,2747,879,52,0.03330481755981953,0.05840942574790325,0.025104608188083716,0.007658567555672104,True,0.5880878990188978,1.8005423030861967
2,congruent,5886,13170,1119,291,35,0.08478778502518507,0.10727546602366621,0.02248768099848114,0.01658054972145023,True,0.26012639377664204,1.2970940209173825
2,congruent,6003,12506,307,90,5,0.024668116373621044,0.052465973038630966,0.02779785666500992,0.01796550289723098,True,0.7835682100267833,2.18927012062793
2,congruent,6181,13564,369,125,9,0.027302492550588392,0.06391742346513614,0.03661493091454775,0.017802961536801585,True,0.8889834436451811,2.432655462557254
2,congruent,6194,20525,232,114,1,0.011417625438574365,0.022910818257518242,0.011493192818943877,0.011209272987424435,True,0.708145002406368,2.0302217070919477
2,congruent,6474,18022,2261,702,147,0.1251843293528792,0.19593693578571958,0.07075260643284037,0.014542168105800193,True,0.5323410632087999,1.7029142757402398
2,congruent,6519,16605,920,322,28,0.05537704246266706,0.08052153142131065,0.025144488958643588,0.013945520003138803,True,0.40133874166524786,1.4938232029639387
2,congruent,6591,19060,716,293,26,0.037600864772486635,0.08146040067697623,0.04385953590448959,0.014523487792079825,True,0.8197342208450773,2.269896466189649
2,congruent,6609,15950,82,17,0,0.005312673447775525,0.03801185968203182,0.0326991862342563,0.02113218840724912,False,2.001229345883591,7.398145390426323
2,congruent,6786,14629,923,116,10,0.06302867650536151,0.07267153932056235,0.00964286281520084,0.019402459320707496,True,0.1527048691440731,1.1649811063304747
2,congruent,6858,17434,626,157,3,0.035951471408666794,0.027503980182388744,-0.00844749122627805,0.011067742897656664,True,-0.27656363307990084,0.7583853592000651
2,congruent,6946,14833,938,264,40,0.06317247444749415,0.13135402993432466,0.06818155548683051,0.018730716318298875,True,0.8075910725172448,2.2424994563427867
2,congruent,7097,13350,985,452,69,0.07366042431461789,0.13969880470442628,0.06603838038980839,0.01541342596733543,True,0.7139813634241825,2.0421054591211742
2,congruent,7109,14342,145,57,1,0.010278871802687254,0.03370845194381456,0.02342958014112731,0.016364973983909844,True,1.2116157147472055,3.358907306708153
2,congruent,7332,17195,987,202,17,0.05736601371960816,0.07549260550144686,0.018126591781838702,0.01626609668545527,True,0.29399969914664714,1.3417834999868459
2,congruent,7522,18219,737,237,18,0.040479084234256085,0.07003565226298268,0.029556568028726596,0.014759004918466507,True,0.5795068925555582,1.7851579390101686
2,congruent,7643,15204,1315,542,77,0.08632968511133339,0.132152089019262,0.04582240390792862,0.01393288367629674,True,0.4772332531536858,1.6116093131710147
2,congruent,7652,22062,1392,641,88,0.06305162908625135,0.12919716674987528,0.06614553766362392,0.012729424369835929,True,0.7905983591803274,2.20471524325927
2,congruent,7735,21498,782,384,84,0.03641029923378607,0.1943919807732268,0.15798168153944075,0.018720401091460094,True,1.8540932460931374,6.385905180102248
2,congruent,7862,16046,874,304,31,0.0544431948587713,0.0926140754447903,0.03817088058601901,0.015197735957783993,True,0.5724893813109855,1.7726744259262033
2,congruent,8503,12522,1123,427,62,0.08947098410711969,0.1325543547621583,0.0430833706550386,0.015498555632513683,True,0.4415513268058944,1.555117844191783
2,incongruent,163,22554,1400,2227,140,0.0620317883834806,0.06243342748079969,0.00040163909731909253,0.005301998284202231,True,0.006882152121703733,1.006905888551948
2,incongruent,166,37443,1185,2072,103,0.03167503509573501,0.049641954503750724,0.017966919408015716,0.0047847800889543,True,0.46803643382427973,1.5968555811828586
2,incongruent,182,18232,479,882,27,0.02634650405400011,0.03175004225435062,0.005403538200350513,0.00581926654325661,True,0.19212367541389863,1.2118203800845957
2,incongruent,221,34599,954,1383,69,0.027609716851265512,0.04978245491822726,0.02217273806696175,0.005782967596488132,True,0.6125611370240218,1.8451510370175006
2,incongruent,335,38785,912,1408,46,0.02355364845754076,0.03331216819554977,0.009758519738009008,0.00473851730226494,True,0.35668619640165034,1.428587503608896
2,incongruent,522,17124,153,213,3,0.009078191295777064,0.021789606444839488,0.012711415149062424,0.008785803619916313,True,0.8884689678244682,2.431404242030595
2,incongruent,569,12626,1221,1128,121,0.09645660867216378,0.10405555868524773,0.007598950013083944,0.009220191778494312,True,0.08427744957644068,1.087930697850504
2,incongruent,677,14368,661,1157,102,0.046011313802676694,0.08602338546634287,0.04001207166366618,0.008208543546808788,True,0.6685786916047896,1.9514617196856057
2,incongruent,878,10803,798,841,92,0.07371259569157734,0.10501017525349678,0.031297579561919434,0.010488780857252118,True,0.38825577224195706,1.4744068484099928
2,incongruent,899,13849,208,376,8,0.015168248495380251,0.02508104811209269,0.00991279961671244,0.007517846003483479,True,0.5130246520490309,1.67033574653171
2,incongruent,984,15092,423,657,20,0.028110029435415358,0.03194942628179977,0.003839396846384409,0.006681231731008153,True,0.13198605939906072,1.1410924116424088
2,incongruent,1018,14279,1310,2579,227,0.09154531501802199,0.08703538980820534,-0.004509925209816648,0.005987545574678125,True,-0.05547139051993133,0.9460390889697308
2,incongruent,1054,13411,353,518,48,0.026421939651286294,0.08768818453564076,0.06126624488435446,0.011795087072550652,True,1.2645886242429407,3.541635493410044
2,incongruent,1127,13148,526,940,121,0.040042036730310634,0.12353971301209095,0.08349767628178031,0.010518847887552404,True,1.2176309472202096,3.3791728047486793
2,incongruent,1182,16571,327,473,16,0.01983984108317527,0.03544780777006921,0.015607966686893938,0.008044830970699803,True,0.5964213607533706,1.8156097482607145
2,incongruent,1354,15110,1013,1242,124,0.06695893634609927,0.09726979270416065,0.030310856358061383,0.00844388600121517,True,0.4064344219535885,1.501454675672874
2,incongruent,1369,14321,488,660,40,0.0341352448123702,0.05944065848975851,0.02530541367738831,0.008910871157896304,True,0.5811971328163339,1.7881778362875427
2,incongruent,1478,10984,732,1192,103,0.06653103800615277,0.08442243849416554,0.01789140048801277,0.00819218037710616,True,0.25751728195066903,1.293714168691566
2,incongruent,1488,12251,391,651,69,0.03199638940281846,0.10074725325200418,0.06875086384918572,0.011359756893357666,True,1.2206635523425526,3.389436055833885
2,incongruent,1744,13047,484,782,67,0.037147085797519165,0.0827832299506772,0.04563614415315804,0.009611030058283504,True,0.8498970084612032,2.3394059005046617
2,incongruent,1941,32585,1429,2772,264,0.04386153694963004,0.09415881728063875,0.05029728033100871,0.005598995525729575,True,0.8179838603104295,2.26592680418086
2,incongruent,2046,16443,397,779,36,0.024234305237615283,0.046305190343492585,0.022070885105877302,0.007331767322303712,True,0.67036363260548,1.9549480742633336
2,incongruent,2090,12233,663,1076,70,0.054162408121418204,0.06406574797727077,0.009903339855852566,0.007531025087505943,True,0.17844842255956683,1.1953612280109482
2,incongruent,2143,12369,330,553,17,0.026786425655692104,0.03247249083215766,0.005686065176465558,0.007275528729887814,True,0.19835774237672466,1.2193985463360135
2,incongruent,2317,15387,706,1274,73,0.04588928114801302,0.056827417217817526,0.010938136069804504,0.00654686129236929,True,0.22531778486239862,1.252720748634901
2,incongruent,2410,13892,515,889,82,0.03711919191732544,0.08922822183882148,0.05210902992149604,0.009367190210009906,True,0.932700524397239,2.541362931686803
2,incongruent,2553,13889,536,1014,39,0.03863222352910676,0.038993885277448286,0.00036166174834152687,0.006114794567416959,True,0.009694377188867787,1.0097415198799349
2,incongruent,2683,15189,713,1257,92,0.04694389719086356,0.07194156666583396,0.024997669474970396,0.007309998609559447,True,0.45348007735250917,1.5737795411008773
2,incongruent,2718,11817,394,789,65,0.033417684510250345,0.07975928193782812,0.04634159742757778,0.00941607529452371,True,0.9190590643878931,2.5069304197114217
2,incongruent,2918,80631,5711,9279,569,0.07081027114597908,0.06122605204969929,-0.009584219096279795,0.0026394339738464306,True,-0.15569304297089825,0.8558218505889531
2,incongruent,3288,12247,781,1511,147,0.06368572492895044,0.09525992749030997,0.031574202561359524,0.007715491364547802,True,0.4369522895143567,1.5479822203109852
2,incongruent,3403,11777,214,315,31,0.018329176916828303,0.08980075199924543,0.07147157508241714,0.014717520419479997,True,1.6646917042543166,5.284043950350732
2,incongruent,3471,10814,781,1333,130,0.0720752718455342,0.09522862302515339,0.023153351179619197,0.008232730268372101,True,0.3038378713511536,1.355049345959919
2,incongruent,3497,13110,685,1486,63,0.05222674721771346,0.04260344692383475,-0.009623300293878714,0.0054822313950396466,True,-0.21376198659540036,0.8075405676306099
2,incongruent,3605,12566,178,308,23,0.014333797029362343,0.06998614274677585,0.05565234571741351,0.013251751681093538,True,1.6437953587409688,5.174772406380717
2,incongruent,3875,38796,2203,4295,348,0.056768787578562165,0.08053100561328484,0.023762218034722678,0.004284949163656683,True,0.37517073026887404,1.4552398469004801
2,incongruent,3988,17661,807,1398,67,0.04570015720479148,0.047903725314042855,0.002203568109251375,0.005799559110549116,True,0.049403300444563314,1.05064399049568
2,incongruent,4193,25346,1045,1536,168,0.041244996750069964,0.10689635895405893,0.06565136220398896,0.00782219135429054,True,1.0232628802725707,2.7822581447738357
2,incongruent,4275,14667,440,698,26,0.030075050601623035,0.038104231623239455,0.00802918102161642,0.007072200717625585,True,0.24494199865320043,1.277547211597038
2,incongruent,4344,13405,606,1036,61,0.04521755848431757,0.058213690040436805,0.012996131556119235,0.00728009621945314,True,0.26634018062119136,1.3051789797720763
2,incongruent,4398,14156,410,751,22,0.02904610331306145,0.03071847695634118,0.0016723736432797329,0.006202509798870038,True,0.057703879521628476,1.0594012388560279
2,incongruent,4431,19222,1276,2769,260,0.0663193462480081,0.09284660418459284,0.02652725793658474,0.005738482885044975,True,0.3652899678515391,1.4409317714673109
2,incongruent,4484,25805,314,354,6,0.01225543678732158,0.021616564904144354,0.009361128116822775,0.007137322078965242,True,0.5770127280205308,1.7807110093816605
2,incongruent,4790,12421,699,1167,87,0.05623028394787658,0.07313955141705665,0.01690926746918007,0.007698954214289293,True,0.2809929856394522,1.3244443137727329
2,incongruent,4969,18228,849,1322,113,0.04657966709334431,0.08371904439506943,0.03713937730172512,0.007598257302421267,True,0.626035197310038,1.8701809620048084
2,incongruent,5058,27649,2598,4264,492,0.09385611125857961,0.1143793988761562,0.020523287617576588,0.005144726989681172,True,0.22066757233266454,1.246908854657698
2,incongruent,5119,14704,305,414,19,0.020858324614677366,0.04609891047766003,0.025240585862982664,0.00965311886508837,True,0.8191525452979902,2.268576506852099
2,incongruent,5256,11548,672,1444,125,0.058132540520084736,0.08490356366386385,0.02677102314377912,0.007496792235361499,True,0.40762559126779685,1.5032442280275384
2,incongruent,5295,18865,494,836,36,0.026257892111698725,0.043372587504697954,0.01711469539299923,0.006884776498873337,True,0.5195935267857075,1.681344089447462
2,incongruent,5336,13143,100,147,4,0.007801618474383263,0.0333436540836547,0.025542035609271437,0.012353545395854178,True,1.4786162810762784,4.386871282448455
2,incongruent,5356,15125,951,1408,180,0.06281091418120914,0.12434365302582058,0.06153273884461144,0.008820040812626394,True,0.7508316217239319,2.1187612920720134
2,incongruent,5383,13050,899,1496,139,0.06878411369120546,0.09104773227316704,0.022263618581961575,0.00760916274792583,True,0.3046096416717732,1.356095536485576
2,incongruent,5402,17675,729,1480,133,0.041267003045231065,0.08810525636025224,0.04683825331502117,0.007364194660004875,True,0.8085570190305429,2.2446666373956967
2,incongruent,5573,66374,3790,6916,417,0.057091349520469535,0.06017693744499557,0.003085587924526033,0.002985229635095097,True,0.055914352364411446,1.0575071068744977
2,incongruent,5675,77528,2619,4295,229,0.033792601078111974,0.05323128001620111,0.019438678938089135,0.00346119251337154,True,0.4747279886467335,1.6075768588510864
2,incongruent,5886,11407,988,1877,234,0.08639478222517231,0.1221194732995283,0.03572469107435598,0.007879329767364402,True,0.3859606119155703,1.471026728748647
2,incongruent,6003,12034,318,430,35,0.026536256796460482,0.0769933557866174,0.050457098990156914,0.0120704684128921,True,1.1184312981492792,3.0600501298966862
2,incongruent,6181,12942,349,527,35,0.02706717092689458,0.06435693299887711,0.037289762071982535,0.010185099168568867,True,0.9052040583781906,2.4724363929455913
2,incongruent,6194,20342,214,231,5,0.010635887664586351,0.027239396424776716,0.016603508760190365,0.00948833133532928,True,0.9573548254044257,2.6047972091623595
2,incongruent,6474,15195,1762,3845,573,0.1156716701521299,0.14736081835747092,0.03168914820534102,0.006231976276916901,True,0.2786203265864753,1.3213055840217347
2,incongruent,6519,15776,800,1298,117,0.05069666639220723,0.08813106853975076,0.03743440214754353,0.007873907007930631,True,0.5931970831092994,1.809765145713063
2,incongruent,6591,18283,758,981,71,0.04148009828019512,0.07084672675815187,0.029366628477956756,0.00806836047467838,True,0.5664216258919037,1.7619508380277404
2,incongruent,6609,15823,86,92,0,0.005604331536654454,0.019460021289403363,0.01385568975274891,0.011039647753321209,True,1.2588541489767557,3.521384193057363
2,incongruent,6786,13220,789,1569,123,0.05962323347098922,0.07717986183048658,0.017556628359497367,0.006914342959317756,True,0.27693950589160155,1.3190865716552345
2,incongruent,6858,16544,601,1032,52,0.036370150289658475,0.05021460256677555,0.013844452277117072,0.006751692474155798,True,0.33702866685676636,1.4007792191002038
2,incongruent,6946,13476,797,1531,183,0.05908678310026734,0.11663573500391476,0.05754895190364742,0.008286209562632305,True,0.7431617032488136,2.102572727539869
2,incongruent,7097,12131,843,1490,180,0.0693755519637692,0.1177824816545897,0.0484069296908205,0.008492111888431257,True,0.5827221845664234,1.790906980540404
2,incongruent,7109,14171,126,177,11,0.009064696328560759,0.058236757781189724,0.049172061452628965,0.015074719505145414,True,1.9110247286118867,6.7600124286568395
2,incongruent,7332,15414,876,1733,142,0.05679254973970101,0.080709321217446,0.023916771477744993,0.006687726779039131,True,0.3771327993550013,1.4580979309792919
2,incongruent,7522,17101,637,1126,58,0.03728723794606852,0.051290071318083275,0.014002833372014752,0.0065533545953958905,True,0.33349807130968623,1.3958423543912954
2,incongruent,7643,13642,1274,1979,247,0.09317338564981026,0.12238565483946375,0.029212269189653486,0.007662332335427663,True,0.3054590581954755,1.3572479157977129
2,incongruent,7652,20381,1203,2018,202,0.05898924162143589,0.09847950398047833,0.03949026235904245,0.006733230843804756,True,0.5553651578236636,1.7425771843025744
2,incongruent,7735,20604,655,1162,144,0.03183837518711666,0.11992980217588138,0.08809142698876472,0.00935468647462277,True,1.4216316272025011,4.143876188434218
2,incongruent,7862,15150,731,1295,132,0.04824735376392241,0.09936299575534768,0.05111564199142527,0.008295699213632825,True,0.7776416664276455,2.1763336878390382
2,incongruent,8503,10966,966,1829,255,0.08785444427726909,0.1363093712620615,0.04845492698479241,0.008332046744790354,True,0.4938306300976074,1.6385810109842371
3,all,163,46490,2844,2742,170,0.06115629784450269,0.06167867143697356,0.0005223735924708706,0.00467461919391704,True,0.009061898354175923,1.0091030816607145
3,all,166,75486,2569,2451,126,0.034044567328281095,0.05131972906957485,0.017275161741293753,0.004448230509049917,True,0.4284506573752007,1.5348776290538166
3,all,182,36948,1001,956,22,0.027128127042828173,0.0245744451387621,-0.002553681904066074,0.004918669182751401,True,-0.10148545165572331,0.9034943235930786
3,all,221,69111,1952,1880,115,0.028262614719088128,0.06073572004869449,0.032473105329606365,0.005452415253778432,True,0.7989807973067791,2.223273806708841
3,all,335,77592,1931,1673,68,0.024905557503182997,0.04091415061303483,0.01600859310985183,0.004784564026163382,True,0.5129387523391604,1.6701922713380235
3,all,522,34037,304,262,2,0.009004547671021025,0.015536373852330015,0.00653182618130899,0.0068594747236628935,True,0.5520672228525099,1.736839744119053
3,all,569,24267,2359,2113,256,0.09708086668864599,0.11900651267535584,0.021925645986709846,0.007193252335330886,True,0.22821667408818636,1.2563575160621798
3,all,677,29140,1397,1398,103,0.047940991518379494,0.07255242598710367,0.024611434468724172,0.006896386174993503,True,0.4405292539834824,1.5535292124945226
3,all,878,21551,1532,1293,137,0.07101880472747782,0.10322424384309686,0.032205439115619044,0.008439420714126938,True,0.40924170816539096,1.5056756105956937
3,all,899,27596,414,380,12,0.015078264762425237,0.03393479410114453,0.018856529338719293,0.008615496248575565,True,0.8305174240736171,2.2945056656342717
3,all,984,29982,851,745,19,0.0284252943008462,0.027275965033705024,-0.0011493292671411748,0.0058034037621321425,True,-0.04245573643516609,0.9584328882383372
3,all,1018,30313,2894,2997,316,0.0953706542372838,0.10423894796347144,0.008868293726187637,0.005773684455663168,True,0.09876651946172021,1.1038085516556948
3,all,1054,26905,777,748,63,0.02892455975419564,0.08137031618448205,0.052445756430286414,0.0096435130307739,True,1.0898405608181374,2.973799894540583
3,all,1127,26687,1201,1122,124,0.04501021895760329,0.10714651426721726,0.06213629530961397,0.009066959566807203,True,0.9345857803735713,2.5461585704247063
3,all,1182,32822,647,547,19,0.019767237172229498,0.03611670766279322,0.016349470490563723,0.007581759949167343,True,0.6195495308069625,1.8580908406122563
3,all,1354,29928,2029,2000,210,0.06775377018591146,0.10323415701329768,0.03548038682738622,0.006851272644310152,True,0.4599218618839567,1.5839502132733285
3,all,1369,28387,921,884,59,0.03247924063364203,0.06547553179891755,0.03299629116527552,0.008098726292937179,True,0.7357744486438067,2.087097716772785
3,all,1478,22593,1529,1518,136,0.06762020830262636,0.0879099086048668,0.02028970030224045,0.0073101421727071155,True,0.28440711033533894,1.328973859630106
3,all,1488,24674,810,796,89,0.03286712432101094,0.10706483278497991,0.07419770846396898,0.010598877523155487,True,1.2607835865222081,3.528185042728949
3,all,1744,25984,1008,956,64,0.038815557038341414,0.06575572304688641,0.026940166008545,0.007849054414227506,True,0.5555539651302701,1.7429062266691204
3,all,1941,67003,3008,3005,254,0.0448964222909187,0.0837644124494988,0.0388679901585801,0.005063562026238392,True,0.665196404670712,1.9448724658639933
3,all,2046,33218,842,821,34,0.025391083206503833,0.04188474032003342,0.016493657113529587,0.006785537541937387,True,0.5175917062243216,1.677981706844592
3,all,2090,24491,1381,1311,94,0.05636610545646221,0.07059739200487426,0.014231286548412055,0.0070607592828183146,True,0.24032143720165733,1.2716578427718532
3,all,2143,24950,675,638,28,0.027107469243200864,0.04425680573464732,0.017149336491446454,0.00782512132500796,True,0.5079842267344468,1.6619377265272697
3,all,2317,31778,1531,1532,69,0.04817752479325539,0.045155629479271465,-0.003021895313983926,0.005332972369887682,True,-0.06794748831192132,0.9343095344599098
3,all,2410,28008,1007,1022,112,0.03598130850170813,0.10596282226370304,0.0699815137619949,0.009401998774920263,True,1.1554520276945048,3.1754584883367687
3,all,2553,28132,1166,1152,59,0.04146219126366134,0.0510436560344467,0.009581464770785364,0.006419867219524627,True,0.21794552118700095,1.2435193203171702
3,all,2683,31302,1534,1369,107,0.04900429901520997,0.07681238941254917,0.027808090397339197,0.007137261479702346,True,0.479134984777271,1.6146770776745527
3,all,2718,23846,924,856,72,0.03877321726028055,0.08160078715656803,0.04282756989628748,0.00910711681232291,True,0.7896873758306295,2.2027076989403964
3,all,2918,164824,11603,11792,800,0.07038760485315661,0.06773541440875748,-0.0026521904443991273,0.0023922014861992094,True,-0.041256973789733475,0.9595825107074771
3,all,3288,25078,1636,1743,152,0.06519253720663147,0.08581805552593673,0.020625518319305258,0.006768975190683447,True,0.2971953896778765,1.3460782835572915
3,all,3403,23463,445,375,36,0.01904472629814117,0.08900593603004915,0.06996120973190798,0.01360608189281144,True,1.6159033206512898,5.03243177042881
3,all,3471,22324,1597,1556,182,0.07147005172032064,0.11424482167800605,0.04277476995768541,0.00808671099510984,True,0.5162272441312727,1.6756937256995161
3,all,3497,27320,1532,1553,88,0.056057175091257835,0.0563201694581431,0.00026299436688526773,0.005897691803382839,True,0.004959218453980618,1.0049715357307558
3,all,3605,24853,372,359,23,0.015052566531636493,0.061632024817782065,0.04657945828614557,0.011706114499182105,True,1.4580792115308134,4.297696629115605
3,all,3875,79631,4809,4865,365,0.06038108033813429,0.0746747615135384,0.01429368117540411,0.0038377266595250683,True,0.22779545756559783,1.2558284289560744
3,all,3988,36499,1659,1534,63,0.045457659946168794,0.041344136929557296,-0.004113523016611498,0.005096647154184814,True,-0.09915088215055068,0.9056060579252059
3,all,4193,50371,2151,1952,229,0.04270978672393647,0.1151174181640266,0.07240763144009013,0.007163591829750945,True,1.0701761820565783,2.9158931827825265
3,all,4275,29342,932,836,44,0.03179850350990238,0.05229915025548389,0.020500646745581504,0.007487599562196952,True,0.518962224223456,1.6802829875891696
3,all,4344,27145,1227,1146,70,0.04520814402961665,0.060388593753914886,0.015180449724298238,0.006960337070711181,True,0.3055499664000392,1.3573713063774089
3,all,4398,28672,881,867,32,0.030765126363017935,0.03766648003630176,0.006901353673283827,0.0063194155010054725,True,0.20953467294046613,1.233104129715684
3,all,4431,41121,2907,2965,240,0.07065852667927705,0.08024845267784671,0.009589925998569657,0.005094567972066001,True,0.13764135549774803,1.1475639089752099
3,all,4484,50632,641,424,7,0.012704444545471918,0.02062595060079417,0.00792150605532225,0.006447273237526992,True,0.492653924842382,1.6366540180711917
3,all,4790,25324,1500,1523,114,0.059203956884638156,0.07376924491500686,0.014565288030368703,0.006724905147453001,True,0.23555650236013115,1.2656128893522636
3,all,4969,36961,1755,1630,96,0.04748328593662723,0.058482863947140216,0.01099957801051299,0.005805957600555519,True,0.2199711189357929,1.246040743084999
3,all,5058,56753,5376,5285,618,0.09467367655414123,0.11611083067948848,0.021437154125347246,0.004548840665875885,True,0.22807295339493772,1.2561769644638145
3,all,5119,29342,618,515,15,0.021120367365963753,0.031203321837204128,0.010082954471240375,0.0072686913196850925,True,0.40064062763420827,1.4927807079585917
3,all,5256,23720,1469,1543,146,0.06189330548304254,0.09276543469928461,0.03087212921624207,0.007401577023048571,True,0.4381247321978021,1.5497982051003079
3,all,5295,37765,1042,964,26,0.02762606194714121,0.0282746834921729,0.0006486215450316919,0.005235846266423945,True,0.023874499476447042,1.0241617769856002
3,all,5336,26008,217,167,1,0.008440626456859127,0.01759784994110158,0.009157223484242454,0.008653162402122966,True,0.7439982842879518,2.104332435983867
3,all,5356,30191,2026,1887,231,0.06706564182714328,0.11997811060106948,0.052912468773926205,0.00749407058253383,True,0.6400255071882561,1.8965292538167102
3,all,5383,27046,1909,1769,161,0.07053011457012022,0.08951100166693853,0.018980887096818305,0.0068453387724908546,True,0.2589543577136171,1.2955746704884046
3,all,5402,35829,1571,1624,123,0.04385446270076686,0.0746871451272222,0.030832682426455343,0.006487540476307777,True,0.5652097403936307,1.759816848695004
3,all,5573,136334,7898,7758,542,0.05792658180684311,0.06968439085852723,0.011757809051684123,0.0029473917510559992,True,0.19735928431573102,1.218181635646101
3,all,5675,157899,5344,5076,274,0.033850123373822615,0.053904557662693545,0.02005443428887093,0.0031823407739753323,True,0.4862479075983148,1.6262030943472234
3,all,5886,24004,2097,2094,229,0.08725583336928612,0.10754208203025205,0.020286248660965928,0.006911270404660593,True,0.23151408248997285,1.2605070775309022
3,all,6003,23949,603,492,43,0.025239079381156982,0.08286488255438022,0.057625803173223245,0.011725862287184611,True,1.2497552204880424,3.489488697573074
3,all,6181,25995,718,633,38,0.027670528519630533,0.05892399433568775,0.031253465816057216,0.008971624390881353,True,0.7885512893568065,2.200206653488805
3,all,6194,39877,434,333,11,0.010942748326571257,0.035433821336273603,0.024491073009702345,0.00928287171002028,True,1.2000635593395605,3.3203279538818493
3,all,6474,32582,3815,4431,851,0.11695389737452587,0.19000792708621494,0.07305402971168908,0.006115214086434515,True,0.5716389246892184,1.7711674841075893
3,all,6519,31684,1714,1557,107,0.05408433437672636,0.06790320370693856,0.013818869330212195,0.006374591626340543,True,0.24225538886551945,1.2741195472141804
3,all,6591,36234,1467,1186,74,0.04049996777502824,0.061656279508747726,0.021156311733719485,0.0068790827596399455,True,0.44256993078320894,1.5567027004464806
3,all,6609,30672,164,103,2,0.005435439066720702,0.03033904451496122,0.024903605448240516,0.013244270865126567,True,1.7448537126832067,5.7250639099223415
3,all,6786,27401,1692,1645,134,0.061717471570074296,0.08020629499208322,0.018488823422008922,0.0067270818133356265,True,0.28193663790444523,1.325694718530134
3,all,6858,33456,1223,1162,44,0.03657718863996317,0.03839117390154837,0.001813985261585202,0.005580468293139895,True,0.050287431560899876,1.051573308298726
3,all,6946,27856,1764,1731,177,0.0632904922626112,0.10032030814632102,0.03702981588370982,0.007237445952855697,True,0.5009674402420621,1.6503170818068236
3,all,7097,24914,1801,1871,248,0.07222642357178104,0.12975630908295435,0.057529885511173315,0.007811049152761101,True,0.6498666245554494,1.915285359941301
3,all,7109,27863,262,216,18,0.009491321591642317,0.07525703154030638,0.06576570994866407,0.015751349075610585,True,2.139234278013788,8.49293191372569
3,all,7332,32089,1880,1899,122,0.058565918620837834,0.06371400631688316,0.005148087696045328,0.005664855869667023,True,0.08973483646840918,1.0938841870511937
3,all,7522,34556,1351,1323,65,0.03911229535145671,0.049076316861039054,0.009964021509582345,0.005891586109171323,True,0.2373634360492307,1.2679018352833646
3,all,7643,28179,2551,2384,316,0.09043209913007937,0.13034253589775638,0.03991043676767701,0.0070142783957621024,True,0.41043683132517916,1.5074761541103596
3,all,7652,41642,2577,2564,270,0.06186329003104435,0.10390996215515746,0.042046672124113116,0.006067178818747126,True,0.5644526127311207,1.7584849469513582
3,all,7735,41388,1433,1502,200,0.03464409758365995,0.12967972474878578,0.09503562716512583,0.008534464632885739,True,1.4235759554255751,4.151941081719412
3,all,7862,30391,1594,1525,130,0.052440297226607945,0.08374636857081315,0.031306071344205204,0.007063629342567355,True,0.5017142118607754,1.6515499520443517
3,all,8503,22998,2109,2192,249,0.09158242618595941,0.11173595407216391,0.020153527886204503,0.006898144262094307,True,0.22133424368789312,1.2477404102300207
3,congruent,163,24369,1539,572,33,0.06311415229329824,0.05671122171974761,-0.006402930573550632,0.0092948625547556,True,-0.11378394484265275,0.8924507536421861
3,congruent,166,38658,1362,447,21,0.03525306513998455,0.04710120994906463,0.011848144809080079,0.009409197610090477,True,0.30210333650833565,1.3527010028858273
3,congruent,182,18979,500,93,2,0.02641755704945781,0.03228857302258331,0.005871015973125501,0.014108880818092842,True,0.20673314056210135,1.2296543831150912
3,congruent,221,35139,1013,535,33,0.02886314921642299,0.0602140201048191,0.03135087088839611,0.009752117780611226,True,0.768154777422966,2.1557846789079633
3,congruent,335,39467,1000,311,19,0.025374252619088006,0.058848672565213644,0.03347441994612564,0.012161904289494787,True,0.8761838999782072,2.401717004193769
3,congruent,522,17268,151,52,1,0.00888935116037491,0.035079269359504055,0.026189918199129143,0.017021030449708898,True,1.3995365061925766,4.053320842287117
3,congruent,569,12134,1171,1056,121,0.09625075982221712,0.1107733858364308,0.014522626014213683,0.009746682987342152,True,0.1567294986631098,1.1696791713241972
3,congruent,677,15063,731,279,13,0.04852704843755333,0.04684760450607327,-0.0016794439314800624,0.011525714034749274,True,-0.0369850090117021,0.9636905819150053
3,congruent,878,11078,761,501,53,0.06857546816625644,0.09923300883690002,0.03065754067064358,0.012792438891536851,True,0.403004401511041,1.4963134776893812
3,congruent,899,13998,208,20,1,0.015009955303734154,0.048436491757613324,0.03342653645387917,0.0233031824865961,True,1.2060649280060178,3.3403143789927485
3,congruent,984,15402,454,118,1,0.029553175642664097,0.022360988100227717,-0.00719218754243638,0.011013048387547388,True,-0.2862572513048085,0.7510693775151649
3,congruent,1018,16310,1595,502,55,0.0975978206221906,0.10259101902162895,0.004993198399438348,0.01295149318909989,True,0.05544382608755605,1.0570096390377746
3,congruent,1054,13746,410,249,19,0.02991089068047498,0.07050412073656306,0.04059323005608809,0.014518241012591939,True,0.9001940660776686,2.4600804830046963
3,congruent,1127,13755,608,219,28,0.04421946831282806,0.10977467053040402,0.06555520221757596,0.018630871709431764,True,0.9803183709203873,2.665304662364523
3,congruent,1182,16669,322,90,5,0.0194268700318674,0.0523929112959614,0.032966041264094,0.017926667132399567,True,1.0263114148767816,2.7907528966997512
3,congruent,1354,15111,1013,809,86,0.06695670052928206,0.10202352724062402,0.03506682671134197,0.010437153445322157,True,0.4594650364667978,1.5832267898080852
3,congruent,1369,14342,460,253,20,0.03214419767406166,0.07276876953392378,0.04062457185986212,0.014639456934053338,True,0.8599350531732748,2.363007218901602
3,congruent,1478,11798,812,352,37,0.06871251566946295,0.09631434083863945,0.027601825169176503,0.014632096723085922,True,0.3677723076098056,1.4445130968867979
3,congruent,1488,12684,419,179,32,0.033108665941948286,0.14429984361739304,0.11119117767544476,0.022549581239232404,True,1.5942644076623682,4.924705164039261
3,congruent,1744,13252,523,212,18,0.0395065349652423,0.07633173400085347,0.03682519903561117,0.016041956648967334,True,0.6977168531079734,2.0091602588474493
3,congruent,1941,35015,1643,297,29,0.04692461943869757,0.08882842877279488,0.04190380933409731,0.014994527039912225,True,0.6831270564747443,1.9800598202048674
3,congruent,2046,17073,439,61,5,0.025796204910107857,0.06454420996528065,0.0387480050551728,0.02192049347537907,True,0.9577096606999622,2.605721647151799
3,congruent,2090,12497,713,271,26,0.057007270541217916,0.0867675956687471,0.029760325127529186,0.015494573587773864,True,0.4521225913114879,1.5716446067418326
3,congruent,2143,12778,339,98,5,0.02663678011176685,0.04980624051762862,0.02316946040586177,0.017096464614637624,True,0.6499387064263904,1.915423422269267
3,congruent,2317,16642,808,284,13,0.048549542728506194,0.04617458346897193,-0.002374959259534265,0.011355472574366119,True,-0.05264830659335429,0.9487136101382924
3,congruent,2410,14462,535,159,30,0.03704179522125288,0.14827221703141996,0.11123042181016708,0.023793682821283156,True,1.5097460504583229,4.525581379056656
3,congruent,2553,14461,605,158,10,0.041863609368809465,0.058865997858498796,0.01700238848968933,0.015847749820483658,True,0.35875130455373805,1.4315407396349171
3,congruent,2683,16355,813,164,15,0.04970269901162004,0.07924317138192774,0.0295404723703077,0.017928749355662077,True,0.4980409182029226,1.6454944527024904
3,congruent,2718,12246,512,97,13,0.04184150503321941,0.09979271917235348,0.05795121413913407,0.023614664923165454,True,0.9315945952515099,2.5385539179221754
3,congruent,2918,85730,6108,2733,204,0.07122954706634244,0.07403205213530117,0.0028025050689587383,0.005027012513993658,True,0.04161241445010333,1.0424903462437516
3,congruent,3288,13013,889,259,24,0.0682165542974746,0.08379957369392825,0.015583019396453651,0.015549853968952714,True,0.2226059398011988,1.2493281662177058
3,congruent,3403,11942,205,79,10,0.01733049303810315,0.09137735426725738,0.07404686122915423,0.02403829500453719,True,1.740873107585653,5.702319988655008
3,congruent,3471,11745,838,273,44,0.07122260659540532,0.13965889057998698,0.06843628398458167,0.019001197071071417,True,0.749932818327361,2.1168577977878846
3,congruent,3497,14398,820,96,8,0.056912482991900507,0.06917401600924887,0.012261533017348364,0.020088405823877817,True,0.2081973376336772,1.2314561582169146
3,congruent,3605,12546,205,67,6,0.01650039114584885,0.06922015825053456,0.052719767104685705,0.0221186930795259,True,1.4890025038026833,4.432671739814591
3,congruent,3875,41472,2565,691,56,0.06182752633927444,0.07823507691455993,0.016407550575285486,0.009837723687943712,True,0.2530130045670851,1.2879000253080048
3,congruent,3988,19143,884,192,7,0.046184659480785324,0.03933213482954976,-0.006852524651235564,0.012218613176850827,True,-0.16776447832988728,0.8455529572795625
3,congruent,4193,25705,1192,491,71,0.04637621743364203,0.13345097733313316,0.08707475989949112,0.014480683406128892,True,1.152697979613693,3.166725154511931
3,congruent,4275,15007,498,158,10,0.03324724755688622,0.058865997858498796,0.025618750301612578,0.015827899527291234,True,0.5981488987685593,1.818748993923966
3,congruent,4344,13990,649,144,11,0.046397377700868325,0.06763415218487831,0.021236774484009985,0.017458868732277956,True,0.3993918907068612,1.49091778095908
3,congruent,4398,14707,449,126,3,0.030605197532410887,0.031943787598189416,0.001338590065778529,0.012801457907538406,True,0.04418967755705827,1.0451805833878425
3,congruent,4431,22161,1561,272,13,0.07037425399068223,0.04782348103688411,-0.02255077295379812,0.011749485169096402,True,-0.4102790871288078,0.6634650597368067
3,congruent,4484,25284,337,86,0,0.013416050762115774,0.020465166997079353,0.007049116234963579,0.011543159230055507,True,0.4294430829555518,1.536401636982741
3,congruent,4790,13105,756,390,34,0.05764054219330602,0.08164614039435111,0.024005598201045093,0.01299620391534719,True,0.3739723780328603,1.453497001455946
3,congruent,4969,19082,902,362,20,0.04727194774418021,0.05415126426808803,0.006879316523907816,0.01105855479631924,True,0.1431111178985982,1.1538580088200445
3,congruent,5058,29833,2860,1193,132,0.09576435052377626,0.10745133169202811,0.011686981168251856,0.008895527602765603,True,0.12815648299422389,1.1367308678300878
3,congruent,5119,14930,314,116,1,0.021146441778076668,0.022609388772921155,0.0014629469948444877,0.011110498587250994,True,0.06838926794051092,1.0707820484844996
3,congruent,5256,12412,801,127,12,0.06444918483614241,0.07888721045848017,0.014438025622337758,0.019575820743889773,True,0.21769500528185715,1.2432078379663476
3,congruent,5295,19263,502,158,3,0.026132847839212266,0.027340100412565693,0.0012072525733534262,0.01097929586743858,True,0.04640186019726,1.047495273044467
3,congruent,5336,13131,98,25,0,0.007659741045509892,0.03448560448228954,0.026825863436779646,0.019245062047741512,True,1.531968838248897,4.627278222119738
3,congruent,5356,15515,1073,550,81,0.06907168923687142,0.13691393327302287,0.06784224403615145,0.01400923436015222,True,0.7598754205473839,2.1380098518081043
3,congruent,5383,14247,1030,321,33,0.07218696967540628,0.09368018259008457,0.02149321291467829,0.014987200346849354,True,0.2840651076110077,1.3285194246629752
3,congruent,5402,18517,799,177,16,0.04316607687463045,0.07911804165771838,0.03595196478308793,0.01741381777064634,True,0.6441839823564814,1.9044323446390345
3,congruent,5573,71040,4180,988,75,0.0588302803350255,0.07420878594168483,0.015378505606659328,0.008125278665721011,True,0.2487006038844095,1.2823580425733054
3,congruent,5675,81415,2688,869,36,0.033027765149764195,0.04187451838065425,0.008846753230890056,0.006583789524647111,True,0.24651994291094992,1.2795647012080413
3,congruent,5886,12867,1134,286,23,0.0879334234239938,0.07447894883467596,-0.013454474589317839,0.01423258718387481,True,-0.18070734610447792,0.8346795951907109
3,congruent,6003,12211,339,88,8,0.027867167525913325,0.07281380365498626,0.04494663612907293,0.02105580663618648,True,1.007794392790192,2.7395519709827396
3,congruent,6181,13298,395,123,6,0.029791154396632935,0.04849552388012346,0.018704369483490524,0.015733925875281808,True,0.5067269474986658,1.6598495197371423
3,congruent,6194,19993,234,113,4,0.011819819417032746,0.039937867143371115,0.02811804772633837,0.014695015933930243,True,1.246414236967904,3.477849826804742
3,congruent,6474,17691,2062,681,154,0.11630898183700737,0.2108217755568627,0.09451279371985534,0.015126160384758702,True,0.7078781172417064,2.0296799433349215
3,congruent,6519,16229,898,313,17,0.05530401969210546,0.05323202930552423,-0.002071990386581228,0.01168424036890066,True,-0.0403762111985575,0.9604280473899348
3,congruent,6591,18490,716,284,22,0.03875547318071549,0.07203370432594884,0.03327823114523335,0.013911091928748164,True,0.6550955501012088,1.9253264737271234
3,congruent,6609,15383,82,17,0,0.005507242085474874,0.03788992265532794,0.032382680569853065,0.021088003545718464,False,1.9617251613233067,7.11158512015195
3,congruent,6786,14369,904,112,14,0.06284681587947989,0.09697011233873704,0.034123296459257144,0.02233154418646567,True,0.47079364068081864,1.6012645177220957
3,congruent,6858,17149,622,155,5,0.036313782970271,0.03684532045165577,0.0005315374813847709,0.01277934960043235,True,0.015082975249556707,1.0151972973701524
3,congruent,6946,14591,930,251,30,0.06366892261835876,0.10497276911759656,0.04130384649923781,0.017359477408547354,True,0.5451193879460181,1.724814292120219
3,congruent,7097,13042,944,432,69,0.07226214863742321,0.14529198112236721,0.073029832484944,0.015967420389971072,True,0.7804342134427273,2.182419695759409
3,congruent,7109,13997,130,51,6,0.009463780066963214,0.07884746760294381,0.06938368753598059,0.025031538948271977,True,2.192664102940416,8.959049178997427
3,congruent,7332,16906,989,200,13,0.05846012184015449,0.060864288802462224,0.0024041669623077327,0.014795556569198872,True,0.04285847516677421,1.0437901621683139
3,congruent,7522,17804,734,231,13,0.04125078074745278,0.05446924055162106,0.013218459804168282,0.013273445666802127,True,0.2918492272833997,1.3389011326592724
3,congruent,7643,14839,1354,516,78,0.09105998619415988,0.13976731348940638,0.0487073272952465,0.014576684646181639,True,0.4835366973053785,1.621800087215636
3,congruent,7652,21609,1339,617,65,0.06192350529323156,0.09995098606112401,0.03802748076789245,0.011600851541800456,True,0.520162363497485,1.6823007717628848
3,congruent,7735,21112,742,372,76,0.03518460479158462,0.18133805627278782,0.1461534514812032,0.01847390372676919,True,1.8040199316306635,6.074015579873146
3,congruent,7862,15661,866,290,30,0.05526667054532747,0.09340926849011869,0.03814259794479122,0.015551201656478076,True,0.5660321319807755,1.7612647025360937
3,congruent,8503,12245,1138,414,52,0.09270183679521804,0.11520087129611706,0.022499034500899018,0.014819297831185362,True,0.24239951046932795,1.2743031885997962
3,incongruent,163,22121,1305,2170,137,0.05896199179141153,0.06270044710292376,0.0037384553115122274,0.005366473237131262,True,0.06545615437541752,1.0676459246848402
3,incongruent,166,36828,1207,2004,105,0.03280019281530091,0.05225820845598114,0.019458015640680233,0.0049800428687454875,True,0.4860855908343438,1.6259391557447986
3,incongruent,182,17969,501,863,20,0.027952276514800787,0.024878717641960365,-0.003073558872840422,0.0052589242226567705,True,-0.1196428749420253,0.887237234794438
3,incongruent,221,33972,939,1345,82,0.027678438369414207,0.06037769391054654,0.03269925554113233,0.0064057806730563735,True,0.8141746007310315,2.257311719759649
3,incongruent,335,38125,931,1362,49,0.0244589399497183,0.036511722999005486,0.012052783049287186,0.0050280826773379346,True,0.4130695256532446,1.5114501068370667
3,incongruent,522,16769,153,210,1,0.00927097669353925,0.014816972278595384,0.0055459955850561335,0.007326625584024463,True,0.4744981850450882,1.6072074743435716
3,incongruent,569,12133,1188,1057,135,0.0976537058886156,0.12318390230048125,0.025530196411865644,0.010174112231988698,True,0.26095186092669365,1.2981651714611484
3,incongruent,677,14077,666,1119,90,0.04731409646584438,0.07867888388969087,0.03136478742384649,0.008026506374250153,True,0.542043160861625,1.7195165244252926
3,incongruent,878,10473,771,792,84,0.07346262779596799,0.10173288994996973,0.028270262154001746,0.010636002217879127,True,0.3565607487635307,1.4284083019211702
3,incongruent,899,13598,206,360,11,0.01530229700216364,0.03317173068773997,0.017869433685576332,0.00875288233265817,True,0.7920088849774438,2.2078272452487604
3,incongruent,984,14580,397,627,18,0.027319259165107496,0.030483483166970138,0.003164224001862642,0.006673802480661154,True,0.11285148302968517,1.1194656609534488
3,incongruent,1018,14003,1299,2495,261,0.09256279761598223,0.10319802656995467,0.01063522895397244,0.006490470667228484,True,0.12055171615014304,1.1281190814329738
3,incongruent,1054,13159,367,499,44,0.027986342857404704,0.0836207033481926,0.055634360490787904,0.011746832074230655,True,1.1535139976841782,3.169310314087286
3,incongruent,1127,12932,593,903,96,0.04586551603610437,0.10246489321825038,0.056599377182146006,0.009919663527116344,True,0.864959078868035,2.374908900028143
3,incongruent,1182,16153,325,457,14,0.02022946994058364,0.03275374430267444,0.012524274362090804,0.007870517136650367,True,0.49474210496755466,1.6400752172604105
3,incongruent,1354,14817,1016,1191,124,0.06848157799436208,0.10126153492874156,0.032779956934379476,0.008761307058769919,True,0.42696574202638393,1.5326001570489278
3,incongruent,1369,14045,461,631,39,0.03289139825681671,0.06053555886195142,0.027644160605134714,0.009165010340834487,True,0.6390205973602812,1.89462437020894
3,incongruent,1478,10795,717,1166,99,0.06631124184934434,0.08299047606661877,0.016679234217274436,0.008218088476372962,True,0.2423917010249439,1.2742932370387745
3,incongruent,1488,11990,391,617,57,0.032691611413639486,0.08822276130962961,0.055531149895990124,0.01098255657641034,True,1.0518681340544926,2.862994583033092
3,incongruent,1744,12732,485,744,46,0.03814208798626118,0.06073300346670265,0.022590915480441467,0.008567547531851962,True,0.4889358797626455,1.6305801630824073
3,incongruent,1941,31988,1365,2708,225,0.042682746341433646,0.08227925441440612,0.03959650807297247,0.005339257570144805,True,0.6985659309533196,2.0108669167511626
3,incongruent,2046,16145,403,760,29,0.025051676107391594,0.0389154939478074,0.013863817840415803,0.006845163236269551,True,0.4547738653713034,1.5758169959485067
3,incongruent,2090,11994,668,1040,68,0.055653582123728194,0.06437794605914283,0.00872436393541464,0.0076734339660680705,True,0.15490613802228248,1.1675483675630118
3,incongruent,2143,12172,336,540,23,0.027710308676005227,0.043158136238951865,0.015447827562946638,0.008395792683548394,True,0.4590821187552785,1.5826206602851869
3,incongruent,2317,15136,723,1248,56,0.04776768163025446,0.04502135528295718,-0.0027463263472972815,0.00597865251380603,True,-0.06209229701718533,0.9397961424073201
3,incongruent,2410,13546,472,863,82,0.03490560489916933,0.091780650010089,0.056875045110919675,0.009608618135604027,True,1.0274940670675154,2.794055339162319
3,incongruent,2553,13671,561,994,49,0.04106785213276666,0.049214699504368395,0.008146847371601734,0.006860321682806974,True,0.1894987645564825,1.208643630777572
3,incongruent,2683,14947,721,1205,92,0.04823588617610649,0.07492206756575187,0.02668618138964538,0.007592342426083038,True,0.46878444291421184,1.5980504905187
3,incongruent,2718,11600,412,759,59,0.035585173734867664,0.07542678034385171,0.039841606608984045,0.009359640812424862,True,0.7934225788046696,2.210950644241704
3,incongruent,2918,79094,5495,9059,596,0.06945696740562306,0.06566629407413047,-0.0037906733314925917,0.002746121365082326,True,-0.060186960247420096,0.9415884775122946
3,incongruent,3288,12065,747,1484,128,0.06184125372981358,0.08467618953787696,0.02283493580806338,0.007404593760790652,True,0.3389050489354455,1.4034100836047156
3,incongruent,3403,11521,240,296,26,0.020980709294177852,0.08077134854426338,0.05979063925008553,0.014408275038044238,True,1.4110353457069489,4.1001983299831855
3,incongruent,3471,10579,759,1283,138,0.07160342068289854,0.10473954479777896,0.033136124114880414,0.008707539715536606,True,0.41667819765738745,1.5169142878119435
3,incongruent,3497,12922,712,1457,80,0.05506474156910726,0.054615787384846896,-0.0004489541842603653,0.006159302329948212,True,-0.008661628721002401,0.9913757751144318
3,incongruent,3605,12307,167,292,17,0.013746630100028091,0.05637946499364954,0.04263283489362145,0.012256864608022102,True,1.4555004652409607,4.2866282372991975
3,incongruent,3875,38159,2244,4174,309,0.05878847136462049,0.0736375074035474,0.014849036038926906,0.0041881814440635715,True,0.241111023848823,1.2726623233343024
3,incongruent,3988,17356,775,1342,56,0.04466520791179944,0.042010813680489166,-0.002654394231310274,0.005573055466594903,True,-0.0640424417939256,0.9379651897606432
3,incongruent,4193,24666,959,1461,158,0.03890280483548983,0.10562911960474437,0.06672631476925454,0.007964347546856187,True,1.0708227346188077,2.917779070588142
3,incongruent,4275,14335,434,678,34,0.03035377816474484,0.04995869712122775,0.019604918956482913,0.008120787847030788,True,0.5187014350884271,1.6798448451761063
3,incongruent,4344,13155,578,1002,59,0.043957011144285796,0.05822850801804851,0.014271496873762717,0.007388267028699002,True,0.2962031382506445,1.3447432978895144
3,incongruent,4398,13965,432,741,29,0.031011777726659168,0.03983430493606281,0.008822527209403644,0.0070435306986860804,True,0.2595080038154993,1.2962921589534364
3,incongruent,4431,18960,1346,2693,227,0.07091437237168273,0.08345245211727513,0.012538079745592401,0.005585612049024601,True,0.17639086827921968,1.1929042359637572
3,incongruent,4484,25348,304,338,7,0.012083232770320355,0.025031374464765766,0.01294814169444541,0.007814616069552622,True,0.7415044054523765,2.0990910242981378
3,incongruent,4790,12219,744,1133,80,0.06082164705460206,0.06940234847495066,0.008580701420348606,0.007653342799310467,True,0.14115332856612017,1.1516012078105016
3,incongruent,4969,17879,853,1268,76,0.047710457855747894,0.059363285591924365,0.011652827736176471,0.006665618693931348,True,0.2308374592148028,1.2596544775807417
3,incongruent,5058,26920,2516,4092,486,0.09335462081919363,0.11768230672841502,0.024327685909221394,0.005302462521981907,True,0.2587825130006074,1.2953520519594284
3,incongruent,5119,14412,304,399,14,0.021211769802109978,0.0368592029383789,0.015647433136268925,0.008831120293883263,True,0.5686648199625748,1.7659076720144813
3,incongruent,5256,11308,668,1416,134,0.059010886485608316,0.0926222230632239,0.033611336577615586,0.007851157586117355,True,0.4871798536039704,1.6277193342425014
3,incongruent,5295,18502,540,806,23,0.029250444545722478,0.029958557379791806,0.0007081128340693278,0.0059080325611082,True,0.02464994997632397,1.0249562717533887
3,incongruent,5336,12877,119,142,1,0.009431913623533912,0.019714440556436983,0.010282526932903071,0.009705941980391455,True,0.7476870717701694,2.1121092057393054
3,incongruent,5356,14676,953,1337,150,0.06486250905580296,0.10926865923225468,0.04440615017645172,0.008576115739673235,True,0.5701905400973066,1.7686040093107533
3,incongruent,5383,12799,879,1448,128,0.06857454616140213,0.08669264992483347,0.018118103763431342,0.007570058928661309,True,0.2540913828398885,1.2892896178313695
3,incongruent,5402,17312,772,1447,107,0.04460565755756331,0.0728494661004756,0.028243808542912294,0.00686522972292529,True,0.5205427404667438,1.6829408019504841
3,incongruent,5573,65294,3718,6770,467,0.05693367666398983,0.06878467136306443,0.0118509946990746,0.003192686204780724,True,0.20173997152331857,1.2235298141496578
3,incongruent,5675,76484,2656,4207,238,0.03473722680077445,0.05644371503440235,0.021706488233627898,0.003592427686644592,True,0.5081763667531574,1.6622570819526368
3,incongruent,5886,11137,963,1808,206,0.0862493676293223,0.11169126425952083,0.025441896630198538,0.007746940277110325,True,0.2867341169740083,1.3320699915867729
3,incongruent,6003,11738,264,404,35,0.022628534381473026,0.08136291761806795,0.058734383236594925,0.01270167345726388,True,1.3416835693480267,3.8254785453488256
3,incongruent,6181,12697,323,510,32,0.025551504833950238,0.06110168379423762,0.03555017896028738,0.010088056427294222,True,0.9090076923615649,2.481858543878592
3,incongruent,6194,19884,200,220,7,0.010179396246885936,0.03544164659000834,0.025262250343122405,0.010980357585193576,True,1.2733752710687418,3.5728917112551613
3,incongruent,6474,14891,1753,3750,697,0.11742478081740887,0.18356200357641228,0.06613722275900341,0.006798230078591659,True,0.5246475873281304,1.6898632142203258
3,incongruent,6519,15455,816,1244,90,0.052778537005719654,0.07115832260456002,0.01837978559884037,0.007329685325691205,True,0.31839729998963007,1.3749224093870398
3,incongruent,6591,17744,751,902,52,0.04234429998958692,0.05700958585098534,0.014665285861398418,0.007608330503967868,True,0.3128178089073659,1.3672724034807657
3,incongruent,6609,15289,82,86,2,0.005540112147432977,0.03376649763784917,0.028226385490416193,0.014724633145552602,True,1.8362486106332003,6.272961744342791
3,incongruent,6786,13032,788,1533,120,0.06040563364961001,0.07706742885374324,0.016661795204133224,0.006989410449681282,True,0.2614904442657724,1.298864529908368
3,incongruent,6858,16307,601,1007,39,0.036898529203768425,0.03927774507118101,0.0023792158674125832,0.0061139249779376265,True,0.06495980926478673,1.06711613534029
3,incongruent,6946,13265,834,1480,147,0.06280087223230714,0.09720345140398241,0.034402579171675274,0.007824622669413656,True,0.47423581069796317,1.6067858396472792
3,incongruent,7097,11872,857,1439,179,0.07205724941775443,0.12115010279997569,0.04909285338222126,0.008741132900680784,True,0.5739252839400846,1.7752216421344948
3,incongruent,7109,13866,132,165,12,0.009695510802789612,0.06582377040305189,0.05612825960026228,0.01638157850380842,True,1.9736654084783543,7.197008175456132
3,incongruent,7332,15183,891,1699,109,0.05863918807643508,0.06356950302548982,0.004930314949054736,0.006113239504123344,True,0.08598182883262728,1.0897865254318544
3,incongruent,7522,16752,617,1092,52,0.036873561777076534,0.047637305816829345,0.01076374403975281,0.006429053969925072,True,0.2673601345207457,1.3065108812857171
3,incongruent,7643,13340,1197,1868,238,0.0895314871942214,0.12478757149870925,0.03525608430448786,0.007911358857799687,True,0.37151517192689876,1.4499298441641442
3,incongruent,7652,20033,1238,1947,205,0.06175411966594646,0.10347281168503718,0.04171869201909072,0.0069996852299838005,True,0.5616316280870208,1.7535312783157926
3,incongruent,7735,20276,691,1130,124,0.03412315983739374,0.10643603484041068,0.07231287500301695,0.00901255427202558,True,1.2153862749678561,3.3715961760233557
3,incongruent,7862,14730,728,1235,100,0.04941660177592825,0.07935127133591122,0.029934669559982967,0.007706014821078954,True,0.5055953707494765,1.6579723349031168
3,incongruent,8503,10753,971,1778,197,0.09005086389930153,0.10862389643358926,0.01857303253428773,0.007753641507727975,True,0.20813901014869174,1.231384332571061
4,all,163,45610,2791,2669,171,0.06117445025621436,0.06369636626309406,0.002521916006879704,0.0048033661855961815,True,0.04308775357679062,1.0440295081544717
4,all,166,74203,2551,2393,111,0.03439048780132042,0.046430575273606126,0.012040087472285708,0.004296581141995764,True,0.31272547135446604,1.3671461587215366
4,all,182,36409,993,945,27,0.02730999469930413,0.029809476456563445,0.0024994817572593156,0.0054190885409597725,True,0.09014656984107461,1.094334668409574
4,all,221,67878,1958,1825,92,0.028863996331836905,0.05033373800094244,0.02146974166910554,0.005070053726230089,True,0.5784364754109319,1.7832480976921883
4,all,335,76193,1906,1601,66,0.025034778981054873,0.04148905751628219,0.01645427853522732,0.0049185478983163776,True,0.5221845217499812,1.6857060920395377
4,all,522,33307,293,254,5,0.008872225545926116,0.025399963060748418,0.016527737514822304,0.008825894930860929,True,1.0686383403534796,2.911412446858607
4,all,569,23333,2299,1998,241,0.09839238712156075,0.11837501473257928,0.01998262761101853,0.007374434920423941,True,0.20730686916364105,1.2303600734226923
4,all,677,28519,1372,1353,95,0.04810832108774733,0.06921869246175773,0.021110371374010395,0.006858695560504867,True,0.38624268727216204,1.4714417276654466
4,all,878,20870,1484,1217,136,0.07103674040649283,0.10857767850050967,0.037540938094016846,0.008868931370699646,True,0.465519522538989,1.5928414910230637
4,all,899,27120,410,365,12,0.0151955510995638,0.035147916200676366,0.019952365101112566,0.008912951850151637,True,0.8590309231285422,2.3608717186095323
4,all,984,28996,825,711,22,0.028495443594099307,0.03235883007464133,0.003863386480542026,0.006427249932435502,True,0.13112737004545183,1.1401129883074241
4,all,1018,29682,2813,2902,334,0.0946710884656578,0.11365093256072804,0.01897984409507024,0.006069130815854561,True,0.2039105597766091,1.2261884779801944
4,all,1054,26407,763,715,61,0.02894026099114019,0.08226519129202366,0.053324930300883464,0.009892905621492403,True,1.1011938497311475,3.0077546884833035
4,all,1127,26205,1174,1075,125,0.044808698942086764,0.11245698919538319,0.06764829025329643,0.009444165474922071,True,0.9936231895031526,2.7010030107865908
4,all,1182,31986,641,530,13,0.020095990590659477,0.027066338347347972,0.006970347756688495,0.006699439171633351,True,0.3049092229443495,1.3565018581722765
4,all,1354,29292,2027,1926,166,0.06915393373742804,0.08496730424482164,0.015813370507393607,0.006422221921851993,True,0.2230657065786219,1.2499026978677936
4,all,1369,27832,906,856,52,0.03258811740494836,0.05987138209590541,0.02728326469095705,0.007890095180434022,True,0.6368585543465564,1.8905325357806324
4,all,1478,22201,1503,1483,138,0.06764350695500745,0.09119957724793012,0.02355607029292267,0.007508559868501234,True,0.3243886232641935,1.3831847404519846
4,all,1488,24128,801,765,80,0.033237359770479306,0.10022547634572,0.0669881165752407,0.010487908009170554,True,1.1755566764465035,3.239946043570219
4,all,1744,25369,978,923,71,0.03857503643980691,0.0750594193009662,0.036484382861159285,0.008469719748898085,True,0.7043617369127162,2.022555350438446
4,all,1941,65795,2968,2924,243,0.04511273709063594,0.08235762919636933,0.03724489210573338,0.005093084078142306,True,0.6416920141598523,1.8996924680672473
4,all,2046,32610,832,805,30,0.025557850547463058,0.03806540332782224,0.012507552780359182,0.00654647517371228,True,0.41127998020192535,1.508747716919467
4,all,2090,23967,1352,1277,89,0.05638888180275932,0.06866727479655063,0.012278392993791312,0.00706208430724383,True,0.21009826045480784,1.2337992876798491
4,all,2143,24560,674,623,24,0.027496648024018418,0.03941631905229398,0.011919671028275562,0.00749194752253141,True,0.3724482340453572,1.451283350130531
4,all,2317,31240,1498,1513,77,0.04795170333764794,0.05078027213633579,0.0028285687986878486,0.005657460782699961,True,0.060289068756483655,1.0621435346836603
4,all,2410,27329,974,998,115,0.03566891263496915,0.11119429987855023,0.07552538724358107,0.00970772105565831,True,1.2185556412177556,3.382298950699346
4,all,2553,27677,1140,1124,67,0.04120540874063266,0.05899120964224857,0.01778580090161591,0.00693661003675358,True,0.3775432961795193,1.4586965984169296
4,all,2683,30784,1516,1313,109,0.04924404464991973,0.08139758255428706,0.03215353790436733,0.007468873620069209,True,0.5369611418062843,1.7108000760205422
4,all,2718,23386,914,829,62,0.03910784524816715,0.07288170618320643,0.03377386093503928,0.008786070974629752,True,0.6582955849868792,1.931497454019445
4,all,2918,161659,11345,11549,840,0.07016987695582705,0.07259823704075147,0.002428360084924419,0.002490105313022185,True,0.03663655574712088,1.037315945800509
4,all,3288,24716,1628,1711,137,0.06582253613889785,0.07892064734233979,0.01309811120344194,0.006588977546651309,True,0.19560084196146654,1.2160414157409427
4,all,3403,22928,454,359,18,0.019879804728339907,0.04983538124970832,0.029955576521368415,0.010609453208641024,True,0.9500607798704834,2.585866823190199
4,all,3471,21805,1566,1491,164,0.07174919824089707,0.10745199984304099,0.035702801602143924,0.008042809539296465,True,0.4430892174212744,1.5575112852837436
4,all,3497,26903,1503,1525,97,0.05584904321548269,0.06298431490827237,0.007135271692789685,0.006251089227713024,True,0.1278193750585972,1.1363477314166615
4,all,3605,24334,368,344,15,0.01520927382880931,0.04431286279987305,0.029103588971063743,0.010207358720204054,True,1.0993681901538972,3.0022685617539437
4,all,3875,78214,4766,4747,341,0.06092493176308189,0.07152009697231015,0.010595165209228263,0.0038119720093622495,True,0.17168269213238485,1.187301033477157
4,all,3988,35832,1635,1478,63,0.04563404891499974,0.04285308571143749,-0.002780963203562248,0.0052723731450982905,True,-0.06578617093896,0.93633105767816
4,all,4193,49012,2140,1855,187,0.04366858676805897,0.09905511603761501,0.055386529269556034,0.006880038194118023,True,0.878707853390615,2.4077864823401276
4,all,4275,28650,922,803,32,0.03221696994002362,0.040460377135827646,0.008243407195804027,0.006769037027226172,True,0.2363841321342237,1.2666607818356619
4,all,4344,26605,1218,1103,66,0.045786487670279014,0.0591958728989137,0.013409385228634683,0.007023158818179528,True,0.2710152963033763,1.311295128199279
4,all,4398,28285,867,854,40,0.030691660251843268,0.04692809167005364,0.016236431418210375,0.0070515398777866315,True,0.4415179108384959,1.5550658792928342
4,all,4431,40531,2866,2902,247,0.07067577476839869,0.08431721203562725,0.013641437267228565,0.005257493769081613,True,0.19127083335412198,1.2107873292727709
4,all,4484,49687,630,400,12,0.012724880701106101,0.032495929178118166,0.019771048477012065,0.008239187505763268,True,0.9577847492849099,2.6059173144491496
4,all,4790,24887,1494,1476,95,0.06000086923846893,0.0636897195666115,0.003688850328142569,0.00640011466038217,True,0.0635961446568567,1.0656619385776542
4,all,4969,36208,1724,1576,98,0.04761469115159592,0.06163530545129343,0.01402061429969751,0.006041322277212406,True,0.272924511034653,1.3138010635982793
4,all,5058,55188,5294,5084,592,0.09587139567090244,0.11559613810492611,0.019724742434023668,0.004628643829374875,True,0.2091526793905083,1.232633181846957
4,all,5119,28678,614,501,15,0.021469510718375974,0.03199654192826345,0.010527031209887475,0.00744752897719221,True,0.4098102955679499,1.5065319622125184
4,all,5256,23207,1453,1511,122,0.06257066832500985,0.07941854843717151,0.016847880112161664,0.006993901685624614,True,0.25657122978291635,1.292490826361897
4,all,5295,37019,1013,934,39,0.02740008759768623,0.04216369589835103,0.014763608300664796,0.006414844637556214,True,0.44630927070820947,1.5625346380085994
4,all,5336,25498,213,158,2,0.00845297645593109,0.022868734447931235,0.014415757992000145,0.010029533177564939,True,1.0098974218302565,2.745319390734449
4,all,5356,29245,1964,1800,219,0.06711530975663127,0.11914666348576865,0.05203135372913738,0.0076429017414181635,True,0.6313334839764484,1.8801160129924082
4,all,5383,26498,1859,1695,170,0.07010326791145984,0.09840061543678968,0.02829734752532985,0.0072708854252189975,True,0.36998090676771866,1.4477069729939303
4,all,5402,35073,1512,1591,140,0.043119204621278454,0.08645627135884923,0.043337066737570776,0.006990863290278803,True,0.7420178509120952,2.1001690697891977
4,all,5573,134112,7713,7600,588,0.05750716494785572,0.0771247280087996,0.019617563060943886,0.0031128786072232755,True,0.31454863288762214,1.3696409605306223
4,all,5675,155755,5263,4990,321,0.033796124222585676,0.06412390672773711,0.03032778250515144,0.00347587167213016,True,0.6723629010638081,1.9588604499273372
4,all,5886,23448,2050,2014,230,0.08732074011269773,0.11216962142403178,0.024848881311334045,0.007161992368034502,True,0.2780280008442264,1.3205231724550732
4,all,6003,23360,595,470,37,0.025532667585065266,0.07506300995701545,0.049530342371950184,0.011439698659373311,True,1.1305345591954934,3.0973117541491555
4,all,6181,25491,728,610,26,0.02860800647560947,0.04314465294898085,0.01453664647337138,0.007890467417999827,True,0.4259497269044359,1.5310438028870317
4,all,6194,38894,428,319,8,0.011065129726815186,0.028923359003231338,0.01785822927641615,0.008570202054246223,True,0.9790739213393396,2.661989888056615
4,all,6474,31946,3686,4333,889,0.11524801229889732,0.20288839481417792,0.0876403825152806,0.006321294728969589,True,0.6698822790136152,1.9540072794315286
4,all,6519,30998,1678,1496,105,0.054120176535297965,0.06928390750002006,0.015163730964722094,0.006554435111782366,True,0.26316684168646143,1.301043769181318
4,all,6591,35131,1428,1116,69,0.04066143409932596,0.061086296217983165,0.020424862118657204,0.007048278930573904,True,0.4285279588531621,1.5349962819489953
4,all,6609,29597,166,99,0,0.005700233510366454,0.018873247874108646,0.013173014363742193,0.010639056429025386,True,1.2105754010902867,3.355414806527458
4,all,6786,26942,1670,1618,134,0.06195223069535299,0.08150088264698577,0.01954865195163278,0.0068289430447705446,True,0.29531016557413414,1.3435430148573133
4,all,6858,32943,1198,1129,57,0.036388602945163336,0.05036080017051545,0.013972197225352118,0.006412547489108673,True,0.33956345379307296,1.4043343998747748
4,all,6946,27404,1760,1672,164,0.06418677125302176,0.096247927753234,0.03206115650021224,0.007229645227775529,True,0.4399911571014963,1.552693488139705
4,all,7097,24354,1776,1803,237,0.07285950367491176,0.12859700579949274,0.05573750212458098,0.007922102995580575,True,0.6301511135061986,1.8778943330212239
4,all,7109,27213,267,203,10,0.009901205136923502,0.04898972391139662,0.03908851877447311,0.013201744811918867,True,1.6392339421814288,5.151221866579238
4,all,7332,31581,1820,1853,150,0.05761040851544051,0.07985616625150227,0.022245757736061758,0.006326807515389992,True,0.3504126091389441,1.4196531896447022
4,all,7522,33789,1318,1290,63,0.039023984880596385,0.048803716464279445,0.00977973158368306,0.0059473303689991696,True,0.23385902514909596,1.2634663626700806
4,all,7643,27519,2519,2247,293,0.09143623887112438,0.1281222622603117,0.03668602338918732,0.007164539044226637,True,0.37855895867442024,1.4601788944722116
4,all,7652,40839,2560,2485,256,0.06266244614154755,0.10164264582364219,0.03898019968209464,0.006102964412277251,True,0.5261763996330342,1.692448673733413
4,all,7735,40681,1432,1467,177,0.035220971052925244,0.11762846720071352,0.08240749614778828,0.008281851670076619,True,1.2951752837093387,3.6516359903489684
4,all,7862,29589,1562,1482,121,0.052779845183251496,0.08026152873522578,0.027481683551974286,0.0070290718126649375,True,0.4486031970683353,1.5661230916539755
4,all,8503,22514,2091,2131,222,0.09274895683901845,0.1025454312613664,0.009796474422347948,0.006755532571891188,True,0.11126617439940567,1.1176923683592517
4,congruent,163,23899,1458,560,43,0.06097251201558524,0.07383193284798101,0.012859420832395767,0.010565000266865724,True,0.20515722879808074,1.2277180824273102
4,congruent,166,37979,1348,442,17,0.03551534831391439,0.03973531809043187,0.004219969776517479,0.008718242048999094,True,0.11666042894097606,1.1237377760682572
4,congruent,182,18708,526,93,3,0.02818654949009038,0.038897639944739056,0.010711090454648676,0.015380039470973161,True,0.3331716285545765,1.395386766133218
4,congruent,221,34522,1013,519,27,0.029379421860862984,0.051619025057824064,0.02223960319696108,0.009192595103128153,True,0.5867751590158039,1.7981802099239788
4,congruent,335,38720,978,289,14,0.025297052093882177,0.048433869697125834,0.023136817603243657,0.011421561224941834,True,0.6735350555350719,1.9611578831725809
4,congruent,522,16898,143,49,0,0.008615609294077772,0.02759744064104945,0.018981831346971678,0.015290781626224015,True,1.1834799120795432,3.2657188667576227
4,congruent,569,11676,1151,993,115,0.09830034488669448,0.11166731264332252,0.013366967756628045,0.010060698682043272,True,0.14243165961466486,1.153074276724253
4,congruent,677,14722,740,273,20,0.05025668117438372,0.06847660135434894,0.018219920179965217,0.013833934777078035,True,0.3287190523827679,1.3891875118357657
4,congruent,878,10717,778,478,47,0.07244898835413881,0.09234714072946097,0.019898152375322165,0.012661133324088393,True,0.2643578397485582,1.3025942329054867
4,congruent,899,13778,202,18,1,0.01481950632936411,0.0499464125825219,0.03512690625315779,0.02378632697654324,False,1.2513128500204442,3.4949282635358956
4,congruent,984,14866,422,112,9,0.028474053072471257,0.06861631515269093,0.04014226208021967,0.018995704882880757,True,0.9217337455668471,2.513644634511204
4,congruent,1018,15960,1505,485,62,0.09411197837823254,0.11844336037244843,0.02433138199421589,0.013957481130270871,True,0.25717599064017094,1.2932727106247095
4,congruent,1054,13485,417,237,24,0.03100708659847082,0.08988264479084608,0.05887555819237526,0.016497710383036775,True,1.1269728399612888,3.0862996220030254
4,congruent,1127,13513,585,207,29,0.04331607874437519,0.11817593697683182,0.07485985823245664,0.01961479008567604,True,1.0851311007012958,2.9598278288088116
4,congruent,1182,16223,349,87,2,0.021619981393535447,0.03385495106087863,0.012234969667343183,0.014664473573370095,True,0.4610514863112929,1.5857404931074688
4,congruent,1354,14813,1025,776,68,0.06910505952569165,0.08459535108442408,0.015490291558732425,0.009812801373265507,True,0.2190315831941878,1.2448705930563388
4,congruent,1369,14066,464,245,17,0.033058238792834246,0.06498444559424398,0.03192620680140973,0.01405776574613317,True,0.7094522272911048,2.032877398843985
4,congruent,1478,11592,806,339,32,0.06941280500705775,0.08699166001879031,0.017578855011732564,0.014199917634224315,True,0.2448116556406621,1.2773807030966642
4,congruent,1488,12374,407,174,29,0.032972584171751904,0.13449141827497982,0.10151883410322791,0.02208002141685274,True,1.5167335154297827,4.557314458194783
4,congruent,1744,12926,516,201,18,0.03996195832757942,0.07949179408360128,0.03952983575602186,0.016642807639372044,True,0.7297728326384432,2.0746092706256833
4,congruent,1941,34358,1627,284,23,0.04735629133661632,0.0749138427354422,0.02755755139882588,0.014117417652596269,True,0.4879931047848256,1.6290436173275786
4,congruent,2046,16756,466,61,2,0.02789050002630439,0.04083951430238053,0.01294901427607614,0.017606518751362783,True,0.3947740151428385,1.4840487804718248
4,congruent,2090,12225,725,257,25,0.05924697484692465,0.08740565325600662,0.02815867840908197,0.015857774153506206,True,0.4192344132034638,1.520796807861459
4,congruent,2143,12587,338,96,5,0.02696380999022194,0.05059339223012424,0.0236295822399023,0.017278088935272426,True,0.6539094929700866,1.9230442802067067
4,congruent,2317,16348,809,279,16,0.049481847547773794,0.055655262272918796,0.006173414725145002,0.012457759475851827,True,0.12408671908846092,1.1321140426402476
4,congruent,2410,14110,519,153,34,0.03683568807108837,0.17037869806612493,0.13354300999503657,0.025453139059947266,True,1.6808111238119579,5.369909866870092
4,congruent,2553,14225,622,152,6,0.0437470753302286,0.042146296278819405,-0.001600779051409193,0.013714573721352923,True,-0.03895056299546651,0.961798256395822
4,congruent,2683,16060,838,162,13,0.05216406183408146,0.07112345995721042,0.01895939812312896,0.01711118976993104,True,0.33022904424694177,1.3912867582000452
4,congruent,2718,12017,505,89,6,0.04205808214592448,0.059385178120380536,0.017327095974456058,0.019069726256037856,True,0.36324651775847583,1.4379903056976122
4,congruent,2918,84076,5891,2665,194,0.07005080819214517,0.07221428508175029,0.002163476889605123,0.005030596331648249,True,0.03274622728493215,1.03328828559262
4,congruent,3288,12841,818,255,20,0.06362507453526281,0.07232811075459063,0.008703036219327817,0.014615875402097602,True,0.13754306939393945,1.1474511249323682
4,congruent,3403,11655,241,77,7,0.020831593562380596,0.07144378479841038,0.05061219123602978,0.021577132522429942,True,1.2855128817895687,3.6165223300844307
4,congruent,3471,11456,816,258,35,0.07110016717209923,0.11809243633124988,0.046992269159150654,0.018087220445888157,True,0.5592916515160407,1.7494328531875156
4,congruent,3497,14185,807,96,4,0.05685230739945804,0.04438317170445424,-0.012469135695003804,0.01629517952060357,True,-0.26073056012391405,0.7704884919734911
4,congruent,3605,12284,194,66,2,0.015964563740473715,0.039281050175140074,0.02331648643466636,0.016944393731097532,True,0.9243507175746175,2.520231387071601
4,congruent,3875,40707,2520,673,54,0.06188426506571323,0.07743207109376371,0.015547806028050483,0.009903879355197195,True,0.24084741918777874,1.27232688782706
4,congruent,3988,18783,872,188,8,0.04643175083195511,0.04405414557231953,-0.0023776052596355818,0.012966627752108462,True,-0.05505432564210011,0.946433730936727
4,congruent,4193,25004,1118,466,58,0.04472239348220488,0.11514864438693986,0.07042625090473498,0.013900239417447757,True,1.022331819233112,2.7796688981738815
4,congruent,4275,14661,511,149,5,0.03491416041088344,0.03806470949802447,0.003150549087141033,0.013136752477761374,True,0.08966497115732164,1.093807765161822
4,congruent,4344,13693,643,140,9,0.046965084053833456,0.05924546783509686,0.012280383781263407,0.01654632348745369,True,0.24525414553957203,1.2779460562271472
4,congruent,4398,14489,464,124,4,0.032097430004408074,0.037808752381880265,0.00571132237747219,0.013913272007414783,True,0.16968285392950522,1.1849289961480767
4,congruent,4431,21826,1554,269,29,0.07113174479028733,0.09624072021914255,0.02510897542885522,0.016206046800545194,True,0.3297227108705387,1.3905824815926437
4,congruent,4484,24783,317,83,2,0.012884194875373749,0.03476979596020471,0.02188560108483096,0.015023810119438059,True,1.0151684576704785,2.759828272460995
4,congruent,4790,12854,778,374,23,0.0604648417502207,0.05955652202258303,-0.00090831972763767,0.011475372732927789,True,-0.01610256506548291,0.9840263881483924
4,congruent,4969,18705,924,351,16,0.04939507543741571,0.046023196741668826,-0.0033718786957468855,0.010381864487529558,True,-0.07424599661118814,0.9284432718483658
4,congruent,5058,29001,2789,1135,132,0.09606221719513934,0.11261999423017176,0.016557777035032417,0.009284229833039772,True,0.17751041751717134,1.1942404988585609
4,congruent,5119,14564,296,114,5,0.020448854061982352,0.04550649552412957,0.025057641462147215,0.015577066302073462,True,0.825841844121328,2.283802562050305
4,congruent,5256,12136,794,123,10,0.06533441270616135,0.06992050711097653,0.00458609440481518,0.018682665163161017,True,0.07275883855911403,1.075471143467522
4,congruent,5295,18877,534,152,3,0.028357411536629157,0.028322996235020954,-3.4415301608203136e-05,0.011299661484932272,True,-0.0012497824677271119,0.9987509981851319
4,congruent,5336,12876,100,25,0,0.007970527509738527,0.034954724461482886,0.02698419695174436,0.019266571073343258,True,1.5058807588591279,4.508122451031685
4,congruent,5356,14995,1016,519,63,0.06767231814517954,0.11326023484342085,0.045587916698241304,0.013261262362210473,True,0.5651437191498916,1.7597006672331648
4,congruent,5383,13963,988,307,37,0.07065476454735548,0.10791427457851052,0.037259510031155046,0.01620976646541052,True,0.46444967002411364,1.5911382967938636
4,congruent,5402,18133,815,175,18,0.04495799957929885,0.0881025125510376,0.04314451297173875,0.01832178445315219,True,0.7190000799591587,2.0523799684140984
4,congruent,5573,69881,4130,970,81,0.059090517324235724,0.08129929686947923,0.022208779545243508,0.008537415582770234,True,0.3429534573872135,1.409103177056671
4,congruent,5675,80283,2714,854,62,0.033817219513863746,0.0708868675692459,0.03706964805538216,0.008484913276466841,True,0.7792375858022171,2.17980971392791
4,congruent,5886,12566,1150,277,30,0.09129479246267073,0.09691340297796094,0.005618610515290209,0.016177539002873245,True,0.06592636800426233,1.068148064396624
4,congruent,6003,11913,317,80,6,0.026727845205086406,0.06307052240018386,0.036342677195097456,0.02017044080830493,True,0.8966033245400626,2.451262810294515
4,congruent,6181,13033,392,119,4,0.030168426040093108,0.03883602523964461,0.008667599199551505,0.014282098006225324,True,0.26152981691310684,1.298915670650206
4,congruent,6194,19506,208,107,3,0.010788744897708253,0.035732010840207704,0.024943265942499453,0.014130812211707342,True,1.223082158127129,3.3976436869960964
4,congruent,6474,17340,2005,659,157,0.11537741594244058,0.22118963000621233,0.10581221406377175,0.015603276512831159,True,0.7782052620079072,2.1775606055969154
4,congruent,6519,15885,852,299,24,0.053614135485906884,0.07457400980465996,0.020959874318753076,0.013865209821784874,True,0.3523755124587358,1.4224425683483468
4,congruent,6591,17914,738,272,22,0.04122285829386631,0.07461406104604616,0.033391202752179855,0.0143688426448401,True,0.6287838398142096,1.8753284920065307
4,congruent,6609,14846,92,17,0,0.006380969488827782,0.038363907186067754,0.03198293769723997,0.02108969746567786,False,1.8265148241422455,6.212198283096728
4,congruent,6786,14115,889,111,8,0.06291574256689542,0.06332511030960852,0.00040936774271310705,0.01841802410937071,True,0.006922474271016998,1.0069464899800935
4,congruent,6858,16876,613,155,7,0.036370101528265884,0.046116579642690905,0.009746478114425021,0.014180807826598243,True,0.2475913150380098,1.2809363257926594
4,congruent,6946,14342,913,242,29,0.06359028339124188,0.10470420196124006,0.04111391856999817,0.01756311313220576,True,0.543577516456339,1.722156899343754
4,congruent,7097,12748,918,418,57,0.07189143887495639,0.1245211118115779,0.05262967293662152,0.015180062891298144,True,0.6076957590495344,1.8361954835449428
4,congruent,7109,13661,152,51,0,0.011303111875042514,0.027121724721972718,0.015818612846930202,0.015042895572511324,True,0.8913858116010456,2.4385066215925444
4,congruent,7332,16637,971,197,17,0.05832507147667615,0.07688886252260248,0.01856379104592633,0.016526859644611848,True,0.29623948427582913,1.3447921748515226
4,congruent,7522,17396,708,225,15,0.040727666318344256,0.06256978691421576,0.021842120595871505,0.01427526011293838,True,0.4524075964082517,1.5720925973018194
4,congruent,7643,14488,1361,486,70,0.09373630611262282,0.13274681010776787,0.03901050399514505,0.014641974430376245,True,0.3919573970026664,1.4798746629629513
4,congruent,7652,21182,1320,601,69,0.062274450301331385,0.10832447438201244,0.046050024080681054,0.012147260394657359,True,0.6039348905974644,1.829302763310378
4,congruent,7735,20737,739,366,63,0.03567666124610521,0.1534639837027201,0.11778732245661488,0.017388516983147088,True,1.5892430812852718,4.900038593378569
4,congruent,7862,15244,837,282,27,0.05487918410927195,0.08687214299967606,0.03199295889040411,0.01520914174042593,True,0.4937401560250243,1.6384327685930635
4,congruent,8503,11977,1169,403,41,0.09733801471974278,0.0943257440025669,-0.0030122707171758856,0.013763583341264995,True,-0.03476699678462225,0.9658304316379762
4,incongruent,163,21711,1333,2109,128,0.061358429353103816,0.06032144492906858,-0.0010369844240352352,0.0053603206349668205,True,-0.01814904333522227,0.982014658710592
4,incongruent,166,36224,1203,1951,94,0.033235354970858895,0.048170359613263915,0.01493500464240502,0.004862368946209259,True,0.3866986775392274,1.4721128437713935
4,incongruent,182,17701,467,852,24,0.026458546011626217,0.029519547277286656,0.003061001265660439,0.0057213533584064705,True,0.11262260210432551,1.119209465937256
4,incongruent,221,33356,945,1306,65,0.02836739861379948,0.04968260543965809,0.021315206825858614,0.0059408803928503295,True,0.5825960535989028,1.7906811059553984
4,incongruent,335,37473,928,1312,52,0.024803100824181776,0.04000948336467209,0.015206382540490313,0.005344420437133516,True,0.493863824116203,1.6386354029755255
4,incongruent,522,16409,150,205,5,0.009288809346048858,0.029889848663910083,0.020601039317861225,0.010414106004682658,True,1.189721970179174,3.2861674278188593
4,incongruent,569,11657,1148,1005,126,0.09821056007005075,0.12081786843108815,0.0226073083610374,0.01034139957614574,True,0.2325594226597989,1.2618254251542091
4,incongruent,677,13797,632,1080,75,0.04581634262006789,0.06825913084453586,0.02244278822446797,0.007665544771629631,True,0.4224717844036219,1.5257281696659066
4,incongruent,878,10153,706,739,89,0.06940294400260794,0.11475305378564772,0.045350109783039785,0.011526840704062086,True,0.5528129081948192,1.7381353630601744
4,incongruent,899,13342,208,347,11,0.015740910098965683,0.034174544963204635,0.018433634864238952,0.009028472317112235,True,0.7941240411486032,2.212502086938635
4,incongruent,984,14130,403,599,13,0.02860636614749445,0.02418283325360148,-0.0044235328938929674,0.006128959903913871,True,-0.1725297372716903,0.8415332635363892
4,incongruent,1018,13722,1308,2417,272,0.0951053303172551,0.1108995863872883,0.015794256070033194,0.006781529630944286,True,0.17124851666972596,1.1867856483935064
4,incongruent,1054,12922,346,478,37,0.026877914320159197,0.07397714078534966,0.047099226465190464,0.011334253528116395,True,1.0620618442473435,2.8923283761793415
4,incongruent,1127,12692,589,868,96,0.046414320658383,0.106369310545522,0.059954989887138994,0.010270721433068366,True,0.8942457420354946,2.445490562927175
4,incongruent,1182,15763,292,443,11,0.01864069464794126,0.027687593457393994,0.009046898809452735,0.007367560801116511,True,0.40489884630596196,1.499150847740631
4,incongruent,1354,14479,1002,1150,98,0.06911156664933053,0.08328440876113649,0.014172842111805958,0.008205284327029603,True,0.20188141713332408,1.2237028893106523
4,incongruent,1369,13766,442,611,35,0.03217955446660621,0.0564053229068502,0.02422576844024399,0.009007304939338876,True,0.5865821088684346,1.7978331044749134
4,incongruent,1478,10609,697,1144,106,0.06559403226267278,0.09032789541968148,0.024733863157008693,0.008589385958310871,True,0.3467884007046056,1.4145173828196813
4,incongruent,1488,11754,394,591,51,0.03359663342879245,0.08260522323990498,0.04900858981111253,0.010885273977658079,True,0.9516904696735717,2.590084419737684
4,incongruent,1744,12443,462,722,53,0.037183138060472305,0.07136429571531608,0.03418115765484377,0.009338332117900357,True,0.6880889984542722,1.9899091779111522
4,incongruent,1941,31437,1341,2640,220,0.042667101967686076,0.08250972691051076,0.03984262494282468,0.005412537425355492,True,0.7019972192323185,2.017778632095769
4,incongruent,2046,15854,366,744,28,0.023183312354294328,0.03842954140530342,0.015246229051009093,0.006868082507555763,True,0.5211249109075173,1.6839208455874897
4,incongruent,2090,11742,627,1020,64,0.0533686081639406,0.06188233913144514,0.008513730967504539,0.007605666132201195,True,0.15704651555354188,1.1700500381603132
4,incongruent,2143,11973,336,527,19,0.028166337936844806,0.03730907872240709,0.009142740785562282,0.00794188893120922,True,0.2905613736626167,1.3371779338397962
4,incongruent,2317,14892,689,1234,61,0.04627312766813827,0.04935651838823834,0.003083390720100068,0.006253490974849973,True,0.06774667411343671,1.0700941915799718
4,incongruent,2410,13219,455,845,81,0.03448363511761672,0.09254001037277204,0.05805637525515532,0.009742461112680921,True,1.0491698032529744,2.8552796899129858
4,incongruent,2553,13452,518,972,61,0.038550697045169224,0.06185368698608459,0.023302989940915363,0.007665989968064699,True,0.49733344310592464,1.644330718060134
4,incongruent,2683,14724,678,1151,96,0.0460549515845168,0.08156800130993844,0.03551304972542164,0.008040022744933152,True,0.6095399628771441,1.8395849267353392
4,incongruent,2718,11369,409,740,56,0.03604024102875271,0.07350126123443934,0.03746102020568663,0.009368321618741649,True,0.7523033106919956,2.121881745296602
4,incongruent,2918,77583,5454,8884,646,0.07028077039401273,0.07254065829290234,0.0022598878988896037,0.002891464345958461,True,0.03408266349779332,1.0346701326453602
4,incongruent,3288,11875,810,1456,117,0.06810354726033968,0.07901442235401877,0.010910875093679093,0.00729380865045569,True,0.16037842607786956,1.17395504214573
4,incongruent,3403,11273,213,282,11,0.01905502278757375,0.04061795235966457,0.021562929572090817,0.010693730272618576,True,0.7791064077143024,2.1795237894115447
4,incongruent,3471,10349,750,1233,129,0.07232243704748499,0.10187398984463784,0.029551552797152852,0.008775026863657179,True,0.37497607937241195,1.4549566107266956
4,incongruent,3497,12718,696,1429,93,0.05469186715820204,0.06435603157053146,0.009664164412329423,0.006662043103815398,True,0.17299155515086495,1.1888560653315252
4,incongruent,3605,12050,174,278,13,0.014612945968048423,0.046964220286705015,0.032351274318656593,0.011496026045849025,True,1.2008602603408263,3.322974316527145
4,incongruent,3875,37507,2246,4074,287,0.05986207245590825,0.07010409797361392,0.010242025517705665,0.004153645372447835,True,0.16889207711082133,1.1839923521531248
4,incongruent,3988,17049,763,1290,55,0.04476474068884327,0.042877875318579985,-0.0018868653702632868,0.005728364369308818,True,-0.045038165624077475,0.9559609962888405
4,incongruent,4193,24008,1022,1389,129,0.04258292927951113,0.0909269430617705,0.048344013782259374,0.0076545571912535575,True,0.8104165542308199,2.2488445573115032
4,incongruent,4275,13989,411,654,27,0.02946273636393557,0.041859843448164055,0.012397107084228486,0.0076101684250620225,True,0.36405641608234607,1.4391554033775817
4,incongruent,4344,12912,575,963,57,0.04454829964621806,0.05849679996661009,0.013948500320392035,0.007544565159439691,True,0.2871045318043044,1.3325635014626949
4,incongruent,4398,13796,403,730,36,0.02929578823504702,0.04919970324918336,0.01990391501413634,0.007809373868173281,True,0.5391615845238853,1.7145687384313324
4,incongruent,4431,18705,1312,2633,218,0.07006716986222995,0.0819820691194442,0.011914899257214243,0.005601756999735506,True,0.1699416375614886,1.1852356760575011
4,incongruent,4484,24904,313,317,10,0.012656951963013021,0.03424100065173024,0.021584048688717217,0.00934624489249324,True,1.0173203744115185,2.765773587740369
4,incongruent,4790,12033,716,1102,72,0.05944262202802234,0.0643941706026566,0.004951548574634264,0.007503555400917606,True,0.08528998828661116,1.0890328276764547
4,incongruent,4969,17503,800,1225,82,0.04571413428533937,0.06600901963947454,0.020294885354135178,0.007093795175427627,True,0.3888803546462807,1.4753280246296068
4,incongruent,5058,26187,2505,3949,460,0.09554388911905286,0.1154117935672597,0.01986790444820684,0.0053603933483716585,True,0.21113237962979614,1.235075843122794
4,incongruent,5119,14114,318,387,10,0.02264291782661522,0.028911626577269492,0.006268708750654273,0.007990497945535868,True,0.25083129036071705,1.285093258421326
4,incongruent,5256,11071,659,1388,112,0.05945913061141497,0.0792715179867945,0.019812387375379534,0.007436270344830798,True,0.3088796179477056,1.3618984125089058
4,incongruent,5295,18142,479,782,36,0.02647677099485302,0.04617112245032568,0.019694351455472662,0.007313504213975398,True,0.5765241692568508,1.7798412398964982
4,incongruent,5336,12622,113,133,2,0.009145071437414743,0.025558079284893932,0.01641300784747919,0.011282618956389861,True,1.0444416044542932,2.841811225792764
4,incongruent,5356,14250,948,1281,156,0.06644447198082236,0.11832801605073796,0.051883544069915605,0.009050653560896913,True,0.6342743323202154,1.885653287206357
4,incongruent,5383,12535,871,1388,133,0.06937771626831506,0.0937468192496312,0.024369102981316143,0.007977852548945256,True,0.3275667802744313,1.3875877116921789
4,incongruent,5402,16940,697,1416,122,0.04116998960330381,0.08453299777554306,0.04336300817223925,0.007390474719655739,True,0.7657118631110027,2.1505247091059863
4,incongruent,5573,64231,3583,6630,507,0.055775298289858485,0.07620233021358591,0.020427031923727426,0.003366856156787848,True,0.33393204778098085,1.3964482485931422
4,incongruent,5675,75472,2549,4136,259,0.03378581406088817,0.062400262993531797,0.02861444893264363,0.0037898709399793325,True,0.643590873841438,1.9033031445013158
4,incongruent,5886,10882,900,1737,200,0.08250559988990482,0.11279525212685752,0.030289652236952708,0.007904969665720452,True,0.34627876755452824,1.4137966815322682
4,incongruent,6003,11447,278,390,31,0.024414343543361142,0.07510357205902496,0.05068922851566382,0.012456194778012599,True,1.1770535144581276,3.244799349363981
4,incongruent,6181,12458,336,491,22,0.027075294895210617,0.04515223953341579,0.01807694463820517,0.008934268483926124,True,0.5301729763563183,1.6992262091571162
4,incongruent,6194,19388,220,212,5,0.011465005300901065,0.029128315564749336,0.01766331026384827,0.010155781947199833,True,0.950441097972373,2.5868504621881354
4,incongruent,6474,14606,1681,3674,732,0.11480209704435416,0.19669592721710186,0.08189383017274769,0.007014313023401747,True,0.6355271949052661,1.8880172321981756
4,incongruent,6519,15113,826,1197,81,0.05462682773422114,0.06668237114924358,0.012055543415022442,0.007264090146949443,True,0.2122496645645544,1.2364565459311918
4,incongruent,6591,17217,690,844,47,0.040104922671978314,0.05514539017263444,0.015040467500656123,0.007721876622892409,True,0.3342669888658736,1.3969160548239123
4,incongruent,6609,14751,74,82,0,0.005198071596128754,0.020745973217323594,0.01554790162119484,0.01182109882820286,True,1.399817021885133,4.054458021881247
4,incongruent,6786,12827,781,1507,126,0.060823763030899355,0.08218070611436334,0.02135694308346399,0.007242324552976535,True,0.3239426275459212,1.382567983525861
4,incongruent,6858,16067,585,974,50,0.03645456542227966,0.05112425416796927,0.014669688745689614,0.006994540667352857,True,0.3535341077555083,1.424091558689732
4,incongruent,6946,13062,847,1430,135,0.064763375402505,0.09244896609847496,0.027685590695969958,0.007796373740123691,True,0.385966296686461,1.471035091222343
4,incongruent,7097,11606,858,1385,180,0.07378709273153457,0.1264053156510189,0.05261822291948433,0.00905973583476484,True,0.5967973234235409,1.8162924780820793
4,incongruent,7109,13552,115,152,10,0.008667286838635707,0.060549935777887365,0.05188264893925166,0.016257000000937726,True,1.9976681510123528,7.371846009409953
4,incongruent,7332,14944,849,1656,133,0.05677465723180976,0.07912910795245455,0.022354450720644792,0.006777861988141383,True,0.3559761194175759,1.4275734565711857
4,incongruent,7522,16393,610,1065,48,0.037251600747737264,0.04522549577547885,0.007973895027741588,0.0063587911351168066,True,0.20228299528827565,1.224194400342592
4,incongruent,7643,13031,1158,1761,223,0.08866850083689858,0.12392229653466268,0.0352537956977641,0.00810352565873904,True,0.3742019487064576,1.453830720046177
4,incongruent,7652,19657,1240,1884,187,0.06303341097824959,0.09760021037880529,0.034566799400555695,0.006943589428397398,True,0.4748047067318675,1.6077001938003532
4,incongruent,7735,19944,693,1101,114,0.03478840999338865,0.1005398224271887,0.06575141243380006,0.008906109220887,True,1.1318221678167548,3.1013024481411673
4,incongruent,7862,14345,725,1200,94,0.050528574463500106,0.07681896446788142,0.02629039000438131,0.007710168630139769,True,0.4469926177626715,1.5636027563571768
4,incongruent,8503,10537,922,1728,181,0.08726650898735118,0.1027520452146568,0.015485536227305627,0.007679099278695089,True,0.18046368269246837,1.1977726208139547
5,all,163,44737,2764,2596,159,0.061764336827682724,0.06094126534006999,-0.0008230714876127365,0.004775173920707647,True,-0.014292456830644173,0.9858091954672035
5,all,166,72932,2579,2330,57,0.035373099984456605,0.025100754775925292,-0.010272345208531312,0.003268998812748118,True,-0.3536464603516638,0.7021231518534738
5,all,182,35878,980,932,35,0.027352178394490338,0.03824880938006069,0.010896630985570355,0.006135933514406907,True,0.3465825439685557,1.4142262248576103
5,all,221,66652,1988,1769,51,0.02984430824872347,0.02951050308411816,-0.00033380516460530807,0.004006607398672668,True,-0.011591921122559246,0.9884750063395243
5,all,335,74803,1889,1540,62,0.02527270048466013,0.04058393540767011,0.015311234923009977,0.00495924082445707,True,0.4894804334879619,1.631468343393641
5,all,522,32582,294,246,2,0.009100214427042884,0.016413428413188498,0.007313213986145614,0.007228058064016018,True,0.5972095755482112,1.8170414028775037
5,all,569,22467,2299,1861,186,0.10217558984162288,0.09824251248426961,-0.003933077357353265,0.00707652104230031,True,-0.043624871484134964,0.9573130055312369
5,all,677,27908,1363,1314,67,0.04883810684747572,0.05087099933477321,0.0020328924872974885,0.006056625313670551,True,0.04292167743593733,1.043856134159861
5,all,878,20213,1501,1140,80,0.07417805415529471,0.06902541409521251,-0.005152640060082203,0.00753198725602755,True,-0.07754362954060667,0.9253866493214769
5,all,899,26645,410,354,11,0.015466241001318203,0.03371824542563188,0.018252004424313677,0.008854089804152806,True,0.7980921743261726,2.2212990320570363
5,all,984,28051,797,681,23,0.02845784752951175,0.035026422800355124,0.006568575270843376,0.006805321204596173,True,0.2144626925598887,1.2391958888856829
5,all,1018,29042,2811,2826,272,0.09668509210460534,0.09519576779328932,-0.0014893243113160148,0.005726943514278763,True,-0.017171113733747134,0.9829754696405801
5,all,1054,25918,747,685,60,0.028869699315263675,0.08426159877321385,0.05539189945795017,0.010198491865360551,True,1.1298635680054026,3.0952341823432947
5,all,1127,25741,1211,1018,76,0.04704897879516931,0.07311278264804971,0.0260638038528804,0.008020683564555747,True,0.46854566954161214,1.5976689641644743
5,all,1182,31166,620,508,17,0.01995162992728323,0.03513063199685747,0.015179002069574236,0.007734238438929559,True,0.5813718211667918,1.788490237409713
5,all,1354,28659,1986,1859,162,0.06925135528122664,0.08586193356960536,0.016610578288378725,0.006560980456737714,True,0.2330055060714855,1.2623884301090642
5,all,1369,27283,909,825,36,0.033352619975468005,0.043979552589317114,0.010626932613849109,0.006959847576546988,True,0.2876429568472276,1.333281180213936
5,all,1478,21816,1492,1445,124,0.06833210034856536,0.0842358704212505,0.015903770072685133,0.007348987990700146,True,0.22645878768930627,1.2541509223113627
5,all,1488,23598,801,729,62,0.03398251708187509,0.08210741820285107,0.048124901120975984,0.009815720102995841,True,0.9332837410077879,2.5428455290576784
5,all,1744,24757,975,899,54,0.03940599571460175,0.05929718556874178,0.019891189854140026,0.007707800289128424,True,0.4295684405103408,1.536594248607536
5,all,1941,64599,2954,2848,222,0.045730919319366674,0.07730408636664098,0.0315731670472743,0.005016370186415172,True,0.5586181382914659,1.7482549837252435
5,all,2046,32007,822,789,29,0.0257270252372847,0.037626724686849675,0.011899699449564975,0.006572710772135522,True,0.3924616862837449,1.4806211360962036
5,all,2090,23450,1374,1243,47,0.0585652348906995,0.03832887696941035,-0.020236357921289153,0.005525624876433435,True,-0.44520514613851336,0.6406928268902281
5,all,2143,24177,675,602,15,0.027972947212504998,0.027165060490689202,-0.0008078867218157954,0.006384617276138079,True,-0.03013705620471585,0.9703125370810003
5,all,2317,30709,1474,1491,77,0.047999845026559636,0.05151155082889111,0.003511705802331476,0.0057351363754268815,True,0.07430387444453679,1.0771340692871465
5,all,2410,26678,967,958,106,0.036276087161808156,0.10677086590214897,0.07049477874034082,0.00972449790810903,True,1.1554880488324035,3.1755728740250073
5,all,2553,27229,1140,1095,55,0.04188242726700445,0.05012940226085773,0.008246974993853275,0.006521603029555214,True,0.18838610074417517,1.2072995646331752
5,all,2683,30275,1526,1255,84,0.050400477016632785,0.06603908425397016,0.015638607237337378,0.006950941625614282,True,0.2868518624757468,1.3322268460705569
5,all,2718,22927,898,807,60,0.03919342982675529,0.07245442035419102,0.033260990527435724,0.008873474525800376,True,0.6496797263220784,1.9149274299404107
5,all,2918,158539,11116,11311,879,0.07010653630389463,0.07754809538486532,0.007441559080970689,0.0025883224417643296,True,0.10891708300973812,1.1150698882690955
5,all,3288,24360,1590,1675,147,0.06522704174513688,0.08632125313656773,0.021094211391430848,0.006916140952020387,True,0.3030263497336514,1.3539501401978344
5,all,3403,22396,442,346,23,0.019816979316391068,0.06367005365640499,0.043853074340013926,0.012084705805873903,True,1.2129466141897716,3.363380650695491
5,all,3471,21284,1522,1442,168,0.0714402962698775,0.11362697702620053,0.042186680756323036,0.008363903496998995,True,0.5105556670797533,1.6662167995813169
5,all,3497,26484,1501,1501,77,0.05665595390194661,0.05118232982531298,-0.005473624076633626,0.005747237642300412,True,-0.10738832342894034,0.8981768221578385
5,all,3605,23818,367,329,10,0.015496517942950719,0.0333182861022726,0.017821768159321884,0.009080650727300174,True,0.7837591702880742,2.1896882241415088
5,all,3875,76825,4702,4618,324,0.06119345880653517,0.06986477844772429,0.00867131964118912,0.003824226279309095,True,0.14180079228675568,1.1523470692462532
5,all,3988,35162,1640,1432,47,0.04664448861840592,0.03348539103838445,-0.01315909758002147,0.004784008989196218,True,-0.34515405707231217,0.708111255517464
5,all,4193,47683,2123,1762,151,0.04452841046719494,0.08439867771903715,0.039870267251842215,0.006572334103362803,True,0.6820483090995042,1.9779249875505889
5,all,4275,27963,921,776,17,0.0329715618847034,0.023917609937926104,-0.009053951946777293,0.0053766589588713255,True,-0.3303495190377088,0.7186724998084558
5,all,4344,26056,1205,1074,62,0.046251861351128305,0.05720778344062555,0.010955922089497243,0.007004024769790762,True,0.2241419703071741,1.2512486469739075
5,all,4398,27901,880,839,22,0.031578525900551824,0.02778753976713463,-0.0037909861334171936,0.005566812692484692,True,-0.13179658049263177,0.8765192780653828
5,all,4431,39943,2947,2840,139,0.07373980179815857,0.04893235460156342,-0.024807447196595153,0.004210596234149428,True,-0.43653388304315044,0.6462725998328468
5,all,4484,48756,629,377,6,0.012947295129875986,0.020611414567231156,0.00766411943735517,0.006780044863781007,True,0.4727530840105252,1.6044051807712134
5,all,4790,24446,1460,1444,98,0.05969413826188765,0.06704635615986138,0.007352217897973724,0.006614509255559414,True,0.12400012673485827,1.1320160144650553
5,all,4969,35458,1752,1523,57,0.04940880932147425,0.03786747354673939,-0.01154133577473486,0.004926487417072401,True,-0.278104314340204,0.7572178287161732
5,all,5058,53654,5291,4886,476,0.09855387292222366,0.09679117736767139,-0.0017626955545522738,0.004394615302887251,True,-0.020000983979596043,0.9801977088117352
5,all,5119,28030,611,479,14,0.021858406449152656,0.03147963564789075,0.00962122919873809,0.007539395927865684,True,0.3746401962530368,1.454467997424803
5,all,5256,22702,1431,1477,112,0.06299325682345565,0.074697330348117,0.011704073524661351,0.006886666293155637,True,0.18298625142095792,1.200797898702517
5,all,5295,36274,1025,906,20,0.028292485149089157,0.02380489984858011,-0.004487585300509047,0.004969653135907008,True,-0.17731240707471052,0.8375180970698937
5,all,5336,24986,212,155,0,0.008586244314770767,0.01409749443749641,0.005511250122725643,0.007976011386667727,True,0.5014101472380128,1.651047850470741
5,all,5356,28335,1930,1704,181,0.06806951877233061,0.10413965098877052,0.03607013221643991,0.007415034776102004,True,0.4646769591257014,1.5914999862903272
5,all,5383,25938,1819,1640,177,0.07007564674188874,0.10570390321459447,0.03562825647270573,0.007613189201962981,True,0.45013281065613064,1.5685204878926247
5,all,5402,34323,1539,1566,84,0.044845381267539335,0.053436279744209905,0.00859089847667057,0.005680181368624517,True,0.18430425125240646,1.2023815935561295
5,all,5573,131927,7807,7427,396,0.059171482492405475,0.053277410267470154,-0.005894072224935321,0.0026747817157732035,True,-0.11117251795498628,0.8947843692432446
5,all,5675,153619,5304,4899,252,0.03453273629479908,0.05140044783544889,0.01686771154064981,0.003168602806584164,True,0.41536458682610133,1.514922960973941
5,all,5886,22881,2109,1954,133,0.09205119490228895,0.06744600848920625,-0.024605186413082708,0.005899186714706406,True,-0.3377565396584119,0.7133689438049984
5,all,6003,22773,606,452,14,0.026671268435309207,0.0331279452342281,0.006456676798918894,0.007945643506726366,True,0.22344599919667463,1.2503781170305464
5,all,6181,24991,707,586,33,0.028341342744673263,0.05554134402846729,0.027200001283794028,0.009039956832140244,True,0.7011987224859877,2.0161680855168997
5,all,6194,37921,429,306,2,0.01137518487185706,0.013749268270006953,0.0023740833981498923,0.006072979692931877,True,0.19195567654309187,1.2116168127291425
5,all,6474,31341,3682,4219,818,0.11734193692597739,0.19172299626957282,0.07438105934359543,0.0062828257431885816,True,0.5789924471159837,1.7842398088337146
5,all,6519,30294,1686,1460,73,0.05563943303214525,0.049934323400763245,-0.005705109631382002,0.005731203439585435,True,-0.11420663278147902,0.8920736051862921
5,all,6591,34035,1405,1059,54,0.041294374654355676,0.050846151715462855,0.00955177706110718,0.006641614784832321,True,0.21809132277660037,1.2437006406288436
5,all,6609,28551,163,96,1,0.005804104322750674,0.02557107336169248,0.019766969038941807,0.012462118790264983,True,1.502979138914621,4.495060552512563
5,all,6786,26489,1679,1586,110,0.06334894774528017,0.06854935257815153,0.005200404832871361,0.006396601552287514,True,0.08446326151734906,1.0881328671471981
5,all,6858,32424,1197,1104,48,0.03693965019084439,0.04374806604170936,0.006808415850864967,0.006073880248683085,True,0.1762565727982075,1.1927440450722842
5,all,6946,26950,1791,1619,117,0.06641392179898524,0.07136507332767575,0.004951151528690509,0.006454249394103288,True,0.07721936227804749,1.0802790228704744
5,all,7097,23784,1788,1752,197,0.07510519661970995,0.11019880293788234,0.03509360631817239,0.007542444570384257,True,0.422078222932341,1.5251278199876785
5,all,7109,26566,267,194,5,0.010142169181244496,0.03136978163902494,0.021227612457780445,0.010856118079810087,True,1.150821562995214,3.1607886302440913
5,all,7332,31058,1842,1822,108,0.0592861379677241,0.058909360447997085,-0.0003767775197270132,0.00558362823633062,True,-0.00677596133631253,0.9932469437258983
5,all,7522,33016,1283,1268,68,0.0388783565520594,0.05337921620678051,0.014500859654721109,0.006248713328031776,True,0.33218615918822314,1.3940123325633
5,all,7643,26838,2529,2149,236,0.09412368572055592,0.10805254137542572,0.013928855654869801,0.006834256272496752,True,0.15350343045704085,1.1659117867255497
5,all,7652,40033,2544,2416,243,0.06352357210441018,0.09924080094452206,0.035717228840111886,0.006125302829845539,True,0.4850245672184541,1.6242149107966173
5,all,7735,39980,1426,1433,164,0.035688115993660334,0.11163762880031598,0.07594951280665566,0.00819021436890629,True,1.2224754586963127,3.3955829636881187
5,all,7862,28823,1553,1436,95,0.05386856674146576,0.06540355295633679,0.011534986214871028,0.0065189944107662216,True,0.20629611958740623,1.2291171157651455
5,all,8503,22022,2069,2085,208,0.0938203063908025,0.0982395698004064,0.004419263409603913,0.006712674031665402,True,0.05091650405355619,1.0522350322553355
5,congruent,163,23440,1475,552,31,0.06288808390010718,0.055395837383413346,-0.007492246516693835,0.009342045424750292,True,-0.13481549538523163,0.87387713117815
5,congruent,166,37306,1379,435,10,0.03698500178633727,0.026318252773023847,-0.010666749013313423,0.0072230641649214155,True,-0.3512652689647653,0.703797033580666
5,congruent,182,18438,524,92,3,0.028490549013111786,0.03928722033902145,0.010796671325909661,0.015538026815891257,True,0.33250237431276775,1.3944532100490492
5,congruent,221,33888,1059,500,18,0.03128331986602007,0.03746342044767347,0.0061801005816534,0.008042422340678911,True,0.18668007351876614,1.2052416346481165
5,congruent,335,37998,992,277,19,0.026145049171829984,0.06487071032350568,0.038725661151675694,0.013337344901866234,True,0.9493139427186512,2.583936322751405
5,congruent,522,16522,147,49,0,0.009052100316688058,0.027720137717198876,0.018668037400510817,0.015372745209530782,True,1.138180604777074,3.121084709734964
5,congruent,569,11253,1138,908,99,0.10083147618719746,0.10504991188447357,0.004218435697276118,0.010227563304495271,True,0.04568754245869,1.046747295768386
5,congruent,677,14400,702,268,15,0.04875040696702152,0.054590615334303184,0.005840208367281663,0.012571746480594505,True,0.11930687858426214,1.126715630137301
5,congruent,878,10374,788,450,27,0.07579206191614532,0.05860475811224149,-0.017187303803903833,0.010666420231846432,True,-0.2756036604820311,0.7591137379193922
5,congruent,899,13542,207,18,0,0.015444374792346463,0.038160415423131686,0.022716040630785223,0.021016631673647118,False,0.9278965996288506,2.5291836928497493
5,congruent,984,14394,406,109,3,0.028297980167414038,0.03543349996272954,0.007135519795315504,0.014070503835171477,True,0.2322376852128043,1.2614195139652833
5,congruent,1018,15602,1536,472,46,0.09824528367274907,0.09162808926768175,-0.00661719440506732,0.012671257459140823,True,-0.07704070829493226,0.9258521629764258
5,congruent,1054,13227,398,228,19,0.03018069493054273,0.07574505748156493,0.0455643625510222,0.01552046806415161,True,0.9682925405332261,2.633444119281699
5,congruent,1127,13284,646,199,12,0.048630950197115524,0.05750260742997862,0.008871657232863095,0.01444002186312716,True,0.17693902927955296,1.193558318798017
5,congruent,1182,15789,316,83,1,0.020130872222210525,0.02811057881527701,0.007979706593066484,0.013618268556748197,True,0.34206839349261653,1.4078565824502105
5,congruent,1354,14492,1015,758,63,0.06994499494895952,0.08043322406765493,0.010488229118695416,0.00971112309620955,True,0.15105924498868406,1.1630655618467491
5,congruent,1369,13781,477,237,12,0.03467896195861825,0.050250576319736555,0.015571614361118306,0.012660478563665884,True,0.38715133911291133,1.472779363530456
5,congruent,1478,11382,792,332,37,0.06946701851856842,0.10128705917639282,0.0318200406578244,0.015321828708469291,True,0.41190041563450963,1.5096840879107076
5,congruent,1488,12105,432,163,22,0.035757243454503825,0.1106026474693638,0.07484540401485998,0.02082536832853656,True,1.2099901470797896,3.353451611095093
5,congruent,1744,12621,520,196,15,0.041239905703100245,0.06969009665222389,0.028450190949123648,0.015850146277743764,True,0.5547749709139067,1.741549041487217
5,congruent,1941,33705,1617,279,25,0.04797672791911991,0.08196978441950238,0.03399305650038247,0.014829316359511456,True,0.5719938136509408,1.7717961634461412
5,congruent,2046,16457,425,59,2,0.02591446841760123,0.04169158108060342,0.015777112663002187,0.017970331098400065,True,0.49182722495333886,1.635301555493408
5,congruent,2090,11943,709,249,9,0.05930895547426513,0.038750709013251616,-0.020558246461013514,0.011097625297023463,True,-0.4472302859581543,0.639396647249826
5,congruent,2143,12393,355,94,2,0.028749462787913432,0.03247410542506001,0.0037246426371465788,0.01412323340484819,True,0.12566620000532502,1.133903608086503
5,congruent,2317,16088,770,277,14,0.047865661179544,0.05022120977627171,0.002355548596727708,0.011923360669566396,True,0.05051611320193894,1.0518138113068038
5,congruent,2410,13770,508,142,34,0.03694734193840609,0.1800261134463049,0.1430787715078988,0.026732650806598868,True,1.74444380446396,5.722717640080452
5,congruent,2553,14019,597,149,10,0.04261363203584992,0.06160525738324016,0.01899162534739024,0.016512060603675365,True,0.3886093545309208,1.474928264734674
5,congruent,2683,15788,836,158,15,0.05293493535041519,0.0816024747502393,0.028667539399824103,0.018405637018419126,True,0.4635335308063038,1.5896812601253376
5,congruent,2718,11774,473,86,9,0.040220351279097774,0.08077336818179993,0.04055301690270216,0.022225508584884715,True,0.7404452178347101,2.0968688701236884
5,congruent,2918,82440,5716,2609,198,0.06931930014961886,0.07524044612408713,0.005921145974468273,0.005176835474792623,True,0.0883480566737962,1.0923682619330533
5,congruent,3288,12657,830,252,20,0.06549176327218971,0.07315935013191643,0.007667586859726724,0.014781915977033344,True,0.11895434634081292,1.126318496553789
5,congruent,3403,11371,231,71,10,0.020475261134461544,0.09711823543833835,0.0766429743038768,0.025397760999278766,True,1.6381876598911282,5.1458350529221075
5,congruent,3471,11191,814,247,32,0.07260049107824591,0.11288134357298357,0.04028085249473766,0.018072719617552014,True,0.4857712204945126,1.6254280890361787
5,congruent,3497,13964,773,95,7,0.05532676483757533,0.06365589351858425,0.008329128681008921,0.01937865594377385,True,0.14909116917723653,1.160778811634351
5,congruent,3605,11996,184,63,1,0.015517092950782402,0.032526712005079575,0.017009619054297175,0.015701106187715492,True,0.7575481929153658,2.1330400014330637
5,congruent,3875,40001,2488,659,57,0.062177005950365995,0.08314698867585187,0.02096998272548587,0.010329834853088526,True,0.3132387963580361,1.3678481291824236
5,congruent,3988,18413,851,186,6,0.04622647968636369,0.03651864262890852,-0.00970783705745517,0.01193286680224718,True,-0.24585679576056263,0.7820342075209967
5,congruent,4193,24317,1152,444,60,0.04737813501518319,0.12421771624193882,0.07683958122675563,0.014678209308650802,True,1.0479754820348919,2.8518716043753067
5,congruent,4275,14292,479,140,1,0.03358390681332072,0.020268014810744212,-0.013315892002576508,0.009948844741480913,True,-0.5186875399816833,0.5953013446896311
5,congruent,4344,13411,625,136,9,0.04661421488116434,0.06061113286999703,0.013996917988832694,0.016915504887902746,True,0.2773631624522106,1.3196455297300949
5,congruent,4398,14299,464,123,1,0.032523211968574224,0.022107526276789986,-0.010415685691784238,0.010816451833301828,True,-0.3967442287696943,0.6725060113271285
5,congruent,4431,21512,1627,265,11,0.07555235522087791,0.0429412731383452,-0.032611082082532716,0.01129858057558621,True,-0.5996607580937661,0.5489978475832028
5,congruent,4484,24308,341,76,1,0.014120161333895908,0.02951301673943137,0.015392855405535462,0.014257009542839198,True,0.7529642431008394,2.123284629264474
5,congruent,4790,12637,743,366,21,0.05874520134902119,0.05610143745387478,-0.0026437638951464087,0.011275125159841574,True,-0.04885286343101525,0.9523212406704518
5,congruent,4969,18318,904,337,12,0.04934858567045944,0.037728895801152004,-0.011619689869307434,0.009632999981716574,True,-0.2806316137225022,0.7553065287962749
5,congruent,5058,28210,2829,1076,100,0.100166584889731,0.09045001698120085,-0.00971656790853015,0.008675862154146464,True,-0.11277755048356708,0.8933493631483375
5,congruent,5119,14221,300,109,3,0.021220467702373035,0.03543349996272954,0.014213032260356508,0.014054580505584531,True,0.527319168388229,1.6943838567202534
5,congruent,5256,11869,786,122,9,0.0661292653880088,0.0651657053514561,-0.0009635600365526936,0.018177150410302295,True,-0.01570931374227902,0.9844134339257434
5,congruent,5295,18499,547,148,4,0.029635930852588952,0.03363467239426652,0.0039987415416775675,0.012406706793512494,True,0.13069932752870272,1.1396250759056066
5,congruent,5336,12618,116,25,0,0.009394261967647524,0.03516940431516915,0.025775142347521623,0.019402924269647168,True,1.3464415103317,3.843723315853815
5,congruent,5356,14517,1011,486,47,0.0695507487913969,0.09111420802345775,0.02156345923206085,0.012435772564471759,True,0.2935051587331192,1.341120097872996
5,congruent,5383,13654,961,292,43,0.07028132692061552,0.129497109040947,0.059215782120331475,0.017895633174176737,True,0.6769633713383836,1.9678928900048573
5,congruent,5402,17723,789,173,10,0.044534052250952263,0.0553748620271286,0.010840809776176338,0.01489600763302161,True,0.22928257658377849,1.257697384631675
5,congruent,5573,68737,4090,945,52,0.05949219592503065,0.054632379984050836,-0.004859815940979811,0.0072065208827354855,True,-0.09037231728854156,0.9135909762271989
5,congruent,5675,79163,2792,836,43,0.035280018716503096,0.05125012782921552,0.015970109112712426,0.007374097697936545,True,0.3900940410113143,1.477119697181392
5,congruent,5886,12245,1129,268,21,0.09197437232893614,0.07264612350938865,-0.01932824881954749,0.014453552174744004,True,-0.25697258044507576,0.7733894194683872
5,congruent,6003,11605,296,78,3,0.025634846088668093,0.04315220968324567,0.01751736359457758,0.017037033410304728,True,0.5389228290071095,1.7141594245510585
5,congruent,6181,12759,363,117,7,0.028552766017518973,0.05593188079725491,0.02737911477973594,0.017082183155079533,True,0.7009693509456518,2.0157056869701093
5,congruent,6194,19029,213,100,1,0.011320244905675458,0.025202149532883498,0.01388190462720804,0.012214710206224914,True,0.8144769382441255,2.2579942929498196
5,congruent,6474,17014,2013,633,135,0.11805272878241949,0.1981058832106256,0.08005315442820612,0.015283603007117558,True,0.612825968527503,1.8456397558519995
5,congruent,6519,15530,863,289,21,0.055542118166676285,0.06832817385376974,0.012786055687093456,0.013529078002520437,True,0.22081102226635796,1.2470877364802067
5,congruent,6591,17326,727,255,7,0.041985507405275055,0.03175902603497146,-0.010226481370303596,0.009915402370945339,True,-0.28976561796994504,0.7484389676670619
5,congruent,6609,14332,79,17,0,0.005705693834001031,0.03862974378645078,0.03292404995244975,0.021250702824128352,False,1.9462315781612336,7.002250365388535
5,congruent,6786,13878,890,109,4,0.06405975917737171,0.04120355526171357,-0.022856203915658138,0.015196809789854222,True,-0.4654190048085063,0.6278719686917535
5,congruent,6858,16630,625,151,6,0.03762605241104972,0.04245501815563215,0.004828965744582428,0.013787924040360252,True,0.12577882102235272,1.1340313166552565
5,congruent,6946,14121,947,230,20,0.06698063173590539,0.07862811964101771,0.011647487905112316,0.01580276625974456,True,0.17288811877900123,1.1887331007330746
5,congruent,7097,12455,980,404,50,0.07852997024202119,0.11347417718779448,0.0349442069457733,0.014836874399459011,True,0.4067549580436691,1.5019360232245573
5,congruent,7109,13302,149,50,1,0.011382419332578997,0.0362258858904861,0.024843466557907104,0.017424857810450244,True,1.1831545803216974,3.2646565975024013
5,congruent,7332,16349,958,192,12,0.0585586340036524,0.05907305144949208,0.0005144174458396739,0.014811387097341422,True,0.009292859323777325,1.0093361720032321
5,congruent,7522,16991,648,222,14,0.03817819692629487,0.059868726063852386,0.021690529137557514,0.014073215359626101,True,0.47269935374423033,1.6043189779694762
5,congruent,7643,14084,1309,462,49,0.09274189370703644,0.09906912511254914,0.006327231405512709,0.013236721075990183,True,0.07299598849960276,1.0757262216298826
5,congruent,7652,20754,1339,581,51,0.06446925910720737,0.08389928787587378,0.01943002876866641,0.011037155575073617,True,0.2844163176610657,1.328986095981646
5,congruent,7735,20370,747,358,65,0.03670987577809032,0.16135341492592142,0.1246435391478311,0.017927608041133074,True,1.6191165228351285,5.048627998125619
5,congruent,7862,14839,810,270,17,0.05456110134858431,0.060246524189324725,0.005685422840740417,0.01312673276013567,True,0.10515536316243113,1.1108831872743767
5,congruent,8503,11718,1121,390,40,0.09540922501475475,0.0949595327815534,-0.00044969223320134866,0.014002872801300706,True,-0.005221440679203493,0.9947921673473765
5,incongruent,163,21297,1289,2044,128,0.060487961193136854,0.06218443747187883,0.0016964762787419763,0.00550666836217077,True,0.029467741921313628,1.0299062121404035
5,incongruent,166,35626,1200,1895,47,0.03370861219368597,0.025550470437455147,-0.008158141756230822,0.0036906752227349846,True,-0.2855049245900769,0.7516346396767375
5,incongruent,182,17440,456,840,32,0.026225659890732597,0.038788414123443554,0.012562754232710957,0.006534194296853087,True,0.40436831613670954,1.4983557139275325
5,incongruent,221,32764,929,1269,33,0.02839209848237338,0.02704775384426073,-0.0013443446381126468,0.004536548661795117,True,-0.049889591770461816,0.9513344538553036
5,incongruent,335,36805,897,1263,43,0.024412172698411345,0.034710797899379454,0.010298625200968109,0.005088483387414732,True,0.3625813696082347,1.4370341471345147
5,incongruent,522,16060,147,197,2,0.009305348388365936,0.019341170846783304,0.010035822458417368,0.008555874726327024,True,0.7418284429126154,2.099771318636934
5,incongruent,569,11214,1161,953,87,0.10322042849873553,0.08860123211943521,-0.014619196379300314,0.009359363379205727,True,-0.16889145473063172,0.8446005758076501
5,incongruent,677,13508,661,1046,52,0.048929665854408146,0.04961622871344015,0.0006865628590320069,0.006775308538662178,True,0.014656240901054662,1.0147641702345438
5,incongruent,878,9839,713,690,53,0.07231076239480554,0.07439690898894695,0.0020861465941414137,0.009903812291490554,True,0.030692707667811625,1.0311685849962813
5,incongruent,899,13103,203,336,11,0.015648581931431666,0.03515402246538092,0.019505440533949255,0.009270127101613634,True,0.8293732330276025,2.2918818141765516
5,incongruent,984,13657,391,572,20,0.028719196089622152,0.036261885613647245,0.007542689524025092,0.007547762271830358,True,0.2409974788657574,1.2725178271159168
5,incongruent,1018,13440,1275,2354,226,0.09464696673314434,0.09475298995255264,0.00010602321940830772,0.006466588572755565,True,0.001236683647381831,1.001237448655929
5,incongruent,1054,12691,349,457,41,0.027601343058628446,0.08465271832498776,0.05705137526635931,0.0122796726781913,True,1.181155112682128,3.2581355437718713
5,incongruent,1127,12457,565,819,64,0.04536940908740694,0.07598712727012348,0.03061771818271654,0.009108388402942712,True,0.5483243254061438,1.7303510818498844
5,incongruent,1182,15377,304,425,16,0.019885273770649442,0.03898751973301278,0.01910224596236334,0.008823863072462036,True,0.6929443785665961,1.9995944371391698
5,incongruent,1354,14167,971,1101,99,0.06844846933687175,0.08764517855386769,0.01919670921699594,0.00855045984145521,True,0.2680379477841379,1.307396751883323
5,incongruent,1369,13502,432,588,24,0.03206980418053938,0.04151390205731088,0.009444097876771494,0.007956331192560628,True,0.26791836729917407,1.3072404220928748
5,incongruent,1478,10434,700,1113,87,0.06697360469376838,0.07654810072363623,0.009574496029867846,0.008124237577751329,True,0.14393550709458713,1.154809629095063
5,incongruent,1488,11493,369,566,40,0.03219339530352779,0.0683970206399317,0.0362036253364039,0.010188922170130614,True,0.7916934917334881,2.2071310212497317
5,incongruent,1744,12136,455,703,39,0.03754620171033191,0.054861163871013745,0.017314962160681832,0.008399543223909704,True,0.3973877103299768,1.4879327051133395
5,incongruent,1941,30894,1337,2569,197,0.04328666531172124,0.07599568580347839,0.03270902049175715,0.0052920312497316815,True,0.5976190059460844,1.8177855071811018
5,incongruent,2046,15550,397,730,27,0.025621457184290066,0.037863895927821876,0.01224243874353181,0.006890032141629841,True,0.403211827154661,1.4966238836675152
5,incongruent,2090,11507,665,994,38,0.05773753175001009,0.03881356137762351,-0.018923970372386578,0.006321299548772831,True,-0.41702225053783204,0.6590062565373443
5,incongruent,2143,11784,320,508,13,0.02726661407838295,0.028069111781662135,0.0008024977032791841,0.007065493782638265,True,0.02983205357171803,1.0302814873267205
5,incongruent,2317,14621,704,1214,63,0.04814931941693812,0.051702506546474826,0.003553187129536707,0.006440556379566949,True,0.07493916903772257,1.0778185841487737
5,incongruent,2410,12908,459,816,72,0.035619951328578994,0.08534620577584567,0.04972625444726668,0.009557238901217496,True,0.9267499134868018,2.5262851751211213
5,incongruent,2553,13210,543,946,45,0.04113807004469788,0.04759631812239144,0.00645824807769356,0.006917180701463688,True,0.15257954772882387,1.164835118397389
5,incongruent,2683,14487,690,1097,69,0.047630562207154795,0.06208846845285952,0.014457906245704727,0.007298582828142476,True,0.2803830560388705,1.3236367422873532
5,incongruent,2718,11153,425,721,51,0.038162092283421364,0.06890517053020136,0.030743078246779992,0.009218810161868285,True,0.6233733565108142,1.8652094576302243
5,incongruent,2918,76099,5400,8702,681,0.07094116966551185,0.07803997195948915,0.007098802293977302,0.003012149536722111,True,0.10304041338453374,1.1085362078708039
5,incongruent,3288,11703,760,1423,127,0.0648497561276956,0.08749596841358252,0.022646212285886924,0.007670778424412861,True,0.32403426822251724,1.3826946887969012
5,incongruent,3403,11025,211,275,13,0.019302733575762617,0.04741038886050746,0.028107655284744845,0.011613541443546885,True,0.9276742895371455,2.5286214922847976
5,incongruent,3471,10093,708,1195,136,0.07000999375040387,0.11050535442244805,0.04049536067204418,0.009190991236114948,True,0.5009463289940785,1.650282241921416
5,incongruent,3497,12520,728,1406,70,0.05809609722164048,0.04971026839046645,-0.00838582883117403,0.006039931815917062,True,-0.16475063232182396,0.8481051677372481
5,incongruent,3605,11822,183,266,9,0.015652438297067073,0.03655396904058234,0.020901530743515268,0.010390899962537295,True,0.8696256408507463,2.3860174588434773
5,incongruent,3875,36824,2214,3959,267,0.06010309609982839,0.06713622708519291,0.007033130985364525,0.004135042855925569,True,0.11817345131295198,1.125439303363515
5,incongruent,3988,16749,789,1246,41,0.0471106801136037,0.033633820641655626,-0.013476859471948072,0.005241989249551936,True,-0.3510116736482347,0.7039755358448826
5,incongruent,4193,23366,971,1318,91,0.04157350043796766,0.06808238286842773,0.026508882430460068,0.006899677095441021,True,0.5213039886988193,1.6842224254155636
5,incongruent,4275,13671,442,636,16,0.03240329447126626,0.02722114943372492,-0.005182145037541341,0.0063327576832283025,True,-0.17960727121490816,0.835598310489382
5,incongruent,4344,12645,580,938,53,0.04587857486173916,0.05596752661300276,0.010088951751263606,0.007494430547645899,True,0.2094037891876499,1.2329427469809928
5,incongruent,4398,13602,416,716,21,0.030664258591645777,0.030843476457266095,0.00017921786562031736,0.0063632772137928095,True,0.006012411213365709,1.006030522036043
5,incongruent,4431,18431,1320,2575,128,0.07153786520935534,0.04966807819081127,-0.021869787018544078,0.004634248836095427,True,-0.3881461720883932,0.6783131855623181
5,incongruent,4484,24448,288,301,5,0.011873435059466085,0.02205581936253964,0.010182384303073557,0.007716848691818165,True,0.6296311252879501,1.876918103928747
5,incongruent,4790,11809,717,1078,77,0.06064882313022203,0.0701327599167453,0.009483936786523262,0.007867424795172741,True,0.1554373613608795,1.168168761274022
5,incongruent,4969,17140,848,1186,45,0.04946953545957374,0.03845154993920617,-0.01101798552036757,0.005684034947781704,True,-0.26348277055257174,0.768370860930536
5,incongruent,5058,25444,2462,3810,376,0.09664083224841813,0.09786148580335297,0.0012206535549348363,0.005119634907075606,True,0.013903874802647653,1.014000983209004
5,incongruent,5119,13809,311,370,11,0.02263756022869409,0.03239456699745296,0.009757006768758871,0.00859040270392761,True,0.3684134014296241,1.4454394622176752
5,incongruent,5256,10833,645,1355,103,0.05947347608305212,0.07476785592358111,0.01529437984052899,0.007340245579647745,True,0.24525280361181467,1.2779443413170126
5,incongruent,5295,17775,478,758,16,0.0269664547418856,0.023176807286089087,-0.003789647455796512,0.00538593172721417,True,-0.15532869226308543,0.8561337266986674
5,incongruent,5336,12368,96,130,0,0.007966400332846737,0.015695456171691106,0.007729055838844369,0.008956110557958993,True,0.6859601483771556,1.9856774655430791
5,incongruent,5356,13818,919,1218,134,0.06642331292790264,0.10696037482775032,0.04053706189984768,0.008886347914515865,True,0.5208025006599271,1.6833780197617478
5,incongruent,5383,12284,858,1348,134,0.0697352827090069,0.09710676249434129,0.027371479785334385,0.00820619102241587,True,0.36096949201645456,1.4347196898061867
5,incongruent,5402,16600,750,1393,74,0.04519144374307067,0.05290105107208257,0.007709607329011894,0.006080579426171119,True,0.165622717785459,1.1801277765009557
5,incongruent,5573,63190,3717,6482,344,0.05881180480810322,0.05302122433395117,-0.0057905804741520475,0.0029232261201643166,True,-0.10978387055219141,0.8960277723580998
5,incongruent,5675,74456,2512,4063,209,0.033750139624431026,0.05138733535979422,0.017637195735363195,0.0034998366280451325,True,0.43882908516342267,1.5508901945900555
5,incongruent,5886,10636,980,1686,112,0.09187946401426483,0.0657644942666865,-0.026114969747578334,0.0065500574156093115,True,-0.3627488876160654,0.6957611257994256
5,incongruent,6003,11168,310,374,11,0.027871738127033144,0.03209814571462936,0.004226407587596213,0.008562733824265985,True,0.14554211797835892,1.1566664500087942
5,incongruent,6181,12232,344,469,26,0.028225086672560247,0.054555817598151264,0.026330730925591017,0.009948710494283067,True,0.6864825285109286,1.9867150149771717
5,incongruent,6194,18892,216,206,1,0.011555252545798573,0.014978903250331289,0.0034236507045327155,0.007431028635432056,True,0.2629723484255697,1.300790749542192
5,incongruent,6474,14327,1669,3586,683,0.1161928371640615,0.18799800278167342,0.07180516561761192,0.006996954537225419,True,0.5659162365256434,1.7610605917897675
5,incongruent,6519,14764,823,1171,52,0.055710766214679595,0.04459085293987334,-0.011119913274806256,0.006167639062452826,True,-0.23435183464404385,0.7910834363674311
5,incongruent,6591,16709,678,804,47,0.040604917692990586,0.057696941316963006,0.01709202362397242,0.008059045721683223,True,0.3692909993596811,1.4467085336835348
5,incongruent,6609,14219,84,79,1,0.0060937255940958016,0.028362120741922316,0.022268395147826515,0.013890420647751162,True,1.56045455554462,4.760984885430779
5,incongruent,6786,12611,789,1477,106,0.062491917785438764,0.07079310722553926,0.008301189440100498,0.006877916448376407,True,0.13361836744246025,1.1429565469718364
5,incongruent,6858,15794,572,953,42,0.03626324633733344,0.04431609410788253,0.008052847770549092,0.0066213446463966544,True,0.20893414266577182,1.2323638356606832
5,incongruent,6946,12829,844,1389,97,0.06570137367760248,0.06888543836272483,0.003184064685122348,0.006992855453049462,True,0.05073877113299963,1.052048032068478
5,incongruent,7097,11329,808,1348,147,0.07119218121112,0.10631915759792741,0.03512697638680741,0.008549175777593074,True,0.43961562979273694,1.5521105188000803
5,incongruent,7109,13264,118,144,4,0.009081576040995642,0.03394505770489446,0.02486348166389882,0.012578755587449414,True,1.3439070227285121,3.8339937816598404
5,incongruent,7332,14709,884,1630,96,0.06004758419518094,0.05848974326154928,-0.0015578409336316629,0.006027099378488025,True,-0.027941897403642724,0.9724448667314061
5,incongruent,7522,16025,635,1046,54,0.03965849168203796,0.051419423922230825,0.011760932240192867,0.006804660076375411,True,0.27203312945074964,1.3126304873178527
5,incongruent,7643,12754,1220,1687,187,0.09542154026766994,0.10858057695575388,0.013159036688083936,0.007874445078228732,True,0.14384219536281728,1.1547018768360606
5,incongruent,7652,19279,1205,1835,192,0.062455928607811476,0.10274859815618759,0.04029266954837611,0.00718128433831523,True,0.5417517181168896,1.7190154568296006
5,incongruent,7735,19610,679,1075,99,0.03466815046415829,0.08964736644600692,0.05497921598184863,0.008564069116723512,True,1.0087023061655747,2.74204037631706
5,incongruent,7862,13984,743,1166,78,0.05310912655806817,0.06592520554146437,0.012816078983396206,0.007323812307222012,True,0.22979939949204464,1.2583475594498672
5,incongruent,8503,10304,948,1695,168,0.09173516022152492,0.09727964578271407,0.0055444855611891525,0.0076128904418673055,True,0.06480723423418056,1.0669533324834215
