null_model,simulation,transition,population_mean_risk_difference
participant_current_condition_only,0,C_to_C,0.0017560001507301978
participant_current_condition_only,0,I_to_C,0.0011212441831836369
participant_current_condition_only,0,C_to_I,0.004202251866180711
participant_current_condition_only,0,I_to_I,0.0021614862950540396
participant_current_condition_only,1,C_to_C,2.5767541948048394e-06
participant_current_condition_only,1,I_to_C,0.0011432651141173578
participant_current_condition_only,1,C_to_I,0.0019611171806565714
participant_current_condition_only,1,I_to_I,0.0022869658509321157
participant_current_condition_only,2,C_to_C,0.0009031503198849792
participant_current_condition_only,2,I_to_C,0.0015855567192498406
participant_current_condition_only,2,C_to_I,0.0056544975405834344
participant_current_condition_only,2,I_to_I,0.0025544935758910823
participant_current_condition_only,3,C_to_C,0.001552577984944627
participant_current_condition_only,3,I_to_C,0.0007572405663815982
participant_current_condition_only,3,C_to_I,0.006153049037990932
participant_current_condition_only,3,I_to_I,0.0010469394536591963
participant_current_condition_only,4,C_to_C,0.0006238076939652469
participant_current_condition_only,4,I_to_C,0.0005215255562730917
participant_current_condition_only,4,C_to_I,0.005437397406967821
participant_current_condition_only,4,I_to_I,0.0015584898354224538
participant_current_condition_only,5,C_to_C,0.0011042008527646992
participant_current_condition_only,5,I_to_C,0.0010467061159297737
participant_current_condition_only,5,C_to_I,0.005896059262775835
participant_current_condition_only,5,I_to_I,0.00032412309918752684
participant_current_condition_only,6,C_to_C,0.0026000310161360856
participant_current_condition_only,6,I_to_C,0.000439227683639736
participant_current_condition_only,6,C_to_I,0.0026183277729124057
participant_current_condition_only,6,I_to_I,0.003586273570167241
participant_current_condition_only,7,C_to_C,0.0008418934107267935
participant_current_condition_only,7,I_to_C,0.001517759453099047
participant_current_condition_only,7,C_to_I,0.0037251594322830783
participant_current_condition_only,7,I_to_I,0.003463013290343417
participant_current_condition_only,8,C_to_C,0.0007480477096144033
participant_current_condition_only,8,I_to_C,0.0005755788993919888
participant_current_condition_only,8,C_to_I,0.004998326092903246
participant_current_condition_only,8,I_to_I,0.0005152433899601235
participant_current_condition_only,9,C_to_C,0.0019146108542998556
participant_current_condition_only,9,I_to_C,0.002173802633288878
participant_current_condition_only,9,C_to_I,0.0057673067291038015
participant_current_condition_only,9,I_to_I,0.0031575467849159003
participant_current_condition_only,10,C_to_C,0.0010747536833269837
participant_current_condition_only,10,I_to_C,0.0011594205763492235
participant_current_condition_only,10,C_to_I,0.006399799369288881
participant_current_condition_only,10,I_to_I,0.0006499253619553704
participant_current_condition_only,11,C_to_C,0.0010591278542140148
participant_current_condition_only,11,I_to_C,0.0024141310030842116
participant_current_condition_only,11,C_to_I,0.001638201894991664
participant_current_condition_only,11,I_to_I,0.000565433081810541
participant_current_condition_only,12,C_to_C,0.0015014495082467895
participant_current_condition_only,12,I_to_C,0.0008815648390681714
participant_current_condition_only,12,C_to_I,0.006096836202682624
participant_current_condition_only,12,I_to_I,0.002379822040819835
participant_current_condition_only,13,C_to_C,0.0004968402290103397
participant_current_condition_only,13,I_to_C,0.001183433642082326
participant_current_condition_only,13,C_to_I,0.002260519379931503
participant_current_condition_only,13,I_to_I,0.00022161324393534697
participant_current_condition_only,14,C_to_C,0.0013322042830749448
participant_current_condition_only,14,I_to_C,0.002264069604590013
participant_current_condition_only,14,C_to_I,0.003597863578093621
participant_current_condition_only,14,I_to_I,0.0010833507767030997
participant_current_condition_only,15,C_to_C,0.0009200120549537721
participant_current_condition_only,15,I_to_C,0.00017957167384847762
participant_current_condition_only,15,C_to_I,0.0021640875772272108
participant_current_condition_only,15,I_to_I,0.0045388444223654545
participant_current_condition_only,16,C_to_C,0.0020980935231907044
participant_current_condition_only,16,I_to_C,0.0018415500116486345
participant_current_condition_only,16,C_to_I,0.005277354925592254
participant_current_condition_only,16,I_to_I,0.002933379100232081
participant_current_condition_only,17,C_to_C,0.0008117352307713349
participant_current_condition_only,17,I_to_C,0.0021818321383255627
participant_current_condition_only,17,C_to_I,0.007051487452489444
participant_current_condition_only,17,I_to_I,0.0024036412509138103
participant_current_condition_only,18,C_to_C,0.0010755037047809493
participant_current_condition_only,18,I_to_C,0.0012861195152050657
participant_current_condition_only,18,C_to_I,0.0068824675826443665
participant_current_condition_only,18,I_to_I,0.0031926042384977163
participant_current_condition_only,19,C_to_C,0.002073175831888473
participant_current_condition_only,19,I_to_C,0.0006292428830825016
participant_current_condition_only,19,C_to_I,0.0025879282201323652
participant_current_condition_only,19,I_to_I,0.002736033863491871
participant_current_condition_only,20,C_to_C,0.0019738144366693968
participant_current_condition_only,20,I_to_C,0.0013359416048792415
participant_current_condition_only,20,C_to_I,0.0031842015558960607
participant_current_condition_only,20,I_to_I,0.002143980529783385
participant_current_condition_only,21,C_to_C,0.0009226600453631068
participant_current_condition_only,21,I_to_C,0.0007329418554387666
participant_current_condition_only,21,C_to_I,0.004192310155405103
participant_current_condition_only,21,I_to_I,0.0022083284396631473
participant_current_condition_only,22,C_to_C,0.0018169125064511193
participant_current_condition_only,22,I_to_C,0.0014491498661414496
participant_current_condition_only,22,C_to_I,0.006047692183677824
participant_current_condition_only,22,I_to_I,0.0032678373406120832
participant_current_condition_only,23,C_to_C,0.0011255916318992586
participant_current_condition_only,23,I_to_C,0.001047852586786212
participant_current_condition_only,23,C_to_I,0.0014024845187435662
participant_current_condition_only,23,I_to_I,0.0010049381420500873
participant_current_condition_only,24,C_to_C,0.000715798308123454
participant_current_condition_only,24,I_to_C,0.0009761393521276325
participant_current_condition_only,24,C_to_I,0.0025431227918971374
participant_current_condition_only,24,I_to_I,0.0023972146694885062
participant_current_condition_only,25,C_to_C,0.0003889714694811484
participant_current_condition_only,25,I_to_C,0.0008841807175873922
participant_current_condition_only,25,C_to_I,0.0013814131844739935
participant_current_condition_only,25,I_to_I,0.0020918646664315516
participant_current_condition_only,26,C_to_C,0.0007915341613307915
participant_current_condition_only,26,I_to_C,0.000601671610491995
participant_current_condition_only,26,C_to_I,0.0005884243600719915
participant_current_condition_only,26,I_to_I,0.00014985553535206512
participant_current_condition_only,27,C_to_C,0.0014508784348009262
participant_current_condition_only,27,I_to_C,0.001107438406425289
participant_current_condition_only,27,C_to_I,0.0026037654888703566
participant_current_condition_only,27,I_to_I,0.0016280851846646874
participant_current_condition_only,28,C_to_C,0.00018554454361147018
participant_current_condition_only,28,I_to_C,0.000978170108809098
participant_current_condition_only,28,C_to_I,0.004902625614358826
participant_current_condition_only,28,I_to_I,0.001594206795515998
participant_current_condition_only,29,C_to_C,0.0014699207317778566
participant_current_condition_only,29,I_to_C,0.0003688833350131403
participant_current_condition_only,29,C_to_I,0.0013534353295110138
participant_current_condition_only,29,I_to_I,0.004228887818682346
participant_current_condition_only,30,C_to_C,0.0001265459023008413
participant_current_condition_only,30,I_to_C,0.0007754278312969623
participant_current_condition_only,30,C_to_I,0.00418814397437065
participant_current_condition_only,30,I_to_I,0.001206423816510004
participant_current_condition_only,31,C_to_C,0.0004325489762780932
participant_current_condition_only,31,I_to_C,0.00034560473759844966
participant_current_condition_only,31,C_to_I,0.003942514021371453
participant_current_condition_only,31,I_to_I,0.0031913938250646857
participant_current_condition_only,32,C_to_C,0.0005528538377154528
participant_current_condition_only,32,I_to_C,0.0010688094672514034
participant_current_condition_only,32,C_to_I,0.005135448281233162
participant_current_condition_only,32,I_to_I,0.0027074099921435197
participant_current_condition_only,33,C_to_C,0.0007649403214440304
participant_current_condition_only,33,I_to_C,0.001509956198295536
participant_current_condition_only,33,C_to_I,0.004244328148733843
participant_current_condition_only,33,I_to_I,0.0035543801770478913
participant_current_condition_only,34,C_to_C,0.0014864969333506248
participant_current_condition_only,34,I_to_C,0.00032415272164748534
participant_current_condition_only,34,C_to_I,0.003944535581813294
participant_current_condition_only,34,I_to_I,0.003328115659512035
participant_current_condition_only,35,C_to_C,0.0018328449733822617
participant_current_condition_only,35,I_to_C,0.0019092808381920112
participant_current_condition_only,35,C_to_I,0.0026067911204648657
participant_current_condition_only,35,I_to_I,0.0015660224075820196
participant_current_condition_only,36,C_to_C,0.002991300534033185
participant_current_condition_only,36,I_to_C,0.002074787095850891
participant_current_condition_only,36,C_to_I,0.001584014947699818
participant_current_condition_only,36,I_to_I,0.0026563199679089508
participant_current_condition_only,37,C_to_C,0.0011133333639713847
participant_current_condition_only,37,I_to_C,5.9938761056489985e-05
participant_current_condition_only,37,C_to_I,0.0064134566265289196
participant_current_condition_only,37,I_to_I,0.00038500794803994747
participant_current_condition_only,38,C_to_C,0.000697986885604772
participant_current_condition_only,38,I_to_C,0.0006211749665139643
participant_current_condition_only,38,C_to_I,0.008854438308003457
participant_current_condition_only,38,I_to_I,-0.0007823418309429233
participant_current_condition_only,39,C_to_C,0.0010122870397760437
participant_current_condition_only,39,I_to_C,0.0018834130932478092
participant_current_condition_only,39,C_to_I,0.00555346022855533
participant_current_condition_only,39,I_to_I,0.0044460357563690794
participant_current_condition_only,40,C_to_C,0.0028867729879659496
participant_current_condition_only,40,I_to_C,0.0015806459381757798
participant_current_condition_only,40,C_to_I,0.004954478464345086
participant_current_condition_only,40,I_to_I,0.0031471287930579617
participant_current_condition_only,41,C_to_C,0.0008831427462688868
participant_current_condition_only,41,I_to_C,0.0010424026687197911
participant_current_condition_only,41,C_to_I,0.0006106131999941367
participant_current_condition_only,41,I_to_I,0.001180876766573684
participant_current_condition_only,42,C_to_C,0.002193809956560896
participant_current_condition_only,42,I_to_C,0.0012215010489325928
participant_current_condition_only,42,C_to_I,0.009074576511290006
participant_current_condition_only,42,I_to_I,0.002744058101191924
participant_current_condition_only,43,C_to_C,0.0015339376274591554
participant_current_condition_only,43,I_to_C,0.0005469016138058162
participant_current_condition_only,43,C_to_I,0.003993539035600197
participant_current_condition_only,43,I_to_I,0.002861596761689013
participant_current_condition_only,44,C_to_C,0.00185786508157101
participant_current_condition_only,44,I_to_C,0.0006744416158972549
participant_current_condition_only,44,C_to_I,0.0061279375082488015
participant_current_condition_only,44,I_to_I,0.0011891677237576678
participant_current_condition_only,45,C_to_C,0.001239479406794581
participant_current_condition_only,45,I_to_C,0.002009828074198931
participant_current_condition_only,45,C_to_I,0.003389904796572624
participant_current_condition_only,45,I_to_I,0.0024607016466034254
participant_current_condition_only,46,C_to_C,0.0011707074767270875
participant_current_condition_only,46,I_to_C,0.0009489698819122814
participant_current_condition_only,46,C_to_I,0.004343608759194182
participant_current_condition_only,46,I_to_I,0.0034887615986931085
participant_current_condition_only,47,C_to_C,0.0010845363222837757
participant_current_condition_only,47,I_to_C,0.0013376167319497127
participant_current_condition_only,47,C_to_I,0.00401995171904016
participant_current_condition_only,47,I_to_I,0.0031114877796659234
participant_current_condition_only,48,C_to_C,0.0019516687502122217
participant_current_condition_only,48,I_to_C,0.0015325741543536452
participant_current_condition_only,48,C_to_I,0.004690924244975201
participant_current_condition_only,48,I_to_I,0.0031165552896121104
participant_current_condition_only,49,C_to_C,0.0013552947280729586
participant_current_condition_only,49,I_to_C,0.0009358694633723989
participant_current_condition_only,49,C_to_I,0.006236703718702832
participant_current_condition_only,49,I_to_I,0.0025691355632331114
participant_current_condition_only,50,C_to_C,0.0013323805019621409
participant_current_condition_only,50,I_to_C,0.00056768160718927
participant_current_condition_only,50,C_to_I,0.003677112264327657
participant_current_condition_only,50,I_to_I,0.000895222898202182
participant_current_condition_only,51,C_to_C,0.0014904139889735815
participant_current_condition_only,51,I_to_C,0.0021295969625788227
participant_current_condition_only,51,C_to_I,0.004124448968750265
participant_current_condition_only,51,I_to_I,0.004554622541304201
participant_current_condition_only,52,C_to_C,0.001107214421920479
participant_current_condition_only,52,I_to_C,0.001339022785438537
participant_current_condition_only,52,C_to_I,0.003338154963545943
participant_current_condition_only,52,I_to_I,0.0007614282568818363
participant_current_condition_only,53,C_to_C,0.0009096922872749111
participant_current_condition_only,53,I_to_C,0.0012713198408453212
participant_current_condition_only,53,C_to_I,0.0028989151773355284
participant_current_condition_only,53,I_to_I,0.002504634816502928
participant_current_condition_only,54,C_to_C,0.0009160237926234368
participant_current_condition_only,54,I_to_C,0.0002449195494240043
participant_current_condition_only,54,C_to_I,0.0037264354421967455
participant_current_condition_only,54,I_to_I,0.003237692075905683
participant_current_condition_only,55,C_to_C,0.000926563940785146
participant_current_condition_only,55,I_to_C,0.0007156896577748752
participant_current_condition_only,55,C_to_I,0.00437671227809557
participant_current_condition_only,55,I_to_I,0.0010314371975713638
participant_current_condition_only,56,C_to_C,0.0011867125004478426
participant_current_condition_only,56,I_to_C,0.0005935496269037022
participant_current_condition_only,56,C_to_I,0.004638286726431113
participant_current_condition_only,56,I_to_I,0.0018447425811492532
participant_current_condition_only,57,C_to_C,0.0021129217275274183
participant_current_condition_only,57,I_to_C,0.0005224710511136645
participant_current_condition_only,57,C_to_I,0.005900873267650181
participant_current_condition_only,57,I_to_I,-3.2289328343437226e-05
participant_current_condition_only,58,C_to_C,0.0014332153958000527
participant_current_condition_only,58,I_to_C,0.0013981647476986802
participant_current_condition_only,58,C_to_I,0.001834712906651091
participant_current_condition_only,58,I_to_I,0.0027874672718616812
participant_current_condition_only,59,C_to_C,0.0009094179874234376
participant_current_condition_only,59,I_to_C,0.0012722817041970773
participant_current_condition_only,59,C_to_I,0.002173058502801919
participant_current_condition_only,59,I_to_I,0.000943774992850074
participant_current_condition_only,60,C_to_C,0.0012019517278059
participant_current_condition_only,60,I_to_C,0.0009147617967051443
participant_current_condition_only,60,C_to_I,0.004305155065102357
participant_current_condition_only,60,I_to_I,0.0009050799508894475
participant_current_condition_only,61,C_to_C,0.0025183173407809217
participant_current_condition_only,61,I_to_C,0.0002881821884331031
participant_current_condition_only,61,C_to_I,0.002712294747928666
participant_current_condition_only,61,I_to_I,0.0038204443645349466
participant_current_condition_only,62,C_to_C,0.0004448163323793841
participant_current_condition_only,62,I_to_C,0.0015779987795240201
participant_current_condition_only,62,C_to_I,0.00454428760373015
participant_current_condition_only,62,I_to_I,0.0021306609853321257
participant_current_condition_only,63,C_to_C,0.001598047346790822
participant_current_condition_only,63,I_to_C,0.001740157155324176
participant_current_condition_only,63,C_to_I,0.0024207297399316107
participant_current_condition_only,63,I_to_I,0.001675965623627529
participant_current_condition_only,64,C_to_C,0.0011757094297091596
participant_current_condition_only,64,I_to_C,0.0013987506719916356
participant_current_condition_only,64,C_to_I,0.0040625804291237015
participant_current_condition_only,64,I_to_I,0.0010620056209068444
participant_current_condition_only,65,C_to_C,0.0013361213307630988
participant_current_condition_only,65,I_to_C,0.0007112044119188958
participant_current_condition_only,65,C_to_I,0.0038196220602499777
participant_current_condition_only,65,I_to_I,9.78374272211909e-05
participant_current_condition_only,66,C_to_C,0.0005781686847514479
participant_current_condition_only,66,I_to_C,0.0009979477668667493
participant_current_condition_only,66,C_to_I,0.0032611351195212797
participant_current_condition_only,66,I_to_I,0.0023224026251791705
participant_current_condition_only,67,C_to_C,0.0005075822819973679
participant_current_condition_only,67,I_to_C,0.0005952189179794385
participant_current_condition_only,67,C_to_I,0.006299746604070508
participant_current_condition_only,67,I_to_I,0.0023585483650138957
participant_current_condition_only,68,C_to_C,0.0014796584361006398
participant_current_condition_only,68,I_to_C,0.0011555741321704319
participant_current_condition_only,68,C_to_I,0.007404590448245016
participant_current_condition_only,68,I_to_I,0.0015506246758426416
participant_current_condition_only,69,C_to_C,0.00193428268151703
participant_current_condition_only,69,I_to_C,0.001835701253043577
participant_current_condition_only,69,C_to_I,0.0059620087294171824
participant_current_condition_only,69,I_to_I,0.00026302842051683696
participant_current_condition_only,70,C_to_C,0.00011472524845402075
participant_current_condition_only,70,I_to_C,0.0010182911579613583
participant_current_condition_only,70,C_to_I,0.0056855760240543405
participant_current_condition_only,70,I_to_I,0.0006192531742030016
participant_current_condition_only,71,C_to_C,0.0019420477142695646
participant_current_condition_only,71,I_to_C,0.0007433629291686821
participant_current_condition_only,71,C_to_I,0.004152386363082009
participant_current_condition_only,71,I_to_I,0.0018495723843916115
participant_current_condition_only,72,C_to_C,0.001135689889929598
participant_current_condition_only,72,I_to_C,0.0011028948593874743
participant_current_condition_only,72,C_to_I,0.00565173507160411
participant_current_condition_only,72,I_to_I,0.002453965745316297
participant_current_condition_only,73,C_to_C,0.0022534470396397693
participant_current_condition_only,73,I_to_C,0.0009080049281266452
participant_current_condition_only,73,C_to_I,0.006009328685559157
participant_current_condition_only,73,I_to_I,0.001024893571195603
participant_current_condition_only,74,C_to_C,-0.0004578483617097471
participant_current_condition_only,74,I_to_C,0.0007481048514837487
participant_current_condition_only,74,C_to_I,0.0013470475755009736
participant_current_condition_only,74,I_to_I,0.0026370454126125606
participant_current_condition_only,75,C_to_C,0.0005153445613118828
participant_current_condition_only,75,I_to_C,0.0007898956327764135
participant_current_condition_only,75,C_to_I,0.008847831953246498
participant_current_condition_only,75,I_to_I,0.0008470232649213444
participant_current_condition_only,76,C_to_C,0.001712160900780106
participant_current_condition_only,76,I_to_C,0.0006486192820756082
participant_current_condition_only,76,C_to_I,0.002743843950293459
participant_current_condition_only,76,I_to_I,-3.844798635752877e-06
participant_current_condition_only,77,C_to_C,0.0013495339518955782
participant_current_condition_only,77,I_to_C,0.00036532147445510687
participant_current_condition_only,77,C_to_I,0.0041450224173656056
participant_current_condition_only,77,I_to_I,0.002971594178269349
participant_current_condition_only,78,C_to_C,-0.0002475993518864348
participant_current_condition_only,78,I_to_C,0.001746983275499929
participant_current_condition_only,78,C_to_I,0.0005136775053243103
participant_current_condition_only,78,I_to_I,0.0007034096858373168
participant_current_condition_only,79,C_to_C,0.00019255110050775732
participant_current_condition_only,79,I_to_C,0.0004131399402366151
participant_current_condition_only,79,C_to_I,0.0011817620662415145
participant_current_condition_only,79,I_to_I,0.001536296408518512
participant_current_condition_only,80,C_to_C,0.0006080572217756947
participant_current_condition_only,80,I_to_C,-0.00013988995280964192
participant_current_condition_only,80,C_to_I,0.004585139841309293
participant_current_condition_only,80,I_to_I,0.0020371985378486823
participant_current_condition_only,81,C_to_C,0.0008511547835382083
participant_current_condition_only,81,I_to_C,0.0016716593339221053
participant_current_condition_only,81,C_to_I,0.004268079592618768
participant_current_condition_only,81,I_to_I,0.00025692411955883674
participant_current_condition_only,82,C_to_C,-6.479173288891318e-05
participant_current_condition_only,82,I_to_C,0.002165090809132848
participant_current_condition_only,82,C_to_I,0.006738544659586062
participant_current_condition_only,82,I_to_I,0.0019547910945006057
participant_current_condition_only,83,C_to_C,0.00013010986107344177
participant_current_condition_only,83,I_to_C,0.000498450579368596
participant_current_condition_only,83,C_to_I,0.007036176028274532
participant_current_condition_only,83,I_to_I,0.0028352922602633344
participant_current_condition_only,84,C_to_C,0.0010685844319698005
participant_current_condition_only,84,I_to_C,0.0004564283516982268
participant_current_condition_only,84,C_to_I,0.007147935971087492
participant_current_condition_only,84,I_to_I,0.0021029140695901028
participant_current_condition_only,85,C_to_C,0.0005830146314087627
participant_current_condition_only,85,I_to_C,0.002205386050407628
participant_current_condition_only,85,C_to_I,0.003479685035005226
participant_current_condition_only,85,I_to_I,0.0008416002923789756
participant_current_condition_only,86,C_to_C,0.0004809982652795048
participant_current_condition_only,86,I_to_C,0.0022973424390311573
participant_current_condition_only,86,C_to_I,0.0023503772935334114
participant_current_condition_only,86,I_to_I,0.002930947436472613
participant_current_condition_only,87,C_to_C,0.0009231182383949181
participant_current_condition_only,87,I_to_C,0.0013525919970816176
participant_current_condition_only,87,C_to_I,0.0038444860138456827
participant_current_condition_only,87,I_to_I,0.001263354622521981
participant_current_condition_only,88,C_to_C,0.00046831913775959456
participant_current_condition_only,88,I_to_C,0.000924975210625035
participant_current_condition_only,88,C_to_I,0.003146880438231351
participant_current_condition_only,88,I_to_I,0.0018237305044129803
participant_current_condition_only,89,C_to_C,0.0012037055039936654
participant_current_condition_only,89,I_to_C,0.0014535507388221032
participant_current_condition_only,89,C_to_I,0.00614630062317442
participant_current_condition_only,89,I_to_I,0.0015692970387503292
participant_current_condition_only,90,C_to_C,0.0021061802598453328
participant_current_condition_only,90,I_to_C,0.0002455532718117144
participant_current_condition_only,90,C_to_I,0.0036375363599324842
participant_current_condition_only,90,I_to_I,0.00028621880909961893
participant_current_condition_only,91,C_to_C,0.0013312105849831836
participant_current_condition_only,91,I_to_C,0.0009011835274657046
participant_current_condition_only,91,C_to_I,0.004045190327863743
participant_current_condition_only,91,I_to_I,0.0022444485787956503
participant_current_condition_only,92,C_to_C,7.940348681622672e-05
participant_current_condition_only,92,I_to_C,0.0006158307567748741
participant_current_condition_only,92,C_to_I,0.00327021643775777
participant_current_condition_only,92,I_to_I,0.003678368018375719
participant_current_condition_only,93,C_to_C,0.0019993527482483234
participant_current_condition_only,93,I_to_C,0.0010460054023582336
participant_current_condition_only,93,C_to_I,0.005188324363835735
participant_current_condition_only,93,I_to_I,0.00238384566477083
participant_current_condition_only,94,C_to_C,0.0014626681556036344
participant_current_condition_only,94,I_to_C,0.0012855986767493924
participant_current_condition_only,94,C_to_I,0.0014791759053640829
participant_current_condition_only,94,I_to_I,0.0015659640222795172
participant_current_condition_only,95,C_to_C,0.002100448683015982
participant_current_condition_only,95,I_to_C,0.0018128771315069454
participant_current_condition_only,95,C_to_I,0.002611358534017313
participant_current_condition_only,95,I_to_I,0.002908584324438359
participant_current_condition_only,96,C_to_C,-0.0005473336728359703
participant_current_condition_only,96,I_to_C,0.001728250600860862
participant_current_condition_only,96,C_to_I,0.002646266232151759
participant_current_condition_only,96,I_to_I,0.0011938682799190576
participant_current_condition_only,97,C_to_C,0.002085001640121306
participant_current_condition_only,97,I_to_C,0.0017869635619532235
participant_current_condition_only,97,C_to_I,0.0027836741511517204
participant_current_condition_only,97,I_to_I,0.002764697299554668
participant_current_condition_only,98,C_to_C,0.0018348735209380396
participant_current_condition_only,98,I_to_C,0.0013237442389750645
participant_current_condition_only,98,C_to_I,6.085753715390052e-05
participant_current_condition_only,98,I_to_I,0.002126731756134285
participant_current_condition_only,99,C_to_C,0.0024224647694344793
participant_current_condition_only,99,I_to_C,0.0006253907753932809
participant_current_condition_only,99,C_to_I,0.002820299799255602
participant_current_condition_only,99,I_to_I,0.0023837694005089723
participant_current_condition_only,100,C_to_C,0.002534949923414859
participant_current_condition_only,100,I_to_C,0.000534993886164886
participant_current_condition_only,100,C_to_I,0.004304902223900675
participant_current_condition_only,100,I_to_I,0.004628757777454229
participant_current_condition_only,101,C_to_C,0.0005519680769456389
participant_current_condition_only,101,I_to_C,0.0006599660798174741
participant_current_condition_only,101,C_to_I,0.004280762273119585
participant_current_condition_only,101,I_to_I,0.00243167783140373
participant_current_condition_only,102,C_to_C,0.00044944485129988276
participant_current_condition_only,102,I_to_C,0.0006668723196014904
participant_current_condition_only,102,C_to_I,0.0035726612139397886
participant_current_condition_only,102,I_to_I,0.00380648328504911
participant_current_condition_only,103,C_to_C,0.0007957833356006097
participant_current_condition_only,103,I_to_C,0.001768697301407588
participant_current_condition_only,103,C_to_I,0.005771641838647512
participant_current_condition_only,103,I_to_I,0.0016841654080918089
participant_current_condition_only,104,C_to_C,0.0018179366434574295
participant_current_condition_only,104,I_to_C,0.0005408324317467415
participant_current_condition_only,104,C_to_I,0.005341971675628514
participant_current_condition_only,104,I_to_I,0.0023306861567092166
participant_current_condition_only,105,C_to_C,0.000977595489015019
participant_current_condition_only,105,I_to_C,0.001133011348576747
participant_current_condition_only,105,C_to_I,0.0028003884597287564
participant_current_condition_only,105,I_to_I,0.0010061208466346225
participant_current_condition_only,106,C_to_C,0.0012425188902057249
participant_current_condition_only,106,I_to_C,0.0007808698293446944
participant_current_condition_only,106,C_to_I,0.003897724467743556
participant_current_condition_only,106,I_to_I,0.001609810405527979
participant_current_condition_only,107,C_to_C,0.0018405521829726874
participant_current_condition_only,107,I_to_C,0.0003692205787616109
participant_current_condition_only,107,C_to_I,0.004740479784889166
participant_current_condition_only,107,I_to_I,0.002081337558518155
participant_current_condition_only,108,C_to_C,0.0011507778940853563
participant_current_condition_only,108,I_to_C,0.0004628208394307772
participant_current_condition_only,108,C_to_I,0.0034803814466476033
participant_current_condition_only,108,I_to_I,0.0013450362312271427
participant_current_condition_only,109,C_to_C,0.0013001450625455319
participant_current_condition_only,109,I_to_C,0.0009543752067151399
participant_current_condition_only,109,C_to_I,0.005512735256042686
participant_current_condition_only,109,I_to_I,0.0018402012704706956
participant_current_condition_only,110,C_to_C,0.001258722203898554
participant_current_condition_only,110,I_to_C,0.0010433518738423094
participant_current_condition_only,110,C_to_I,0.0007699520163788487
participant_current_condition_only,110,I_to_I,0.0010227343883375407
participant_current_condition_only,111,C_to_C,0.0009484008083005611
participant_current_condition_only,111,I_to_C,0.00016328444460423494
participant_current_condition_only,111,C_to_I,0.006434915063573299
participant_current_condition_only,111,I_to_I,0.0009844921998884495
participant_current_condition_only,112,C_to_C,0.0015970214438235854
participant_current_condition_only,112,I_to_C,0.00013055805705008264
participant_current_condition_only,112,C_to_I,0.004748087944250722
participant_current_condition_only,112,I_to_I,0.0033015921249671537
participant_current_condition_only,113,C_to_C,0.0008363288027876418
participant_current_condition_only,113,I_to_C,-0.00022722834467629784
participant_current_condition_only,113,C_to_I,0.0005805852372603561
participant_current_condition_only,113,I_to_I,0.0022713571725948745
participant_current_condition_only,114,C_to_C,0.0007016582794181969
participant_current_condition_only,114,I_to_C,0.0007726560558011957
participant_current_condition_only,114,C_to_I,0.002318022834789819
participant_current_condition_only,114,I_to_I,0.0030092437721156748
participant_current_condition_only,115,C_to_C,0.0003978512486200073
participant_current_condition_only,115,I_to_C,0.0010402710405608795
participant_current_condition_only,115,C_to_I,0.0060218975611004855
participant_current_condition_only,115,I_to_I,0.003313278738735857
participant_current_condition_only,116,C_to_C,0.0002406223357943613
participant_current_condition_only,116,I_to_C,0.001293265026394524
participant_current_condition_only,116,C_to_I,0.006838216197237626
participant_current_condition_only,116,I_to_I,0.0012514958492463382
participant_current_condition_only,117,C_to_C,0.0005054069526010929
participant_current_condition_only,117,I_to_C,0.0008986429849644104
participant_current_condition_only,117,C_to_I,0.002320409222769433
participant_current_condition_only,117,I_to_I,0.0020202661416096703
participant_current_condition_only,118,C_to_C,0.0019552384352446717
participant_current_condition_only,118,I_to_C,0.0010293298809630638
participant_current_condition_only,118,C_to_I,0.0036525075571805297
participant_current_condition_only,118,I_to_I,0.0034460529472862497
participant_current_condition_only,119,C_to_C,0.0022635098338484438
participant_current_condition_only,119,I_to_C,0.0010624255073983973
participant_current_condition_only,119,C_to_I,0.004959331248915736
participant_current_condition_only,119,I_to_I,0.002464090150722853
participant_current_condition_only,120,C_to_C,-6.125255285052114e-05
participant_current_condition_only,120,I_to_C,0.0011028740624206897
participant_current_condition_only,120,C_to_I,0.004449586288474502
participant_current_condition_only,120,I_to_I,0.0013010118282952906
participant_current_condition_only,121,C_to_C,0.00018842278017174363
participant_current_condition_only,121,I_to_C,0.0010729909963573428
participant_current_condition_only,121,C_to_I,0.002387946583763358
participant_current_condition_only,121,I_to_I,0.00037997863106935313
participant_current_condition_only,122,C_to_C,0.0012517524055934218
participant_current_condition_only,122,I_to_C,0.0008978248545880509
participant_current_condition_only,122,C_to_I,0.0021880137176922996
participant_current_condition_only,122,I_to_I,0.0027701639708681905
participant_current_condition_only,123,C_to_C,0.0012126614544089901
participant_current_condition_only,123,I_to_C,0.0012694636529654254
participant_current_condition_only,123,C_to_I,0.005261174290919962
participant_current_condition_only,123,I_to_I,0.0023912819661091895
participant_current_condition_only,124,C_to_C,-6.1685777735139e-05
participant_current_condition_only,124,I_to_C,0.0011348268866618197
participant_current_condition_only,124,C_to_I,0.004716480560433101
participant_current_condition_only,124,I_to_I,0.002997317309028861
participant_current_condition_only,125,C_to_C,0.0007153282692862905
participant_current_condition_only,125,I_to_C,0.0018384462113437458
participant_current_condition_only,125,C_to_I,0.0038817014711703055
participant_current_condition_only,125,I_to_I,0.0023390814717646415
participant_current_condition_only,126,C_to_C,0.0001265703029746329
participant_current_condition_only,126,I_to_C,0.001364263316373964
participant_current_condition_only,126,C_to_I,0.002933215987589928
participant_current_condition_only,126,I_to_I,0.002304169941053985
participant_current_condition_only,127,C_to_C,0.0017116012180360051
participant_current_condition_only,127,I_to_C,0.0001239240303461012
participant_current_condition_only,127,C_to_I,0.005609971093852428
participant_current_condition_only,127,I_to_I,0.003800308860051846
participant_current_condition_only,128,C_to_C,-2.7143804372782067e-05
participant_current_condition_only,128,I_to_C,0.0012995406175624843
participant_current_condition_only,128,C_to_I,0.0029605999526889294
participant_current_condition_only,128,I_to_I,0.002563729160536439
participant_current_condition_only,129,C_to_C,0.002153177362271829
participant_current_condition_only,129,I_to_C,0.0008312357719648573
participant_current_condition_only,129,C_to_I,0.009178525792992413
participant_current_condition_only,129,I_to_I,0.0021079968639834707
participant_current_condition_only,130,C_to_C,0.0014491001687224581
participant_current_condition_only,130,I_to_C,0.0006973950777324978
participant_current_condition_only,130,C_to_I,0.002720629565356051
participant_current_condition_only,130,I_to_I,0.003510564977087259
participant_current_condition_only,131,C_to_C,0.0016623537482218845
participant_current_condition_only,131,I_to_C,-7.047978752181148e-05
participant_current_condition_only,131,C_to_I,0.007057861585672667
participant_current_condition_only,131,I_to_I,0.0026071623651953415
participant_current_condition_only,132,C_to_C,0.0008113863282655417
participant_current_condition_only,132,I_to_C,0.0011335109626567207
participant_current_condition_only,132,C_to_I,0.005515416658030004
participant_current_condition_only,132,I_to_I,0.000849550190486079
participant_current_condition_only,133,C_to_C,0.0006134602467282611
participant_current_condition_only,133,I_to_C,0.0012334287883321675
participant_current_condition_only,133,C_to_I,0.0028105183885157384
participant_current_condition_only,133,I_to_I,0.0009886510646073521
participant_current_condition_only,134,C_to_C,0.0017455966783821164
participant_current_condition_only,134,I_to_C,0.0003429386810533638
participant_current_condition_only,134,C_to_I,0.002282709459916137
participant_current_condition_only,134,I_to_I,0.003410633809823751
participant_current_condition_only,135,C_to_C,0.001540937550292639
participant_current_condition_only,135,I_to_C,0.0018097413227355118
participant_current_condition_only,135,C_to_I,0.004389474958321323
participant_current_condition_only,135,I_to_I,0.0015258657646364019
participant_current_condition_only,136,C_to_C,0.0008409349780361785
participant_current_condition_only,136,I_to_C,0.0008317867279630779
participant_current_condition_only,136,C_to_I,0.0037823425631171464
participant_current_condition_only,136,I_to_I,0.0008948646187585912
participant_current_condition_only,137,C_to_C,0.002072684737131826
participant_current_condition_only,137,I_to_C,0.00014091765947720335
participant_current_condition_only,137,C_to_I,0.008640014871190684
participant_current_condition_only,137,I_to_I,0.003690913702769501
participant_current_condition_only,138,C_to_C,0.0009768861044174345
participant_current_condition_only,138,I_to_C,0.0011574001584394777
participant_current_condition_only,138,C_to_I,0.006136748575079064
participant_current_condition_only,138,I_to_I,0.0019135631585803106
participant_current_condition_only,139,C_to_C,0.0014231637565584193
participant_current_condition_only,139,I_to_C,0.00073758580065184
participant_current_condition_only,139,C_to_I,0.0038332986003044266
participant_current_condition_only,139,I_to_I,0.003209851731301069
participant_current_condition_only,140,C_to_C,0.0018253644382910676
participant_current_condition_only,140,I_to_C,0.0005036779969132603
participant_current_condition_only,140,C_to_I,0.004696515647704952
participant_current_condition_only,140,I_to_I,0.0035581827850014536
participant_current_condition_only,141,C_to_C,0.00048540745218894176
participant_current_condition_only,141,I_to_C,0.0009969787535479993
participant_current_condition_only,141,C_to_I,0.004586844357537559
participant_current_condition_only,141,I_to_I,0.0019019365956031756
participant_current_condition_only,142,C_to_C,0.0014262728863063696
participant_current_condition_only,142,I_to_C,0.0011588836750159183
participant_current_condition_only,142,C_to_I,0.0023468488104904676
participant_current_condition_only,142,I_to_I,0.0017681299448535355
participant_current_condition_only,143,C_to_C,0.0006251459693281064
participant_current_condition_only,143,I_to_C,0.0007800925808996627
participant_current_condition_only,143,C_to_I,0.0024754916210337654
participant_current_condition_only,143,I_to_I,0.000622174861583915
participant_current_condition_only,144,C_to_C,0.0024824890790066446
participant_current_condition_only,144,I_to_C,0.0007953477582984213
participant_current_condition_only,144,C_to_I,0.0009408883864960549
participant_current_condition_only,144,I_to_I,0.004285905304360261
participant_current_condition_only,145,C_to_C,0.0008544499168457531
participant_current_condition_only,145,I_to_C,0.0005411421378466573
participant_current_condition_only,145,C_to_I,0.009449912851718397
participant_current_condition_only,145,I_to_I,0.0017177159254815292
participant_current_condition_only,146,C_to_C,0.0006471298871075144
participant_current_condition_only,146,I_to_C,0.0008423437552168317
participant_current_condition_only,146,C_to_I,0.002303689929499076
participant_current_condition_only,146,I_to_I,0.0014625924615707204
participant_current_condition_only,147,C_to_C,0.0016094576636390377
participant_current_condition_only,147,I_to_C,0.0010121533787187228
participant_current_condition_only,147,C_to_I,0.006818083721673849
participant_current_condition_only,147,I_to_I,0.0019135291839043093
participant_current_condition_only,148,C_to_C,0.00041450522165915394
participant_current_condition_only,148,I_to_C,0.0016910182618913195
participant_current_condition_only,148,C_to_I,0.0025989739646936376
participant_current_condition_only,148,I_to_I,0.0025225606393890223
participant_current_condition_only,149,C_to_C,0.0016785822905107813
participant_current_condition_only,149,I_to_C,0.0017885323636645859
participant_current_condition_only,149,C_to_I,0.005359460833314502
participant_current_condition_only,149,I_to_I,0.0017107434927062359
participant_current_condition_only,150,C_to_C,0.0022320425601887444
participant_current_condition_only,150,I_to_C,0.0005266353658910212
participant_current_condition_only,150,C_to_I,0.0065051795447214735
participant_current_condition_only,150,I_to_I,0.003610329102632563
participant_current_condition_only,151,C_to_C,0.0015130561815547428
participant_current_condition_only,151,I_to_C,0.0012291854993252943
participant_current_condition_only,151,C_to_I,0.007160609774654825
participant_current_condition_only,151,I_to_I,0.0018491323984569008
participant_current_condition_only,152,C_to_C,0.0020396936711879455
participant_current_condition_only,152,I_to_C,0.0005285668769060336
participant_current_condition_only,152,C_to_I,0.004154110186996105
participant_current_condition_only,152,I_to_I,0.0023985257721157232
participant_current_condition_only,153,C_to_C,0.0005699026495313312
participant_current_condition_only,153,I_to_C,0.001307719851438871
participant_current_condition_only,153,C_to_I,0.0008487529235488671
participant_current_condition_only,153,I_to_I,0.00010673233107369506
participant_current_condition_only,154,C_to_C,0.0009404807033224509
participant_current_condition_only,154,I_to_C,0.0011542281608092001
participant_current_condition_only,154,C_to_I,0.0027834461408786653
participant_current_condition_only,154,I_to_I,0.003769312846240432
participant_current_condition_only,155,C_to_C,0.0001737475833892042
participant_current_condition_only,155,I_to_C,-0.0003782238035837799
participant_current_condition_only,155,C_to_I,0.005601413692175291
participant_current_condition_only,155,I_to_I,0.0030818028091154893
participant_current_condition_only,156,C_to_C,0.0016401460531636307
participant_current_condition_only,156,I_to_C,0.00015442123291416212
participant_current_condition_only,156,C_to_I,0.0065211546709791285
participant_current_condition_only,156,I_to_I,0.0006837729188068503
participant_current_condition_only,157,C_to_C,0.0011052824782126507
participant_current_condition_only,157,I_to_C,0.0005432650912280399
participant_current_condition_only,157,C_to_I,0.0013507620659340776
participant_current_condition_only,157,I_to_I,0.0035036284010289925
participant_current_condition_only,158,C_to_C,0.0006266150221977098
participant_current_condition_only,158,I_to_C,0.0013818282428861017
participant_current_condition_only,158,C_to_I,0.004504281236661951
participant_current_condition_only,158,I_to_I,0.0018892554838579316
participant_current_condition_only,159,C_to_C,0.0013037384923831634
participant_current_condition_only,159,I_to_C,-9.562241492112243e-05
participant_current_condition_only,159,C_to_I,0.004319628533210725
participant_current_condition_only,159,I_to_I,0.0014778193574462642
participant_current_condition_only,160,C_to_C,0.0005724043905380968
participant_current_condition_only,160,I_to_C,0.002097070025337798
participant_current_condition_only,160,C_to_I,0.005270909517095152
participant_current_condition_only,160,I_to_I,0.0007954808865635093
participant_current_condition_only,161,C_to_C,0.00154013012485458
participant_current_condition_only,161,I_to_C,0.000435173663377564
participant_current_condition_only,161,C_to_I,0.006634846215064919
participant_current_condition_only,161,I_to_I,-0.00036606999080387634
participant_current_condition_only,162,C_to_C,0.0015712003846925083
participant_current_condition_only,162,I_to_C,0.0006157353798549797
participant_current_condition_only,162,C_to_I,0.002984656620708142
participant_current_condition_only,162,I_to_I,0.0023600312591557384
participant_current_condition_only,163,C_to_C,0.000585659268561976
participant_current_condition_only,163,I_to_C,0.0006015240826755123
participant_current_condition_only,163,C_to_I,0.0061635830193980615
participant_current_condition_only,163,I_to_I,0.00041278390300537545
participant_current_condition_only,164,C_to_C,0.0009151678313980138
participant_current_condition_only,164,I_to_C,0.0010408881336037012
participant_current_condition_only,164,C_to_I,0.0052535875694820966
participant_current_condition_only,164,I_to_I,0.002891815509498795
participant_current_condition_only,165,C_to_C,0.0017007688449080217
participant_current_condition_only,165,I_to_C,0.0010641656795126343
participant_current_condition_only,165,C_to_I,0.006464440310483554
participant_current_condition_only,165,I_to_I,0.0017375460829065347
participant_current_condition_only,166,C_to_C,0.0009468742933612717
participant_current_condition_only,166,I_to_C,0.0015382661065381695
participant_current_condition_only,166,C_to_I,0.00502420367511699
participant_current_condition_only,166,I_to_I,0.0013756079214158215
participant_current_condition_only,167,C_to_C,0.0006119078305602043
participant_current_condition_only,167,I_to_C,0.000259083870706687
participant_current_condition_only,167,C_to_I,0.0017889499827020642
participant_current_condition_only,167,I_to_I,0.002373516064847005
participant_current_condition_only,168,C_to_C,1.757135425444631e-05
participant_current_condition_only,168,I_to_C,0.0010692843191364703
participant_current_condition_only,168,C_to_I,0.006379821759561069
participant_current_condition_only,168,I_to_I,0.003796444339282697
participant_current_condition_only,169,C_to_C,0.0028522698268035745
participant_current_condition_only,169,I_to_C,0.001226173418005392
participant_current_condition_only,169,C_to_I,0.0006473221400017354
participant_current_condition_only,169,I_to_I,0.002083033682360719
participant_current_condition_only,170,C_to_C,0.002865469160952387
participant_current_condition_only,170,I_to_C,0.0008238049680163398
participant_current_condition_only,170,C_to_I,0.009775861070292147
participant_current_condition_only,170,I_to_I,0.0036312324343454466
participant_current_condition_only,171,C_to_C,0.0010802412976427906
participant_current_condition_only,171,I_to_C,0.0009013970036755193
participant_current_condition_only,171,C_to_I,0.004173745104292944
participant_current_condition_only,171,I_to_I,0.002009611805391136
participant_current_condition_only,172,C_to_C,0.0014719326849677908
participant_current_condition_only,172,I_to_C,0.0009823673838473801
participant_current_condition_only,172,C_to_I,0.004963142635364331
participant_current_condition_only,172,I_to_I,0.00031882027643271015
participant_current_condition_only,173,C_to_C,0.0016161024602666736
participant_current_condition_only,173,I_to_C,0.0005372619587035604
participant_current_condition_only,173,C_to_I,0.004532266872890348
participant_current_condition_only,173,I_to_I,0.0025796270705190703
participant_current_condition_only,174,C_to_C,0.0007944820570040146
participant_current_condition_only,174,I_to_C,0.0006482763426178687
participant_current_condition_only,174,C_to_I,0.005220124636376982
participant_current_condition_only,174,I_to_I,0.0007125018387914203
participant_current_condition_only,175,C_to_C,0.0025031045714450054
participant_current_condition_only,175,I_to_C,0.00024793489138276394
participant_current_condition_only,175,C_to_I,0.007190950638300972
participant_current_condition_only,175,I_to_I,0.0014148111687473067
participant_current_condition_only,176,C_to_C,0.0006783592481101568
participant_current_condition_only,176,I_to_C,0.0013988921726881978
participant_current_condition_only,176,C_to_I,0.002908161564671199
participant_current_condition_only,176,I_to_I,-1.9030608731276377e-05
participant_current_condition_only,177,C_to_C,0.0009933250941546272
participant_current_condition_only,177,I_to_C,0.000353322271763007
participant_current_condition_only,177,C_to_I,0.00760578003669864
participant_current_condition_only,177,I_to_I,0.0023954320150657575
participant_current_condition_only,178,C_to_C,0.0014120864433797167
participant_current_condition_only,178,I_to_C,0.0010090288009645093
participant_current_condition_only,178,C_to_I,0.006569297171653924
participant_current_condition_only,178,I_to_I,0.002606794105173574
participant_current_condition_only,179,C_to_C,0.0018051000516115323
participant_current_condition_only,179,I_to_C,0.0014421076276595094
participant_current_condition_only,179,C_to_I,0.004767251122949904
participant_current_condition_only,179,I_to_I,0.002100699944461894
participant_current_condition_only,180,C_to_C,0.0001912465911058279
participant_current_condition_only,180,I_to_C,0.0019010679917212806
participant_current_condition_only,180,C_to_I,0.00494953728907168
participant_current_condition_only,180,I_to_I,0.0007375666672215998
participant_current_condition_only,181,C_to_C,0.00015394357105040211
participant_current_condition_only,181,I_to_C,0.0011518750710135836
participant_current_condition_only,181,C_to_I,0.003837800276401074
participant_current_condition_only,181,I_to_I,0.001935672450465961
participant_current_condition_only,182,C_to_C,0.002109871531593268
participant_current_condition_only,182,I_to_C,0.0017186448490878628
participant_current_condition_only,182,C_to_I,0.006771371336113955
participant_current_condition_only,182,I_to_I,0.002595331368441421
participant_current_condition_only,183,C_to_C,0.002520056000255432
participant_current_condition_only,183,I_to_C,0.001741848759016231
participant_current_condition_only,183,C_to_I,0.0011156864907202293
participant_current_condition_only,183,I_to_I,0.0019096400632310365
participant_current_condition_only,184,C_to_C,0.0008608205260570426
participant_current_condition_only,184,I_to_C,0.0010980060129548498
participant_current_condition_only,184,C_to_I,0.0017135616421476508
participant_current_condition_only,184,I_to_I,0.0009107935298575466
participant_current_condition_only,185,C_to_C,0.001628385135060123
participant_current_condition_only,185,I_to_C,0.001453499184808423
participant_current_condition_only,185,C_to_I,0.009098082961106198
participant_current_condition_only,185,I_to_I,0.0037974535993496148
participant_current_condition_only,186,C_to_C,0.0024377147338885373
participant_current_condition_only,186,I_to_C,0.0009962316143681208
participant_current_condition_only,186,C_to_I,0.006010411387800138
participant_current_condition_only,186,I_to_I,0.0005560150854508713
participant_current_condition_only,187,C_to_C,0.002509400459858499
participant_current_condition_only,187,I_to_C,0.0014068213897230944
participant_current_condition_only,187,C_to_I,0.0036673851520844496
participant_current_condition_only,187,I_to_I,0.002291962698222568
participant_current_condition_only,188,C_to_C,0.0012214528105529594
participant_current_condition_only,188,I_to_C,0.0007539115044569538
participant_current_condition_only,188,C_to_I,0.0031791609480297123
participant_current_condition_only,188,I_to_I,0.003148299177917565
participant_current_condition_only,189,C_to_C,0.001220227690359678
participant_current_condition_only,189,I_to_C,0.0014510554087691647
participant_current_condition_only,189,C_to_I,0.003760947533889761
participant_current_condition_only,189,I_to_I,0.00257625945894308
participant_current_condition_only,190,C_to_C,0.0010448418192212023
participant_current_condition_only,190,I_to_C,0.0008785162991584104
participant_current_condition_only,190,C_to_I,0.005761230062069986
participant_current_condition_only,190,I_to_I,0.0019157110979275982
participant_current_condition_only,191,C_to_C,0.0005474134240418176
participant_current_condition_only,191,I_to_C,0.0007748187149655903
participant_current_condition_only,191,C_to_I,0.005557107147388054
participant_current_condition_only,191,I_to_I,0.0025393598371437863
participant_current_condition_only,192,C_to_C,0.0016564954252852454
participant_current_condition_only,192,I_to_C,0.0016301863677165387
participant_current_condition_only,192,C_to_I,0.004348030751401894
participant_current_condition_only,192,I_to_I,-0.0001768134781865637
participant_current_condition_only,193,C_to_C,0.0013037032009346281
participant_current_condition_only,193,I_to_C,0.0014918924779128272
participant_current_condition_only,193,C_to_I,0.003750920086310964
participant_current_condition_only,193,I_to_I,0.001977199823123689
participant_current_condition_only,194,C_to_C,0.0010261859227243925
participant_current_condition_only,194,I_to_C,0.0003181133009114804
participant_current_condition_only,194,C_to_I,0.004197169503485778
participant_current_condition_only,194,I_to_I,0.0030907735992255093
participant_current_condition_only,195,C_to_C,0.0018252763053570175
participant_current_condition_only,195,I_to_C,0.00044524367480920386
participant_current_condition_only,195,C_to_I,0.005909075358815918
participant_current_condition_only,195,I_to_I,0.0016994631472415423
participant_current_condition_only,196,C_to_C,0.0002284887482226334
participant_current_condition_only,196,I_to_C,0.0015242338025939267
participant_current_condition_only,196,C_to_I,0.0061045020445624435
participant_current_condition_only,196,I_to_I,0.0026119497039234453
participant_current_condition_only,197,C_to_C,0.002198286683893625
participant_current_condition_only,197,I_to_C,0.0003264715538295027
participant_current_condition_only,197,C_to_I,0.00576241430075352
participant_current_condition_only,197,I_to_I,0.002233301615624159
participant_current_condition_only,198,C_to_C,0.0006738285873648035
participant_current_condition_only,198,I_to_C,0.0007608334196961344
participant_current_condition_only,198,C_to_I,0.0035417092474727923
participant_current_condition_only,198,I_to_I,0.0012120242599811093
participant_current_condition_only,199,C_to_C,0.0019890282638895694
participant_current_condition_only,199,I_to_C,0.0010767209982905088
participant_current_condition_only,199,C_to_I,0.0039247648818975705
participant_current_condition_only,199,I_to_I,0.001752630397823968
participant_current_condition_only,200,C_to_C,0.0013099141137319934
participant_current_condition_only,200,I_to_C,0.0028788609968151938
participant_current_condition_only,200,C_to_I,0.0022986521028713334
participant_current_condition_only,200,I_to_I,0.002469489439842363
participant_current_condition_only,201,C_to_C,0.001158772442842126
participant_current_condition_only,201,I_to_C,0.0014644835995133113
participant_current_condition_only,201,C_to_I,0.003553771704150739
participant_current_condition_only,201,I_to_I,0.0012617499443102497
participant_current_condition_only,202,C_to_C,0.0009678298815575062
participant_current_condition_only,202,I_to_C,0.0014431508057457432
participant_current_condition_only,202,C_to_I,0.007000269306950947
participant_current_condition_only,202,I_to_I,0.003072422962116589
participant_current_condition_only,203,C_to_C,0.001630709381106131
participant_current_condition_only,203,I_to_C,0.0012133451854460264
participant_current_condition_only,203,C_to_I,0.007146760206818971
participant_current_condition_only,203,I_to_I,0.002375418470347313
participant_current_condition_only,204,C_to_C,4.023953577187901e-05
participant_current_condition_only,204,I_to_C,0.00030848793739601463
participant_current_condition_only,204,C_to_I,0.007229126822030168
participant_current_condition_only,204,I_to_I,0.0010027470699591106
participant_current_condition_only,205,C_to_C,0.0022211563252632987
participant_current_condition_only,205,I_to_C,0.0005530730747215022
participant_current_condition_only,205,C_to_I,0.00664924562901541
participant_current_condition_only,205,I_to_I,0.002743177349548738
participant_current_condition_only,206,C_to_C,0.001280921787844926
participant_current_condition_only,206,I_to_C,0.001287854525299977
participant_current_condition_only,206,C_to_I,0.004979590592067294
participant_current_condition_only,206,I_to_I,0.003901477743751879
participant_current_condition_only,207,C_to_C,0.0006246895132911868
participant_current_condition_only,207,I_to_C,0.0009203835897270884
participant_current_condition_only,207,C_to_I,0.00045091388859031927
participant_current_condition_only,207,I_to_I,0.0008188016594612004
participant_current_condition_only,208,C_to_C,0.0015536035926981711
participant_current_condition_only,208,I_to_C,0.0007872128650532972
participant_current_condition_only,208,C_to_I,0.005907125513178982
participant_current_condition_only,208,I_to_I,0.00128379247474117
participant_current_condition_only,209,C_to_C,0.001537119451085762
participant_current_condition_only,209,I_to_C,0.001330002506555917
participant_current_condition_only,209,C_to_I,0.0021696898193307576
participant_current_condition_only,209,I_to_I,0.0005322938833912621
participant_current_condition_only,210,C_to_C,0.0016703858789240418
participant_current_condition_only,210,I_to_C,0.001444579250237139
participant_current_condition_only,210,C_to_I,0.002594653752233428
participant_current_condition_only,210,I_to_I,0.0017844644543009336
participant_current_condition_only,211,C_to_C,0.0014992636315233955
participant_current_condition_only,211,I_to_C,0.0002836577267066089
participant_current_condition_only,211,C_to_I,0.003067708985384485
participant_current_condition_only,211,I_to_I,0.004672857829792922
participant_current_condition_only,212,C_to_C,0.0009316183281363997
participant_current_condition_only,212,I_to_C,0.00018716430893309563
participant_current_condition_only,212,C_to_I,0.0031287006892458218
participant_current_condition_only,212,I_to_I,0.0026323882402704514
participant_current_condition_only,213,C_to_C,0.0020422500083730134
participant_current_condition_only,213,I_to_C,0.000544879045994405
participant_current_condition_only,213,C_to_I,0.0014806081742759732
participant_current_condition_only,213,I_to_I,0.0035881934406769432
participant_current_condition_only,214,C_to_C,0.0013152195674996485
participant_current_condition_only,214,I_to_C,0.000975418680806787
participant_current_condition_only,214,C_to_I,0.007337371620282099
participant_current_condition_only,214,I_to_I,0.0009646303319853586
participant_current_condition_only,215,C_to_C,0.0014023866658970149
participant_current_condition_only,215,I_to_C,-7.610039154139113e-05
participant_current_condition_only,215,C_to_I,0.008528296263848842
participant_current_condition_only,215,I_to_I,0.0028392611082974444
participant_current_condition_only,216,C_to_C,0.001351341219280213
participant_current_condition_only,216,I_to_C,0.0014416115945267882
participant_current_condition_only,216,C_to_I,0.0037791415366088483
participant_current_condition_only,216,I_to_I,0.0028277920458653454
participant_current_condition_only,217,C_to_C,0.001747410010387498
participant_current_condition_only,217,I_to_C,0.0016844195481662543
participant_current_condition_only,217,C_to_I,0.0017212273941001437
participant_current_condition_only,217,I_to_I,0.0010959431511952786
participant_current_condition_only,218,C_to_C,0.0007488445995472878
participant_current_condition_only,218,I_to_C,0.0015616605785976172
participant_current_condition_only,218,C_to_I,0.006261781815892192
participant_current_condition_only,218,I_to_I,0.003590381562436035
participant_current_condition_only,219,C_to_C,0.0013146509985196785
participant_current_condition_only,219,I_to_C,0.0012795957526040565
participant_current_condition_only,219,C_to_I,0.005260263579445556
participant_current_condition_only,219,I_to_I,0.001865582295373154
participant_current_condition_only,220,C_to_C,0.0004307879139960337
participant_current_condition_only,220,I_to_C,0.0005111073166416632
participant_current_condition_only,220,C_to_I,0.00419018628675545
participant_current_condition_only,220,I_to_I,0.0033021009486242123
participant_current_condition_only,221,C_to_C,0.0012589791306382232
participant_current_condition_only,221,I_to_C,0.0004901608305661937
participant_current_condition_only,221,C_to_I,0.004044066264677497
participant_current_condition_only,221,I_to_I,0.0023897607552304284
participant_current_condition_only,222,C_to_C,0.000789200134909169
participant_current_condition_only,222,I_to_C,0.0006443894384783564
participant_current_condition_only,222,C_to_I,0.0034377358281432
participant_current_condition_only,222,I_to_I,0.0027234653581027883
participant_current_condition_only,223,C_to_C,0.0007235313477756424
participant_current_condition_only,223,I_to_C,0.0015278222897428997
participant_current_condition_only,223,C_to_I,0.00720135891682948
participant_current_condition_only,223,I_to_I,0.0028454358487352617
participant_current_condition_only,224,C_to_C,0.0002553355123809284
participant_current_condition_only,224,I_to_C,0.0007740378889966391
participant_current_condition_only,224,C_to_I,0.005725555575806497
participant_current_condition_only,224,I_to_I,0.002489776003129726
participant_current_condition_only,225,C_to_C,0.0007512886207224361
participant_current_condition_only,225,I_to_C,-9.382877237046169e-05
participant_current_condition_only,225,C_to_I,0.0030517109531980444
participant_current_condition_only,225,I_to_I,0.0043300735454445596
participant_current_condition_only,226,C_to_C,0.0016466963469088372
participant_current_condition_only,226,I_to_C,0.0008583054817245428
participant_current_condition_only,226,C_to_I,0.003321236624950879
participant_current_condition_only,226,I_to_I,0.003158713767192806
participant_current_condition_only,227,C_to_C,0.0015518916359349147
participant_current_condition_only,227,I_to_C,0.0015095182366289235
participant_current_condition_only,227,C_to_I,0.006301828856415734
participant_current_condition_only,227,I_to_I,0.0038401911703388938
participant_current_condition_only,228,C_to_C,0.0010633091459105288
participant_current_condition_only,228,I_to_C,0.0004205736717043377
participant_current_condition_only,228,C_to_I,0.002990413915245172
participant_current_condition_only,228,I_to_I,0.0023548787661088434
participant_current_condition_only,229,C_to_C,0.0009454532656525102
participant_current_condition_only,229,I_to_C,0.0012986550097082118
participant_current_condition_only,229,C_to_I,0.004205121108948936
participant_current_condition_only,229,I_to_I,0.0014745954961310353
participant_current_condition_only,230,C_to_C,0.0021337815098685514
participant_current_condition_only,230,I_to_C,0.0014688014580842132
participant_current_condition_only,230,C_to_I,0.0032025700281725997
participant_current_condition_only,230,I_to_I,0.002122207084352473
participant_current_condition_only,231,C_to_C,0.0014652531494028591
participant_current_condition_only,231,I_to_C,0.0007625596466203602
participant_current_condition_only,231,C_to_I,0.004319625418929502
participant_current_condition_only,231,I_to_I,0.0013578052348522471
participant_current_condition_only,232,C_to_C,0.001618410954868086
participant_current_condition_only,232,I_to_C,0.0009150565008564452
participant_current_condition_only,232,C_to_I,0.006882520457634477
participant_current_condition_only,232,I_to_I,0.0028354099921651175
participant_current_condition_only,233,C_to_C,0.0015409355490948976
participant_current_condition_only,233,I_to_C,0.001819491308899037
participant_current_condition_only,233,C_to_I,0.0036573633858822227
participant_current_condition_only,233,I_to_I,0.003823881098656853
participant_current_condition_only,234,C_to_C,0.0011324416840228875
participant_current_condition_only,234,I_to_C,0.000637048596552461
participant_current_condition_only,234,C_to_I,0.005437965977810942
participant_current_condition_only,234,I_to_I,0.0019305981628777935
participant_current_condition_only,235,C_to_C,-0.00023887896703215264
participant_current_condition_only,235,I_to_C,0.0008344903563462928
participant_current_condition_only,235,C_to_I,0.0006918508032064284
participant_current_condition_only,235,I_to_I,0.0002592976522611785
participant_current_condition_only,236,C_to_C,0.0012360046380891167
participant_current_condition_only,236,I_to_C,-0.0004152796786511777
participant_current_condition_only,236,C_to_I,0.006446809300748513
participant_current_condition_only,236,I_to_I,0.004512519411501611
participant_current_condition_only,237,C_to_C,0.0016348370122271688
participant_current_condition_only,237,I_to_C,0.000731494651637386
participant_current_condition_only,237,C_to_I,0.0069077951391882456
participant_current_condition_only,237,I_to_I,0.0012859839182877571
participant_current_condition_only,238,C_to_C,0.0007409003543829214
participant_current_condition_only,238,I_to_C,0.0006399198782844613
participant_current_condition_only,238,C_to_I,0.00691891038958629
participant_current_condition_only,238,I_to_I,0.0025125380474252633
participant_current_condition_only,239,C_to_C,0.0026233742637320396
participant_current_condition_only,239,I_to_C,0.0004031781400214628
participant_current_condition_only,239,C_to_I,0.0030498937174432534
participant_current_condition_only,239,I_to_I,-0.00016087840707813743
participant_current_condition_only,240,C_to_C,0.0009844405162678883
participant_current_condition_only,240,I_to_C,0.001280007677968501
participant_current_condition_only,240,C_to_I,0.0030991001373596224
participant_current_condition_only,240,I_to_I,0.002611503848141964
participant_current_condition_only,241,C_to_C,0.0016464949374305103
participant_current_condition_only,241,I_to_C,0.0008807594350746603
participant_current_condition_only,241,C_to_I,0.0008033306492482687
participant_current_condition_only,241,I_to_I,0.0027746956862207527
participant_current_condition_only,242,C_to_C,0.000982575542666029
participant_current_condition_only,242,I_to_C,0.000853288560246388
participant_current_condition_only,242,C_to_I,0.0009611470109695602
participant_current_condition_only,242,I_to_I,0.0035100786484607736
participant_current_condition_only,243,C_to_C,0.0009611446180318595
participant_current_condition_only,243,I_to_C,0.0014142903689733834
participant_current_condition_only,243,C_to_I,-0.0014073512205691144
participant_current_condition_only,243,I_to_I,0.0033267238141660204
participant_current_condition_only,244,C_to_C,0.0017818335065196112
participant_current_condition_only,244,I_to_C,0.0013641351431535728
participant_current_condition_only,244,C_to_I,0.0077316785351180355
participant_current_condition_only,244,I_to_I,0.0029135064269013816
participant_current_condition_only,245,C_to_C,0.0011178454865025467
participant_current_condition_only,245,I_to_C,0.0003942212237282919
participant_current_condition_only,245,C_to_I,0.005571253965930342
participant_current_condition_only,245,I_to_I,0.002777163271141983
participant_current_condition_only,246,C_to_C,0.0009283945422181496
participant_current_condition_only,246,I_to_C,0.0012066552811129927
participant_current_condition_only,246,C_to_I,0.004458620258026617
participant_current_condition_only,246,I_to_I,0.0006866712371088562
participant_current_condition_only,247,C_to_C,0.002142944373208686
participant_current_condition_only,247,I_to_C,0.00043847070674330987
participant_current_condition_only,247,C_to_I,0.005780082653862964
participant_current_condition_only,247,I_to_I,0.0016781154744394148
participant_current_condition_only,248,C_to_C,0.001446695291124096
participant_current_condition_only,248,I_to_C,0.0014108201292951812
participant_current_condition_only,248,C_to_I,0.005466681730984339
participant_current_condition_only,248,I_to_I,0.001361532776012245
participant_current_condition_only,249,C_to_C,0.001231985264051611
participant_current_condition_only,249,I_to_C,0.001122028975269542
participant_current_condition_only,249,C_to_I,0.005601240590160966
participant_current_condition_only,249,I_to_I,0.0001966196578528939
participant_current_condition_only,250,C_to_C,0.0015857635404222395
participant_current_condition_only,250,I_to_C,0.001535351344797581
participant_current_condition_only,250,C_to_I,0.005631641862902422
participant_current_condition_only,250,I_to_I,0.0010085694400114025
participant_current_condition_only,251,C_to_C,0.0026709888642983967
participant_current_condition_only,251,I_to_C,0.00062918542123607
participant_current_condition_only,251,C_to_I,0.0007245090385173319
participant_current_condition_only,251,I_to_I,0.0011068239203221412
participant_current_condition_only,252,C_to_C,8.315203428664208e-05
participant_current_condition_only,252,I_to_C,0.0008563514402567715
participant_current_condition_only,252,C_to_I,0.002835476932775464
participant_current_condition_only,252,I_to_I,0.0023969185483455617
participant_current_condition_only,253,C_to_C,0.0002807025520955609
participant_current_condition_only,253,I_to_C,0.0006847138744348971
participant_current_condition_only,253,C_to_I,0.0038165647704696297
participant_current_condition_only,253,I_to_I,0.001580397637614529
participant_current_condition_only,254,C_to_C,0.0016523058477051487
participant_current_condition_only,254,I_to_C,0.0007774522076544796
participant_current_condition_only,254,C_to_I,0.004245326489764526
participant_current_condition_only,254,I_to_I,2.7284708984342174e-05
participant_current_condition_only,255,C_to_C,0.002084511868016502
participant_current_condition_only,255,I_to_C,0.0004550629330771291
participant_current_condition_only,255,C_to_I,0.004352470865906039
participant_current_condition_only,255,I_to_I,0.0026543646682618337
participant_current_condition_only,256,C_to_C,0.0021322390372715016
participant_current_condition_only,256,I_to_C,0.002148094295713447
participant_current_condition_only,256,C_to_I,0.005148966628213551
participant_current_condition_only,256,I_to_I,-0.0010653799853096717
participant_current_condition_only,257,C_to_C,0.0007753872178277182
participant_current_condition_only,257,I_to_C,0.0008713285908005965
participant_current_condition_only,257,C_to_I,0.006644285806324395
participant_current_condition_only,257,I_to_I,0.0007389333822401397
participant_current_condition_only,258,C_to_C,0.0005946241012027521
participant_current_condition_only,258,I_to_C,0.0010202665296571319
participant_current_condition_only,258,C_to_I,0.0011660352463083593
participant_current_condition_only,258,I_to_I,-0.00024348740310327919
participant_current_condition_only,259,C_to_C,0.0018042482067230831
participant_current_condition_only,259,I_to_C,0.0007551508513157986
participant_current_condition_only,259,C_to_I,0.005611040114539745
participant_current_condition_only,259,I_to_I,0.0013028474448362737
participant_current_condition_only,260,C_to_C,0.0006334326128442845
participant_current_condition_only,260,I_to_C,0.0008009483328031342
participant_current_condition_only,260,C_to_I,0.0037789710808482087
participant_current_condition_only,260,I_to_I,0.003945158562222885
participant_current_condition_only,261,C_to_C,0.0012940162438488017
participant_current_condition_only,261,I_to_C,0.0015756768838152612
participant_current_condition_only,261,C_to_I,0.0017468773493558095
participant_current_condition_only,261,I_to_I,0.0036298736293464747
participant_current_condition_only,262,C_to_C,0.0010776544629373878
participant_current_condition_only,262,I_to_C,0.0013833630989422677
participant_current_condition_only,262,C_to_I,0.004331517504223116
participant_current_condition_only,262,I_to_I,0.0017548422153799976
participant_current_condition_only,263,C_to_C,0.0014525264312310483
participant_current_condition_only,263,I_to_C,0.0015056944871347838
participant_current_condition_only,263,C_to_I,0.0036457445783592275
participant_current_condition_only,263,I_to_I,0.002406887283585649
participant_current_condition_only,264,C_to_C,0.0018819005853612173
participant_current_condition_only,264,I_to_C,0.0011017784085068612
participant_current_condition_only,264,C_to_I,0.0015038564520760346
participant_current_condition_only,264,I_to_I,0.0036573555362993627
participant_current_condition_only,265,C_to_C,0.0007692778162967742
participant_current_condition_only,265,I_to_C,0.0005209862099132108
participant_current_condition_only,265,C_to_I,0.005625798904786977
participant_current_condition_only,265,I_to_I,0.001432633593928305
participant_current_condition_only,266,C_to_C,0.0007825208398538757
participant_current_condition_only,266,I_to_C,0.0008434942958732487
participant_current_condition_only,266,C_to_I,0.004316309489262863
participant_current_condition_only,266,I_to_I,-1.6030687010173682e-05
participant_current_condition_only,267,C_to_C,0.0019886841238790586
participant_current_condition_only,267,I_to_C,0.0012420494144525667
participant_current_condition_only,267,C_to_I,0.004444617760303989
participant_current_condition_only,267,I_to_I,0.0020486894540498995
participant_current_condition_only,268,C_to_C,0.0014542469737942806
participant_current_condition_only,268,I_to_C,0.0014808475715377043
participant_current_condition_only,268,C_to_I,0.000843660861044642
participant_current_condition_only,268,I_to_I,0.0021082513671354286
participant_current_condition_only,269,C_to_C,0.0020543459444006883
participant_current_condition_only,269,I_to_C,0.0010113937302350504
participant_current_condition_only,269,C_to_I,0.003952663751362313
participant_current_condition_only,269,I_to_I,0.003542715535023635
participant_current_condition_only,270,C_to_C,0.0012616375221597177
participant_current_condition_only,270,I_to_C,0.0014247368333690673
participant_current_condition_only,270,C_to_I,0.0070491893087716705
participant_current_condition_only,270,I_to_I,0.003919770263459129
participant_current_condition_only,271,C_to_C,0.0017430053211463991
participant_current_condition_only,271,I_to_C,0.0009344360593384316
participant_current_condition_only,271,C_to_I,0.0013702445142144096
participant_current_condition_only,271,I_to_I,-7.153860543375051e-06
participant_current_condition_only,272,C_to_C,0.002477621111415456
participant_current_condition_only,272,I_to_C,0.0012425774736911377
participant_current_condition_only,272,C_to_I,0.0037607708718305753
participant_current_condition_only,272,I_to_I,0.0028115525208254354
participant_current_condition_only,273,C_to_C,0.001742170933534707
participant_current_condition_only,273,I_to_C,0.001483672192815131
participant_current_condition_only,273,C_to_I,0.0034245564920518654
participant_current_condition_only,273,I_to_I,0.0014611098443231658
participant_current_condition_only,274,C_to_C,0.0031491039444948893
participant_current_condition_only,274,I_to_C,0.0012712277027242943
participant_current_condition_only,274,C_to_I,0.0036622242273505116
participant_current_condition_only,274,I_to_I,0.001363118090331617
participant_current_condition_only,275,C_to_C,0.0009679896821587541
participant_current_condition_only,275,I_to_C,0.0016967292801915136
participant_current_condition_only,275,C_to_I,0.003599762530480166
participant_current_condition_only,275,I_to_I,0.0010131177172959039
participant_current_condition_only,276,C_to_C,0.0016999251755635695
participant_current_condition_only,276,I_to_C,0.0016126802188393726
participant_current_condition_only,276,C_to_I,0.0052003927861701705
participant_current_condition_only,276,I_to_I,0.00043684974514540334
participant_current_condition_only,277,C_to_C,0.0012651239117137062
participant_current_condition_only,277,I_to_C,0.0011332699027168517
participant_current_condition_only,277,C_to_I,0.004659000982524683
participant_current_condition_only,277,I_to_I,0.0010206702783225922
participant_current_condition_only,278,C_to_C,0.0014285591550521237
participant_current_condition_only,278,I_to_C,0.00034764836473265997
participant_current_condition_only,278,C_to_I,0.009695316688507006
participant_current_condition_only,278,I_to_I,0.0012931673765527987
participant_current_condition_only,279,C_to_C,0.000543832236232044
participant_current_condition_only,279,I_to_C,0.00014464817341459214
participant_current_condition_only,279,C_to_I,0.0051881327065963715
participant_current_condition_only,279,I_to_I,0.0013345880634222469
participant_current_condition_only,280,C_to_C,0.0007978941829903174
participant_current_condition_only,280,I_to_C,0.001143160722048678
participant_current_condition_only,280,C_to_I,0.005515837331485537
participant_current_condition_only,280,I_to_I,0.0029217119889029296
participant_current_condition_only,281,C_to_C,0.0010803008701191163
participant_current_condition_only,281,I_to_C,0.000854113427303449
participant_current_condition_only,281,C_to_I,0.005418391325104112
participant_current_condition_only,281,I_to_I,0.0007800125182581744
participant_current_condition_only,282,C_to_C,0.00016019600100410466
participant_current_condition_only,282,I_to_C,0.0013786644405822238
participant_current_condition_only,282,C_to_I,0.005736105354995683
participant_current_condition_only,282,I_to_I,0.0011869136158432912
participant_current_condition_only,283,C_to_C,0.0006444349830308495
participant_current_condition_only,283,I_to_C,0.0009746101421169909
participant_current_condition_only,283,C_to_I,0.0072690160030213806
participant_current_condition_only,283,I_to_I,0.002387552104543308
participant_current_condition_only,284,C_to_C,0.0014563726902229535
participant_current_condition_only,284,I_to_C,0.0010491255620036248
participant_current_condition_only,284,C_to_I,0.004784916425204553
participant_current_condition_only,284,I_to_I,0.0022245208944934045
participant_current_condition_only,285,C_to_C,0.0019077638837909077
participant_current_condition_only,285,I_to_C,0.0014379394953150674
participant_current_condition_only,285,C_to_I,0.004338180960343675
participant_current_condition_only,285,I_to_I,0.004130033952964057
participant_current_condition_only,286,C_to_C,0.001803400975105949
participant_current_condition_only,286,I_to_C,0.00034067913996866115
participant_current_condition_only,286,C_to_I,0.007568358963932411
participant_current_condition_only,286,I_to_I,0.0017780324311017022
participant_current_condition_only,287,C_to_C,0.0002662953053622735
participant_current_condition_only,287,I_to_C,0.00045946149339892234
participant_current_condition_only,287,C_to_I,0.007078987680095257
participant_current_condition_only,287,I_to_I,0.002874094196866141
participant_current_condition_only,288,C_to_C,0.0011960184991140343
participant_current_condition_only,288,I_to_C,0.0009694343829356747
participant_current_condition_only,288,C_to_I,0.008282252232103856
participant_current_condition_only,288,I_to_I,0.0027435279354132694
participant_current_condition_only,289,C_to_C,0.0004759189225241541
participant_current_condition_only,289,I_to_C,0.0012920455138299633
participant_current_condition_only,289,C_to_I,0.0031687661037235002
participant_current_condition_only,289,I_to_I,0.002244192602583228
participant_current_condition_only,290,C_to_C,0.000761010157458626
participant_current_condition_only,290,I_to_C,0.0005926359531634898
participant_current_condition_only,290,C_to_I,0.0034658055998713017
participant_current_condition_only,290,I_to_I,0.002021543722823378
participant_current_condition_only,291,C_to_C,0.001702453668939131
participant_current_condition_only,291,I_to_C,0.00160716860555048
participant_current_condition_only,291,C_to_I,0.00521034497932537
participant_current_condition_only,291,I_to_I,0.003428576018801545
participant_current_condition_only,292,C_to_C,0.0001067636935778854
participant_current_condition_only,292,I_to_C,0.0005347917737711392
participant_current_condition_only,292,C_to_I,0.003529041899651304
participant_current_condition_only,292,I_to_I,0.003803769834721596
participant_current_condition_only,293,C_to_C,0.001432823799777693
participant_current_condition_only,293,I_to_C,0.0014902816181553164
participant_current_condition_only,293,C_to_I,0.009828566775536594
participant_current_condition_only,293,I_to_I,0.0013766498377801404
participant_current_condition_only,294,C_to_C,0.0008382643680230119
participant_current_condition_only,294,I_to_C,0.0005454750374215823
participant_current_condition_only,294,C_to_I,0.006936554393500483
participant_current_condition_only,294,I_to_I,0.0029894963627924848
participant_current_condition_only,295,C_to_C,0.0009321587224545428
participant_current_condition_only,295,I_to_C,0.0008817677049358752
participant_current_condition_only,295,C_to_I,0.00749433783498211
participant_current_condition_only,295,I_to_I,0.0010910375783255565
participant_current_condition_only,296,C_to_C,0.0017454265574726646
participant_current_condition_only,296,I_to_C,0.00036769650369984056
participant_current_condition_only,296,C_to_I,0.0031168817348923026
participant_current_condition_only,296,I_to_I,0.0011018845052841522
participant_current_condition_only,297,C_to_C,0.0009800899090553056
participant_current_condition_only,297,I_to_C,0.0005912046379512704
participant_current_condition_only,297,C_to_I,0.0024015031936615266
participant_current_condition_only,297,I_to_I,0.000877196002625239
participant_current_condition_only,298,C_to_C,0.000647959953901583
participant_current_condition_only,298,I_to_C,0.00023934131197034228
participant_current_condition_only,298,C_to_I,0.0071571956357784645
participant_current_condition_only,298,I_to_I,0.0017808163864714722
participant_current_condition_only,299,C_to_C,-3.023361032957391e-05
participant_current_condition_only,299,I_to_C,0.0012094011269758698
participant_current_condition_only,299,C_to_I,0.0059481093227238165
participant_current_condition_only,299,I_to_I,0.004648833693793558
generic_previous_error,0,C_to_C,0.009063193202242484
generic_previous_error,0,I_to_C,0.01340895643546628
generic_previous_error,0,C_to_I,0.04335137101806822
generic_previous_error,0,I_to_I,0.05015634480567337
generic_previous_error,1,C_to_C,0.009636848018912398
generic_previous_error,1,I_to_C,0.012645428491237747
generic_previous_error,1,C_to_I,0.04572373422296979
generic_previous_error,1,I_to_I,0.04794379903237879
generic_previous_error,2,C_to_C,0.009531919982112544
generic_previous_error,2,I_to_C,0.012379323705956983
generic_previous_error,2,C_to_I,0.040824962864021
generic_previous_error,2,I_to_I,0.04943177027026713
generic_previous_error,3,C_to_C,0.01082459080256976
generic_previous_error,3,I_to_C,0.012820926439642116
generic_previous_error,3,C_to_I,0.04122287829991061
generic_previous_error,3,I_to_I,0.047709765427959946
generic_previous_error,4,C_to_C,0.010621096569174253
generic_previous_error,4,I_to_C,0.013372506145555484
generic_previous_error,4,C_to_I,0.04448570128415856
generic_previous_error,4,I_to_I,0.04915954584906011
generic_previous_error,5,C_to_C,0.008975800065294453
generic_previous_error,5,I_to_C,0.013307583974362748
generic_previous_error,5,C_to_I,0.044160398759960424
generic_previous_error,5,I_to_I,0.04654458795922166
generic_previous_error,6,C_to_C,0.01041411243174083
generic_previous_error,6,I_to_C,0.013668932583025106
generic_previous_error,6,C_to_I,0.0414459820805449
generic_previous_error,6,I_to_I,0.045750435764345926
generic_previous_error,7,C_to_C,0.008828532554176725
generic_previous_error,7,I_to_C,0.012415730286506834
generic_previous_error,7,C_to_I,0.04371026789846139
generic_previous_error,7,I_to_I,0.04986187708876583
generic_previous_error,8,C_to_C,0.009866602439711804
generic_previous_error,8,I_to_C,0.012788905605142955
generic_previous_error,8,C_to_I,0.043077866324897185
generic_previous_error,8,I_to_I,0.04798960942080138
generic_previous_error,9,C_to_C,0.009808903905912703
generic_previous_error,9,I_to_C,0.012201779926976276
generic_previous_error,9,C_to_I,0.04607439144642275
generic_previous_error,9,I_to_I,0.04965811652472567
generic_previous_error,10,C_to_C,0.00794380288087515
generic_previous_error,10,I_to_C,0.013747515884170737
generic_previous_error,10,C_to_I,0.04045083007256628
generic_previous_error,10,I_to_I,0.04841401196701112
generic_previous_error,11,C_to_C,0.00962161551827788
generic_previous_error,11,I_to_C,0.011786494954057779
generic_previous_error,11,C_to_I,0.04375224138877373
generic_previous_error,11,I_to_I,0.048293852951833104
generic_previous_error,12,C_to_C,0.009391958589011406
generic_previous_error,12,I_to_C,0.013525903874819487
generic_previous_error,12,C_to_I,0.04243111049484354
generic_previous_error,12,I_to_I,0.05039490160717587
generic_previous_error,13,C_to_C,0.009010980969605557
generic_previous_error,13,I_to_C,0.012664701418802986
generic_previous_error,13,C_to_I,0.0407751877237515
generic_previous_error,13,I_to_I,0.04664907548993563
generic_previous_error,14,C_to_C,0.008702981589865022
generic_previous_error,14,I_to_C,0.012074029269810157
generic_previous_error,14,C_to_I,0.04284910232311633
generic_previous_error,14,I_to_I,0.0456308005613428
generic_previous_error,15,C_to_C,0.0083040423155769
generic_previous_error,15,I_to_C,0.013692963399760429
generic_previous_error,15,C_to_I,0.04518173978413125
generic_previous_error,15,I_to_I,0.0475649269349477
generic_previous_error,16,C_to_C,0.010087611989237749
generic_previous_error,16,I_to_C,0.012330004951033537
generic_previous_error,16,C_to_I,0.04202666283108842
generic_previous_error,16,I_to_I,0.04965034465244377
generic_previous_error,17,C_to_C,0.011313609703807426
generic_previous_error,17,I_to_C,0.012636434840219644
generic_previous_error,17,C_to_I,0.04151033522428486
generic_previous_error,17,I_to_I,0.04906296030814289
generic_previous_error,18,C_to_C,0.009915935337763339
generic_previous_error,18,I_to_C,0.012252779979993435
generic_previous_error,18,C_to_I,0.04026873864930056
generic_previous_error,18,I_to_I,0.047111599187285025
generic_previous_error,19,C_to_C,0.010371854368875187
generic_previous_error,19,I_to_C,0.012301444597585365
generic_previous_error,19,C_to_I,0.045620096299844495
generic_previous_error,19,I_to_I,0.04893544205122426
generic_previous_error,20,C_to_C,0.010003797976531874
generic_previous_error,20,I_to_C,0.013193391551497409
generic_previous_error,20,C_to_I,0.04698369980315176
generic_previous_error,20,I_to_I,0.048235824203143214
generic_previous_error,21,C_to_C,0.00938797427880786
generic_previous_error,21,I_to_C,0.012083635663991904
generic_previous_error,21,C_to_I,0.0431563644233033
generic_previous_error,21,I_to_I,0.04993003718310485
generic_previous_error,22,C_to_C,0.010194421518592399
generic_previous_error,22,I_to_C,0.013435110993050484
generic_previous_error,22,C_to_I,0.043678887677207776
generic_previous_error,22,I_to_I,0.0506319606258621
generic_previous_error,23,C_to_C,0.008386630787206525
generic_previous_error,23,I_to_C,0.012855688522044988
generic_previous_error,23,C_to_I,0.04153473414162296
generic_previous_error,23,I_to_I,0.05000744444772179
generic_previous_error,24,C_to_C,0.008732544224319263
generic_previous_error,24,I_to_C,0.011636675515280435
generic_previous_error,24,C_to_I,0.04110695333348068
generic_previous_error,24,I_to_I,0.04634713192432866
generic_previous_error,25,C_to_C,0.010133359200613382
generic_previous_error,25,I_to_C,0.013102772673525238
generic_previous_error,25,C_to_I,0.042695633929929575
generic_previous_error,25,I_to_I,0.049521725514301236
generic_previous_error,26,C_to_C,0.010256536197429347
generic_previous_error,26,I_to_C,0.011881646131269788
generic_previous_error,26,C_to_I,0.05061172820861772
generic_previous_error,26,I_to_I,0.04765832177897671
generic_previous_error,27,C_to_C,0.009601456521311834
generic_previous_error,27,I_to_C,0.012381898244984616
generic_previous_error,27,C_to_I,0.04409832841466201
generic_previous_error,27,I_to_I,0.047026109054288626
generic_previous_error,28,C_to_C,0.010776958938588089
generic_previous_error,28,I_to_C,0.01175861806272632
generic_previous_error,28,C_to_I,0.043524170010086474
generic_previous_error,28,I_to_I,0.04963473423003338
generic_previous_error,29,C_to_C,0.009832323024498197
generic_previous_error,29,I_to_C,0.013663028725372249
generic_previous_error,29,C_to_I,0.047716224566332746
generic_previous_error,29,I_to_I,0.04529661815606805
generic_previous_error,30,C_to_C,0.01036299178353725
generic_previous_error,30,I_to_C,0.012978425739991918
generic_previous_error,30,C_to_I,0.042312872519685005
generic_previous_error,30,I_to_I,0.04926510579377833
generic_previous_error,31,C_to_C,0.008840469498713255
generic_previous_error,31,I_to_C,0.012425429222151702
generic_previous_error,31,C_to_I,0.04425653010082087
generic_previous_error,31,I_to_I,0.04941970461980226
generic_previous_error,32,C_to_C,0.010148375508097168
generic_previous_error,32,I_to_C,0.01275935080971554
generic_previous_error,32,C_to_I,0.04609378995902484
generic_previous_error,32,I_to_I,0.0475265249782358
generic_previous_error,33,C_to_C,0.010724362511662715
generic_previous_error,33,I_to_C,0.01145872625591406
generic_previous_error,33,C_to_I,0.04610548416437843
generic_previous_error,33,I_to_I,0.05011621764485127
generic_previous_error,34,C_to_C,0.011299123410972202
generic_previous_error,34,I_to_C,0.013934333089464589
generic_previous_error,34,C_to_I,0.04222162719685567
generic_previous_error,34,I_to_I,0.04895683254121696
generic_previous_error,35,C_to_C,0.009722526583694801
generic_previous_error,35,I_to_C,0.013223400836442946
generic_previous_error,35,C_to_I,0.043287452049205595
generic_previous_error,35,I_to_I,0.0483450762790454
generic_previous_error,36,C_to_C,0.01072590602231737
generic_previous_error,36,I_to_C,0.011625644600763369
generic_previous_error,36,C_to_I,0.04289206199321431
generic_previous_error,36,I_to_I,0.0508593137346409
generic_previous_error,37,C_to_C,0.009160897406810552
generic_previous_error,37,I_to_C,0.012881571967409529
generic_previous_error,37,C_to_I,0.04701784409705569
generic_previous_error,37,I_to_I,0.04683890765791561
generic_previous_error,38,C_to_C,0.008576402944994288
generic_previous_error,38,I_to_C,0.011220326531720861
generic_previous_error,38,C_to_I,0.04248204952314584
generic_previous_error,38,I_to_I,0.0509087536543044
generic_previous_error,39,C_to_C,0.008280507899784609
generic_previous_error,39,I_to_C,0.01343624288435477
generic_previous_error,39,C_to_I,0.0432463855368607
generic_previous_error,39,I_to_I,0.04816896706350566
generic_previous_error,40,C_to_C,0.009104249156305446
generic_previous_error,40,I_to_C,0.01186442397588349
generic_previous_error,40,C_to_I,0.04229464313634828
generic_previous_error,40,I_to_I,0.04879673270691032
generic_previous_error,41,C_to_C,0.01042793062911695
generic_previous_error,41,I_to_C,0.012126276302762926
generic_previous_error,41,C_to_I,0.04259191818617831
generic_previous_error,41,I_to_I,0.048839283495583835
generic_previous_error,42,C_to_C,0.00875613209298282
generic_previous_error,42,I_to_C,0.012920723831820064
generic_previous_error,42,C_to_I,0.04529837400323886
generic_previous_error,42,I_to_I,0.049191648093919536
generic_previous_error,43,C_to_C,0.009247468627665067
generic_previous_error,43,I_to_C,0.012991459117949768
generic_previous_error,43,C_to_I,0.04344143962123312
generic_previous_error,43,I_to_I,0.050422583616118954
generic_previous_error,44,C_to_C,0.008462664919031795
generic_previous_error,44,I_to_C,0.013159455195285887
generic_previous_error,44,C_to_I,0.04393397933036652
generic_previous_error,44,I_to_I,0.047199633691527465
generic_previous_error,45,C_to_C,0.0069813558821571805
generic_previous_error,45,I_to_C,0.012394830823989763
generic_previous_error,45,C_to_I,0.043801977757975445
generic_previous_error,45,I_to_I,0.047239773349104355
generic_previous_error,46,C_to_C,0.010769503153819632
generic_previous_error,46,I_to_C,0.013020559080171044
generic_previous_error,46,C_to_I,0.04170055823448665
generic_previous_error,46,I_to_I,0.04804908117079676
generic_previous_error,47,C_to_C,0.009449765436164487
generic_previous_error,47,I_to_C,0.012269570240522337
generic_previous_error,47,C_to_I,0.05078297702057543
generic_previous_error,47,I_to_I,0.04550033736309838
generic_previous_error,48,C_to_C,0.010389891037665478
generic_previous_error,48,I_to_C,0.010978170373533708
generic_previous_error,48,C_to_I,0.04315821557697656
generic_previous_error,48,I_to_I,0.04861965223074396
generic_previous_error,49,C_to_C,0.007838739997840679
generic_previous_error,49,I_to_C,0.012952144374075148
generic_previous_error,49,C_to_I,0.04046925100022402
generic_previous_error,49,I_to_I,0.048995211719733645
generic_previous_error,50,C_to_C,0.009668185116416306
generic_previous_error,50,I_to_C,0.013932377486532034
generic_previous_error,50,C_to_I,0.04116830929465358
generic_previous_error,50,I_to_I,0.04786962787704885
generic_previous_error,51,C_to_C,0.01072766139938797
generic_previous_error,51,I_to_C,0.012505005379908589
generic_previous_error,51,C_to_I,0.043454167920978004
generic_previous_error,51,I_to_I,0.04994973433609225
generic_previous_error,52,C_to_C,0.010829003123422767
generic_previous_error,52,I_to_C,0.01247330186479387
generic_previous_error,52,C_to_I,0.044694932951492225
generic_previous_error,52,I_to_I,0.04434869846240514
generic_previous_error,53,C_to_C,0.010219123768412787
generic_previous_error,53,I_to_C,0.013290305509357218
generic_previous_error,53,C_to_I,0.04097717824464579
generic_previous_error,53,I_to_I,0.04832716666764524
generic_previous_error,54,C_to_C,0.01021101646368193
generic_previous_error,54,I_to_C,0.012563640827631754
generic_previous_error,54,C_to_I,0.04380130996798395
generic_previous_error,54,I_to_I,0.048323572552401835
generic_previous_error,55,C_to_C,0.00861568132375471
generic_previous_error,55,I_to_C,0.011785355068350817
generic_previous_error,55,C_to_I,0.04041025565581113
generic_previous_error,55,I_to_I,0.0456768740834164
generic_previous_error,56,C_to_C,0.011681187960885037
generic_previous_error,56,I_to_C,0.012632480583740658
generic_previous_error,56,C_to_I,0.03998840901096524
generic_previous_error,56,I_to_I,0.05200172329556323
generic_previous_error,57,C_to_C,0.009214819870441154
generic_previous_error,57,I_to_C,0.012990945179611954
generic_previous_error,57,C_to_I,0.049010853933018655
generic_previous_error,57,I_to_I,0.05048554831283929
generic_previous_error,58,C_to_C,0.009178714577474873
generic_previous_error,58,I_to_C,0.013597657993304283
generic_previous_error,58,C_to_I,0.04582331231838768
generic_previous_error,58,I_to_I,0.047374006137861385
generic_previous_error,59,C_to_C,0.010761413848542909
generic_previous_error,59,I_to_C,0.013227879583426494
generic_previous_error,59,C_to_I,0.045863551899780954
generic_previous_error,59,I_to_I,0.04707922635334565
generic_previous_error,60,C_to_C,0.009316490369546912
generic_previous_error,60,I_to_C,0.011493359634008831
generic_previous_error,60,C_to_I,0.04084984796292173
generic_previous_error,60,I_to_I,0.04894627938400975
generic_previous_error,61,C_to_C,0.010184261985915924
generic_previous_error,61,I_to_C,0.013358998103280818
generic_previous_error,61,C_to_I,0.04619619305413307
generic_previous_error,61,I_to_I,0.048459802535588445
generic_previous_error,62,C_to_C,0.008552498337236964
generic_previous_error,62,I_to_C,0.012375102230404262
generic_previous_error,62,C_to_I,0.04515872486106669
generic_previous_error,62,I_to_I,0.05018916310336962
generic_previous_error,63,C_to_C,0.007886501056450187
generic_previous_error,63,I_to_C,0.013483006810729892
generic_previous_error,63,C_to_I,0.04424730010743882
generic_previous_error,63,I_to_I,0.04802302514493993
generic_previous_error,64,C_to_C,0.009925897396762645
generic_previous_error,64,I_to_C,0.012668282786065339
generic_previous_error,64,C_to_I,0.04718609299456961
generic_previous_error,64,I_to_I,0.04621388089216485
generic_previous_error,65,C_to_C,0.010026410344315036
generic_previous_error,65,I_to_C,0.01306285462852806
generic_previous_error,65,C_to_I,0.044413762504461884
generic_previous_error,65,I_to_I,0.04953611288142494
generic_previous_error,66,C_to_C,0.009992331198703727
generic_previous_error,66,I_to_C,0.013144801484302015
generic_previous_error,66,C_to_I,0.04367797971763499
generic_previous_error,66,I_to_I,0.04731301983735155
generic_previous_error,67,C_to_C,0.009257358995224863
generic_previous_error,67,I_to_C,0.010938577667831826
generic_previous_error,67,C_to_I,0.03954390067769374
generic_previous_error,67,I_to_I,0.04715289143354409
generic_previous_error,68,C_to_C,0.00909263265809715
generic_previous_error,68,I_to_C,0.011229860130374952
generic_previous_error,68,C_to_I,0.04171967601364382
generic_previous_error,68,I_to_I,0.04666330746703876
generic_previous_error,69,C_to_C,0.009693570996596318
generic_previous_error,69,I_to_C,0.01350156999085893
generic_previous_error,69,C_to_I,0.046582464623835744
generic_previous_error,69,I_to_I,0.048229020504269755
generic_previous_error,70,C_to_C,0.011101728985902544
generic_previous_error,70,I_to_C,0.012128046341779107
generic_previous_error,70,C_to_I,0.042876067314513364
generic_previous_error,70,I_to_I,0.04961791116567859
generic_previous_error,71,C_to_C,0.009667449917939936
generic_previous_error,71,I_to_C,0.012206438349259734
generic_previous_error,71,C_to_I,0.04096969829376782
generic_previous_error,71,I_to_I,0.049600224674778426
generic_previous_error,72,C_to_C,0.01010444099211947
generic_previous_error,72,I_to_C,0.012952457193958416
generic_previous_error,72,C_to_I,0.043539574613389975
generic_previous_error,72,I_to_I,0.048798781520818464
generic_previous_error,73,C_to_C,0.010184567111100428
generic_previous_error,73,I_to_C,0.012446016946015903
generic_previous_error,73,C_to_I,0.04665642356328851
generic_previous_error,73,I_to_I,0.04546683815154792
generic_previous_error,74,C_to_C,0.007486317140093638
generic_previous_error,74,I_to_C,0.012082231659781752
generic_previous_error,74,C_to_I,0.04503000264576052
generic_previous_error,74,I_to_I,0.04754799176492042
generic_previous_error,75,C_to_C,0.010099600486935463
generic_previous_error,75,I_to_C,0.012602665936573136
generic_previous_error,75,C_to_I,0.03890196166857452
generic_previous_error,75,I_to_I,0.04826181706505717
generic_previous_error,76,C_to_C,0.009050939563821995
generic_previous_error,76,I_to_C,0.011343329598824486
generic_previous_error,76,C_to_I,0.03971200848840545
generic_previous_error,76,I_to_I,0.04941730531385335
generic_previous_error,77,C_to_C,0.009186160523402445
generic_previous_error,77,I_to_C,0.013465918937938538
generic_previous_error,77,C_to_I,0.04432235689615858
generic_previous_error,77,I_to_I,0.04841548468210271
generic_previous_error,78,C_to_C,0.009833302054501298
generic_previous_error,78,I_to_C,0.011020079851797997
generic_previous_error,78,C_to_I,0.04721215171839456
generic_previous_error,78,I_to_I,0.04986658917146042
generic_previous_error,79,C_to_C,0.010026924956789769
generic_previous_error,79,I_to_C,0.01436147020974171
generic_previous_error,79,C_to_I,0.04175624502754705
generic_previous_error,79,I_to_I,0.04835931917769297
generic_previous_error,80,C_to_C,0.010376396450640564
generic_previous_error,80,I_to_C,0.012126222442534612
generic_previous_error,80,C_to_I,0.0444382769729209
generic_previous_error,80,I_to_I,0.049040310116691195
generic_previous_error,81,C_to_C,0.009640148227807774
generic_previous_error,81,I_to_C,0.013547500344296803
generic_previous_error,81,C_to_I,0.041363992414897674
generic_previous_error,81,I_to_I,0.049465210804343504
generic_previous_error,82,C_to_C,0.01065892067094043
generic_previous_error,82,I_to_C,0.012871661700746708
generic_previous_error,82,C_to_I,0.04633896678533385
generic_previous_error,82,I_to_I,0.04995818788522928
generic_previous_error,83,C_to_C,0.010526065806767503
generic_previous_error,83,I_to_C,0.012244723826339348
generic_previous_error,83,C_to_I,0.04071427937767885
generic_previous_error,83,I_to_I,0.0478514744699283
generic_previous_error,84,C_to_C,0.00971048133222531
generic_previous_error,84,I_to_C,0.011903285932487713
generic_previous_error,84,C_to_I,0.04376881328431436
generic_previous_error,84,I_to_I,0.04586179343804358
generic_previous_error,85,C_to_C,0.00938211529784024
generic_previous_error,85,I_to_C,0.013093604188996062
generic_previous_error,85,C_to_I,0.04158805998260133
generic_previous_error,85,I_to_I,0.04590629991029404
generic_previous_error,86,C_to_C,0.010714689367253854
generic_previous_error,86,I_to_C,0.012117488513986613
generic_previous_error,86,C_to_I,0.046450105032014945
generic_previous_error,86,I_to_I,0.04579360921437405
generic_previous_error,87,C_to_C,0.010102327238718123
generic_previous_error,87,I_to_C,0.011698863154443356
generic_previous_error,87,C_to_I,0.04697979037565888
generic_previous_error,87,I_to_I,0.05006278086229164
generic_previous_error,88,C_to_C,0.009535938757123915
generic_previous_error,88,I_to_C,0.012219836892220955
generic_previous_error,88,C_to_I,0.04587103273268995
generic_previous_error,88,I_to_I,0.04870915076751941
generic_previous_error,89,C_to_C,0.010290996923255726
generic_previous_error,89,I_to_C,0.01225489901046807
generic_previous_error,89,C_to_I,0.045038250063738336
generic_previous_error,89,I_to_I,0.04824450687443682
generic_previous_error,90,C_to_C,0.009208240158274084
generic_previous_error,90,I_to_C,0.01121883123069909
generic_previous_error,90,C_to_I,0.04353065515173926
generic_previous_error,90,I_to_I,0.04794329843755711
generic_previous_error,91,C_to_C,0.008868663714063611
generic_previous_error,91,I_to_C,0.012754930643496037
generic_previous_error,91,C_to_I,0.04935257670806936
generic_previous_error,91,I_to_I,0.049332842648391724
generic_previous_error,92,C_to_C,0.009378711744464545
generic_previous_error,92,I_to_C,0.012722026337644653
generic_previous_error,92,C_to_I,0.044627493157838795
generic_previous_error,92,I_to_I,0.04917587338695608
generic_previous_error,93,C_to_C,0.009905030333063393
generic_previous_error,93,I_to_C,0.012933798789054015
generic_previous_error,93,C_to_I,0.04141718054456598
generic_previous_error,93,I_to_I,0.0475764139299349
generic_previous_error,94,C_to_C,0.008507683924542025
generic_previous_error,94,I_to_C,0.012744975370801163
generic_previous_error,94,C_to_I,0.044663839566041315
generic_previous_error,94,I_to_I,0.04638113183896876
generic_previous_error,95,C_to_C,0.009785472312610054
generic_previous_error,95,I_to_C,0.012175630367303366
generic_previous_error,95,C_to_I,0.038290664251585206
generic_previous_error,95,I_to_I,0.04874852116798591
generic_previous_error,96,C_to_C,0.011053158580135653
generic_previous_error,96,I_to_C,0.013018545518193784
generic_previous_error,96,C_to_I,0.048220967860671426
generic_previous_error,96,I_to_I,0.04753790424999091
generic_previous_error,97,C_to_C,0.00982386499765711
generic_previous_error,97,I_to_C,0.013657735496890257
generic_previous_error,97,C_to_I,0.04398535663983849
generic_previous_error,97,I_to_I,0.04816301978604385
generic_previous_error,98,C_to_C,0.009276801385657025
generic_previous_error,98,I_to_C,0.012502232433003743
generic_previous_error,98,C_to_I,0.04263207103454356
generic_previous_error,98,I_to_I,0.04826769122011886
generic_previous_error,99,C_to_C,0.009895781987909713
generic_previous_error,99,I_to_C,0.012142653546760652
generic_previous_error,99,C_to_I,0.042763455653156666
generic_previous_error,99,I_to_I,0.04784415525053225
generic_previous_error,100,C_to_C,0.01087616494059527
generic_previous_error,100,I_to_C,0.01388089035854431
generic_previous_error,100,C_to_I,0.04002648606675312
generic_previous_error,100,I_to_I,0.04868054335676985
generic_previous_error,101,C_to_C,0.009880171444742137
generic_previous_error,101,I_to_C,0.012389964676060213
generic_previous_error,101,C_to_I,0.04362628268872672
generic_previous_error,101,I_to_I,0.04590368390383403
generic_previous_error,102,C_to_C,0.009838818671757043
generic_previous_error,102,I_to_C,0.011916242402053434
generic_previous_error,102,C_to_I,0.04078140574198201
generic_previous_error,102,I_to_I,0.046933348424646235
generic_previous_error,103,C_to_C,0.009303811066992183
generic_previous_error,103,I_to_C,0.011829971460122232
generic_previous_error,103,C_to_I,0.045257429350887925
generic_previous_error,103,I_to_I,0.047833184910785885
generic_previous_error,104,C_to_C,0.007843430104745443
generic_previous_error,104,I_to_C,0.011592581785406246
generic_previous_error,104,C_to_I,0.04446163596432336
generic_previous_error,104,I_to_I,0.047954679931256676
generic_previous_error,105,C_to_C,0.009091423225285207
generic_previous_error,105,I_to_C,0.0127457745399835
generic_previous_error,105,C_to_I,0.045929839921558836
generic_previous_error,105,I_to_I,0.048001402123848805
generic_previous_error,106,C_to_C,0.00968203080079572
generic_previous_error,106,I_to_C,0.012277096461670155
generic_previous_error,106,C_to_I,0.043083766680034136
generic_previous_error,106,I_to_I,0.04815887180587019
generic_previous_error,107,C_to_C,0.010123224368935512
generic_previous_error,107,I_to_C,0.012078917497287272
generic_previous_error,107,C_to_I,0.043296694404859816
generic_previous_error,107,I_to_I,0.04767903260957109
generic_previous_error,108,C_to_C,0.01062979682075483
generic_previous_error,108,I_to_C,0.013700565283044818
generic_previous_error,108,C_to_I,0.04275347783828821
generic_previous_error,108,I_to_I,0.04632079965141495
generic_previous_error,109,C_to_C,0.009187898812731951
generic_previous_error,109,I_to_C,0.012353424836077175
generic_previous_error,109,C_to_I,0.04160521445302086
generic_previous_error,109,I_to_I,0.04892685214513581
generic_previous_error,110,C_to_C,0.01004136805525993
generic_previous_error,110,I_to_C,0.013530147582210338
generic_previous_error,110,C_to_I,0.04235530423433909
generic_previous_error,110,I_to_I,0.04808471320574212
generic_previous_error,111,C_to_C,0.01042374242024203
generic_previous_error,111,I_to_C,0.01291228974653445
generic_previous_error,111,C_to_I,0.042172919577840945
generic_previous_error,111,I_to_I,0.04422442552354927
generic_previous_error,112,C_to_C,0.009582725858174915
generic_previous_error,112,I_to_C,0.012523729563206238
generic_previous_error,112,C_to_I,0.040064103908163805
generic_previous_error,112,I_to_I,0.04631912867649667
generic_previous_error,113,C_to_C,0.010816298607767056
generic_previous_error,113,I_to_C,0.011313014443017636
generic_previous_error,113,C_to_I,0.04178370164049858
generic_previous_error,113,I_to_I,0.04858435980096712
generic_previous_error,114,C_to_C,0.009118397262395671
generic_previous_error,114,I_to_C,0.013151809866128
generic_previous_error,114,C_to_I,0.04346359601673002
generic_previous_error,114,I_to_I,0.04780910783214007
generic_previous_error,115,C_to_C,0.009821035432218244
generic_previous_error,115,I_to_C,0.011485232848113716
generic_previous_error,115,C_to_I,0.04275424828991589
generic_previous_error,115,I_to_I,0.04916198615339278
generic_previous_error,116,C_to_C,0.008649056405934285
generic_previous_error,116,I_to_C,0.012166101875659955
generic_previous_error,116,C_to_I,0.041001615923244646
generic_previous_error,116,I_to_I,0.04798353308881358
generic_previous_error,117,C_to_C,0.009630265751809714
generic_previous_error,117,I_to_C,0.012024899552938834
generic_previous_error,117,C_to_I,0.04520027821747182
generic_previous_error,117,I_to_I,0.04621485678644303
generic_previous_error,118,C_to_C,0.007283803146978354
generic_previous_error,118,I_to_C,0.01310471806728334
generic_previous_error,118,C_to_I,0.046765341278635665
generic_previous_error,118,I_to_I,0.04766415294767073
generic_previous_error,119,C_to_C,0.009801097032819419
generic_previous_error,119,I_to_C,0.01301581385788369
generic_previous_error,119,C_to_I,0.04009741641390589
generic_previous_error,119,I_to_I,0.04828783052670926
generic_previous_error,120,C_to_C,0.011509613571849436
generic_previous_error,120,I_to_C,0.011466020847702894
generic_previous_error,120,C_to_I,0.04576923120740992
generic_previous_error,120,I_to_I,0.04944881668842442
generic_previous_error,121,C_to_C,0.009039161137647852
generic_previous_error,121,I_to_C,0.012621906943305337
generic_previous_error,121,C_to_I,0.0441257231702549
generic_previous_error,121,I_to_I,0.04796148643343467
generic_previous_error,122,C_to_C,0.010430871277186378
generic_previous_error,122,I_to_C,0.012703160392639329
generic_previous_error,122,C_to_I,0.04202591652734053
generic_previous_error,122,I_to_I,0.05062151606893874
generic_previous_error,123,C_to_C,0.00833064448140332
generic_previous_error,123,I_to_C,0.014153891320905743
generic_previous_error,123,C_to_I,0.045865923022703786
generic_previous_error,123,I_to_I,0.04595961496609919
generic_previous_error,124,C_to_C,0.010721251857329582
generic_previous_error,124,I_to_C,0.012284012031742918
generic_previous_error,124,C_to_I,0.042122011358117724
generic_previous_error,124,I_to_I,0.04692278517461839
generic_previous_error,125,C_to_C,0.009727014478635873
generic_previous_error,125,I_to_C,0.012378660922571937
generic_previous_error,125,C_to_I,0.03979748644428599
generic_previous_error,125,I_to_I,0.04775090310427239
generic_previous_error,126,C_to_C,0.008811043812486293
generic_previous_error,126,I_to_C,0.011926372255730556
generic_previous_error,126,C_to_I,0.04105124643479925
generic_previous_error,126,I_to_I,0.04855467293691752
generic_previous_error,127,C_to_C,0.011218602426116654
generic_previous_error,127,I_to_C,0.01169289596281736
generic_previous_error,127,C_to_I,0.04444496504544534
generic_previous_error,127,I_to_I,0.04781471952670672
generic_previous_error,128,C_to_C,0.00771711385029951
generic_previous_error,128,I_to_C,0.011521012296514947
generic_previous_error,128,C_to_I,0.04532022789134078
generic_previous_error,128,I_to_I,0.046993606750110134
generic_previous_error,129,C_to_C,0.009970346686346446
generic_previous_error,129,I_to_C,0.01165085194379057
generic_previous_error,129,C_to_I,0.0450357161006229
generic_previous_error,129,I_to_I,0.05064646329169872
generic_previous_error,130,C_to_C,0.008917147649703522
generic_previous_error,130,I_to_C,0.012967427906275848
generic_previous_error,130,C_to_I,0.04664933266337663
generic_previous_error,130,I_to_I,0.047714924806853354
generic_previous_error,131,C_to_C,0.010982350800151912
generic_previous_error,131,I_to_C,0.012233999013125501
generic_previous_error,131,C_to_I,0.04641136200169213
generic_previous_error,131,I_to_I,0.048329604279667246
generic_previous_error,132,C_to_C,0.009877229486971454
generic_previous_error,132,I_to_C,0.012211440621379986
generic_previous_error,132,C_to_I,0.0487452840094497
generic_previous_error,132,I_to_I,0.050330537184295435
generic_previous_error,133,C_to_C,0.00972725577006803
generic_previous_error,133,I_to_C,0.0123276162900099
generic_previous_error,133,C_to_I,0.04383334231741978
generic_previous_error,133,I_to_I,0.044488991543729345
generic_previous_error,134,C_to_C,0.010369034264364481
generic_previous_error,134,I_to_C,0.01307174470390443
generic_previous_error,134,C_to_I,0.04061212905868134
generic_previous_error,134,I_to_I,0.0497995942431742
generic_previous_error,135,C_to_C,0.008259380063771232
generic_previous_error,135,I_to_C,0.012593240753712317
generic_previous_error,135,C_to_I,0.03880229197564639
generic_previous_error,135,I_to_I,0.048017318603295965
generic_previous_error,136,C_to_C,0.009219329255098966
generic_previous_error,136,I_to_C,0.012004284871387178
generic_previous_error,136,C_to_I,0.043624650510997946
generic_previous_error,136,I_to_I,0.04806844960849297
generic_previous_error,137,C_to_C,0.008358869221695897
generic_previous_error,137,I_to_C,0.01235335703705823
generic_previous_error,137,C_to_I,0.04743813119931489
generic_previous_error,137,I_to_I,0.048870045995810144
generic_previous_error,138,C_to_C,0.008224968419376229
generic_previous_error,138,I_to_C,0.013529848846335183
generic_previous_error,138,C_to_I,0.04699960332164879
generic_previous_error,138,I_to_I,0.049033247713798786
generic_previous_error,139,C_to_C,0.010455259709885645
generic_previous_error,139,I_to_C,0.012917090420877922
generic_previous_error,139,C_to_I,0.04193692894519436
generic_previous_error,139,I_to_I,0.048911472429027804
generic_previous_error,140,C_to_C,0.008878529651803708
generic_previous_error,140,I_to_C,0.01254925733030332
generic_previous_error,140,C_to_I,0.04318797148513615
generic_previous_error,140,I_to_I,0.048859389085096204
generic_previous_error,141,C_to_C,0.0091692528434905
generic_previous_error,141,I_to_C,0.011214330262879373
generic_previous_error,141,C_to_I,0.04199370453378233
generic_previous_error,141,I_to_I,0.0475959710791785
generic_previous_error,142,C_to_C,0.01033109433772279
generic_previous_error,142,I_to_C,0.012621894986347203
generic_previous_error,142,C_to_I,0.0436863584110952
generic_previous_error,142,I_to_I,0.050468153718244764
generic_previous_error,143,C_to_C,0.0083781175835044
generic_previous_error,143,I_to_C,0.013922124484102169
generic_previous_error,143,C_to_I,0.044589939027155134
generic_previous_error,143,I_to_I,0.045329848226986796
generic_previous_error,144,C_to_C,0.00931907890160832
generic_previous_error,144,I_to_C,0.012440441307347342
generic_previous_error,144,C_to_I,0.043035988880553946
generic_previous_error,144,I_to_I,0.0467991374328169
generic_previous_error,145,C_to_C,0.009087408046114508
generic_previous_error,145,I_to_C,0.012015480876451627
generic_previous_error,145,C_to_I,0.04690818196095238
generic_previous_error,145,I_to_I,0.04930790582659609
generic_previous_error,146,C_to_C,0.00904809681037184
generic_previous_error,146,I_to_C,0.01142998075560118
generic_previous_error,146,C_to_I,0.043090684831952275
generic_previous_error,146,I_to_I,0.04790234718733622
generic_previous_error,147,C_to_C,0.008620250330613845
generic_previous_error,147,I_to_C,0.012797533336132165
generic_previous_error,147,C_to_I,0.0406872921380361
generic_previous_error,147,I_to_I,0.04877165178678709
generic_previous_error,148,C_to_C,0.009003588480799324
generic_previous_error,148,I_to_C,0.012400273538216716
generic_previous_error,148,C_to_I,0.0402153506177614
generic_previous_error,148,I_to_I,0.04896141798425469
generic_previous_error,149,C_to_C,0.009672114392032673
generic_previous_error,149,I_to_C,0.011658986782464187
generic_previous_error,149,C_to_I,0.04474409114421161
generic_previous_error,149,I_to_I,0.05115721251622707
generic_previous_error,150,C_to_C,0.009903004500364002
generic_previous_error,150,I_to_C,0.012432498259428364
generic_previous_error,150,C_to_I,0.04448491325039195
generic_previous_error,150,I_to_I,0.04583305977163788
generic_previous_error,151,C_to_C,0.0086388853440816
generic_previous_error,151,I_to_C,0.01336088970980503
generic_previous_error,151,C_to_I,0.04117737347083289
generic_previous_error,151,I_to_I,0.04776212408529992
generic_previous_error,152,C_to_C,0.011405597983346881
generic_previous_error,152,I_to_C,0.011520645197815213
generic_previous_error,152,C_to_I,0.04291539694368923
generic_previous_error,152,I_to_I,0.04787507676676195
generic_previous_error,153,C_to_C,0.01020139222962753
generic_previous_error,153,I_to_C,0.012427982429641595
generic_previous_error,153,C_to_I,0.04336876810423118
generic_previous_error,153,I_to_I,0.046669925357378475
generic_previous_error,154,C_to_C,0.009333176441006662
generic_previous_error,154,I_to_C,0.012175500465656875
generic_previous_error,154,C_to_I,0.04588588195662243
generic_previous_error,154,I_to_I,0.048791011264212036
generic_previous_error,155,C_to_C,0.008148967536091305
generic_previous_error,155,I_to_C,0.011503170680262728
generic_previous_error,155,C_to_I,0.049243372421990825
generic_previous_error,155,I_to_I,0.04782354860948583
generic_previous_error,156,C_to_C,0.010841285530329243
generic_previous_error,156,I_to_C,0.013784251372656148
generic_previous_error,156,C_to_I,0.04752066486300878
generic_previous_error,156,I_to_I,0.04830696120373875
generic_previous_error,157,C_to_C,0.008514256417700268
generic_previous_error,157,I_to_C,0.01343846493158118
generic_previous_error,157,C_to_I,0.04384621038634387
generic_previous_error,157,I_to_I,0.04918044016618114
generic_previous_error,158,C_to_C,0.009750202027362305
generic_previous_error,158,I_to_C,0.012634018230403507
generic_previous_error,158,C_to_I,0.04439539803253468
generic_previous_error,158,I_to_I,0.050079497776508046
generic_previous_error,159,C_to_C,0.010228177472788506
generic_previous_error,159,I_to_C,0.011766805813357433
generic_previous_error,159,C_to_I,0.03905046973699153
generic_previous_error,159,I_to_I,0.04879706182032782
generic_previous_error,160,C_to_C,0.009980494724588158
generic_previous_error,160,I_to_C,0.012716717129321578
generic_previous_error,160,C_to_I,0.044041833444736625
generic_previous_error,160,I_to_I,0.0467504747664333
generic_previous_error,161,C_to_C,0.00886787560636533
generic_previous_error,161,I_to_C,0.011868681048834028
generic_previous_error,161,C_to_I,0.040333700752866464
generic_previous_error,161,I_to_I,0.04806543072323494
generic_previous_error,162,C_to_C,0.010804306461627187
generic_previous_error,162,I_to_C,0.012445946940091155
generic_previous_error,162,C_to_I,0.03963077331127232
generic_previous_error,162,I_to_I,0.045749902925794575
generic_previous_error,163,C_to_C,0.010315901668434614
generic_previous_error,163,I_to_C,0.012625976839686167
generic_previous_error,163,C_to_I,0.04302998681016771
generic_previous_error,163,I_to_I,0.04784754446170444
generic_previous_error,164,C_to_C,0.00947902045231893
generic_previous_error,164,I_to_C,0.011911561378849102
generic_previous_error,164,C_to_I,0.04539425750692312
generic_previous_error,164,I_to_I,0.049052683271929354
generic_previous_error,165,C_to_C,0.009688520590934842
generic_previous_error,165,I_to_C,0.012716193792431723
generic_previous_error,165,C_to_I,0.0467070360831295
generic_previous_error,165,I_to_I,0.04740968462770662
generic_previous_error,166,C_to_C,0.010848004254627515
generic_previous_error,166,I_to_C,0.01291076358374852
generic_previous_error,166,C_to_I,0.04622401453252595
generic_previous_error,166,I_to_I,0.04370713904397688
generic_previous_error,167,C_to_C,0.009492255190068374
generic_previous_error,167,I_to_C,0.012738416502132656
generic_previous_error,167,C_to_I,0.04027165824375845
generic_previous_error,167,I_to_I,0.04940319657140962
generic_previous_error,168,C_to_C,0.009043195016268752
generic_previous_error,168,I_to_C,0.013553160668747977
generic_previous_error,168,C_to_I,0.04345628410425681
generic_previous_error,168,I_to_I,0.045791545979142805
generic_previous_error,169,C_to_C,0.010247109323977944
generic_previous_error,169,I_to_C,0.01373983405017943
generic_previous_error,169,C_to_I,0.04339825967361858
generic_previous_error,169,I_to_I,0.048563952019553165
generic_previous_error,170,C_to_C,0.008959571038293172
generic_previous_error,170,I_to_C,0.01155249939556003
generic_previous_error,170,C_to_I,0.04514652623863037
generic_previous_error,170,I_to_I,0.04743644779569262
generic_previous_error,171,C_to_C,0.008594970551520687
generic_previous_error,171,I_to_C,0.013191516879210469
generic_previous_error,171,C_to_I,0.04805030211337736
generic_previous_error,171,I_to_I,0.04727360069555838
generic_previous_error,172,C_to_C,0.009426023557752296
generic_previous_error,172,I_to_C,0.012671492684520731
generic_previous_error,172,C_to_I,0.041701189644679046
generic_previous_error,172,I_to_I,0.048570477197443805
generic_previous_error,173,C_to_C,0.008321664903748196
generic_previous_error,173,I_to_C,0.01209926430376637
generic_previous_error,173,C_to_I,0.040778416886898844
generic_previous_error,173,I_to_I,0.04832706364568761
generic_previous_error,174,C_to_C,0.00996662185159973
generic_previous_error,174,I_to_C,0.012265761576381408
generic_previous_error,174,C_to_I,0.04095649518262161
generic_previous_error,174,I_to_I,0.048988839811963024
generic_previous_error,175,C_to_C,0.007634494093337668
generic_previous_error,175,I_to_C,0.013514039220386185
generic_previous_error,175,C_to_I,0.04301549603139251
generic_previous_error,175,I_to_I,0.04972136828028562
generic_previous_error,176,C_to_C,0.010161414222460263
generic_previous_error,176,I_to_C,0.013033631541741902
generic_previous_error,176,C_to_I,0.041176291137277214
generic_previous_error,176,I_to_I,0.04937537692936242
generic_previous_error,177,C_to_C,0.00991963802800015
generic_previous_error,177,I_to_C,0.013052666946887021
generic_previous_error,177,C_to_I,0.04158770061873434
generic_previous_error,177,I_to_I,0.04954032940013611
generic_previous_error,178,C_to_C,0.009095095386346272
generic_previous_error,178,I_to_C,0.011585280995911622
generic_previous_error,178,C_to_I,0.044688605198051685
generic_previous_error,178,I_to_I,0.04756153099728428
generic_previous_error,179,C_to_C,0.010515827785158164
generic_previous_error,179,I_to_C,0.012469978096560204
generic_previous_error,179,C_to_I,0.04609424730945069
generic_previous_error,179,I_to_I,0.04807859851574124
generic_previous_error,180,C_to_C,0.008713283652504273
generic_previous_error,180,I_to_C,0.01170668709452667
generic_previous_error,180,C_to_I,0.04149808278331121
generic_previous_error,180,I_to_I,0.051327425621827065
generic_previous_error,181,C_to_C,0.010453549444225873
generic_previous_error,181,I_to_C,0.011801033712059641
generic_previous_error,181,C_to_I,0.045680930880780984
generic_previous_error,181,I_to_I,0.04686104286737111
generic_previous_error,182,C_to_C,0.010265127559284158
generic_previous_error,182,I_to_C,0.012728470747131189
generic_previous_error,182,C_to_I,0.0451431845304459
generic_previous_error,182,I_to_I,0.04779713955300115
generic_previous_error,183,C_to_C,0.00931669161465806
generic_previous_error,183,I_to_C,0.012323742792629582
generic_previous_error,183,C_to_I,0.04203015398423615
generic_previous_error,183,I_to_I,0.04857702660277636
generic_previous_error,184,C_to_C,0.008817629353243227
generic_previous_error,184,I_to_C,0.013258838454912448
generic_previous_error,184,C_to_I,0.042615692621661386
generic_previous_error,184,I_to_I,0.04862058414769874
generic_previous_error,185,C_to_C,0.007367634875914256
generic_previous_error,185,I_to_C,0.01250553076204899
generic_previous_error,185,C_to_I,0.041418032478552816
generic_previous_error,185,I_to_I,0.049600939692030686
generic_previous_error,186,C_to_C,0.008814872311814966
generic_previous_error,186,I_to_C,0.013589606525212333
generic_previous_error,186,C_to_I,0.04248667987392687
generic_previous_error,186,I_to_I,0.049384292325562684
generic_previous_error,187,C_to_C,0.009473940158410974
generic_previous_error,187,I_to_C,0.012278579155716519
generic_previous_error,187,C_to_I,0.04185033165842651
generic_previous_error,187,I_to_I,0.04736802774661572
generic_previous_error,188,C_to_C,0.011386775569309936
generic_previous_error,188,I_to_C,0.011710618482456378
generic_previous_error,188,C_to_I,0.04315549233236584
generic_previous_error,188,I_to_I,0.04725741465015853
generic_previous_error,189,C_to_C,0.010968169312143769
generic_previous_error,189,I_to_C,0.012616948982290863
generic_previous_error,189,C_to_I,0.04393480039741481
generic_previous_error,189,I_to_I,0.049603250677484154
generic_previous_error,190,C_to_C,0.00981627474077601
generic_previous_error,190,I_to_C,0.011760491858427272
generic_previous_error,190,C_to_I,0.04697384679819895
generic_previous_error,190,I_to_I,0.046338387559597495
generic_previous_error,191,C_to_C,0.009352737422462872
generic_previous_error,191,I_to_C,0.011756320169858144
generic_previous_error,191,C_to_I,0.03861855672063338
generic_previous_error,191,I_to_I,0.049497893331750316
generic_previous_error,192,C_to_C,0.009400209367453066
generic_previous_error,192,I_to_C,0.012448947752920504
generic_previous_error,192,C_to_I,0.0449410086183791
generic_previous_error,192,I_to_I,0.0482709492609333
generic_previous_error,193,C_to_C,0.010299167428507594
generic_previous_error,193,I_to_C,0.013355200633663411
generic_previous_error,193,C_to_I,0.04208587984928633
generic_previous_error,193,I_to_I,0.05101768839759927
generic_previous_error,194,C_to_C,0.008801808197047605
generic_previous_error,194,I_to_C,0.01258089233488243
generic_previous_error,194,C_to_I,0.04558237569512329
generic_previous_error,194,I_to_I,0.05006473713705165
generic_previous_error,195,C_to_C,0.009658926139019463
generic_previous_error,195,I_to_C,0.011821897268869308
generic_previous_error,195,C_to_I,0.04174618515975354
generic_previous_error,195,I_to_I,0.04787439953631984
generic_previous_error,196,C_to_C,0.008387152715952933
generic_previous_error,196,I_to_C,0.01221292378243687
generic_previous_error,196,C_to_I,0.04260805136754339
generic_previous_error,196,I_to_I,0.04693638014849888
generic_previous_error,197,C_to_C,0.007840766130778302
generic_previous_error,197,I_to_C,0.011918115828663116
generic_previous_error,197,C_to_I,0.043578701947530794
generic_previous_error,197,I_to_I,0.047980681045614294
generic_previous_error,198,C_to_C,0.008367798890455504
generic_previous_error,198,I_to_C,0.012285535137780808
generic_previous_error,198,C_to_I,0.044402517457071
generic_previous_error,198,I_to_I,0.049762724969212045
generic_previous_error,199,C_to_C,0.010608818547757446
generic_previous_error,199,I_to_C,0.01257450221944829
generic_previous_error,199,C_to_I,0.04210106542341458
generic_previous_error,199,I_to_I,0.04440785432757498
generic_previous_error,200,C_to_C,0.008700808995984645
generic_previous_error,200,I_to_C,0.012464555998126237
generic_previous_error,200,C_to_I,0.04246766738407483
generic_previous_error,200,I_to_I,0.048300309010749484
generic_previous_error,201,C_to_C,0.008269678926870165
generic_previous_error,201,I_to_C,0.012530747540221245
generic_previous_error,201,C_to_I,0.04218033271250222
generic_previous_error,201,I_to_I,0.04871917380969392
generic_previous_error,202,C_to_C,0.010401653266262316
generic_previous_error,202,I_to_C,0.012067990802493902
generic_previous_error,202,C_to_I,0.04402272807887762
generic_previous_error,202,I_to_I,0.045648467620498415
generic_previous_error,203,C_to_C,0.009921509434999469
generic_previous_error,203,I_to_C,0.012594229373183692
generic_previous_error,203,C_to_I,0.0413551368128731
generic_previous_error,203,I_to_I,0.04991222553402023
generic_previous_error,204,C_to_C,0.010042473921517575
generic_previous_error,204,I_to_C,0.011360653432180479
generic_previous_error,204,C_to_I,0.04329761867118292
generic_previous_error,204,I_to_I,0.04959448683586285
generic_previous_error,205,C_to_C,0.008323394366266708
generic_previous_error,205,I_to_C,0.011770498072585298
generic_previous_error,205,C_to_I,0.04371092608547735
generic_previous_error,205,I_to_I,0.04576518937853904
generic_previous_error,206,C_to_C,0.01119625587780738
generic_previous_error,206,I_to_C,0.011794766608466956
generic_previous_error,206,C_to_I,0.041362344031175814
generic_previous_error,206,I_to_I,0.04978934499814903
generic_previous_error,207,C_to_C,0.00927411862255417
generic_previous_error,207,I_to_C,0.012492702886369125
generic_previous_error,207,C_to_I,0.0380464964543701
generic_previous_error,207,I_to_I,0.04957935110324464
generic_previous_error,208,C_to_C,0.0072187670710853165
generic_previous_error,208,I_to_C,0.013274589024450622
generic_previous_error,208,C_to_I,0.03809551775824678
generic_previous_error,208,I_to_I,0.047261116607249104
generic_previous_error,209,C_to_C,0.008570005016016057
generic_previous_error,209,I_to_C,0.012519921488444703
generic_previous_error,209,C_to_I,0.040961861541571463
generic_previous_error,209,I_to_I,0.046284339324647705
generic_previous_error,210,C_to_C,0.008801163493741685
generic_previous_error,210,I_to_C,0.010527959720485335
generic_previous_error,210,C_to_I,0.045936632789669515
generic_previous_error,210,I_to_I,0.04814385365770094
generic_previous_error,211,C_to_C,0.008567540759402734
generic_previous_error,211,I_to_C,0.013001977646972026
generic_previous_error,211,C_to_I,0.046282858291272815
generic_previous_error,211,I_to_I,0.0486693186328893
generic_previous_error,212,C_to_C,0.009164140870266691
generic_previous_error,212,I_to_C,0.013272291245218443
generic_previous_error,212,C_to_I,0.04502312139928993
generic_previous_error,212,I_to_I,0.049228167832087825
generic_previous_error,213,C_to_C,0.00904329033688166
generic_previous_error,213,I_to_C,0.012308364904007427
generic_previous_error,213,C_to_I,0.04433450740263461
generic_previous_error,213,I_to_I,0.04767007478305994
generic_previous_error,214,C_to_C,0.010589310581409979
generic_previous_error,214,I_to_C,0.012181267049781484
generic_previous_error,214,C_to_I,0.042630692248845706
generic_previous_error,214,I_to_I,0.05083710227850326
generic_previous_error,215,C_to_C,0.009018186050409618
generic_previous_error,215,I_to_C,0.012001328756721306
generic_previous_error,215,C_to_I,0.04421119493642997
generic_previous_error,215,I_to_I,0.04801329597768104
generic_previous_error,216,C_to_C,0.010177520142230102
generic_previous_error,216,I_to_C,0.01239397956539438
generic_previous_error,216,C_to_I,0.041661059821520983
generic_previous_error,216,I_to_I,0.043713732951328604
generic_previous_error,217,C_to_C,0.010133382597299477
generic_previous_error,217,I_to_C,0.012931379221868213
generic_previous_error,217,C_to_I,0.043659657663863545
generic_previous_error,217,I_to_I,0.04962297563779681
generic_previous_error,218,C_to_C,0.01033771588829931
generic_previous_error,218,I_to_C,0.01173400742149297
generic_previous_error,218,C_to_I,0.04414610872901043
generic_previous_error,218,I_to_I,0.048309338005968365
generic_previous_error,219,C_to_C,0.00966091442566645
generic_previous_error,219,I_to_C,0.013574705798034457
generic_previous_error,219,C_to_I,0.04745317931764846
generic_previous_error,219,I_to_I,0.04651437305946202
generic_previous_error,220,C_to_C,0.011031438377573435
generic_previous_error,220,I_to_C,0.010974907277723598
generic_previous_error,220,C_to_I,0.045390400059764566
generic_previous_error,220,I_to_I,0.04767711301631801
generic_previous_error,221,C_to_C,0.008485800899308159
generic_previous_error,221,I_to_C,0.012980635058506112
generic_previous_error,221,C_to_I,0.04581417273887798
generic_previous_error,221,I_to_I,0.04756984447755573
generic_previous_error,222,C_to_C,0.010500302670604013
generic_previous_error,222,I_to_C,0.012391392728951412
generic_previous_error,222,C_to_I,0.04574709933011673
generic_previous_error,222,I_to_I,0.04786348005319587
generic_previous_error,223,C_to_C,0.009962157150996152
generic_previous_error,223,I_to_C,0.012998385500446958
generic_previous_error,223,C_to_I,0.043226033893481924
generic_previous_error,223,I_to_I,0.04842863248124227
generic_previous_error,224,C_to_C,0.010017153116332651
generic_previous_error,224,I_to_C,0.012297876468989857
generic_previous_error,224,C_to_I,0.04202284423360615
generic_previous_error,224,I_to_I,0.04907081365527244
generic_previous_error,225,C_to_C,0.009597567858511218
generic_previous_error,225,I_to_C,0.012498437217215571
generic_previous_error,225,C_to_I,0.039035368495305714
generic_previous_error,225,I_to_I,0.04812497710728667
generic_previous_error,226,C_to_C,0.011147574812601648
generic_previous_error,226,I_to_C,0.013646464538260294
generic_previous_error,226,C_to_I,0.04440823862963592
generic_previous_error,226,I_to_I,0.04850598808813089
generic_previous_error,227,C_to_C,0.00983923096501729
generic_previous_error,227,I_to_C,0.012882624403393456
generic_previous_error,227,C_to_I,0.04441078162755339
generic_previous_error,227,I_to_I,0.04878786400054561
generic_previous_error,228,C_to_C,0.010106523825438606
generic_previous_error,228,I_to_C,0.012795460840324424
generic_previous_error,228,C_to_I,0.04561924820440249
generic_previous_error,228,I_to_I,0.05176345224851069
generic_previous_error,229,C_to_C,0.009603815698193664
generic_previous_error,229,I_to_C,0.013420343658135072
generic_previous_error,229,C_to_I,0.04388263392974409
generic_previous_error,229,I_to_I,0.04884140187409825
generic_previous_error,230,C_to_C,0.00936521122874454
generic_previous_error,230,I_to_C,0.01145262432398775
generic_previous_error,230,C_to_I,0.041941345401462084
generic_previous_error,230,I_to_I,0.049105253562396
generic_previous_error,231,C_to_C,0.007157487865724453
generic_previous_error,231,I_to_C,0.010646919248484817
generic_previous_error,231,C_to_I,0.045908492817075736
generic_previous_error,231,I_to_I,0.05005918165753891
generic_previous_error,232,C_to_C,0.010300887086778414
generic_previous_error,232,I_to_C,0.012187694549558752
generic_previous_error,232,C_to_I,0.04294609934880598
generic_previous_error,232,I_to_I,0.04961955193795211
generic_previous_error,233,C_to_C,0.010128785680268905
generic_previous_error,233,I_to_C,0.012906323755401345
generic_previous_error,233,C_to_I,0.04516437675308926
generic_previous_error,233,I_to_I,0.0481703937853287
generic_previous_error,234,C_to_C,0.008025884851254668
generic_previous_error,234,I_to_C,0.01250025654166222
generic_previous_error,234,C_to_I,0.0430140494359206
generic_previous_error,234,I_to_I,0.04669255412609928
generic_previous_error,235,C_to_C,0.01100966146540804
generic_previous_error,235,I_to_C,0.011854166566338203
generic_previous_error,235,C_to_I,0.042369856446137236
generic_previous_error,235,I_to_I,0.04742157708104953
generic_previous_error,236,C_to_C,0.009214309168739701
generic_previous_error,236,I_to_C,0.01132673342973671
generic_previous_error,236,C_to_I,0.04550082257287608
generic_previous_error,236,I_to_I,0.048242700275119565
generic_previous_error,237,C_to_C,0.01038910944770125
generic_previous_error,237,I_to_C,0.01197485700173351
generic_previous_error,237,C_to_I,0.041199745371720435
generic_previous_error,237,I_to_I,0.048981034697990686
generic_previous_error,238,C_to_C,0.009967153987084854
generic_previous_error,238,I_to_C,0.013088143850581388
generic_previous_error,238,C_to_I,0.04545211163553279
generic_previous_error,238,I_to_I,0.04978710050227907
generic_previous_error,239,C_to_C,0.008513244551652173
generic_previous_error,239,I_to_C,0.012181992457309018
generic_previous_error,239,C_to_I,0.04311285141494901
generic_previous_error,239,I_to_I,0.048537020003071765
generic_previous_error,240,C_to_C,0.01036641307514042
generic_previous_error,240,I_to_C,0.013796471161036293
generic_previous_error,240,C_to_I,0.046967849975668365
generic_previous_error,240,I_to_I,0.04734232205779755
generic_previous_error,241,C_to_C,0.0076796607866115455
generic_previous_error,241,I_to_C,0.011512254176158842
generic_previous_error,241,C_to_I,0.044497468162950145
generic_previous_error,241,I_to_I,0.048420798891695205
generic_previous_error,242,C_to_C,0.008071042412765642
generic_previous_error,242,I_to_C,0.011314704824966212
generic_previous_error,242,C_to_I,0.04800403128657032
generic_previous_error,242,I_to_I,0.04771020259663525
generic_previous_error,243,C_to_C,0.009352913248676873
generic_previous_error,243,I_to_C,0.013129487392523
generic_previous_error,243,C_to_I,0.04229933161937193
generic_previous_error,243,I_to_I,0.04733872778696675
generic_previous_error,244,C_to_C,0.007593065453135924
generic_previous_error,244,I_to_C,0.012905007710901698
generic_previous_error,244,C_to_I,0.04284631954216959
generic_previous_error,244,I_to_I,0.047985280280835145
generic_previous_error,245,C_to_C,0.007793493141395519
generic_previous_error,245,I_to_C,0.013627265794486278
generic_previous_error,245,C_to_I,0.04832278923844326
generic_previous_error,245,I_to_I,0.04582518086976954
generic_previous_error,246,C_to_C,0.009522096132503476
generic_previous_error,246,I_to_C,0.01284337061115166
generic_previous_error,246,C_to_I,0.04200458739752743
generic_previous_error,246,I_to_I,0.04776681894101079
generic_previous_error,247,C_to_C,0.010136683053374642
generic_previous_error,247,I_to_C,0.013486788974035002
generic_previous_error,247,C_to_I,0.04475142685978896
generic_previous_error,247,I_to_I,0.045955059923619986
generic_previous_error,248,C_to_C,0.009821088767369377
generic_previous_error,248,I_to_C,0.011866222097205704
generic_previous_error,248,C_to_I,0.04747816438098342
generic_previous_error,248,I_to_I,0.047470302377739165
generic_previous_error,249,C_to_C,0.010001984727438018
generic_previous_error,249,I_to_C,0.01198787228577323
generic_previous_error,249,C_to_I,0.04215645255703297
generic_previous_error,249,I_to_I,0.05067984106716973
generic_previous_error,250,C_to_C,0.008426440912655155
generic_previous_error,250,I_to_C,0.012353908058154268
generic_previous_error,250,C_to_I,0.04397028099017191
generic_previous_error,250,I_to_I,0.05201513983498494
generic_previous_error,251,C_to_C,0.008131370919058294
generic_previous_error,251,I_to_C,0.012885617531161318
generic_previous_error,251,C_to_I,0.04325436518935671
generic_previous_error,251,I_to_I,0.04686777116249707
generic_previous_error,252,C_to_C,0.00896032452309076
generic_previous_error,252,I_to_C,0.013048577562251733
generic_previous_error,252,C_to_I,0.04549833917981555
generic_previous_error,252,I_to_I,0.04765781946080542
generic_previous_error,253,C_to_C,0.009072864784399772
generic_previous_error,253,I_to_C,0.013327032770098468
generic_previous_error,253,C_to_I,0.046843336537260694
generic_previous_error,253,I_to_I,0.04953018124376026
generic_previous_error,254,C_to_C,0.01003840659040539
generic_previous_error,254,I_to_C,0.014022582471800054
generic_previous_error,254,C_to_I,0.04196168509377787
generic_previous_error,254,I_to_I,0.049423984470437526
generic_previous_error,255,C_to_C,0.01118577391266497
generic_previous_error,255,I_to_C,0.01397723748529633
generic_previous_error,255,C_to_I,0.04630387251816587
generic_previous_error,255,I_to_I,0.04857001334079606
generic_previous_error,256,C_to_C,0.010760734803017888
generic_previous_error,256,I_to_C,0.01280563593745974
generic_previous_error,256,C_to_I,0.041616935153764474
generic_previous_error,256,I_to_I,0.05028589336980456
generic_previous_error,257,C_to_C,0.009444532659177517
generic_previous_error,257,I_to_C,0.013446059380090008
generic_previous_error,257,C_to_I,0.044517965457017694
generic_previous_error,257,I_to_I,0.04940223208107034
generic_previous_error,258,C_to_C,0.009120379962614448
generic_previous_error,258,I_to_C,0.012465513591404598
generic_previous_error,258,C_to_I,0.04240807122679337
generic_previous_error,258,I_to_I,0.0498980884303137
generic_previous_error,259,C_to_C,0.011181702533154028
generic_previous_error,259,I_to_C,0.013089948568054168
generic_previous_error,259,C_to_I,0.03925344721123789
generic_previous_error,259,I_to_I,0.04707557217426511
generic_previous_error,260,C_to_C,0.008283733720303619
generic_previous_error,260,I_to_C,0.011354493120804263
generic_previous_error,260,C_to_I,0.042262857694075506
generic_previous_error,260,I_to_I,0.05010125761376678
generic_previous_error,261,C_to_C,0.00999829367859484
generic_previous_error,261,I_to_C,0.012330100181090022
generic_previous_error,261,C_to_I,0.04566499393996999
generic_previous_error,261,I_to_I,0.047876704624240936
generic_previous_error,262,C_to_C,0.010841854921727826
generic_previous_error,262,I_to_C,0.012175891707343532
generic_previous_error,262,C_to_I,0.04446721606803411
generic_previous_error,262,I_to_I,0.04368856382259499
generic_previous_error,263,C_to_C,0.010318266369419094
generic_previous_error,263,I_to_C,0.01399680885810052
generic_previous_error,263,C_to_I,0.04629487849528637
generic_previous_error,263,I_to_I,0.0474347507661079
generic_previous_error,264,C_to_C,0.011068456159811432
generic_previous_error,264,I_to_C,0.011685476115556625
generic_previous_error,264,C_to_I,0.04181401497892529
generic_previous_error,264,I_to_I,0.05009898285314811
generic_previous_error,265,C_to_C,0.009570976418520628
generic_previous_error,265,I_to_C,0.012899576399437996
generic_previous_error,265,C_to_I,0.03938149374364771
generic_previous_error,265,I_to_I,0.04856049701563573
generic_previous_error,266,C_to_C,0.008964231175287714
generic_previous_error,266,I_to_C,0.012882622457831927
generic_previous_error,266,C_to_I,0.04300799813493353
generic_previous_error,266,I_to_I,0.04669410377441965
generic_previous_error,267,C_to_C,0.009293954915343626
generic_previous_error,267,I_to_C,0.012713421376851249
generic_previous_error,267,C_to_I,0.042298503597133476
generic_previous_error,267,I_to_I,0.04936745767536538
generic_previous_error,268,C_to_C,0.010747741410773358
generic_previous_error,268,I_to_C,0.011494243349014659
generic_previous_error,268,C_to_I,0.042507363742011764
generic_previous_error,268,I_to_I,0.046260482888701666
generic_previous_error,269,C_to_C,0.009238265914721256
generic_previous_error,269,I_to_C,0.013385276416798705
generic_previous_error,269,C_to_I,0.042380486703634646
generic_previous_error,269,I_to_I,0.04781993575701262
generic_previous_error,270,C_to_C,0.010196470424654581
generic_previous_error,270,I_to_C,0.011776374416933329
generic_previous_error,270,C_to_I,0.03604678709026921
generic_previous_error,270,I_to_I,0.048526323646012906
generic_previous_error,271,C_to_C,0.011330778639922394
generic_previous_error,271,I_to_C,0.01253430363127377
generic_previous_error,271,C_to_I,0.04364787764381983
generic_previous_error,271,I_to_I,0.046797104664248274
generic_previous_error,272,C_to_C,0.00899491698803665
generic_previous_error,272,I_to_C,0.01337044615617587
generic_previous_error,272,C_to_I,0.04418804738682401
generic_previous_error,272,I_to_I,0.04889170297620227
generic_previous_error,273,C_to_C,0.009590965228355479
generic_previous_error,273,I_to_C,0.013803908685631106
generic_previous_error,273,C_to_I,0.04549930337004229
generic_previous_error,273,I_to_I,0.04654511975024041
generic_previous_error,274,C_to_C,0.00927295967848548
generic_previous_error,274,I_to_C,0.013240525759120004
generic_previous_error,274,C_to_I,0.0436940615569061
generic_previous_error,274,I_to_I,0.047677253049365965
generic_previous_error,275,C_to_C,0.009245576025683308
generic_previous_error,275,I_to_C,0.01288947146742237
generic_previous_error,275,C_to_I,0.04470163115894902
generic_previous_error,275,I_to_I,0.04868631417781024
generic_previous_error,276,C_to_C,0.009432839790043345
generic_previous_error,276,I_to_C,0.013082017968622305
generic_previous_error,276,C_to_I,0.043027056486847105
generic_previous_error,276,I_to_I,0.048989131945803385
generic_previous_error,277,C_to_C,0.009301031257016881
generic_previous_error,277,I_to_C,0.01321732761510384
generic_previous_error,277,C_to_I,0.041138335809217844
generic_previous_error,277,I_to_I,0.04773618039700275
generic_previous_error,278,C_to_C,0.008705064924494734
generic_previous_error,278,I_to_C,0.011507121576899215
generic_previous_error,278,C_to_I,0.04063105233938491
generic_previous_error,278,I_to_I,0.0471570612977756
generic_previous_error,279,C_to_C,0.009490134117376642
generic_previous_error,279,I_to_C,0.013150116814566253
generic_previous_error,279,C_to_I,0.04417136356442327
generic_previous_error,279,I_to_I,0.04821229054566095
generic_previous_error,280,C_to_C,0.008722514957561264
generic_previous_error,280,I_to_C,0.013143728608205778
generic_previous_error,280,C_to_I,0.042986527171962975
generic_previous_error,280,I_to_I,0.04753980991701783
generic_previous_error,281,C_to_C,0.01087262774063131
generic_previous_error,281,I_to_C,0.013136011522899801
generic_previous_error,281,C_to_I,0.04507465760932955
generic_previous_error,281,I_to_I,0.048487318913722356
generic_previous_error,282,C_to_C,0.01120056112266494
generic_previous_error,282,I_to_C,0.013598795689676112
generic_previous_error,282,C_to_I,0.04978469696910146
generic_previous_error,282,I_to_I,0.045132610920777604
generic_previous_error,283,C_to_C,0.010648529564447243
generic_previous_error,283,I_to_C,0.013022678457006095
generic_previous_error,283,C_to_I,0.047693403745714874
generic_previous_error,283,I_to_I,0.04837039884645544
generic_previous_error,284,C_to_C,0.009116157729374325
generic_previous_error,284,I_to_C,0.013263289620964543
generic_previous_error,284,C_to_I,0.0443868093636999
generic_previous_error,284,I_to_I,0.04917272414099469
generic_previous_error,285,C_to_C,0.008676278531074565
generic_previous_error,285,I_to_C,0.012004938840228241
generic_previous_error,285,C_to_I,0.04140598393432382
generic_previous_error,285,I_to_I,0.051204214884303274
generic_previous_error,286,C_to_C,0.00916376367270424
generic_previous_error,286,I_to_C,0.01101078357711048
generic_previous_error,286,C_to_I,0.04525077613111139
generic_previous_error,286,I_to_I,0.04883559572613003
generic_previous_error,287,C_to_C,0.00835197172838015
generic_previous_error,287,I_to_C,0.012869595698089481
generic_previous_error,287,C_to_I,0.04095446684340605
generic_previous_error,287,I_to_I,0.04843013121133458
generic_previous_error,288,C_to_C,0.010094293268166346
generic_previous_error,288,I_to_C,0.011416636352813134
generic_previous_error,288,C_to_I,0.04083466942116581
generic_previous_error,288,I_to_I,0.04651806787887461
generic_previous_error,289,C_to_C,0.008910629390563344
generic_previous_error,289,I_to_C,0.013468508478607444
generic_previous_error,289,C_to_I,0.04575394274063436
generic_previous_error,289,I_to_I,0.045867131758912695
generic_previous_error,290,C_to_C,0.009065198283554446
generic_previous_error,290,I_to_C,0.012171418158741842
generic_previous_error,290,C_to_I,0.043919657640660234
generic_previous_error,290,I_to_I,0.047645085372541335
generic_previous_error,291,C_to_C,0.010859858007422906
generic_previous_error,291,I_to_C,0.0128325860314797
generic_previous_error,291,C_to_I,0.04010165732183614
generic_previous_error,291,I_to_I,0.04975865854229212
generic_previous_error,292,C_to_C,0.00993998856369229
generic_previous_error,292,I_to_C,0.013282801704396736
generic_previous_error,292,C_to_I,0.04698131368795372
generic_previous_error,292,I_to_I,0.05018208094958593
generic_previous_error,293,C_to_C,0.009953362423135536
generic_previous_error,293,I_to_C,0.012600031731786632
generic_previous_error,293,C_to_I,0.04759473498605502
generic_previous_error,293,I_to_I,0.04763256497022816
generic_previous_error,294,C_to_C,0.009896513512930487
generic_previous_error,294,I_to_C,0.013383118736731075
generic_previous_error,294,C_to_I,0.043506600554862065
generic_previous_error,294,I_to_I,0.0495358572001164
generic_previous_error,295,C_to_C,0.010543247208993026
generic_previous_error,295,I_to_C,0.012539257834655104
generic_previous_error,295,C_to_I,0.04365434761660383
generic_previous_error,295,I_to_I,0.04700282460990909
generic_previous_error,296,C_to_C,0.009030831148814164
generic_previous_error,296,I_to_C,0.012688874133349338
generic_previous_error,296,C_to_I,0.04574127285046995
generic_previous_error,296,I_to_I,0.047982565877691785
generic_previous_error,297,C_to_C,0.011647883324419218
generic_previous_error,297,I_to_C,0.011910527376707782
generic_previous_error,297,C_to_I,0.047025053337111315
generic_previous_error,297,I_to_I,0.04844567005984632
generic_previous_error,298,C_to_C,0.009815038553087308
generic_previous_error,298,I_to_C,0.012125995062887944
generic_previous_error,298,C_to_I,0.0431871345486063
generic_previous_error,298,I_to_I,0.04703622727381274
generic_previous_error,299,C_to_C,0.011124431381371027
generic_previous_error,299,I_to_C,0.011821243903054425
generic_previous_error,299,C_to_I,0.04451417481258805
generic_previous_error,299,I_to_I,0.048009952727260045
