age_group,analysis_group,trial_output_index,row_index,target_direction,flanker_direction,final_response,correct,rt,decision_time,t0,hard_first_crossing_channel,evidence_winner_at_crossing,state_winner_at_crossing,winner_runner_up_evidence_gap,winner_runner_up_state_gap,fallback_used,response_type,error_source_category,rt_quantile_bin
Older,older_80_89,3,27722,2,0,2,True,0.9528871258238019,0.11,0.8428871258238019,0,0,0,0.7268347144126892,0.050568848848342896,False,target,correct,3
Older,older_80_89,6,22366,1,0,0,False,0.8122187778048794,0.08,0.7322187778048794,0,0,0,1.4585380554199219,0.06163179129362106,False,flanker,evidence-origin,2
Older,older_80_89,7,16343,2,1,2,True,0.8795765360294409,0.13,0.7495765360294409,1,1,1,1.0026525259017944,0.06515906751155853,False,target,correct,2
Older,older_80_89,9,21423,3,2,3,True,0.9944201557642174,0.15,0.8444201557642174,2,2,2,0.7694540023803711,0.06312298774719238,False,target,correct,3
Older,older_80_89,10,4350,1,0,0,False,0.5542302509421685,0.08,0.4742302509421685,0,0,0,1.4864819049835205,0.06285025179386139,False,flanker,evidence-origin,1
Older,older_80_89,11,7475,2,0,0,False,0.8253874439150801,0.15,0.6753874439150801,0,0,0,0.6771497130393982,0.06003119796514511,False,flanker,evidence-origin,2
Older,older_80_89,16,2266,3,2,3,True,1.2315928851984337,0.14,1.0915928851984336,2,2,2,0.7830747961997986,0.0639866515994072,False,target,correct,4
Older,older_80_89,17,18528,0,3,0,True,1.3103067693636525,0.72,0.5903067693636526,0,0,0,1.0558093786239624,0.06177663803100586,False,target,correct,5
Older,older_80_89,23,18174,3,1,3,True,1.5769300616936828,0.79,0.7869300616936827,3,3,3,0.781104326248169,0.044870175421237946,True,target,correct,5
Older,older_80_89,25,3514,1,2,1,True,0.8177811144556151,0.12,0.6977811144556151,2,2,2,0.47853294014930725,0.05028090626001358,False,target,correct,2
Older,older_80_89,27,13482,2,3,2,True,1.341799569874803,0.61,0.7317995698748031,2,2,2,0.6414058208465576,0.03313568979501724,False,target,correct,5
Older,older_80_89,29,29968,0,1,0,True,0.8388439721260188,0.16,0.6788439721260188,1,1,1,0.6659201979637146,0.06209456920623779,False,target,correct,2
Older,older_80_89,30,23884,3,1,3,True,1.1868937560586077,0.13,1.0568937560586078,1,1,1,0.459614634513855,0.043438151478767395,False,target,correct,4
Older,older_80_89,31,12695,1,2,1,True,1.167864656679449,0.36,0.8078646566794491,1,1,1,0.7430263757705688,0.020058870315551758,False,target,correct,4
Older,older_80_89,32,25562,2,1,1,False,0.6354687713236892,0.12,0.5154687713236892,1,1,1,1.0988878011703491,0.06408073008060455,False,flanker,evidence-origin,1
Older,older_80_89,38,6528,3,1,3,True,0.5890679533400744,0.16,0.4290679533400744,1,1,1,0.4324468672275543,0.05016627907752991,False,target,correct,1
Older,older_80_89,39,13236,2,3,2,True,1.770272254496253,0.66,1.110272254496253,2,2,2,0.7961331605911255,0.04256439954042435,False,target,correct,5
Older,older_80_89,41,19486,3,0,3,True,1.0634098146841633,0.14,0.9234098146841633,0,0,0,0.48641136288642883,0.05213207006454468,False,target,correct,4
Older,older_80_89,42,28955,2,0,0,False,0.8248766556723227,0.15,0.6748766556723227,0,0,0,0.5965676307678223,0.05719678848981857,False,flanker,evidence-origin,2
Older,older_80_89,43,15463,1,0,1,True,1.4475566090091339,0.79,0.6575566090091338,1,1,1,0.8865966796875,0.07466185092926025,True,target,correct,5
Older,older_80_89,44,13789,0,3,3,False,1.1310236793573374,0.1,1.0310236793573373,3,3,3,1.0694409608840942,0.061875954270362854,False,flanker,evidence-origin,4
Older,older_80_89,47,12470,1,2,1,True,0.6640379899113139,0.14,0.5240379899113139,2,2,2,0.634675145149231,0.0609055832028389,False,target,correct,1
Older,older_80_89,48,28153,3,0,0,False,0.9331345290313283,0.11,0.8231345290313283,0,0,0,1.2050694227218628,0.06500067561864853,False,flanker,evidence-origin,3
Older,older_80_89,50,763,0,3,0,True,1.5058818039940147,0.77,0.7358818039940147,0,0,0,1.129265308380127,0.02574501931667328,False,target,correct,5
Older,older_80_89,51,10604,1,0,1,True,1.5746466465803108,0.79,0.7846466465803108,1,1,1,0.8929194211959839,0.07277290523052216,True,target,correct,5
Older,older_80_89,52,22195,1,3,3,False,0.899081588604693,0.08,0.819081588604693,3,3,3,1.2536702156066895,0.05771683156490326,False,flanker,evidence-origin,2
Older,older_80_89,53,6643,2,0,0,False,0.7432521202907506,0.08,0.6632521202907506,0,0,0,1.345435380935669,0.05921652168035507,False,flanker,evidence-origin,1
Older,older_80_89,59,34062,1,2,1,True,1.124064549867172,0.11,1.0140645498671719,2,2,2,0.4908977150917053,0.045057184994220734,False,target,correct,4
Older,older_80_89,60,7245,2,0,0,False,0.4303497956383774,0.09,0.3403497956383774,0,0,0,1.2561941146850586,0.059001386165618896,False,flanker,evidence-origin,1
Older,older_80_89,61,22388,1,0,1,True,1.333750074640567,0.16,1.1737500746405671,0,0,0,0.5647523403167725,0.0638616606593132,False,target,correct,5
Older,older_80_89,62,67,0,2,2,False,1.3682057370672047,0.14,1.2282057370672046,2,2,2,0.6812320947647095,0.05601171404123306,False,flanker,evidence-origin,5
Older,older_80_89,64,15626,2,3,3,False,0.8387559133267898,0.14,0.6987559133267898,3,3,3,0.8467002511024475,0.06516862660646439,False,flanker,evidence-origin,2
Older,older_80_89,65,4422,2,3,2,True,0.6760535467849385,0.38,0.29605354678493845,3,3,3,0.13226637244224548,0.03604806959629059,False,target,correct,1
Older,older_80_89,66,17837,0,2,2,False,1.0940486279667776,0.18,0.9140486279667777,2,2,2,0.33406829833984375,0.0474824532866478,False,flanker,evidence-origin,4
Older,older_80_89,67,14940,1,3,1,True,1.2344064854420065,0.14,1.0944064854420064,3,3,3,0.44917401671409607,0.05417020618915558,False,target,correct,4
Older,older_80_89,68,9903,2,0,2,True,1.086513575697516,0.11,0.976513575697516,0,0,0,0.780078649520874,0.05281691998243332,False,target,correct,4
Older,older_80_89,70,22253,1,3,1,True,0.8938503004366172,0.14,0.7538503004366172,3,3,3,0.33865952491760254,0.047911636531353,False,target,correct,2
Older,older_80_89,71,26656,2,0,0,False,0.5963826009336403,0.1,0.4963826009336403,0,0,0,1.0917551517486572,0.05719449371099472,False,flanker,evidence-origin,1
Older,older_80_89,73,16948,3,0,3,True,0.953285090673041,0.14,0.813285090673041,0,0,0,0.880862295627594,0.06595074385404587,False,target,correct,3
Older,older_80_89,74,16163,3,2,3,True,1.7436155222553642,0.67,1.073615522255364,3,3,3,0.8235828280448914,0.04854392260313034,False,target,correct,5
Older,older_80_89,77,21180,1,3,3,False,0.9417129374423908,0.12,0.8217129374423908,3,3,3,0.7812644839286804,0.05677782744169235,False,flanker,evidence-origin,3
Older,older_80_89,79,16992,1,3,1,True,0.8492402769139377,0.08,0.7692402769139377,3,3,3,0.9150769710540771,0.04925820231437683,False,target,correct,2
Older,older_80_89,80,19772,3,1,1,False,0.6979451365003881,0.12,0.5779451365003881,1,1,1,0.7368866801261902,0.051714859902858734,False,flanker,evidence-origin,1
Older,older_80_89,82,6858,1,2,1,True,1.4383576243880816,0.63,0.8083576243880816,1,1,1,0.8026325106620789,0.061045967042446136,False,target,correct,5
Older,older_80_89,83,13487,2,3,2,True,1.0157286907628131,0.41000000000000003,0.6057286907628131,3,3,3,0.16372674703598022,0.028728879988193512,False,target,correct,3
Older,older_80_89,88,26704,2,1,2,True,0.8065251546619556,0.06,0.7465251546619556,1,1,1,1.6894547939300537,0.05730845779180527,False,target,correct,2
Older,older_80_89,90,26507,0,2,2,False,1.5516426434290789,0.79,0.7616426434290788,0,0,0,0.9558744430541992,0.026653848588466644,True,flanker,fallback,5
Older,older_80_89,91,163,2,1,2,True,0.7988998466620048,0.4,0.39889984666200473,2,2,2,1.0850170850753784,0.049365364015102386,False,target,correct,2
Older,older_80_89,93,27358,3,2,2,False,0.9311155773641887,0.12,0.8111155773641887,2,2,2,0.943645715713501,0.06092265993356705,False,flanker,evidence-origin,3
Older,older_80_89,94,33378,3,0,3,True,0.9462546129857667,0.11,0.8362546129857668,0,0,0,1.1004419326782227,0.06301845610141754,False,target,correct,3
Older,older_80_89,95,29280,3,2,3,True,1.2023723762319751,0.75,0.4523723762319751,3,3,3,0.8916624784469604,0.04793264716863632,False,target,correct,4
Older,older_80_89,96,22302,1,0,1,True,0.8747209374564857,0.17,0.7047209374564857,0,0,0,0.4328491687774658,0.06596078723669052,False,target,correct,2
Older,older_80_89,98,21710,3,2,3,True,0.8250468704351274,0.18,0.6450468704351273,2,2,2,0.506489098072052,0.06134410947561264,False,target,correct,2
Older,older_80_89,102,22262,0,1,0,True,1.2260747777221463,0.27,0.9560747777221463,0,0,0,1.3504403829574585,0.028361104428768158,False,target,correct,4
Older,older_80_89,104,4054,0,2,2,False,0.5832846978318649,0.17,0.41328469783186483,2,2,2,0.48131102323532104,0.05402805656194687,False,flanker,evidence-origin,1
Older,older_80_89,105,19876,3,1,3,True,0.5290069121585091,0.11,0.41900691215850916,1,1,1,0.8461346626281738,0.052991777658462524,False,target,correct,1
Older,older_80_89,109,27447,1,2,1,True,1.201784939885951,0.51,0.691784939885951,1,1,1,0.6805006265640259,0.026082843542099,False,target,correct,4
Older,older_80_89,111,3450,1,3,3,False,0.9109905738187903,0.11,0.8009905738187904,3,3,3,0.8773378133773804,0.05566675215959549,False,flanker,evidence-origin,2
Older,older_80_89,113,8306,2,0,2,True,1.0822653877963653,0.1,0.9822653877963653,0,0,0,0.9696834087371826,0.05821558088064194,False,target,correct,4
Older,older_80_89,119,23720,1,0,1,True,1.117458151222567,0.14,0.977458151222567,0,0,0,0.637165904045105,0.06005173921585083,False,target,correct,4
Older,older_80_89,120,21906,0,3,0,True,0.8904711765008835,0.13,0.7604711765008835,3,3,3,0.5634263753890991,0.05526234209537506,False,target,correct,2
Older,older_80_89,123,33821,0,3,0,True,1.1284541242880746,0.76,0.36845412428807456,0,0,0,1.2172447443008423,0.029771842062473297,False,target,correct,4
Older,older_80_89,124,2325,0,3,3,False,0.7768277606165376,0.11,0.6668277606165376,3,3,3,1.018579125404358,0.06383238732814789,False,flanker,evidence-origin,2
Older,older_80_89,125,24678,1,3,3,False,0.8351653328723168,0.12,0.7151653328723168,3,3,3,0.9801886081695557,0.0603640154004097,False,flanker,evidence-origin,2
Older,older_80_89,128,25181,1,2,1,True,1.049828351754334,0.51,0.5398283517543341,1,1,1,0.6303133368492126,0.04552247375249863,False,target,correct,3
Older,older_80_89,131,14600,1,0,0,False,0.8191474730084575,0.08,0.7391474730084575,0,0,0,1.4943002462387085,0.06459429860115051,False,flanker,evidence-origin,2
Older,older_80_89,132,19770,1,3,3,False,0.8887550122482079,0.11,0.7787550122482079,3,3,3,0.8890870213508606,0.05531066656112671,False,flanker,evidence-origin,2
Older,older_80_89,134,15949,1,2,1,True,1.3266959224043056,0.21,1.1166959224043056,2,2,2,0.39985865354537964,0.06230894476175308,False,target,correct,5
Older,older_80_89,138,25095,3,2,3,True,0.6891034528710611,0.21,0.47910345287106115,2,2,2,0.3426091969013214,0.058871038258075714,False,target,correct,1
Older,older_80_89,140,9742,3,0,3,True,0.5018217305284074,0.13,0.3718217305284074,0,0,0,0.5708620548248291,0.05289634317159653,False,target,correct,1
Older,older_80_89,144,28128,2,3,2,True,1.392530083065534,0.72,0.6725300830655341,2,2,2,0.8735231161117554,0.023424558341503143,False,target,correct,5
Older,older_80_89,145,396,1,3,3,False,0.8759514737729887,0.09,0.7859514737729887,3,3,3,1.2733802795410156,0.0625397190451622,False,flanker,evidence-origin,2
Older,older_80_89,146,8016,2,1,1,False,0.38999998569488525,0.14,0.24999998569488524,1,1,1,0.9225701093673706,0.06396710127592087,False,flanker,evidence-origin,1
Older,older_80_89,149,28208,2,1,2,True,1.163070630162177,0.41000000000000003,0.7530706301621769,2,2,2,1.1813874244689941,0.04718593508005142,False,target,correct,4
Older,older_80_89,151,14692,2,3,3,False,1.035098337472112,0.1,0.9350983374721121,3,3,3,1.3609397411346436,0.06589236855506897,False,flanker,evidence-origin,3
Older,older_80_89,152,32136,3,1,3,True,0.98090377946461,0.16,0.82090377946461,1,1,1,0.22821980714797974,0.04228104650974274,False,target,correct,3
Older,older_80_89,154,11707,2,3,3,False,0.9439390845228417,0.14,0.8039390845228417,3,3,3,0.8257324695587158,0.06430447846651077,False,flanker,evidence-origin,3
Older,older_80_89,159,33512,3,1,3,True,1.39179929172766,0.74,0.65179929172766,3,3,3,0.7877382040023804,0.05023244768381119,False,target,correct,5
Older,older_80_89,162,1804,1,0,0,False,0.9258313165174121,0.1,0.8258313165174122,0,0,0,1.295490026473999,0.06601298600435257,False,flanker,evidence-origin,3
Older,older_80_89,167,23182,3,2,3,True,1.5617402369874855,0.63,0.9317402369874855,3,3,3,0.9218851327896118,0.057885780930519104,False,target,correct,5
Older,older_80_89,168,23761,3,2,3,True,0.6424196178341574,0.15,0.49241961783415733,2,2,2,0.7891861796379089,0.06424698233604431,False,target,correct,1
Older,older_80_89,171,3695,0,1,0,True,1.236828477247538,0.7000000000000001,0.5368284772475379,0,0,0,1.0023577213287354,0.06912626326084137,False,target,correct,4
Older,older_80_89,174,14194,0,2,2,False,1.0955656532863869,0.23,0.8655656532863869,2,2,2,0.2791401445865631,0.05206649750471115,False,flanker,evidence-origin,4
Older,older_80_89,175,8821,1,0,1,True,1.49313135616088,0.75,0.7431313561608801,1,1,1,0.9617146849632263,0.07882910221815109,False,target,correct,5
Older,older_80_89,176,16758,0,1,0,True,1.2066910002067566,0.17,1.0366910002067566,1,1,1,0.42316073179244995,0.05883745849132538,False,target,correct,4
Older,older_80_89,178,8271,3,2,3,True,0.600243116209838,0.13,0.47024311620983794,2,2,2,0.8202520608901978,0.06181129813194275,False,target,correct,1
Older,older_80_89,180,24287,3,1,3,True,0.7911757934750738,0.31,0.48117579347507383,3,3,3,0.7742667198181152,0.024183452129364014,False,target,correct,2
Older,older_80_89,181,18577,1,0,0,False,0.917697617484534,0.11,0.8076976174845341,0,0,0,1.1551389694213867,0.06593594700098038,False,flanker,evidence-origin,3
Older,older_80_89,182,7748,3,2,3,True,0.9431621967854052,0.23,0.7131621967854053,2,2,2,0.2485429048538208,0.06042987108230591,False,target,correct,3
Older,older_80_89,183,18073,2,0,2,True,1.02325606365683,0.09,0.93325606365683,0,0,0,0.966890811920166,0.05440659821033478,False,target,correct,3
Older,older_80_89,184,17980,0,2,2,False,0.7861808773147474,0.09,0.6961808773147474,2,2,2,1.3879092931747437,0.06448438763618469,False,flanker,evidence-origin,2
Older,older_80_89,187,18616,1,2,1,True,1.4365823710247496,0.55,0.8865823710247496,1,1,1,0.8098300099372864,0.038868263363838196,False,target,correct,5
Older,older_80_89,188,654,1,3,3,False,0.8636605957425896,0.08,0.7836605957425896,3,3,3,1.1985019445419312,0.05640871822834015,False,flanker,evidence-origin,2
Older,older_80_89,189,22439,3,2,3,True,0.8186256506383249,0.18,0.638625650638325,2,2,2,0.5275959968566895,0.06139770895242691,False,target,correct,2
Older,older_80_89,193,34537,2,1,2,True,0.7568581033623664,0.14,0.6168581033623664,1,1,1,0.8815747499465942,0.06053580343723297,False,target,correct,1
Older,older_80_89,195,10409,3,2,3,True,1.205211824028725,0.72,0.4852118240287251,3,3,3,0.8190980553627014,0.05244787782430649,False,target,correct,4
Older,older_80_89,196,25996,2,3,2,True,0.9936467655707464,0.2,0.7936467655707464,3,3,3,0.42865440249443054,0.06215354800224304,False,target,correct,3
Older,older_80_89,198,13473,3,0,3,True,1.1147327603025383,0.17,0.9447327603025383,0,0,0,0.6386751532554626,0.061102353036403656,False,target,correct,4
Older,older_80_89,199,15227,3,2,3,True,1.1813375183093549,0.18,1.001337518309355,2,2,2,0.5950548052787781,0.06642226874828339,False,target,correct,4
Older,older_80_89,200,28581,3,2,3,True,0.8695708047384041,0.24,0.6295708047384041,2,2,2,0.1538727879524231,0.05724722892045975,False,target,correct,2
Older,older_80_89,203,5756,2,3,3,False,0.5937767606622257,0.13,0.46377676066222573,3,3,3,0.958747148513794,0.06495246291160583,False,flanker,evidence-origin,1
Older,older_80_89,204,24666,3,0,3,True,0.949949838453591,0.18,0.769949838453591,0,0,0,0.6377420425415039,0.06691592186689377,False,target,correct,3
Older,older_80_89,208,31267,0,2,2,False,1.2988947153490555,0.79,0.5088947153490555,0,0,0,0.8954921960830688,0.036232538521289825,True,flanker,fallback,5
Older,older_80_89,209,9137,1,2,1,True,1.909999966621399,0.66,1.2499999666213988,1,1,1,0.8968459367752075,0.05362631380558014,False,target,correct,5
Older,older_80_89,211,29312,3,2,3,True,1.4859999794606422,0.67,0.8159999794606422,3,3,3,0.7874668836593628,0.04985389858484268,False,target,correct,5
Older,older_80_89,212,34182,1,0,0,False,0.7133522823666071,0.11,0.6033522823666071,0,0,0,0.9994258880615234,0.0616055503487587,False,flanker,evidence-origin,1
Older,older_80_89,213,23753,1,3,1,True,0.7658298384191182,0.07,0.6958298384191182,3,3,3,1.0252434015274048,0.04770942032337189,False,target,correct,1
Older,older_80_89,214,17714,1,2,1,True,0.8658321653869938,0.12,0.7458321653869938,2,2,2,0.59447181224823,0.04973886162042618,False,target,correct,2
Older,older_80_89,215,14124,1,0,0,False,0.961929256140663,0.14,0.821929256140663,0,0,0,0.9910695552825928,0.07202868908643723,False,flanker,evidence-origin,3
Older,older_80_89,218,10907,1,0,0,False,0.7526317749442591,0.08,0.6726317749442592,0,0,0,1.4442548751831055,0.06126987189054489,False,flanker,evidence-origin,1
Older,older_80_89,220,12986,2,1,2,True,1.176071431770795,0.11,1.0660714317707949,1,1,1,1.1894277334213257,0.06538596004247665,False,target,correct,4
Older,older_80_89,221,25794,3,0,3,True,0.937443392470825,0.1,0.837443392470825,0,0,0,1.1660600900650024,0.06138633191585541,False,target,correct,3
Older,older_80_89,223,19161,0,3,0,True,1.372573445909032,0.76,0.612573445909032,0,0,0,1.0929441452026367,0.025041691958904266,False,target,correct,5
Older,older_80_89,224,20282,3,0,3,True,1.0026013865766799,0.11,0.8926013865766799,0,0,0,1.1659181118011475,0.06342903524637222,False,target,correct,3
Older,older_80_89,226,1585,2,1,2,True,0.799973501576434,0.18,0.619973501576434,1,1,1,0.4115576446056366,0.05933886021375656,False,target,correct,2
Older,older_80_89,228,224,3,0,3,True,0.6834707831812712,0.11,0.5734707831812712,0,0,0,1.1601091623306274,0.06404239684343338,False,target,correct,1
Older,older_80_89,230,13334,3,2,2,False,0.7714949406582408,0.11,0.6614949406582408,2,2,2,1.075992465019226,0.061602845788002014,False,flanker,evidence-origin,2
Older,older_80_89,232,17317,1,0,1,True,0.8924208560862015,0.15,0.7424208560862015,0,0,0,0.673326313495636,0.06300992518663406,False,target,correct,2
Older,older_80_89,233,1370,0,3,3,False,0.856778198757807,0.08,0.7767781987578071,3,3,3,1.2538809776306152,0.05766257643699646,False,flanker,evidence-origin,2
Older,older_80_89,236,6002,0,1,0,True,1.0846334183419297,0.08,1.0046334183419297,1,1,1,1.3481595516204834,0.06102559715509415,False,target,correct,4
Older,older_80_89,237,28025,0,2,2,False,1.529781497668958,0.79,0.7397814976689581,0,0,0,0.9031700491905212,0.018376655876636505,True,flanker,fallback,5
Older,older_80_89,239,9199,1,2,1,True,0.9234187189121897,0.21,0.7134187189121898,2,1,2,0.33624881505966187,0.040371619164943695,False,target,correct,3
Older,older_80_89,242,2000,1,0,0,False,0.8580163452605375,0.09,0.7680163452605375,0,0,0,1.3381584882736206,0.06297655403614044,False,flanker,evidence-origin,2
Older,older_80_89,243,23403,1,2,1,True,0.6050931738023999,0.1,0.5050931738023999,2,2,2,0.7076960206031799,0.0496567040681839,False,target,correct,1
Older,older_80_89,245,14626,3,2,3,True,0.7510498621762579,0.23,0.5210498621762579,2,2,2,0.24494168162345886,0.06108776479959488,False,target,correct,1
Older,older_80_89,248,20488,3,1,3,True,1.0324818448302262,0.15,0.8824818448302262,1,1,1,0.3984651565551758,0.05041032284498215,False,target,correct,3
Older,older_80_89,250,8206,0,2,0,True,1.4715546698438697,0.79,0.6815546698438697,0,0,0,1.0876113176345825,0.05507882684469223,True,target,correct,5
Older,older_80_89,252,29813,3,2,3,True,1.334822809438777,0.18,1.1548228094387771,2,2,2,0.5778472423553467,0.06266554445028305,False,target,correct,5
Older,older_80_89,253,23192,1,2,1,True,1.148377745066048,0.21,0.938377745066048,2,2,2,0.6378059387207031,0.07049967348575592,False,target,correct,4
Older,older_80_89,254,18279,1,0,0,False,0.8084017882670524,0.09,0.7184017882670525,0,0,0,1.098180890083313,0.056887298822402954,False,flanker,evidence-origin,2
Older,older_80_89,255,7627,0,2,2,False,0.7985952237295936,0.12,0.6785952237295936,2,2,2,0.9814408421516418,0.06068729609251022,False,flanker,evidence-origin,2
Older,older_80_89,256,16596,2,0,0,False,0.47178748955163213,0.09,0.3817874895516321,0,0,0,1.2062182426452637,0.058027878403663635,False,flanker,evidence-origin,1
Older,older_80_89,257,29938,3,0,3,True,0.9132049927892066,0.1,0.8132049927892067,0,0,0,1.157503366470337,0.06030616909265518,False,target,correct,2
Older,older_80_89,259,34627,1,2,1,True,1.248132306104357,0.15,1.098132306104357,2,2,2,0.6516176462173462,0.06299720704555511,False,target,correct,4
Older,older_80_89,262,9425,3,2,3,True,1.0091783670210477,0.11,0.8991783670210477,2,2,2,1.158177375793457,0.06599374115467072,False,target,correct,3
Older,older_80_89,263,1625,3,2,3,True,1.2188280402385319,0.2,1.018828040238532,2,2,2,0.4958800673484802,0.06350135058164597,False,target,correct,4
Older,older_80_89,264,13404,0,2,2,False,1.3450582809474743,0.79,0.5550582809474742,0,0,0,0.6947444081306458,0.013835899531841278,True,flanker,fallback,5
Older,older_80_89,266,14361,3,0,3,True,0.6715299764003442,0.12,0.5515299764003442,0,0,0,1.1919801235198975,0.0691090077161789,False,target,correct,1
Older,older_80_89,268,8748,0,3,3,False,1.0604660404606725,0.15,0.9104660404606725,3,3,3,0.4590912163257599,0.05707752704620361,False,flanker,evidence-origin,4
Older,older_80_89,269,2718,2,3,2,True,1.5437728287372425,0.56,0.9837728287372425,2,2,2,0.5749425292015076,0.027362346649169922,False,target,correct,5
Older,older_80_89,271,19008,1,2,1,True,1.1982918990530231,0.54,0.6582918990530231,1,1,1,0.6909952759742737,0.04653766006231308,False,target,correct,4
Older,older_80_89,273,23210,2,0,2,True,1.0196279891723223,0.12,0.8996279891723223,0,0,0,0.6555846929550171,0.05110182613134384,False,target,correct,3
Older,older_80_89,276,29182,2,1,2,True,0.8093174631790746,0.14,0.6693174631790746,1,1,1,0.9571722745895386,0.0649595782160759,False,target,correct,2
Older,older_80_89,277,29674,2,3,3,False,0.5503962474801563,0.11,0.44039624748015627,3,3,3,1.0517030954360962,0.06127195060253143,False,flanker,evidence-origin,1
Older,older_80_89,279,137,3,0,3,True,0.683793641464435,0.11,0.573793641464435,0,0,0,1.0832481384277344,0.0624239444732666,False,target,correct,1
Older,older_80_89,282,21725,1,0,0,False,1.2732430638068684,0.79,0.4832430638068683,1,1,1,0.9482602477073669,0.06651270389556885,True,flanker,fallback,4
Older,older_80_89,283,24657,3,1,3,True,1.8215306360945096,0.6,1.2215306360945095,3,3,3,0.7508962154388428,0.052913859486579895,False,target,correct,5
Older,older_80_89,285,10678,3,1,3,True,1.5293738311295573,0.77,0.7593738311295573,3,3,3,0.8041300773620605,0.05869624763727188,False,target,correct,5
Older,older_80_89,294,5755,3,2,2,False,0.9708579816911764,0.13,0.8408579816911764,2,2,2,0.9979352355003357,0.06828249245882034,False,flanker,evidence-origin,3
Older,older_80_89,295,18743,3,0,3,True,0.6319534804264685,0.17,0.46195348042646844,0,0,0,0.6646323204040527,0.06832543015480042,False,target,correct,1
Older,older_80_89,296,23092,3,0,3,True,0.5930324699197345,0.14,0.45303246991973445,0,0,0,1.0446394681930542,0.06917980313301086,False,target,correct,1
Older,older_80_89,300,2693,2,3,2,True,1.593087465052496,0.62,0.973087465052496,2,2,2,0.6127464771270752,0.02116779237985611,False,target,correct,5
Older,older_80_89,302,19053,0,1,0,True,1.8690795888360858,0.79,1.0790795888360858,0,0,0,0.9981268644332886,0.05303563177585602,True,target,correct,5
Older,older_80_89,303,18352,2,0,2,True,0.7390382565466765,0.1,0.6390382565466766,0,0,0,0.8556994199752808,0.05067853629589081,False,target,correct,1
Older,older_80_89,305,4656,0,1,0,True,1.428607249131693,0.32,1.108607249131693,0,0,0,1.4917353391647339,0.04150857776403427,False,target,correct,5
Older,older_80_89,306,17201,1,3,1,True,1.6498253065022959,0.77,0.8798253065022958,1,1,1,1.1785337924957275,0.06325608491897583,False,target,correct,5
Older,older_80_89,307,19994,2,3,2,True,1.174664047855139,0.22,0.9546640478551389,3,3,3,0.1713663637638092,0.05821600556373596,False,target,correct,4
Older,older_80_89,308,22969,1,2,1,True,0.9756026309597811,0.12,0.8556026309597811,2,2,2,0.8451345562934875,0.05972571671009064,False,target,correct,3
Older,older_80_89,309,25846,3,1,3,True,1.1452263458229441,0.37,0.7752263458229441,3,3,3,0.7213212847709656,0.021121278405189514,False,target,correct,4
Older,older_80_89,311,354,2,3,2,True,0.5853470615255567,0.18,0.4053470615255567,3,3,3,0.29881301522254944,0.05519901216030121,False,target,correct,1
Older,older_80_89,312,28247,0,1,0,True,0.8961230758295022,0.15,0.7461230758295022,1,1,1,0.5750418901443481,0.055667199194431305,False,target,correct,2
Older,older_80_89,314,28360,0,2,2,False,1.744879030358058,0.79,0.9548790303580579,0,0,0,0.6796848773956299,0.004144206643104553,True,flanker,fallback,5
Older,older_80_89,315,2702,0,3,0,True,0.9393539215070456,0.18,0.7593539215070455,3,3,3,0.0023601651191711426,0.049075283110141754,False,target,correct,3
Older,older_80_89,317,26928,1,2,1,True,1.4677454909216103,0.63,0.8377454909216103,1,1,1,0.8993799686431885,0.05652756243944168,False,target,correct,5
Older,older_80_89,318,29680,2,0,2,True,0.5896658736166568,0.1,0.4896658736166568,0,0,0,0.9052430391311646,0.0546380877494812,False,target,correct,1
Older,older_80_89,322,2362,2,0,0,False,1.1923868413841077,0.09,1.1023868413841076,0,0,0,1.2019357681274414,0.057758599519729614,False,flanker,evidence-origin,4
Older,older_80_89,324,21458,0,1,0,True,0.6332765181185893,0.14,0.4932765181185893,1,1,1,0.7926994562149048,0.06197040528059006,False,target,correct,1
Older,older_80_89,326,18224,2,1,2,True,0.9567382354662319,0.15,0.8067382354662319,1,1,1,0.7053428292274475,0.05955754220485687,False,target,correct,3
Older,older_80_89,327,14445,2,1,2,True,0.9788099310647829,0.17,0.8088099310647828,1,1,1,0.40333470702171326,0.05573522299528122,False,target,correct,3
Older,older_80_89,328,4747,0,1,0,True,1.310481248427993,0.7000000000000001,0.610481248427993,0,0,0,1.0182676315307617,0.07294823974370956,False,target,correct,5
Older,older_80_89,336,8549,2,0,0,False,0.713802633094915,0.11,0.603802633094915,0,0,0,0.8160364627838135,0.051136501133441925,False,flanker,evidence-origin,1
Older,older_80_89,338,3264,0,3,3,False,1.027562180477326,0.15,0.877562180477326,3,3,3,0.5033107995986938,0.05771288275718689,False,flanker,evidence-origin,3
Older,older_80_89,339,8366,2,3,2,True,0.7491750230993677,0.24,0.5091750230993677,3,3,3,0.09842616319656372,0.05104383826255798,False,target,correct,1
Older,older_80_89,340,28411,2,0,0,False,1.122822293732033,0.14,0.9828222937320329,0,0,0,0.6886284351348877,0.05771520733833313,False,flanker,evidence-origin,4
Older,older_80_89,341,9917,3,1,1,False,1.0080850736486473,0.06,0.9480850736486472,1,1,1,1.3665236234664917,0.04967451095581055,False,flanker,evidence-origin,3
Older,older_80_89,342,7029,1,2,1,True,0.9479728185756602,0.29,0.6579728185756601,1,1,1,1.000011682510376,0.021838121116161346,False,target,correct,3
Older,older_80_89,344,6504,3,1,3,True,1.622845483612632,0.79,0.832845483612632,3,3,3,0.8349724411964417,0.058319613337516785,True,target,correct,5
Older,older_80_89,345,17462,2,3,3,False,0.6482535393948496,0.1,0.5482535393948497,3,3,3,1.3768752813339233,0.06778398901224136,False,flanker,evidence-origin,1
Older,older_80_89,349,16298,0,1,0,True,0.8181412637312324,0.15,0.6681412637312324,1,1,1,0.21324384212493896,0.05202189087867737,False,target,correct,2
Older,older_80_89,353,1235,1,0,0,False,0.6506284716430744,0.15,0.5006284716430743,0,0,0,0.7323806285858154,0.06504471600055695,False,flanker,evidence-origin,1
Older,older_80_89,355,5824,1,2,1,True,0.7960129853159181,0.13,0.6660129853159181,2,2,2,0.7545632123947144,0.06004367023706436,False,target,correct,2
Older,older_80_89,359,25997,0,3,0,True,1.722714139303135,0.75,0.9727141393031351,0,0,0,1.1672347784042358,0.029571421444416046,False,target,correct,5
Older,older_80_89,360,25234,0,1,0,True,0.8463538253658229,0.11,0.736353825365823,1,1,1,0.7376909255981445,0.05725894868373871,False,target,correct,2
Older,older_80_89,361,11322,1,3,1,True,1.0216321870530927,0.15,0.8716321870530926,3,3,3,0.4392748475074768,0.05700086057186127,False,target,correct,3
Older,older_80_89,362,10813,3,0,3,True,0.9020128067009913,0.17,0.7320128067009912,0,0,0,0.170823872089386,0.04515111446380615,False,target,correct,2
Older,older_80_89,365,15047,3,2,3,True,1.3275748603782345,0.2,1.1275748603782345,2,2,2,0.42361316084861755,0.06054264307022095,False,target,correct,5
Older,older_80_89,366,12588,0,1,0,True,0.9286066567279965,0.1,0.8286066567279965,1,1,1,1.0268580913543701,0.061283357441425323,False,target,correct,3
Older,older_80_89,368,601,2,0,0,False,1.078079260797723,0.13,0.948079260797723,0,0,0,0.8657691478729248,0.06237450987100601,False,flanker,evidence-origin,4
Older,older_80_89,376,13517,3,2,3,True,0.763897909197923,0.13,0.633897909197923,2,2,2,0.952714204788208,0.06658294796943665,False,target,correct,1
Older,older_80_89,377,25379,3,2,3,True,0.9303343322460955,0.24,0.6903343322460955,2,2,2,0.2000444233417511,0.05744320899248123,False,target,correct,3
Older,older_80_89,378,15321,2,3,3,False,0.5677383321493832,0.14,0.42773833214938317,3,3,3,0.8061695694923401,0.06284670531749725,False,flanker,evidence-origin,1
Older,older_80_89,379,13027,1,3,3,False,0.5854713327864084,0.08,0.5054713327864084,3,3,3,0.9373042583465576,0.04978907108306885,False,flanker,evidence-origin,1
Older,older_80_89,380,3014,0,1,0,True,0.9500130823276484,0.1,0.8500130823276484,1,1,1,1.002128005027771,0.056357137858867645,False,target,correct,3
Older,older_80_89,381,16783,0,1,0,True,1.3338050978112244,0.6900000000000001,0.6438050978112243,0,0,0,1.0347273349761963,0.06147155165672302,False,target,correct,5
Older,older_80_89,383,27624,0,3,0,True,1.254170451474445,0.76,0.49417045147444494,0,0,0,1.2245107889175415,0.020856857299804688,False,target,correct,4
Older,older_80_89,384,6081,2,3,2,True,1.0317450117415914,0.21,0.8217450117415914,3,3,3,0.3197506368160248,0.05872161686420441,False,target,correct,3
Older,older_80_89,385,33499,3,0,3,True,1.2076379608349814,0.1,1.1076379608349813,0,0,0,1.18061363697052,0.060802161693573,False,target,correct,4
Older,older_80_89,386,34638,0,1,0,True,1.008129315375225,0.07,0.938129315375225,1,1,1,1.5716522932052612,0.06308107823133469,False,target,correct,3
Older,older_80_89,387,27189,3,1,1,False,0.7004491113726883,0.15,0.5504491113726883,1,1,1,0.6586607694625854,0.057666219770908356,False,flanker,evidence-origin,1
Older,older_80_89,388,9839,0,3,3,False,0.690621140179021,0.08,0.610621140179021,3,3,3,1.3974615335464478,0.06400828808546066,False,flanker,evidence-origin,1
Older,older_80_89,389,23769,0,1,0,True,1.6151014324373607,0.75,0.8651014324373607,0,0,0,1.0070723295211792,0.0665418729186058,False,target,correct,5
Older,older_80_89,392,1110,3,0,3,True,0.8226423066586587,0.12,0.7026423066586587,0,0,0,1.1472675800323486,0.06768084317445755,False,target,correct,2
Older,older_80_89,393,3386,1,0,0,False,1.122287726602952,0.14,0.982287726602952,0,0,0,0.7529932856559753,0.06271479278802872,False,flanker,evidence-origin,4
Older,older_80_89,395,25145,0,1,0,True,0.8761018132250787,0.07,0.8061018132250788,1,1,1,1.5342750549316406,0.058653175830841064,False,target,correct,2
Older,older_80_89,397,8964,3,2,2,False,0.5857016540377908,0.19,0.39570165403779084,2,2,2,0.4870474338531494,0.06382337212562561,False,flanker,evidence-origin,1
Older,older_80_89,398,15351,3,0,3,True,0.6388475289572101,0.13,0.5088475289572101,0,0,0,0.9572394490242004,0.06339772045612335,False,target,correct,1
Older,older_80_89,400,17024,2,0,0,False,0.7837846740573196,0.11,0.6737846740573196,0,0,0,0.8371778726577759,0.053358808159828186,False,flanker,evidence-origin,2
Older,older_80_89,402,14324,2,0,2,True,0.4925630291023997,0.13,0.3625630291023997,0,0,0,0.6571683883666992,0.05543750524520874,False,target,correct,1
Older,older_80_89,404,6495,0,1,0,True,0.9247680893151529,0.21,0.7147680893151529,1,0,1,0.01952451467514038,0.05270415544509888,False,target,correct,3
Older,older_80_89,405,33479,3,1,3,True,1.1541633891306384,0.51,0.6441633891306384,3,3,3,0.9803889393806458,0.047561466693878174,False,target,correct,4
Older,older_80_89,407,27725,0,1,0,True,1.2201568007634065,0.54,0.6801568007634065,0,0,0,1.0789978504180908,0.07159386575222015,False,target,correct,4
Older,older_80_89,409,27759,3,1,1,False,0.9136944624934134,0.09,0.8236944624934134,1,1,1,1.0144119262695312,0.05149999260902405,False,flanker,evidence-origin,2
Older,older_80_89,410,9091,0,3,0,True,0.9419278045241892,0.32,0.6219278045241892,0,0,0,0.39423418045043945,0.0313749685883522,False,target,correct,3
Older,older_80_89,411,4155,2,1,2,True,1.199252028728016,0.25,0.949252028728016,1,1,1,0.3192661702632904,0.05982545018196106,False,target,correct,4
Older,older_80_89,413,23237,2,1,1,False,1.2011342802214928,0.06,1.1411342802214928,1,1,1,1.710094690322876,0.058668941259384155,False,flanker,evidence-origin,4
Older,older_80_89,414,15688,1,3,1,True,0.9292123769853404,0.17,0.7592123769853404,3,3,3,0.19303715229034424,0.04924217611551285,False,target,correct,3
Older,older_80_89,417,25251,1,2,1,True,0.6197126982261726,0.11,0.5097126982261726,2,2,2,0.4502587914466858,0.04411318898200989,False,target,correct,1
Older,older_80_89,418,5702,0,1,0,True,0.898826956942331,0.11,0.788826956942331,1,1,1,0.8450864553451538,0.05648423731327057,False,target,correct,2
Older,older_80_89,419,3541,3,0,3,True,0.9160382301907648,0.1,0.8160382301907648,0,0,0,1.2374167442321777,0.0626639649271965,False,target,correct,3
Older,older_80_89,424,14721,0,2,2,False,1.2956534658746235,0.79,0.5056534658746235,0,0,0,0.9456332325935364,0.045188531279563904,True,flanker,fallback,5
Older,older_80_89,426,11780,3,1,3,True,1.172310185029926,0.52,0.652310185029926,3,3,3,0.61037677526474,0.039297640323638916,False,target,correct,4
Older,older_80_89,430,2680,3,0,0,False,0.8678670030675771,0.1,0.7678670030675772,0,0,0,1.2994130849838257,0.06627538055181503,False,flanker,evidence-origin,2
Older,older_80_89,433,1927,3,0,3,True,1.1374709550976518,0.1,1.0374709550976517,0,0,0,1.2902389764785767,0.06663242727518082,False,target,correct,4
Older,older_80_89,435,13456,2,3,2,True,1.0941832526054365,0.28,0.8141832526054364,3,2,3,0.057968974113464355,0.04658493399620056,False,target,correct,4
Older,older_80_89,438,24175,1,0,1,True,0.9729827006799893,0.15,0.8229827006799892,0,0,0,0.6069496870040894,0.06666169315576553,False,target,correct,3
Older,older_80_89,440,9742,3,0,3,True,0.6295867311497955,0.15,0.47958673114979544,0,0,0,0.8798183798789978,0.06381156295537949,False,target,correct,1
Older,older_80_89,441,6771,2,3,3,False,1.0950125716357275,0.24,0.8550125716357275,3,3,3,0.2137504518032074,0.054747723042964935,False,flanker,evidence-origin,4
Older,older_80_89,443,16983,1,3,3,False,0.8262295336691432,0.14,0.6862295336691432,3,3,3,0.5442012548446655,0.05468439310789108,False,flanker,evidence-origin,2
Older,older_80_89,444,10921,3,1,3,True,0.7413776823171632,0.14,0.6013776823171632,1,1,1,0.5289970636367798,0.052754297852516174,False,target,correct,1
Older,older_80_89,445,5542,2,0,0,False,1.1856724055524823,0.15,1.0356724055524824,0,0,0,0.589209794998169,0.056204430758953094,False,flanker,evidence-origin,4
Older,older_80_89,447,20670,3,2,3,True,0.9555352029673012,0.15,0.8055352029673012,2,2,2,0.770187497138977,0.062163494527339935,False,target,correct,3
Older,older_80_89,449,18900,1,0,0,False,0.8256139402478926,0.1,0.7256139402478926,0,0,0,1.019565463066101,0.05870867520570755,False,flanker,evidence-origin,2
Older,older_80_89,450,30560,3,0,3,True,0.999747991830036,0.37,0.629747991830036,3,3,3,1.44710373878479,0.03978715091943741,False,target,correct,3
Older,older_80_89,453,12180,3,0,3,True,0.8398464384071033,0.11,0.7298464384071033,0,0,0,1.191514492034912,0.06337852776050568,False,target,correct,2
Older,older_80_89,454,11796,1,0,1,True,0.6750020295084131,0.12,0.5550020295084132,0,0,0,0.8994766473770142,0.062421321868896484,False,target,correct,1
Older,older_80_89,456,30343,3,2,2,False,1.0720571727092627,0.15,0.9220571727092627,2,2,2,0.7433776259422302,0.06437136977910995,False,flanker,evidence-origin,4
Older,older_80_89,458,12737,2,3,3,False,1.161149124762837,0.08,1.0811491247628369,3,3,3,1.6472928524017334,0.06547646224498749,False,flanker,evidence-origin,4
Older,older_80_89,465,2323,3,1,1,False,0.8458263809712113,0.06,0.7858263809712114,1,1,1,1.391985297203064,0.051160745322704315,False,flanker,evidence-origin,2
Older,older_80_89,466,29838,1,0,0,False,1.0196378881483055,0.17,0.8496378881483054,0,0,0,0.600840151309967,0.06934679299592972,False,flanker,evidence-origin,3
Older,older_80_89,468,7346,1,2,1,True,0.7105056703094313,0.13,0.5805056703094313,2,2,2,0.8287279605865479,0.06372580677270889,False,target,correct,1
Older,older_80_89,469,18076,3,1,3,True,0.7631692773640821,0.11,0.6531692773640821,1,1,1,0.6815548539161682,0.046180903911590576,False,target,correct,1
Older,older_80_89,470,11857,1,3,3,False,0.8008037869543965,0.11,0.6908037869543965,3,3,3,0.8901880979537964,0.05602577328681946,False,flanker,evidence-origin,2
Older,older_80_89,471,5402,3,0,3,True,0.9180972147612969,0.11,0.8080972147612969,0,0,0,1.055333137512207,0.060258641839027405,False,target,correct,3
Older,older_80_89,473,2979,2,1,2,True,0.380576899595682,0.13,0.250576899595682,1,1,1,0.9286301136016846,0.06172565370798111,False,target,correct,1
Older,older_80_89,475,12506,3,1,1,False,1.0553961256293394,0.14,0.9153961256293394,1,1,1,0.7343848943710327,0.05694495141506195,False,flanker,evidence-origin,3
Older,older_80_89,480,3311,1,2,1,True,1.1125882465224837,0.1,1.0125882465224836,2,2,2,0.7244669198989868,0.05205407738685608,False,target,correct,4
Older,older_80_89,483,18927,1,2,1,True,0.940000057220459,0.6900000000000001,0.2500000572204589,1,1,1,0.9749131202697754,0.053012192249298096,False,target,correct,3
Older,older_80_89,487,31862,0,2,2,False,0.8096895206789341,0.26,0.5496895206789341,2,2,2,0.3116971552371979,0.051425427198410034,False,flanker,evidence-origin,2
Older,older_80_89,488,13386,0,3,0,True,0.8001539730779631,0.1,0.7001539730779631,3,3,3,0.9863672256469727,0.06112760305404663,False,target,correct,2
Older,older_80_89,489,29189,1,0,1,True,0.5392920694803278,0.16,0.3792920694803278,0,0,0,0.6234805583953857,0.06589438021183014,False,target,correct,1
Older,older_80_89,493,12186,0,1,0,True,0.946444743110022,0.09,0.856444743110022,1,1,1,1.1037575006484985,0.061232782900333405,False,target,correct,3
Older,older_80_89,494,11323,3,2,3,True,1.369131296646982,0.54,0.8291312966469819,3,3,3,0.7706639766693115,0.047152869403362274,False,target,correct,5
Older,older_80_89,496,1159,2,1,2,True,1.1257598682206926,0.37,0.7557598682206926,2,2,2,1.0512676239013672,0.04364755004644394,False,target,correct,4
Older,older_80_89,497,23305,1,0,0,False,0.7766756513556896,0.08,0.6966756513556897,0,0,0,1.280818223953247,0.05861886590719223,False,flanker,evidence-origin,2
Older,older_80_89,498,10007,0,2,2,False,1.6750610029183866,0.79,0.8850610029183865,0,0,0,0.7444598078727722,0.00786823034286499,True,flanker,fallback,5
Older,older_80_89,500,7887,1,3,3,False,1.028398699238229,0.08,0.9483986992382291,3,3,3,1.3035942316055298,0.058463066816329956,False,flanker,evidence-origin,3
Older,older_80_89,501,2653,2,0,0,False,0.8817744540405381,0.08,0.8017744540405382,0,0,0,1.2796351909637451,0.05789767950773239,False,flanker,evidence-origin,2
Older,older_80_89,502,10354,0,1,0,True,1.0808018164926414,0.19,0.8908018164926415,1,1,1,0.27268460392951965,0.05108821392059326,False,target,correct,4
Older,older_80_89,503,7543,3,0,3,True,1.1753495559346172,0.15,1.0253495559346173,0,0,0,0.6973633766174316,0.060773275792598724,False,target,correct,4
Older,older_80_89,504,25570,0,3,0,True,1.703994079987566,0.72,0.9839940799875659,0,0,0,0.9175331592559814,0.03456655144691467,False,target,correct,5
Older,older_80_89,505,16074,1,0,0,False,0.6021434536669519,0.15,0.45214345366695186,0,0,0,0.841843843460083,0.07102750986814499,False,flanker,evidence-origin,1
Older,older_80_89,506,22193,2,3,3,False,0.6705273263939973,0.09,0.5805273263939973,3,3,3,1.178669810295105,0.06007838994264603,False,flanker,evidence-origin,1
Older,older_80_89,507,20249,3,1,3,True,0.6215555577172334,0.07,0.5515555577172333,1,1,1,1.1434812545776367,0.04871642589569092,False,target,correct,1
Older,older_80_89,509,21702,1,0,1,True,1.1274343410272996,0.76,0.36743434102729955,1,1,1,0.9659615755081177,0.07960247993469238,False,target,correct,4
Older,older_80_89,510,19528,1,0,1,True,1.042867364730645,0.1,0.942867364730645,0,0,0,0.9278263449668884,0.05758257955312729,False,target,correct,3
Older,older_80_89,511,1838,3,1,1,False,1.1351935758449931,0.11,1.025193575844993,1,1,1,0.9601887464523315,0.05853669345378876,False,flanker,evidence-origin,4
Older,older_80_89,512,23073,1,0,0,False,0.6826356027104408,0.12,0.5626356027104408,0,0,0,1.049311637878418,0.06598705053329468,False,flanker,evidence-origin,1
Older,older_80_89,516,23164,2,0,0,False,1.168932543368976,0.14,1.0289325433689758,0,0,0,0.7877293825149536,0.06163369119167328,False,flanker,evidence-origin,4
Older,older_80_89,518,15641,0,2,2,False,1.5600855456640166,0.79,0.7700855456640165,0,0,0,0.9938872456550598,0.029834561049938202,True,flanker,fallback,5
Older,older_80_89,519,28748,0,3,0,True,1.26067329145948,0.67,0.59067329145948,0,0,0,0.9560216665267944,0.03476100414991379,False,target,correct,4
Older,older_80_89,520,11403,0,3,0,True,1.680670056013392,0.73,0.950670056013392,0,0,0,1.0760679244995117,0.053560271859169006,False,target,correct,5
Older,older_80_89,522,853,2,3,2,True,1.22683255909155,0.21,1.0168325590915501,3,3,3,0.3775547444820404,0.059311844408512115,False,target,correct,4
Older,older_80_89,523,16029,0,2,2,False,1.6573505881919375,0.79,0.8673505881919374,0,0,0,0.9600059986114502,0.03607850521802902,True,flanker,fallback,5
Older,older_80_89,524,11370,1,3,1,True,0.9158930802875748,0.12,0.7958930802875748,3,3,3,0.43752771615982056,0.04664959758520126,False,target,correct,3
Older,older_80_89,525,11726,2,1,2,True,0.8828475883758318,0.38,0.5028475883758318,2,2,2,1.1621239185333252,0.03464417904615402,False,target,correct,2
Older,older_80_89,530,25506,2,0,0,False,1.0726794998651463,0.12,0.9526794998651463,0,0,0,0.8409585952758789,0.057451628148555756,False,flanker,evidence-origin,4
Older,older_80_89,531,23912,0,2,2,False,1.717941111857406,0.79,0.9279411118574059,0,0,0,0.8611745238304138,0.021953001618385315,True,flanker,fallback,5
Older,older_80_89,533,24932,2,1,2,True,1.185452581611321,0.53,0.655452581611321,2,2,2,0.9173077344894409,0.043735407292842865,False,target,correct,4
Older,older_80_89,538,14511,1,2,1,True,1.2084504000494813,0.33,0.8784504000494813,1,1,1,0.9004658460617065,0.04213114082813263,False,target,correct,4
Older,older_80_89,540,3254,1,0,1,True,1.5072538388466765,0.75,0.7572538388466765,1,1,1,0.9598469138145447,0.08073902875185013,False,target,correct,5
Older,older_80_89,542,130,0,3,0,True,1.8292284147706317,0.73,1.0992284147706317,0,0,0,1.0610694885253906,0.04150180518627167,False,target,correct,5
Older,older_80_89,543,31568,2,1,2,True,1.1239403907765964,0.4,0.7239403907765963,2,2,2,1.13739812374115,0.04444462060928345,False,target,correct,4
Older,older_80_89,544,25928,0,2,2,False,0.8857072073811909,0.22,0.6657072073811909,2,2,2,0.1394791305065155,0.04067973047494888,False,flanker,evidence-origin,2
Older,older_80_89,545,24487,0,2,2,False,1.544561707966804,0.79,0.7545617079668039,0,0,0,0.7820258736610413,0.012204229831695557,True,flanker,fallback,5
Older,older_80_89,547,15213,2,0,0,False,0.7385270173603837,0.1,0.6385270173603838,0,0,0,0.9098137617111206,0.05409608036279678,False,flanker,evidence-origin,1
Older,older_80_89,548,33884,3,2,3,True,0.906320789030887,0.15,0.756320789030887,2,2,2,0.7027182579040527,0.06188588589429855,False,target,correct,2
Older,older_80_89,549,22157,0,3,3,False,0.47858418673432285,0.07,0.40858418673432284,3,3,3,1.4903453588485718,0.059692636132240295,False,flanker,evidence-origin,1
Older,older_80_89,550,14783,3,0,3,True,1.025017808202708,0.54,0.4850178082027079,3,3,3,0.9019196033477783,0.06986168026924133,False,target,correct,3
Older,older_80_89,551,23342,0,2,2,False,0.8372590780741179,0.15,0.6872590780741179,2,2,2,0.580804705619812,0.055131882429122925,False,flanker,evidence-origin,2
Older,older_80_89,554,13828,2,0,2,True,0.6681549211324244,0.12,0.5481549211324244,0,0,0,0.6566091179847717,0.05066002905368805,False,target,correct,1
Older,older_80_89,555,7574,2,0,2,True,0.9072299715991787,0.14,0.7672299715991787,0,0,0,0.3536456823348999,0.04534824192523956,False,target,correct,2
Older,older_80_89,556,15772,2,0,2,True,1.1785243557400114,0.12,1.0585243557400115,0,0,0,0.6323512196540833,0.05114918202161789,False,target,correct,4
Older,older_80_89,559,10562,2,3,3,False,0.989252738251442,0.12,0.869252738251442,3,3,3,1.063246488571167,0.06564957648515701,False,flanker,evidence-origin,3
Older,older_80_89,565,23528,2,1,2,True,0.7732337750547862,0.16,0.6132337750547862,1,1,1,0.6346006989479065,0.05626225471496582,False,target,correct,2
Older,older_80_89,567,4172,0,1,0,True,0.9863456579335741,0.32,0.666345657933574,0,0,0,1.503851056098938,0.03365917503833771,False,target,correct,3
Older,older_80_89,570,3005,2,1,2,True,1.0119011299311524,0.14,0.8719011299311524,1,1,1,0.6743727326393127,0.05688994377851486,False,target,correct,3
Older,older_80_89,571,5836,3,1,1,False,1.150815780893518,0.07,1.080815780893518,1,1,1,1.2559620141983032,0.05292385071516037,False,flanker,evidence-origin,4
Older,older_80_89,577,11120,1,3,1,True,1.2964431822701314,0.15,1.1464431822701315,3,3,3,0.046408653259277344,0.04013676941394806,False,target,correct,5
Older,older_80_89,578,15603,1,0,1,True,0.6143963843913153,0.1,0.5143963843913153,0,0,0,0.8715739250183105,0.05519416928291321,False,target,correct,1
Older,older_80_89,581,12528,3,1,3,True,1.6969500382392946,0.67,1.0269500382392946,3,3,3,0.8217787742614746,0.05293678492307663,False,target,correct,5
Older,older_80_89,585,20898,1,2,1,True,1.1724626285274253,0.46,0.7124626285274254,1,1,1,0.5464427471160889,0.043007947504520416,False,target,correct,4
Older,older_80_89,586,10910,3,2,3,True,1.262780191131547,0.66,0.602780191131547,3,3,3,0.823400616645813,0.046664267778396606,False,target,correct,4
Older,older_80_89,589,28201,3,1,3,True,0.7911336933567262,0.16,0.6311336933567262,1,1,1,0.3258838653564453,0.047549501061439514,False,target,correct,2
Older,older_80_89,590,30020,3,2,3,True,0.8932378082997288,0.12,0.7732378082997288,2,2,2,1.0204261541366577,0.06360973417758942,False,target,correct,2
Older,older_80_89,592,4430,3,0,3,True,0.922713905838164,0.14,0.782713905838164,0,0,0,0.8923543095588684,0.06267987191677094,False,target,correct,3
Older,older_80_89,594,33738,0,1,0,True,1.0798022795991462,0.28,0.7998022795991462,0,0,0,1.3684580326080322,0.02836497128009796,False,target,correct,4
Older,older_80_89,595,33288,1,0,0,False,0.9767667841059289,0.1,0.8767667841059289,0,0,0,1.150648832321167,0.0620562806725502,False,flanker,evidence-origin,3
Older,older_80_89,596,10266,0,3,3,False,1.07992066819437,0.44,0.6399206681943701,3,3,3,0.7076475024223328,0.060435399413108826,False,flanker,evidence-origin,4
Older,older_80_89,603,424,1,2,1,True,1.1558410951243956,0.53,0.6258410951243956,1,1,1,0.6363017559051514,0.0570455864071846,False,target,correct,4
Older,older_80_89,605,6443,3,0,3,True,0.9100491456534487,0.12,0.7900491456534487,0,0,0,0.7323777079582214,0.055826134979724884,False,target,correct,2
Older,older_80_89,608,14506,2,0,0,False,0.9697067904852502,0.1,0.8697067904852502,0,0,0,0.9999647736549377,0.0574374720454216,False,flanker,evidence-origin,3
Older,older_80_89,609,2085,2,3,2,True,0.979445831145797,0.29,0.6894458311457969,3,2,3,0.0019578933715820312,0.046727024018764496,False,target,correct,3
Older,older_80_89,611,14694,2,1,1,False,0.5962311529588932,0.08,0.5162311529588932,1,1,1,1.366518497467041,0.05909933149814606,False,flanker,evidence-origin,1
Older,older_80_89,622,5070,2,3,3,False,0.3999999761581421,0.15,0.2499999761581421,3,3,3,0.782789945602417,0.0645051896572113,False,flanker,evidence-origin,1
Older,older_80_89,623,13741,2,3,3,False,1.3312848382027067,0.2,1.1312848382027068,3,3,3,0.6113056540489197,0.06504102051258087,False,flanker,evidence-origin,5
Older,older_80_89,624,18596,3,0,3,True,0.8998273258490794,0.12,0.7798273258490794,0,0,0,1.0248682498931885,0.06563569605350494,False,target,correct,2
Older,older_80_89,625,5385,3,0,3,True,0.8381416644122888,0.13,0.7081416644122888,0,0,0,0.9558834433555603,0.06509561091661453,False,target,correct,2
Older,older_80_89,627,23138,0,2,2,False,1.369529136204944,0.17,1.199529136204944,2,2,2,0.5033035278320312,0.054203540086746216,False,flanker,evidence-origin,5
Older,older_80_89,628,12136,0,1,0,True,1.516468912826498,0.59,0.9264689128264981,0,0,0,0.8416680097579956,0.05099208652973175,False,target,correct,5
Older,older_80_89,630,27483,3,0,3,True,0.987582088494423,0.17,0.8175820884944229,0,0,0,0.6349022388458252,0.06736603379249573,False,target,correct,3
Older,older_80_89,631,7399,3,0,0,False,0.634781835231589,0.1,0.5347818352315891,0,0,0,1.3953256607055664,0.06875331699848175,False,flanker,evidence-origin,1
Older,older_80_89,634,31868,0,1,0,True,0.9884315499219423,0.11,0.8784315499219423,1,1,1,0.8306577205657959,0.05954433232545853,False,target,correct,3
Older,older_80_89,636,9892,0,3,3,False,1.0598382209334642,0.08,0.9798382209334643,3,3,3,1.3921452760696411,0.06246590614318848,False,flanker,evidence-origin,4
Older,older_80_89,638,15069,2,0,0,False,0.6875819797222413,0.08,0.6075819797222414,0,0,0,1.4127198457717896,0.06279005110263824,False,flanker,evidence-origin,1
Older,older_80_89,640,20254,3,1,1,False,0.7395987075204546,0.06,0.6795987075204546,1,1,1,1.46058988571167,0.05511743575334549,False,flanker,evidence-origin,1
Older,older_80_89,641,25938,2,0,0,False,0.7600836313584904,0.15,0.6100836313584904,0,0,0,0.6933476328849792,0.060103029012680054,False,flanker,evidence-origin,1
Older,older_80_89,642,6690,3,2,3,True,1.0804700853015774,0.71,0.37047008530157743,3,3,3,0.8258950710296631,0.04778088629245758,False,target,correct,4
Older,older_80_89,644,21609,0,2,2,False,1.5316566197391666,0.79,0.7416566197391665,0,0,0,0.910291850566864,0.023396693170070648,True,flanker,fallback,5
Older,older_80_89,645,13754,2,0,2,True,0.8534723662023296,0.08,0.7734723662023296,0,0,0,1.178919792175293,0.05478014796972275,False,target,correct,2
Older,older_80_89,646,18842,1,0,0,False,0.8720636299606982,0.11,0.7620636299606982,0,0,0,1.1967278718948364,0.06883366405963898,False,flanker,evidence-origin,2
Older,older_80_89,647,29039,2,1,2,True,1.082661412216337,0.16,0.9226614122163369,1,1,1,0.775302529335022,0.05994096398353577,False,target,correct,4
Older,older_80_89,648,22668,2,3,2,True,0.888787784636813,0.18,0.7087877846368129,3,3,3,0.31516480445861816,0.0538826659321785,False,target,correct,2
Older,older_80_89,651,25770,1,0,1,True,0.677683268962306,0.11,0.567683268962306,0,0,0,1.0869221687316895,0.0655132532119751,False,target,correct,1
Older,older_80_89,652,5736,0,2,2,False,1.0060856135620397,0.15,0.8560856135620397,2,2,2,0.5434794425964355,0.05089700222015381,False,flanker,evidence-origin,3
Older,older_80_89,653,18292,3,1,1,False,1.046885536832172,0.12,0.9268855368321719,1,1,1,0.8257191181182861,0.05419793725013733,False,flanker,evidence-origin,3
Older,older_80_89,655,15001,3,0,3,True,1.0539776691611524,0.12,0.9339776691611524,0,0,0,1.1138898134231567,0.06584181636571884,False,target,correct,3
Older,older_80_89,657,795,3,1,1,False,0.5262033731902296,0.13,0.3962033731902296,1,1,1,0.7573177814483643,0.0546317994594574,False,flanker,evidence-origin,1
Older,older_80_89,658,13535,1,3,1,True,0.9347974810250992,0.58,0.3547974810250992,1,1,1,0.5512628555297852,0.021657943725585938,False,target,correct,3
Older,older_80_89,659,22673,2,1,2,True,0.9803034926564325,0.21,0.7703034926564325,1,1,1,0.3913865387439728,0.05538581311702728,False,target,correct,3
Older,older_80_89,660,681,1,0,0,False,1.027026930435044,0.12,0.9070269304350439,0,0,0,1.0544588565826416,0.06719852983951569,False,flanker,evidence-origin,3
Older,older_80_89,661,26324,1,2,1,True,1.0719972031016305,0.38,0.6919972031016305,1,1,1,0.964664876461029,0.042643770575523376,False,target,correct,4
Older,older_80_89,666,3146,2,1,2,True,1.0544499676879397,0.39,0.6644499676879397,2,2,2,1.1609185934066772,0.04113278537988663,False,target,correct,3
Older,older_80_89,667,13267,2,1,2,True,0.8530869832964796,0.12,0.7330869832964796,1,1,1,1.0601431131362915,0.0648248940706253,False,target,correct,2
Older,older_80_89,671,24919,0,3,0,True,1.8369037190120285,0.76,1.0769037190120285,0,0,0,1.24428129196167,0.025359272956848145,False,target,correct,5
Older,older_80_89,674,3804,3,1,3,True,1.3799999952316284,0.13,1.2499999952316285,1,1,1,0.6274906396865845,0.052073992788791656,False,target,correct,5
Older,older_80_89,675,16992,2,0,0,False,1.0790266107105781,0.13,0.9490266107105781,0,0,0,0.8302032351493835,0.06227893382310867,False,flanker,evidence-origin,4
Older,older_80_89,676,5586,2,1,2,True,1.5358230329619742,0.79,0.7458230329619742,2,2,2,0.5401782393455505,0.051742009818553925,True,target,correct,5
Older,older_80_89,677,24748,3,1,1,False,0.8594202512656589,0.12,0.7394202512656589,1,1,1,0.871519923210144,0.057085469365119934,False,flanker,evidence-origin,2
Older,older_80_89,680,21723,2,3,2,True,0.7878557103239259,0.16,0.6278557103239258,3,3,3,0.47274720668792725,0.05816270411014557,False,target,correct,2
Older,older_80_89,682,16868,2,1,2,True,1.406966658435466,0.4,1.006966658435466,2,2,2,1.1182692050933838,0.04068708419799805,False,target,correct,5
Older,older_80_89,685,10351,1,2,1,True,1.7159277532079567,0.55,1.1659277532079566,1,1,1,0.6737620830535889,0.05487128347158432,False,target,correct,5
Older,older_80_89,689,28057,3,2,3,True,1.3631450410691415,0.72,0.6431450410691415,3,3,3,0.9271063804626465,0.052125655114650726,False,target,correct,5
Older,older_80_89,692,7710,2,3,2,True,1.3814196933734955,0.17,1.2114196933734955,3,3,3,0.41141608357429504,0.055016614496707916,False,target,correct,5
Older,older_80_89,695,8713,1,3,3,False,0.521099581942774,0.08,0.44109958194277393,3,3,3,1.3310755491256714,0.060733094811439514,False,flanker,evidence-origin,1
Older,older_80_89,702,23460,2,1,2,True,0.7493664535371022,0.15,0.5993664535371022,1,1,1,0.7178491950035095,0.0563003271818161,False,target,correct,1
Older,older_80_89,707,6070,0,2,2,False,1.5481414588289373,0.79,0.7581414588289372,0,0,0,0.9075284004211426,0.02938620001077652,True,flanker,fallback,5
Older,older_80_89,709,17572,2,3,3,False,0.9983965360755315,0.09,0.9083965360755315,3,3,3,1.1738613843917847,0.05967625975608826,False,flanker,evidence-origin,3
Older,older_80_89,710,3829,2,1,2,True,1.2810609730445786,0.21,1.0710609730445786,1,1,1,0.2040696144104004,0.05326922982931137,False,target,correct,5
Older,older_80_89,712,12658,0,1,0,True,0.8592322034740499,0.07,0.78923220347405,1,1,1,1.5433348417282104,0.061466313898563385,False,target,correct,2
Older,older_80_89,713,7081,0,3,0,True,0.8431413326947811,0.12,0.7231413326947811,3,3,3,0.7222954034805298,0.057077519595623016,False,target,correct,2
Older,older_80_89,714,5890,0,1,0,True,1.1913761596321208,0.27,0.9213761596321208,0,0,0,1.33302640914917,0.024179019033908844,False,target,correct,4
Older,older_80_89,717,17785,0,3,0,True,1.1679119918789875,0.2,0.9679119918789876,3,3,3,0.09419548511505127,0.05376601219177246,False,target,correct,4
Older,older_80_89,719,1099,2,1,2,True,1.2830692399345782,0.17,1.1130692399345783,1,1,1,0.549612283706665,0.057299546897411346,False,target,correct,5
Older,older_80_89,720,6730,0,3,0,True,1.5197276392561048,0.59,0.9297276392561048,3,3,3,0.33431509137153625,0.061655908823013306,False,target,correct,5
Older,older_80_89,721,27817,0,1,0,True,1.0779286496198157,0.39,0.6879286496198157,0,0,0,1.428294062614441,0.05024593323469162,False,target,correct,4
Older,older_80_89,722,14390,0,3,0,True,1.3429851103559112,0.79,0.5529851103559111,0,0,0,1.1368725299835205,0.022790253162384033,True,target,correct,5
Older,older_80_89,727,23144,2,0,2,True,0.9604453086464828,0.17,0.7904453086464828,0,0,0,0.39378294348716736,0.05427112430334091,False,target,correct,3
Older,older_80_89,729,18125,1,2,1,True,1.0897395769043234,0.14,0.9497395769043234,2,2,2,0.6202772855758667,0.0587783083319664,False,target,correct,4
Older,older_80_89,730,23687,2,1,2,True,0.7737748828756261,0.2,0.5737748828756262,1,1,1,0.13248443603515625,0.05431476980447769,False,target,correct,2
Older,older_80_89,731,10594,3,1,3,True,1.0570381812036658,0.15,0.9070381812036657,1,1,1,0.538382887840271,0.05269838869571686,False,target,correct,3
Older,older_80_89,743,16326,1,0,1,True,1.1277112321235607,0.16,0.9677112321235607,0,0,0,0.42327409982681274,0.061637744307518005,False,target,correct,4
Older,older_80_89,745,11236,3,2,3,True,0.7639992932410786,0.17,0.5939992932410786,2,2,2,0.6077103614807129,0.05989065766334534,False,target,correct,1
Older,older_80_89,746,34229,1,3,3,False,1.6571349185519135,0.79,0.8671349185519135,1,1,1,1.0651462078094482,0.032302260398864746,True,flanker,fallback,5
Older,older_80_89,747,9283,3,2,3,True,1.332646801739734,0.7000000000000001,0.6326468017397339,3,3,3,0.8833017945289612,0.050051189959049225,False,target,correct,5
Older,older_80_89,748,6841,0,2,2,False,0.7280920349615214,0.14,0.5880920349615214,2,2,2,0.7621810436248779,0.059200502932071686,False,flanker,evidence-origin,1
Older,older_80_89,752,33555,0,1,0,True,1.2003196020974571,0.42,0.7803196020974572,0,0,0,1.5065562725067139,0.04842457175254822,False,target,correct,4
Older,older_80_89,756,9958,0,2,2,False,0.8396398001726814,0.2,0.6396398001726813,2,2,2,0.14895009994506836,0.044390298426151276,False,flanker,evidence-origin,2
Older,older_80_89,757,14836,2,0,2,True,1.11692949173898,0.12,0.99692949173898,0,0,0,0.7293157577514648,0.053199298679828644,False,target,correct,4
Older,older_80_89,758,19454,2,3,3,False,0.7969223815088515,0.19,0.6069223815088516,3,3,3,0.3606453537940979,0.05918703228235245,False,flanker,evidence-origin,2
Older,older_80_89,762,917,2,0,0,False,0.9904052659052551,0.13,0.8604052659052551,0,0,0,0.7803719639778137,0.05886548012495041,False,flanker,evidence-origin,3
Older,older_80_89,763,10064,3,0,0,False,0.6869685731402506,0.11,0.5769685731402506,0,0,0,1.1028919219970703,0.06471904367208481,False,flanker,evidence-origin,1
Older,older_80_89,764,27016,3,0,3,True,0.8917345172614504,0.12,0.7717345172614504,0,0,0,0.9709448218345642,0.0633765459060669,False,target,correct,2
Older,older_80_89,765,4861,2,1,2,True,0.8042825862263487,0.13,0.6742825862263487,1,1,1,0.9613060355186462,0.06170829385519028,False,target,correct,2
Older,older_80_89,768,14663,1,3,1,True,0.7631466347105197,0.15,0.6131466347105197,3,3,3,0.4075573682785034,0.053772106766700745,False,target,correct,1
Older,older_80_89,769,3510,3,1,3,True,0.8512562370072259,0.19,0.6612562370072259,1,1,1,0.21852713823318481,0.04282866418361664,False,target,correct,2
Older,older_80_89,772,27595,1,2,1,True,1.211877253673229,0.27,0.9418772536732289,1,1,1,1.0819203853607178,0.02070886641740799,False,target,correct,4
Older,older_80_89,773,1072,0,2,2,False,1.6394378131065799,0.79,0.8494378131065798,0,0,0,0.7792329788208008,0.01074172556400299,True,flanker,fallback,5
Older,older_80_89,774,26066,0,1,0,True,1.0949872186134006,0.41000000000000003,0.6849872186134006,0,0,0,1.1183629035949707,0.04000253975391388,False,target,correct,4
Older,older_80_89,779,25463,0,2,2,False,0.8039891432914708,0.13,0.6739891432914707,2,2,2,0.877575695514679,0.06330110132694244,False,flanker,evidence-origin,2
Older,older_80_89,780,27468,1,3,1,True,1.4219494097203662,0.6,0.8219494097203662,1,1,1,0.415667861700058,0.02136071026325226,False,target,correct,5
Older,older_80_89,782,32641,3,1,3,True,0.9736004922490258,0.15,0.8236004922490258,1,1,1,0.25233155488967896,0.04566514492034912,False,target,correct,3
Older,older_80_89,783,31,2,1,2,True,0.7287797727963158,0.16,0.5687797727963158,1,1,1,0.5271855592727661,0.057407572865486145,False,target,correct,1
Older,older_80_89,784,30244,1,3,1,True,0.877972949437035,0.2,0.677972949437035,3,1,3,0.07644903659820557,0.038783542811870575,False,target,correct,2
Older,older_80_89,785,11682,2,1,2,True,1.4422669241293344,0.38,1.0622669241293345,2,2,2,1.0826642513275146,0.03972325474023819,False,target,correct,5
Older,older_80_89,786,19107,2,3,3,False,1.0608838827800038,0.09,0.9708838827800038,3,3,3,1.3134369850158691,0.06387943029403687,False,flanker,evidence-origin,4
Older,older_80_89,788,25148,1,2,1,True,0.7884029326365086,0.26,0.5284029326365086,2,2,2,0.18111082911491394,0.059283070266246796,False,target,correct,2
Older,older_80_89,789,12606,1,2,1,True,1.2698577527976882,0.34,0.9298577527976881,1,1,1,0.7659525275230408,0.039755575358867645,False,target,correct,4
Older,older_80_89,790,24325,3,0,3,True,0.9966355364238738,0.14,0.8566355364238738,0,0,0,0.809142529964447,0.06293501704931259,False,target,correct,3
Older,older_80_89,794,23834,3,0,0,False,0.6164051488308514,0.11,0.5064051488308514,0,0,0,1.2109084129333496,0.06696809083223343,False,flanker,evidence-origin,1
Older,older_80_89,795,22316,2,3,2,True,0.8552682942970653,0.16,0.6952682942970653,3,3,3,0.4185924530029297,0.05435577780008316,False,target,correct,2
Older,older_80_89,801,13086,1,3,3,False,0.313763478986053,0.06,0.253763478986053,3,3,3,1.1015772819519043,0.04643247276544571,False,flanker,evidence-origin,1
Older,older_80_89,803,32118,0,3,0,True,1.3575078646339918,0.68,0.6775078646339917,0,0,0,1.108887791633606,0.06611812114715576,False,target,correct,5
Older,older_80_89,811,682,2,3,2,True,1.1253581943793027,0.19,0.9353581943793028,3,3,3,0.24848505854606628,0.055968351662158966,False,target,correct,4
Older,older_80_89,812,9529,2,3,2,True,1.4369523139143807,0.67,0.7669523139143807,2,2,2,0.7895933389663696,0.03938727825880051,False,target,correct,5
Older,older_80_89,813,14162,2,0,2,True,0.9224444175273732,0.1,0.8224444175273732,0,0,0,0.8507271409034729,0.052000753581523895,False,target,correct,3
Older,older_80_89,815,16679,1,3,1,True,0.9204293366480298,0.28,0.6404293366480298,1,1,1,0.8820279836654663,0.025793686509132385,False,target,correct,3
Older,older_80_89,817,14269,2,0,0,False,1.1413665299668079,0.12,1.0213665299668078,0,0,0,0.778611421585083,0.055183373391628265,False,flanker,evidence-origin,4
Older,older_80_89,818,28382,2,3,3,False,0.6727213000706319,0.08,0.592721300070632,3,3,3,1.6232236623764038,0.06656945496797562,False,flanker,evidence-origin,1
Older,older_80_89,823,11761,3,1,3,True,0.32999998331069946,0.08,0.24999998331069945,1,1,1,1.0742785930633545,0.05165058374404907,False,target,correct,1
Older,older_80_89,826,2358,2,0,2,True,0.5852632679657749,0.08,0.5052632679657749,0,0,0,1.2002832889556885,0.05738136172294617,False,target,correct,1
Older,older_80_89,827,25569,2,1,2,True,1.2104887633401007,0.37,0.8404887633401007,2,2,2,1.2138683795928955,0.02593839168548584,False,target,correct,4
Older,older_80_89,830,13853,0,3,0,True,0.9218312136963871,0.13,0.7918312136963871,3,3,3,0.8161345720291138,0.06436464190483093,False,target,correct,3
Older,older_80_89,832,24365,0,3,3,False,1.3034493694932274,0.17,1.1334493694932275,3,3,3,0.36155208945274353,0.059326544404029846,False,flanker,evidence-origin,5
Older,older_80_89,837,12582,3,0,3,True,0.9618402567990769,0.16,0.8018402567990769,0,0,0,0.7600571513175964,0.06699249148368835,False,target,correct,3
Older,older_80_89,838,25523,0,3,0,True,1.637918696033899,0.77,0.8679186960338989,0,0,0,1.198134183883667,0.04078288376331329,False,target,correct,5
Older,older_80_89,839,22728,0,3,0,True,1.7719923287734625,0.79,0.9819923287734624,0,0,0,1.0249028205871582,0.02391616255044937,True,target,correct,5
Older,older_80_89,841,16100,3,2,3,True,1.3695523119903097,0.7000000000000001,0.6695523119903096,3,3,3,0.7138743996620178,0.03661111742258072,False,target,correct,5
Older,older_80_89,842,18676,3,2,2,False,1.3338064803276755,0.16,1.1738064803276755,2,2,2,0.7262958884239197,0.06545577198266983,False,flanker,evidence-origin,5
Older,older_80_89,843,29266,3,1,3,True,1.1557316105246809,0.2,0.9557316105246809,1,1,1,0.3610297441482544,0.05317232757806778,False,target,correct,4
Older,older_80_89,846,19741,1,2,1,True,1.5712735482569224,0.68,0.8912735482569224,1,1,1,0.9199138283729553,0.05884479731321335,False,target,correct,5
Older,older_80_89,848,20776,1,3,3,False,0.8056529849056139,0.07,0.7356529849056139,3,3,3,1.319259524345398,0.054320938885211945,False,flanker,evidence-origin,2
Older,older_80_89,849,22946,0,3,0,True,1.200784426829574,0.73,0.470784426829574,0,0,0,1.1369684934616089,0.03507070988416672,False,target,correct,4
Older,older_80_89,851,11549,0,3,0,True,1.4468940759019961,0.77,0.6768940759019961,0,0,0,1.1790156364440918,0.050717033445835114,False,target,correct,5
Older,older_80_89,853,29029,2,0,0,False,0.6007914127278304,0.1,0.5007914127278305,0,0,0,1.0909039974212646,0.05804842710494995,False,flanker,evidence-origin,1
Older,older_80_89,854,2688,2,1,2,True,0.8296069687423789,0.17,0.6596069687423789,1,1,1,0.6830017566680908,0.06101546436548233,False,target,correct,2
Older,older_80_89,855,18495,2,1,2,True,0.8062618833534253,0.14,0.6662618833534253,1,1,1,0.8142604827880859,0.059080272912979126,False,target,correct,2
Older,older_80_89,867,3779,2,3,3,False,1.010150108471231,0.18,0.830150108471231,3,3,3,0.474516898393631,0.05883810669183731,False,flanker,evidence-origin,3
Older,older_80_89,868,9586,0,1,0,True,0.7500384000098225,0.08,0.6700384000098225,1,1,1,1.5320030450820923,0.06257754564285278,False,target,correct,1
Older,older_80_89,869,6578,3,1,1,False,0.9333983424178645,0.06,0.8733983424178644,1,1,1,1.350252628326416,0.050575368106365204,False,flanker,evidence-origin,3
Older,older_80_89,879,12308,3,0,3,True,1.3261370649748747,0.63,0.6961370649748747,3,3,3,0.9776971340179443,0.07664450258016586,False,target,correct,5
Older,older_80_89,880,8480,3,2,3,True,0.7774467328074153,0.16,0.6174467328074152,2,2,2,0.5475476980209351,0.059348128736019135,False,target,correct,2
Older,older_80_89,881,17563,2,0,0,False,0.7925877140262909,0.12,0.6725877140262909,0,0,0,0.901788592338562,0.05916278064250946,False,flanker,evidence-origin,2
Older,older_80_89,884,20812,0,3,0,True,0.838898275250176,0.1,0.738898275250176,3,3,3,0.9988541007041931,0.05939931422472,False,target,correct,2
Older,older_80_89,885,28913,0,3,0,True,1.39441703720938,0.7000000000000001,0.69441703720938,0,0,0,1.1282343864440918,0.05914969742298126,False,target,correct,5
Older,older_80_89,887,14391,3,2,3,True,0.8368095008314416,0.17,0.6668095008314415,2,2,2,0.5661017894744873,0.06275657564401627,False,target,correct,2
Older,older_80_89,888,9518,1,0,0,False,1.1218190901046599,0.09,1.0318190901046598,0,0,0,1.3590959310531616,0.06326711922883987,False,flanker,evidence-origin,4
Older,older_80_89,891,630,3,0,3,True,0.9806773767597378,0.18,0.8006773767597377,0,0,0,0.601021409034729,0.06872110813856125,False,target,correct,3
Older,older_80_89,892,19650,2,1,2,True,1.1560330553119664,0.12,1.0360330553119663,1,1,1,0.9726822972297668,0.058170586824417114,False,target,correct,4
Older,older_80_89,894,7294,2,1,2,True,1.0000196169835134,0.14,0.8600196169835134,1,1,1,0.9791244268417358,0.06308070570230484,False,target,correct,3
Older,older_80_89,895,17298,2,1,2,True,0.7617970148098357,0.19,0.5717970148098357,1,1,1,0.6071758270263672,0.058438315987586975,False,target,correct,1
Older,older_80_89,896,400,3,2,3,True,1.0052886442884152,0.12,0.8852886442884152,2,2,2,1.010555386543274,0.06415713578462601,False,target,correct,3
Older,older_80_89,900,6919,3,0,3,True,0.5434853966261355,0.16,0.38348539662613546,0,0,0,0.7565992474555969,0.06228744983673096,False,target,correct,1
Older,older_80_89,901,21188,1,2,1,True,0.9791448126681301,0.14,0.8391448126681301,2,2,2,0.17782974243164062,0.042198918759822845,False,target,correct,3
Older,older_80_89,905,30869,2,1,2,True,0.9922052364111102,0.11,0.8822052364111103,1,1,1,1.0868487358093262,0.05996505916118622,False,target,correct,3
Older,older_80_89,908,5595,2,0,0,False,0.6954567485667641,0.08,0.6154567485667641,0,0,0,1.237111210823059,0.057824984192848206,False,flanker,evidence-origin,1
Older,older_80_89,910,23284,1,2,1,True,1.3457745779227714,0.63,0.7157745779227714,1,1,1,0.8544005155563354,0.0577007457613945,False,target,correct,5
Older,older_80_89,911,9793,3,1,1,False,0.5791026273829267,0.13,0.4491026273829267,1,1,1,0.8147644400596619,0.055735647678375244,False,flanker,evidence-origin,1
Older,older_80_89,912,12011,1,0,0,False,1.0339623061356522,0.06,0.9739623061356522,0,0,0,1.7242670059204102,0.05790950357913971,False,flanker,evidence-origin,3
Older,older_80_89,913,20946,3,0,3,True,0.8325392612095388,0.14,0.6925392612095388,0,0,0,0.8658376932144165,0.0649203360080719,False,target,correct,2
Older,older_80_89,914,19032,3,2,3,True,1.1279968533966604,0.13,0.9979968533966604,2,2,2,0.9590944051742554,0.06615414470434189,False,target,correct,4
Older,older_80_89,916,19530,2,1,1,False,0.6933036326057495,0.07,0.6233036326057495,1,1,1,1.6526637077331543,0.06082317233085632,False,flanker,evidence-origin,1
Older,older_80_89,918,17027,2,1,2,True,0.5636127283859256,0.15,0.41361272838592555,1,1,1,0.6599098443984985,0.055219121277332306,False,target,correct,1
Older,older_80_89,920,18828,0,2,2,False,1.1396659590910072,0.79,0.3496659590910072,0,0,0,0.724467933177948,0.011829331517219543,True,flanker,fallback,4
Older,older_80_89,923,6306,0,2,2,False,1.3274419894442957,0.79,0.5374419894442957,0,0,0,0.8104254007339478,0.01632922887802124,True,flanker,fallback,5
Older,older_80_89,924,30648,1,2,1,True,1.0647456161722273,0.5,0.5647456161722273,1,1,1,0.648909330368042,0.04228486865758896,False,target,correct,4
Older,older_80_89,925,34439,1,0,1,True,1.2307035379597175,0.2,1.0307035379597176,0,0,0,0.23727938532829285,0.06196942180395126,False,target,correct,4
Older,older_80_89,928,29781,3,0,3,True,1.0282940507058316,0.12,0.9082940507058316,0,0,0,1.0413434505462646,0.06333498656749725,False,target,correct,3
Older,older_80_89,929,9703,2,3,2,True,1.4376810531948736,0.67,0.7676810531948736,2,2,2,0.8439244031906128,0.051659777760505676,False,target,correct,5
Older,older_80_89,931,24774,3,1,3,True,1.5680913858452057,0.66,0.9080913858452057,3,3,3,0.7869167923927307,0.05832643061876297,False,target,correct,5
Older,older_80_89,934,32805,3,1,3,True,0.8681917801281691,0.06,0.8081917801281691,1,1,1,1.3117648363113403,0.05122658610343933,False,target,correct,2
Older,older_80_89,935,17730,1,2,1,True,1.3753482498304894,0.27,1.1053482498304894,1,1,1,1.1011799573898315,0.024088434875011444,False,target,correct,5
Older,older_80_89,937,25977,1,2,1,True,1.3633719840797078,0.37,0.9933719840797078,1,1,1,0.9868449568748474,0.022230565547943115,False,target,correct,5
Older,older_80_89,938,30964,3,1,3,True,0.7944713071524182,0.11,0.6844713071524182,1,1,1,0.8095169067382812,0.05026875436306,False,target,correct,2
Older,older_80_89,939,23380,1,0,0,False,0.597797564250539,0.08,0.517797564250539,0,0,0,1.3373794555664062,0.059580154716968536,False,flanker,evidence-origin,1
Older,older_80_89,940,26861,3,0,0,False,1.2605790885387225,0.13,1.1305790885387226,0,0,0,1.0407402515411377,0.0668225809931755,False,flanker,evidence-origin,4
Older,older_80_89,941,12115,1,2,1,True,0.8870380795801703,0.14,0.7470380795801703,2,2,2,0.6651346683502197,0.060785457491874695,False,target,correct,2
Older,older_80_89,942,8274,2,0,0,False,0.7411897128826044,0.14,0.6011897128826044,0,0,0,0.6925050616264343,0.058951251208782196,False,flanker,evidence-origin,1
Older,older_80_89,944,5682,0,2,2,False,1.5516185546534766,0.79,0.7616185546534766,0,0,0,0.8369731307029724,0.020162366330623627,True,flanker,fallback,5
Older,older_80_89,945,29040,2,3,3,False,0.9330728866333238,0.08,0.8530728866333238,3,3,3,1.6244213581085205,0.0654660239815712,False,flanker,evidence-origin,3
Older,older_80_89,947,8498,2,3,3,False,0.8827400995362408,0.13,0.7527400995362408,3,3,3,0.9352248907089233,0.0620516836643219,False,flanker,evidence-origin,2
Older,older_80_89,951,19920,2,3,2,True,0.8222087396940817,0.17,0.6522087396940817,3,3,3,0.4024890661239624,0.057098373770713806,False,target,correct,2
Older,older_80_89,954,13641,0,3,0,True,0.9971686200403186,0.3,0.6971686200403187,0,0,0,0.8372783660888672,0.028862379491329193,False,target,correct,3
Older,older_80_89,956,10304,3,1,3,True,0.9352671391557114,0.17,0.7652671391557113,1,1,1,0.3199889063835144,0.044276416301727295,False,target,correct,3
Older,older_80_89,959,17843,0,3,0,True,0.616616627385522,0.16,0.456616627385522,3,3,3,0.4234684109687805,0.061570532619953156,False,target,correct,1
Older,older_80_89,960,6350,1,3,1,True,0.9491984458759021,0.4,0.549198445875902,1,1,1,0.2259768545627594,0.020588651299476624,False,target,correct,3
Older,older_80_89,961,9154,1,2,1,True,1.7300000190734863,0.48,1.2500000190734863,1,1,1,0.7636997699737549,0.047822654247283936,False,target,correct,5
Older,older_80_89,962,12891,1,3,1,True,1.1401409681828978,0.37,0.7701409681828978,1,1,1,0.6732401251792908,0.020043447613716125,False,target,correct,4
Older,older_80_89,964,24553,3,2,3,True,1.4224122586268308,0.64,0.7824122586268308,3,3,3,0.761913001537323,0.04401765763759613,False,target,correct,5
Older,older_80_89,965,24450,3,1,3,True,0.8060366805392636,0.11,0.6960366805392636,1,1,1,0.7477637529373169,0.04805301874876022,False,target,correct,2
Older,older_80_89,966,31222,1,2,1,True,1.0018543242874385,0.4,0.6018543242874385,1,1,1,0.8254233598709106,0.034725286066532135,False,target,correct,3
Older,older_80_89,968,22576,0,1,0,True,0.838995774343723,0.13,0.708995774343723,1,1,1,0.6810529232025146,0.05602381378412247,False,target,correct,2
Older,older_80_89,969,25255,2,3,2,True,0.990580456962753,0.16,0.830580456962753,3,3,3,0.630416750907898,0.061708927154541016,False,target,correct,3
Older,older_80_89,970,8363,3,0,3,True,0.9788370410880675,0.12,0.8588370410880675,0,0,0,1.0589255094528198,0.06527941673994064,False,target,correct,3
Older,older_80_89,971,27886,3,0,0,False,0.9906588138135984,0.11,0.8806588138135985,0,0,0,1.2318487167358398,0.06548719108104706,False,flanker,evidence-origin,3
Older,older_80_89,973,3656,0,1,0,True,0.8181619491797889,0.07,0.7481619491797888,1,1,1,1.509522795677185,0.060320690274238586,False,target,correct,2
Older,older_80_89,976,33205,1,0,0,False,0.6257980802046799,0.1,0.5257980802046799,0,0,0,1.102478265762329,0.06251350790262222,False,flanker,evidence-origin,1
Older,older_80_89,982,26425,3,2,3,True,0.8501762103492922,0.18,0.6701762103492923,2,2,2,0.49292388558387756,0.0607752799987793,False,target,correct,2
Older,older_80_89,988,15194,0,1,0,True,1.5346424889556025,0.76,0.7746424889556025,0,0,0,1.0607035160064697,0.0681111067533493,False,target,correct,5
Older,older_80_89,989,11428,2,3,3,False,0.8981635378503791,0.1,0.7981635378503791,3,3,3,1.2189165353775024,0.06433919072151184,False,flanker,evidence-origin,2
Older,older_80_89,990,16862,1,2,1,True,1.4280882846582614,0.65,0.7780882846582614,1,1,1,0.9212308526039124,0.06136685609817505,False,target,correct,5
Older,older_80_89,992,10357,3,2,3,True,0.9144804965745,0.24,0.6744804965745,2,2,2,0.10982117056846619,0.05746905505657196,False,target,correct,2
Older,older_80_89,994,15459,3,0,0,False,0.7317946564703132,0.14,0.5917946564703132,0,0,0,0.9427090883255005,0.06955830007791519,False,flanker,evidence-origin,1
Older,older_80_89,995,3272,3,0,3,True,0.961096805698975,0.14,0.821096805698975,0,0,0,0.9485055804252625,0.06805501133203506,False,target,correct,3
Older,older_80_89,996,9854,1,0,0,False,0.6720497632399443,0.08,0.5920497632399443,0,0,0,1.447149395942688,0.061788879334926605,False,flanker,evidence-origin,1
Older,older_80_89,1004,12684,1,3,1,True,0.9941546151234005,0.23,0.7641546151234005,3,1,3,0.07795906066894531,0.03468242287635803,False,target,correct,3
Older,older_80_89,1005,34479,1,2,1,True,0.7837319166729757,0.11,0.6737319166729757,2,2,2,0.5720878839492798,0.04836854338645935,False,target,correct,2
Older,older_80_89,1011,14461,0,1,0,True,0.890271069252317,0.07,0.820271069252317,1,1,1,1.5794211626052856,0.06320555508136749,False,target,correct,2
Older,older_80_89,1014,6071,3,2,3,True,1.4693847653446297,0.76,0.7093847653446297,3,3,3,0.8941082954406738,0.042421720921993256,False,target,correct,5
Older,older_80_89,1015,13340,1,3,1,True,0.9663458397531581,0.11,0.8563458397531581,3,3,3,0.7775321006774902,0.05373828113079071,False,target,correct,3
Older,older_80_89,1016,1268,1,2,1,True,1.240621980346837,0.71,0.530621980346837,1,1,1,1.1568759679794312,0.06715980917215347,False,target,correct,4
Older,older_80_89,1017,20448,1,0,0,False,0.9096040439881787,0.08,0.8296040439881788,0,0,0,1.26337730884552,0.056781068444252014,False,flanker,evidence-origin,2
Older,older_80_89,1018,12236,3,1,3,True,0.9031104562243877,0.12,0.7831104562243877,1,1,1,0.7072980403900146,0.05228954553604126,False,target,correct,2
Older,older_80_89,1019,1926,1,2,1,True,1.2826265555854368,0.15,1.132626555585437,2,2,2,0.14129936695098877,0.04648154228925705,False,target,correct,5
Older,older_80_89,1021,16519,0,2,2,False,1.45812629423387,0.79,0.6681262942338699,0,0,0,0.835416853427887,0.023050978779792786,True,flanker,fallback,5
Older,older_80_89,1022,27069,3,1,3,True,0.9502403528304156,0.23,0.7202403528304157,1,3,1,0.18309223651885986,0.028626762330532074,False,target,correct,3
Older,older_80_89,1024,6485,1,3,1,True,0.5918130927609069,0.11,0.4818130927609069,3,3,3,0.6102496981620789,0.049059897661209106,False,target,correct,1
Older,older_80_89,1025,4581,2,3,3,False,1.1122536866126946,0.15,0.9622536866126946,3,3,3,0.6729025840759277,0.06320254504680634,False,flanker,evidence-origin,4
Older,older_80_89,1026,1186,2,0,0,False,0.6926007506543559,0.09,0.6026007506543559,0,0,0,1.0719373226165771,0.05751854181289673,False,flanker,evidence-origin,1
Older,older_80_89,1029,30946,0,1,0,True,1.63762422864028,0.78,0.85762422864028,0,0,0,0.9818992614746094,0.06834247708320618,False,target,correct,5
Older,older_80_89,1030,10433,0,2,2,False,0.6418944903656187,0.2,0.44189449036561873,2,2,2,0.20290371775627136,0.04892013221979141,False,flanker,evidence-origin,1
Older,older_80_89,1033,2864,3,0,3,True,0.8181245463244196,0.19,0.6281245463244196,0,0,0,0.5714716911315918,0.06502734124660492,False,target,correct,2
Older,older_80_89,1034,28451,0,3,0,True,0.5377929520214098,0.09,0.4477929520214098,3,3,3,1.207504391670227,0.060919590294361115,False,target,correct,1
Older,older_80_89,1035,12068,1,0,0,False,0.88109840590907,0.11,0.77109840590907,0,0,0,1.0736995935440063,0.06476834416389465,False,flanker,evidence-origin,2
Older,older_80_89,1036,11379,2,0,0,False,0.8229785384030623,0.1,0.7229785384030624,0,0,0,1.09627366065979,0.06014794856309891,False,flanker,evidence-origin,2
Older,older_80_89,1037,15294,0,1,0,True,1.5908388840026817,0.79,0.8008388840026817,0,0,0,0.9254481196403503,0.06397847831249237,True,target,correct,5
Older,older_80_89,1038,1996,2,3,3,False,0.6297155098524534,0.11,0.5197155098524534,3,3,3,1.159461259841919,0.062314294278621674,False,flanker,evidence-origin,1
Older,older_80_89,1039,13765,0,1,0,True,1.3494685660209635,0.52,0.8294685660209635,0,0,0,0.8237715363502502,0.055062390863895416,False,target,correct,5
Older,older_80_89,1040,1756,0,2,2,False,1.11335417324032,0.14,0.97335417324032,2,2,2,0.6670770645141602,0.054619625210762024,False,flanker,evidence-origin,4
Older,older_80_89,1043,3435,3,1,3,True,0.6456149430028977,0.14,0.5056149430028977,1,1,1,0.5596597194671631,0.049575529992580414,False,target,correct,1
Older,older_80_89,1044,18213,3,2,3,True,0.973842417621982,0.2,0.773842417621982,2,2,2,0.40638378262519836,0.06162203848361969,False,target,correct,3
Older,older_80_89,1045,33597,3,0,3,True,0.9429352612712143,0.14,0.8029352612712143,0,0,0,0.9781954288482666,0.06642917543649673,False,target,correct,3
Older,older_80_89,1046,10282,0,2,2,False,1.0538038793739597,0.1,0.9538038793739597,2,2,2,1.2659152746200562,0.0635601058602333,False,flanker,evidence-origin,3
Older,older_80_89,1050,24035,3,0,3,True,0.6702756770976489,0.1,0.5702756770976489,0,0,0,1.3095500469207764,0.06720452755689621,False,target,correct,1
Older,older_80_89,1053,21573,1,2,1,True,1.0789646533785975,0.28,0.7989646533785975,1,1,1,0.990185558795929,0.02327050268650055,False,target,correct,4
Older,older_80_89,1056,3548,1,2,1,True,0.7650010709921721,0.12,0.6450010709921721,2,2,2,0.9080284237861633,0.06162358075380325,False,target,correct,1
Older,older_80_89,1057,3485,0,2,2,False,1.4216478663351533,0.79,0.6316478663351532,0,0,0,0.7394235134124756,0.011989489197731018,True,flanker,fallback,5
Older,older_80_89,1060,19161,0,2,2,False,1.090624982292881,0.23,0.8606249822928811,2,2,2,0.14234966039657593,0.04996500909328461,False,flanker,evidence-origin,4
Older,older_80_89,1061,30074,0,1,0,True,1.4563596368429002,0.75,0.7063596368429002,0,0,0,1.0448007583618164,0.06968438625335693,False,target,correct,5
Older,older_80_89,1062,12354,3,1,1,False,1.1484477979649006,0.08,1.0684477979649005,1,1,1,1.1872116327285767,0.05535159260034561,False,flanker,evidence-origin,4
Older,older_80_89,1063,30673,1,0,1,True,0.614294438613679,0.15,0.46429443861367903,0,0,0,0.5642889738082886,0.06023019552230835,False,target,correct,1
Older,older_80_89,1064,27668,1,3,3,False,0.7987124491428719,0.11,0.6887124491428719,3,3,3,0.8586244583129883,0.056022390723228455,False,flanker,evidence-origin,2
Older,older_80_89,1065,6825,0,1,0,True,1.0862792927543312,0.3,0.7862792927543312,0,0,0,1.4278936386108398,0.027628935873508453,False,target,correct,4
Older,older_80_89,1066,3942,0,1,0,True,1.3677711814698004,0.79,0.5777711814698003,0,0,0,0.9524543285369873,0.0707552507519722,True,target,correct,5
Older,older_80_89,1071,17338,3,1,3,True,1.6719734218265907,0.75,0.9219734218265907,3,3,3,0.7382010221481323,0.029035411775112152,False,target,correct,5
Older,older_80_89,1072,1146,3,2,3,True,1.4018977954745422,0.22,1.1818977954745422,2,2,2,0.2938937246799469,0.059142276644706726,False,target,correct,5
Older,older_80_89,1075,5602,3,1,1,False,0.9005091170579013,0.08,0.8205091170579013,1,1,1,1.0325655937194824,0.0512390211224556,False,flanker,evidence-origin,2
Older,older_80_89,1076,9994,3,0,3,True,0.7805448992938764,0.11,0.6705448992938764,0,0,0,1.233819842338562,0.06742444634437561,False,target,correct,2
Older,older_80_89,1077,16874,2,3,2,True,0.8702813765854707,0.16,0.7102813765854706,3,3,3,0.6814841628074646,0.06374482065439224,False,target,correct,2
Older,older_80_89,1078,9050,0,3,0,True,1.480388152149399,0.75,0.7303881521493989,0,0,0,1.1439787149429321,0.02525467425584793,False,target,correct,5
Older,older_80_89,1082,2401,3,1,1,False,1.193194970637032,0.09,1.1031949706370319,1,1,1,0.9808756113052368,0.05253419280052185,False,flanker,evidence-origin,4
Older,older_80_89,1083,18226,0,2,2,False,1.093887708192308,0.23,0.863887708192308,2,2,2,0.380235880613327,0.05659561604261398,False,flanker,evidence-origin,4
Older,older_80_89,1084,19733,1,3,1,True,0.7419374018017767,0.13,0.6119374018017767,3,3,3,0.1995064616203308,0.0455612987279892,False,target,correct,1
Older,older_80_89,1087,24636,3,2,3,True,1.3909159634600727,0.47000000000000003,0.9209159634600728,3,3,3,0.9362510442733765,0.034090861678123474,False,target,correct,5
Older,older_80_89,1088,12272,0,2,2,False,0.9746080622365977,0.14,0.8346080622365977,2,2,2,0.6240116953849792,0.05326411873102188,False,flanker,evidence-origin,3
Older,older_80_89,1092,12289,1,2,1,True,1.2028804441895762,0.31,0.8928804441895761,1,1,1,1.0374820232391357,0.04245021939277649,False,target,correct,4
Older,older_80_89,1093,21470,1,2,1,True,1.310225648645095,0.58,0.730225648645095,1,1,1,0.7560220956802368,0.03510881960391998,False,target,correct,5
Older,older_80_89,1094,5412,0,1,0,True,1.2834299172958,0.65,0.6334299172957999,0,0,0,0.9503123760223389,0.05562824755907059,False,target,correct,5
Older,older_80_89,1095,14054,1,0,0,False,0.6464691814472132,0.12,0.5264691814472132,0,0,0,0.9522259831428528,0.06639426201581955,False,flanker,evidence-origin,1
Older,older_80_89,1097,12033,0,1,0,True,1.0861829129873677,0.08,1.0061829129873676,1,1,1,1.4829528331756592,0.06267919391393661,False,target,correct,4
Older,older_80_89,1098,6036,0,3,0,True,1.0890688316252746,0.78,0.30906883162527454,0,0,0,1.1562511920928955,0.023090243339538574,False,target,correct,4
Older,older_80_89,1102,23155,1,0,0,False,0.7856808562231492,0.08,0.7056808562231492,0,0,0,1.3635337352752686,0.0612492710351944,False,flanker,evidence-origin,2
Older,older_80_89,1105,19752,2,0,2,True,1.087907869465266,0.1,0.987907869465266,0,0,0,0.9385561943054199,0.05501401424407959,False,target,correct,4
Older,older_80_89,1107,10397,2,3,2,True,1.2749836975386972,0.16,1.1149836975386973,3,3,3,0.5059647560119629,0.05931901931762695,False,target,correct,4
Older,older_80_89,1108,17581,0,2,2,False,0.7308716942448086,0.17,0.5608716942448085,2,2,2,0.33602651953697205,0.05016190558671951,False,flanker,evidence-origin,1
Older,older_80_89,1111,23978,0,3,0,True,1.1394528113112214,0.13,1.0094528113112213,3,3,3,0.35286426544189453,0.052101925015449524,False,target,correct,4
Older,older_80_89,1113,10169,3,1,3,True,1.390515433406508,0.77,0.6205154334065079,3,3,3,0.7509251832962036,0.03302690386772156,False,target,correct,5
Older,older_80_89,1114,16398,3,2,3,True,0.6085557234946961,0.12,0.4885557234946961,2,2,2,0.9966812133789062,0.06386296451091766,False,target,correct,1
Older,older_80_89,1120,26211,0,3,0,True,1.7328043671845579,0.72,1.012804367184558,0,0,0,1.0266517400741577,0.05988730490207672,False,target,correct,5
Older,older_80_89,1121,4266,2,3,3,False,0.5928792921006599,0.14,0.4528792921006599,3,3,3,0.6420875787734985,0.059428222477436066,False,flanker,evidence-origin,1
Older,older_80_89,1124,5263,0,3,0,True,0.8384076855406026,0.31,0.5284076855406026,0,0,0,0.39614272117614746,0.03526971489191055,False,target,correct,2
Older,older_80_89,1126,28035,0,1,0,True,1.5614255268690869,0.77,0.7914255268690868,0,0,0,1.0083187818527222,0.06342383474111557,False,target,correct,5
Older,older_80_89,1127,3584,0,2,2,False,1.3329392767549377,0.16,1.1729392767549378,2,2,2,0.3953823447227478,0.047018393874168396,False,flanker,evidence-origin,5
Older,older_80_89,1129,3286,1,0,1,True,1.1080155616171057,0.14,0.9680155616171057,0,0,0,0.7220868468284607,0.06488986313343048,False,target,correct,4
Older,older_80_89,1130,22928,2,3,2,True,0.7903578309995851,0.16,0.6303578309995851,3,3,3,0.5150294899940491,0.059406936168670654,False,target,correct,2
Older,older_80_89,1131,17797,1,3,3,False,1.1251212535378126,0.07,1.0551212535378125,3,3,3,0.9516932964324951,0.04612407088279724,False,flanker,evidence-origin,4
Older,older_80_89,1132,10651,1,2,1,True,1.5352852414330689,0.71,0.8252852414330689,1,1,1,1.1549184322357178,0.06525436788797379,False,target,correct,5
Older,older_80_89,1133,2291,1,3,3,False,0.972407415558593,0.13,0.842407415558593,3,3,3,0.7062903642654419,0.054855719208717346,False,flanker,evidence-origin,3
Older,older_80_89,1135,3864,0,1,0,True,1.4285496012602683,0.79,0.6385496012602683,0,0,0,0.8861088752746582,0.061256252229213715,True,target,correct,5
Older,older_80_89,1136,28850,2,3,2,True,1.1842502615094634,0.74,0.44425026150946345,2,2,2,0.8964890241622925,0.026128746569156647,False,target,correct,4
Older,older_80_89,1138,34219,3,1,3,True,1.2568904575166997,0.49,0.7668904575166997,3,3,3,0.8396468758583069,0.040542058646678925,False,target,correct,4
Older,older_80_89,1139,21479,0,3,3,False,0.9497312305546803,0.44,0.5097312305546804,3,3,3,0.8835374116897583,0.05319707840681076,False,flanker,evidence-origin,3
Older,older_80_89,1140,20353,3,1,3,True,1.4319739719915028,0.65,0.7819739719915028,3,3,3,0.7134504318237305,0.05521748960018158,False,target,correct,5
Older,older_80_89,1141,27052,2,3,2,True,0.9147234663279334,0.16,0.7547234663279334,3,3,3,0.4888131022453308,0.05795454978942871,False,target,correct,2
Older,older_80_89,1143,165,1,3,1,True,0.9367631541571779,0.16,0.7767631541571779,3,1,3,0.153420090675354,0.03616967797279358,False,target,correct,3
Older,older_80_89,1144,5265,0,3,0,True,1.467473140575864,0.71,0.7574731405758641,0,0,0,0.8588957786560059,0.05334284156560898,False,target,correct,5
Older,older_80_89,1145,8734,3,2,3,True,1.3467423121437019,0.6,0.7467423121437019,3,3,3,0.7394963502883911,0.04237152636051178,False,target,correct,5
Older,older_80_89,1147,25284,3,2,3,True,1.1230973451017416,0.24,0.8830973451017416,2,2,2,0.31688427925109863,0.06272117793560028,False,target,correct,4
Older,older_80_89,1149,31026,2,1,2,True,1.0792052276845543,0.22,0.8592052276845543,1,1,1,0.4479970335960388,0.05443258583545685,False,target,correct,4
Older,older_80_89,1150,15040,3,2,3,True,0.9848910957015024,0.2,0.7848910957015023,2,2,2,0.22071030735969543,0.05730787664651871,False,target,correct,3
Older,older_80_89,1153,23512,2,3,2,True,1.7891558754465477,0.6,1.1891558754465477,2,2,2,0.5983544588088989,0.021766819059848785,False,target,correct,5
Older,older_80_89,1154,11530,2,1,2,True,1.3321570736780863,0.71,0.6221570736780864,2,2,2,0.5885204076766968,0.059205062687397,False,target,correct,5
Older,older_80_89,1158,16700,2,1,2,True,1.0381671984998806,0.4,0.6381671984998806,2,2,2,1.0948930978775024,0.04418066143989563,False,target,correct,3
Older,older_80_89,1161,7821,2,0,2,True,0.9338627374085592,0.13,0.8038627374085592,0,0,0,0.46745964884757996,0.046221546828746796,False,target,correct,3
Older,older_80_89,1162,20603,0,2,0,True,1.6212398746516679,0.79,0.8312398746516678,0,0,0,1.0533432960510254,0.05146025866270065,True,target,correct,5
Older,older_80_89,1163,19806,0,2,2,False,1.7764228217509328,0.79,0.9864228217509328,0,0,0,0.7764440774917603,0.013775408267974854,True,flanker,fallback,5
Older,older_80_89,1164,23220,3,2,3,True,1.3897900645694616,0.59,0.7997900645694617,3,3,3,0.7086226940155029,0.04433188587427139,False,target,correct,5
Older,older_80_89,1166,31945,0,3,0,True,1.5864503961389538,0.76,0.8264503961389538,0,0,0,1.0341817140579224,0.03404104709625244,False,target,correct,5
Older,older_80_89,1167,11806,2,1,2,True,1.0937507933687087,0.4,0.6937507933687087,2,2,2,1.0394985675811768,0.04075372964143753,False,target,correct,4
Older,older_80_89,1168,14430,2,0,2,True,1.1413270934466444,0.11,1.0313270934466443,0,0,0,0.8044150471687317,0.05243181437253952,False,target,correct,4
Older,older_80_89,1170,25923,0,1,0,True,0.9418990232211962,0.14,0.8018990232211962,1,1,1,0.5075944662094116,0.05874977260828018,False,target,correct,3
Older,older_80_89,1174,29958,0,2,2,False,1.6399331358461304,0.79,0.8499331358461304,0,0,0,0.965348482131958,0.03658289462327957,True,flanker,fallback,5
Older,older_80_89,1175,24179,1,2,1,True,1.7312725185729783,0.76,0.9712725185729782,1,1,1,1.0369502305984497,0.059748053550720215,False,target,correct,5
Older,older_80_89,1178,16623,0,2,2,False,0.8213213582742661,0.12,0.7013213582742661,2,2,2,0.9201518297195435,0.058685243129730225,False,flanker,evidence-origin,2
Older,older_80_89,1180,5292,3,0,3,True,0.9690887714429088,0.14,0.8290887714429088,0,0,0,0.9201746582984924,0.06313085556030273,False,target,correct,3
Older,older_80_89,1184,7649,1,2,1,True,1.4110970632094793,0.3,1.1110970632094792,1,1,1,1.0683019161224365,0.021883800625801086,False,target,correct,5
Older,older_80_89,1185,2954,1,2,1,True,0.6134695774936125,0.11,0.5034695774936125,2,2,2,1.0332818031311035,0.06350509077310562,False,target,correct,1
Older,older_80_89,1186,241,3,1,3,True,0.8183476057028066,0.11,0.7083476057028066,1,1,1,0.8354521989822388,0.05229877680540085,False,target,correct,2
Older,older_80_89,1187,6263,0,1,0,True,1.0700181416087229,0.12,0.9500181416087229,1,1,1,0.7459786534309387,0.06152143329381943,False,target,correct,4
Older,older_80_89,1189,12921,3,2,3,True,1.0962823237705583,0.4,0.6962823237705583,3,3,3,1.2358192205429077,0.023551248013973236,False,target,correct,4
Older,older_80_89,1190,15537,2,3,2,True,1.1143423154207885,0.22,0.8943423154207886,3,3,3,0.08007895946502686,0.04948726296424866,False,target,correct,4
Older,older_80_89,1192,25205,3,2,2,False,1.1951957723013713,0.1,1.0951957723013712,2,2,2,1.2747701406478882,0.06501834839582443,False,flanker,evidence-origin,4
Older,older_80_89,1194,3488,2,3,2,True,1.0854879746450308,0.23,0.8554879746450308,3,3,3,0.20485737919807434,0.052132077515125275,False,target,correct,4
Older,older_80_89,1197,28704,0,1,0,True,0.6367871975860857,0.06,0.5767871975860857,1,1,1,1.8507503271102905,0.06468423455953598,False,target,correct,1
Older,older_80_89,1198,608,0,1,0,True,0.9120690527668696,0.29,0.6220690527668695,0,0,0,1.52444589138031,0.030897200107574463,False,target,correct,2
Older,older_80_89,1199,28153,2,0,2,True,0.7161752447035574,0.12,0.5961752447035574,0,0,0,0.6513431668281555,0.05304820090532303,False,target,correct,1
Older,older_80_89,1201,25825,3,0,3,True,0.930166802288362,0.16,0.770166802288362,0,0,0,0.6042200326919556,0.061150237917900085,False,target,correct,3
Older,older_80_89,1203,5351,3,0,3,True,0.6162253407207,0.16,0.4562253407207,0,0,0,0.8112252950668335,0.06489043682813644,False,target,correct,1
Older,older_80_89,1204,23619,3,2,3,True,1.2150131902717656,0.43,0.7850131902717656,3,3,3,1.0902551412582397,0.03565937280654907,False,target,correct,4
Older,older_80_89,1205,4138,3,0,3,True,0.7751927634834126,0.11,0.6651927634834126,0,0,0,1.18658447265625,0.06593877077102661,False,target,correct,2
Older,older_80_89,1207,20478,0,3,0,True,1.1780318062145188,0.6900000000000001,0.4880318062145187,0,0,0,1.076412558555603,0.03982449322938919,False,target,correct,4
Older,older_80_89,1209,18826,0,1,0,True,1.104547856076112,0.3,0.8045478560761119,0,0,0,1.527145266532898,0.025363430380821228,False,target,correct,4
Older,older_80_89,1210,5237,2,0,2,True,0.590755181022617,0.11,0.48075518102261705,0,0,0,0.8058395385742188,0.05505786091089249,False,target,correct,1
Older,older_80_89,1211,1221,0,1,1,False,1.6467360306236205,0.79,0.8567360306236205,0,0,0,0.8834689855575562,0.04363507032394409,True,flanker,fallback,5
Older,older_80_89,1213,23864,2,1,1,False,0.8054423490773958,0.07,0.7354423490773958,1,1,1,1.5466793775558472,0.059119485318660736,False,flanker,evidence-origin,2
Older,older_80_89,1214,14868,3,2,3,True,0.8150021423713885,0.13,0.6850021423713885,2,2,2,0.8779129385948181,0.06066015362739563,False,target,correct,2
Older,older_80_89,1215,25005,3,0,0,False,1.1531034497077421,0.1,1.053103449707742,0,0,0,1.2878801822662354,0.06428548693656921,False,flanker,evidence-origin,4
Older,older_80_89,1216,17805,3,2,3,True,0.6691436062367895,0.13,0.5391436062367895,2,2,2,0.8713579773902893,0.06034272164106369,False,target,correct,1
Older,older_80_89,1220,6735,0,2,2,False,0.8180247504203609,0.2,0.6180247504203609,2,2,2,0.4085659980773926,0.053049713373184204,False,flanker,evidence-origin,2
Older,older_80_89,1222,19468,2,3,2,True,1.464498501691206,0.71,0.754498501691206,2,2,2,0.8610379099845886,0.04036107659339905,False,target,correct,5
Older,older_80_89,1223,30636,3,1,1,False,0.838255231099787,0.11,0.728255231099787,1,1,1,0.8815010786056519,0.05396159738302231,False,flanker,evidence-origin,2
Older,older_80_89,1228,17159,3,1,3,True,0.6819115879481086,0.1,0.5819115879481086,1,1,1,0.7751097679138184,0.04873526841402054,False,target,correct,1
Older,older_80_89,1230,19375,0,3,0,True,1.3516830268557636,0.71,0.6416830268557636,0,0,0,1.1123443841934204,0.04552140086889267,False,target,correct,5
Older,older_80_89,1232,10635,3,1,3,True,0.5624796794754325,0.08,0.4824796794754325,1,1,1,0.9619361162185669,0.04667479544878006,False,target,correct,1
Older,older_80_89,1233,28275,3,2,3,True,1.1213686874100588,0.72,0.4013686874100588,3,3,3,0.7742367386817932,0.04643087834119797,False,target,correct,4
Older,older_80_89,1234,5463,1,3,3,False,1.019111358416646,0.18,0.8391113584166461,3,3,3,0.5997695326805115,0.0637897253036499,False,flanker,evidence-origin,3
Older,older_80_89,1235,2798,2,0,2,True,1.6522092357927176,0.56,1.0922092357927176,2,2,2,0.6595087051391602,0.07142991572618484,False,target,correct,5
Older,older_80_89,1236,11865,0,1,0,True,1.5169672539718975,0.65,0.8669672539718974,0,0,0,1.0329853296279907,0.07608471810817719,False,target,correct,5
Older,older_80_89,1237,11608,0,3,0,True,0.9231565181780371,0.1,0.8231565181780371,3,3,3,1.0041848421096802,0.059351541101932526,False,target,correct,3
Older,older_80_89,1239,33460,0,2,2,False,0.654319371265831,0.17,0.4843193712658309,2,2,2,0.5070139169692993,0.05403339862823486,False,flanker,evidence-origin,1
Older,older_80_89,1242,4643,0,1,0,True,0.42635678943107624,0.15,0.2763567894310762,1,1,1,0.6998749375343323,0.061517246067523956,False,target,correct,1
Older,older_80_89,1244,26256,0,1,0,True,1.617436675765689,0.79,0.827436675765689,0,0,0,0.9332665205001831,0.07003702223300934,True,target,correct,5
Older,older_80_89,1245,27355,1,3,3,False,0.895047241197648,0.07,0.8250472411976479,3,3,3,1.0702729225158691,0.05008794367313385,False,flanker,evidence-origin,2
Older,older_80_89,1248,9395,1,2,1,True,0.840235754702356,0.41000000000000003,0.430235754702356,1,1,1,0.7031530737876892,0.045176684856414795,False,target,correct,2
Older,older_80_89,1249,693,0,3,0,True,1.3278039481583885,0.76,0.5678039481583885,0,0,0,1.2715635299682617,0.03385624289512634,False,target,correct,5
Older,older_80_89,1250,8041,3,2,3,True,0.7898108762157641,0.16,0.629810876215764,2,2,2,0.5398160219192505,0.06016607582569122,False,target,correct,2
Older,older_80_89,1254,28479,3,1,1,False,0.7139914299351666,0.06,0.6539914299351666,1,1,1,1.3814889192581177,0.050744280219078064,False,flanker,evidence-origin,1
Older,older_80_89,1260,15129,0,2,2,False,1.525377967222008,0.79,0.735377967222008,0,0,0,0.8837413191795349,0.027005545794963837,True,flanker,fallback,5
Older,older_80_89,1261,7868,1,2,1,True,1.139737983206783,0.4,0.7397379832067831,1,1,1,0.832084059715271,0.04234246909618378,False,target,correct,4
Older,older_80_89,1262,22913,2,0,0,False,0.5290653501016462,0.11,0.41906535010164625,0,0,0,0.9220351576805115,0.05783595144748688,False,flanker,evidence-origin,1
Older,older_80_89,1263,1946,1,3,3,False,0.5244717874768623,0.08,0.4444717874768623,3,3,3,0.8793148398399353,0.047515109181404114,False,flanker,evidence-origin,1
Older,older_80_89,1264,13486,0,2,2,False,0.8598051694495983,0.2,0.6598051694495983,2,2,2,0.28084149956703186,0.05124825984239578,False,flanker,evidence-origin,2
Older,older_80_89,1265,22614,2,3,3,False,0.77891210065318,0.17,0.6089121006531799,3,3,3,0.6536275148391724,0.06354650855064392,False,flanker,evidence-origin,2
Older,older_80_89,1267,8571,1,3,1,True,1.2215504788306557,0.37,0.8515504788306557,1,1,1,0.7793039679527283,0.02956954389810562,False,target,correct,4
Older,older_80_89,1272,7008,0,3,0,True,1.4757408409463697,0.7000000000000001,0.7757408409463696,0,0,0,1.10053551197052,0.053731903433799744,False,target,correct,5
Older,older_80_89,1280,27782,1,2,1,True,1.7247774395130009,0.62,1.104777439513001,1,1,1,0.7624314427375793,0.051755115389823914,False,target,correct,5
Older,older_80_89,1282,542,0,2,2,False,1.8747895202173372,0.79,1.0847895202173372,0,0,0,1.0286924839019775,0.049228496849536896,True,flanker,fallback,5
Older,older_80_89,1283,4179,0,2,2,False,0.8917389620413368,0.11,0.7817389620413369,2,2,2,0.9642012715339661,0.0580785796046257,False,flanker,evidence-origin,2
Older,older_80_89,1284,27465,3,2,3,True,0.7887359007652266,0.15,0.6387359007652266,2,2,2,0.7813991904258728,0.06562981754541397,False,target,correct,2
Older,older_80_89,1285,22382,1,0,1,True,1.7068406222754495,0.71,0.9968406222754496,1,1,1,1.0624573230743408,0.07564440369606018,False,target,correct,5
Older,older_80_89,1286,27695,1,0,0,False,0.5203770694244497,0.08,0.4403770694244497,0,0,0,1.3957676887512207,0.06040572375059128,False,flanker,evidence-origin,1
Older,older_80_89,1287,30921,1,2,1,True,1.229004483869283,0.51,0.7190044838692831,1,1,1,0.5867878794670105,0.03082629293203354,False,target,correct,4
Older,older_80_89,1289,13401,1,2,1,True,1.13134330766733,0.14,0.99134330766733,2,2,2,0.6446916460990906,0.05907394737005234,False,target,correct,4
Older,older_80_89,1292,4108,3,0,0,False,0.7487737673543363,0.13,0.6187737673543363,0,0,0,1.0545333623886108,0.06708477437496185,False,flanker,evidence-origin,1
Older,older_80_89,1296,7626,2,0,0,False,1.0899444319319234,0.13,0.9599444319319234,0,0,0,0.7914812564849854,0.05856797844171524,False,flanker,evidence-origin,4
Older,older_80_89,1302,10795,1,3,1,True,0.7303898194745486,0.11,0.6203898194745486,3,3,3,0.7263402938842773,0.051814787089824677,False,target,correct,1
Older,older_80_89,1303,4377,3,2,3,True,0.5091837059206226,0.13,0.37918370592062256,2,2,2,0.9218659996986389,0.0645751878619194,False,target,correct,1
Older,older_80_89,1304,15998,0,2,2,False,1.634767876871022,0.79,0.8447678768710221,0,0,0,0.6904523372650146,0.008717179298400879,True,flanker,fallback,5
Older,older_80_89,1305,21784,1,2,1,True,0.7560063496588119,0.11,0.6460063496588119,2,2,2,0.5451435446739197,0.049673229455947876,False,target,correct,1
Older,older_80_89,1306,18238,0,1,0,True,1.2122392573118508,0.79,0.42223925731185075,0,0,0,0.8677087426185608,0.053834907710552216,True,target,correct,4
Older,older_80_89,1307,3173,0,3,3,False,1.4085979939036046,0.58,0.8285979939036047,3,3,3,0.45791953802108765,0.05995955318212509,False,flanker,evidence-origin,5
Older,older_80_89,1308,16170,0,1,0,True,1.6889630782881175,0.79,0.8989630782881175,0,0,0,0.98075270652771,0.06461688876152039,True,target,correct,5
Older,older_80_89,1309,14044,0,1,0,True,1.0409054756195995,0.08,0.9609054756195995,1,1,1,1.318329095840454,0.05990486592054367,False,target,correct,3
Older,older_80_89,1310,2452,1,3,3,False,0.5392963531330888,0.1,0.4392963531330888,3,3,3,0.9486358761787415,0.054344698786735535,False,flanker,evidence-origin,1
Older,older_80_89,1311,13451,3,2,3,True,1.1066824691299475,0.43,0.6766824691299476,3,3,3,0.9650556445121765,0.02724381536245346,False,target,correct,4
Older,older_80_89,1315,1546,2,3,2,True,1.8161217990764817,0.66,1.1561217990764816,2,2,2,0.7242314219474792,0.03968115895986557,False,target,correct,5
Older,older_80_89,1316,21514,2,1,2,True,0.88584669123464,0.11,0.77584669123464,1,1,1,1.091113567352295,0.06116726994514465,False,target,correct,2
Older,older_80_89,1317,16131,3,0,3,True,1.1251369008172458,0.11,1.0151369008172457,0,0,0,1.05690598487854,0.06103494018316269,False,target,correct,4
Older,older_80_89,1318,24512,2,1,2,True,0.6679840255441644,0.13,0.5379840255441644,1,1,1,0.9838168025016785,0.06478480994701385,False,target,correct,1
Older,older_80_89,1319,17634,2,3,3,False,1.3899999856948853,0.14,1.2499999856948851,3,3,3,0.8373540639877319,0.06346625834703445,False,flanker,evidence-origin,5
Older,older_80_89,1321,10386,3,2,3,True,1.198269819198647,0.55,0.6482698191986469,3,3,3,0.9109528660774231,0.048150718212127686,False,target,correct,4
Older,older_80_89,1322,29882,3,1,1,False,0.9120563599231337,0.13,0.7820563599231337,1,1,1,0.7599254846572876,0.05394461750984192,False,flanker,evidence-origin,2
Older,older_80_89,1323,20308,2,3,2,True,1.1415004842003056,0.17,0.9715004842003055,3,3,3,0.45495593547821045,0.059207044541835785,False,target,correct,4
Older,older_80_89,1324,27510,3,1,1,False,0.81979341845414,0.14,0.67979341845414,1,1,1,0.6697193384170532,0.05547695606946945,False,flanker,evidence-origin,2
Older,older_80_89,1327,28963,1,2,1,True,1.2071634697991929,0.48,0.7271634697991929,1,1,1,0.7266077399253845,0.04872211813926697,False,target,correct,4
Older,older_80_89,1332,23012,1,2,1,True,0.8813648073198763,0.13,0.7513648073198763,2,2,2,0.8150468468666077,0.06279374659061432,False,target,correct,2
Older,older_80_89,1333,515,1,0,0,False,0.976180308202194,0.12,0.856180308202194,0,0,0,0.9875854849815369,0.06521601229906082,False,flanker,evidence-origin,3
Older,older_80_89,1337,5302,3,2,3,True,0.7639986542440855,0.21,0.5539986542440856,2,2,2,0.3540175259113312,0.06286177039146423,False,target,correct,1
Older,older_80_89,1338,16854,2,3,3,False,1.0916180777388516,0.11,0.9816180777388516,3,3,3,0.989401638507843,0.06058499217033386,False,flanker,evidence-origin,4
Older,older_80_89,1340,22019,3,1,3,True,0.9624702878851059,0.19,0.772470287885106,1,1,1,0.35806724429130554,0.055636316537857056,False,target,correct,3
Older,older_80_89,1341,25462,1,2,1,True,0.9700264442349302,0.13,0.8400264442349302,2,2,2,0.540266752243042,0.05653506517410278,False,target,correct,3
Older,older_80_89,1343,11125,2,3,3,False,0.833381295325898,0.22,0.613381295325898,3,3,3,0.42394590377807617,0.06545433402061462,False,flanker,evidence-origin,2
Older,older_80_89,1344,4178,2,0,2,True,1.0877015771593075,0.11,0.9777015771593075,0,0,0,0.8383007645606995,0.056591346859931946,False,target,correct,4
Older,older_80_89,1345,3428,2,3,2,True,0.809999942779541,0.56,0.24999994277954096,2,2,2,0.6794657111167908,0.03735174238681793,False,target,correct,2
Older,older_80_89,1346,12001,2,1,2,True,0.8728735885012716,0.14,0.7328735885012716,1,1,1,0.6984775066375732,0.0525892972946167,False,target,correct,2
Older,older_80_89,1348,14761,1,2,1,True,0.8869911140712439,0.26,0.6269911140712439,1,1,1,1.0749436616897583,0.02230025827884674,False,target,correct,2
Older,older_80_89,1350,23535,3,2,2,False,0.6810500888070746,0.15,0.5310500888070746,2,2,2,0.7665715217590332,0.06358916312456131,False,flanker,evidence-origin,1
Older,older_80_89,1351,17089,2,3,3,False,1.2353708435803,0.21,1.0253708435803,3,3,3,0.382021427154541,0.05966506153345108,False,flanker,evidence-origin,4
Older,older_80_89,1352,30596,2,3,3,False,0.7986489278516737,0.15,0.6486489278516737,3,3,3,0.7114824056625366,0.061163634061813354,False,flanker,evidence-origin,2
Older,older_80_89,1353,25595,3,1,3,True,1.4977218525183043,0.36,1.1377218525183044,3,3,3,1.0153148174285889,0.023239418864250183,False,target,correct,5
Older,older_80_89,1357,19902,0,2,2,False,1.058551866115665,0.19,0.868551866115665,2,2,2,0.4692341089248657,0.05936753749847412,False,flanker,evidence-origin,3
Older,older_80_89,1358,32975,3,2,3,True,1.1472841972285956,0.23,0.9172841972285957,2,2,2,0.23562273383140564,0.056576766073703766,False,target,correct,4
Older,older_80_89,1360,4473,3,0,3,True,1.2535462560308117,0.75,0.5035462560308117,3,3,3,0.7194812297821045,0.07332588732242584,False,target,correct,4
Older,older_80_89,1366,12992,1,0,1,True,0.5410380357047795,0.09,0.4510380357047795,0,0,0,1.0424009561538696,0.055987365543842316,False,target,correct,1
Older,older_80_89,1367,7364,2,3,2,True,1.2014481916062443,0.2,1.0014481916062443,3,3,3,0.12119060754776001,0.05102953314781189,False,target,correct,4
Older,older_80_89,1369,971,1,2,1,True,0.8874176441055186,0.12,0.7674176441055186,2,2,2,0.7301934957504272,0.05359391123056412,False,target,correct,2
Older,older_80_89,1370,17928,2,0,0,False,1.1067394959002814,0.09,1.0167394959002813,0,0,0,1.1473846435546875,0.05945304036140442,False,flanker,evidence-origin,4
Older,older_80_89,1375,22168,2,1,2,True,1.2650857522969259,0.51,0.7550857522969259,2,2,2,0.7354978919029236,0.05247020721435547,False,target,correct,4
Older,older_80_89,1377,14459,3,1,1,False,0.7742592324051322,0.2,0.5742592324051321,1,1,1,0.28514769673347473,0.04871822148561478,False,flanker,evidence-origin,2
Older,older_80_89,1379,26076,1,0,0,False,0.9038172973229079,0.12,0.783817297322908,0,0,0,1.076683521270752,0.06732694804668427,False,flanker,evidence-origin,2
Older,older_80_89,1380,32390,2,0,0,False,1.1815672917325637,0.12,1.0615672917325636,0,0,0,0.8074955940246582,0.05810611695051193,False,flanker,evidence-origin,4
Older,older_80_89,1384,18655,2,1,2,True,0.945754144626917,0.1,0.845754144626917,1,1,1,1.2615642547607422,0.0630403682589531,False,target,correct,3
Older,older_80_89,1385,14652,0,3,0,True,1.0361470203183867,0.17,0.8661470203183866,3,0,3,0.05621170997619629,0.04539310187101364,False,target,correct,3
Older,older_80_89,1386,11765,3,2,3,True,1.289919486485974,0.26,1.029919486485974,2,2,2,0.1604289710521698,0.0548262894153595,False,target,correct,5
Older,older_80_89,1388,22348,2,0,2,True,0.9737835062516058,0.12,0.8537835062516058,0,0,0,0.6006685495376587,0.050476402044296265,False,target,correct,3
Older,older_80_89,1389,23081,1,0,0,False,0.8642204811087122,0.08,0.7842204811087122,0,0,0,1.2821160554885864,0.058672115206718445,False,flanker,evidence-origin,2
Older,older_80_89,1390,5609,1,2,1,True,1.3388595314006937,0.32,1.0188595314006936,1,1,1,0.8737850785255432,0.021403886377811432,False,target,correct,5
Older,older_80_89,1395,15798,3,2,3,True,0.7959410283994509,0.13,0.6659410283994509,2,2,2,0.9744846820831299,0.06732460856437683,False,target,correct,2
Older,older_80_89,1396,31434,1,2,1,True,1.1847897200676603,0.36,0.8247897200676603,1,1,1,0.78146892786026,0.041994184255599976,False,target,correct,4
Older,older_80_89,1397,28993,1,3,3,False,1.6342770822236488,0.79,0.8442770822236487,1,1,1,0.9984109401702881,0.040074072778224945,True,flanker,fallback,5
Older,older_80_89,1400,19385,0,2,2,False,1.0177272253526048,0.15,0.8677272253526048,2,2,2,0.47803381085395813,0.0492367222905159,False,flanker,evidence-origin,3
Older,older_80_89,1402,34575,3,2,3,True,1.111482862337277,0.49,0.621482862337277,3,3,3,0.8849547505378723,0.031365953385829926,False,target,correct,4
Older,older_80_89,1403,4132,0,2,2,False,0.7985504987488007,0.17,0.6285504987488006,2,2,2,0.38200435042381287,0.04642706364393234,False,flanker,evidence-origin,2
Older,older_80_89,1404,16847,2,0,2,True,0.9783643785852753,0.14,0.8383643785852752,0,0,0,0.40133723616600037,0.04672866314649582,False,target,correct,3
Older,older_80_89,1405,1990,1,0,0,False,0.45046535774839896,0.15,0.300465357748399,0,0,0,0.8455020189285278,0.0688757374882698,False,flanker,evidence-origin,1
Older,older_80_89,1409,1022,2,0,0,False,1.2226995206240086,0.11,1.1126995206240085,0,0,0,0.7920330762863159,0.05056781321763992,False,flanker,evidence-origin,4
Older,older_80_89,1410,9568,1,2,1,True,1.5453432933321722,0.62,0.9253432933321722,1,1,1,0.7678046226501465,0.05048473924398422,False,target,correct,5
Older,older_80_89,1413,20654,1,2,1,True,1.2659992820682042,0.58,0.6859992820682043,1,1,1,0.7279231548309326,0.0346294566988945,False,target,correct,4
Older,older_80_89,1414,24810,1,2,1,True,0.7170268075588835,0.13,0.5870268075588835,2,2,2,0.7521823048591614,0.06051652878522873,False,target,correct,1
Older,older_80_89,1415,17482,3,2,3,True,1.1200868023630102,0.17,0.9500868023630101,2,2,2,0.5753211975097656,0.05976268649101257,False,target,correct,4
Older,older_80_89,1417,15035,3,1,3,True,0.7902001096562496,0.17,0.6202001096562496,1,1,1,0.21534550189971924,0.04687536507844925,False,target,correct,2
Older,older_80_89,1418,23362,0,2,2,False,0.38648655659641945,0.11,0.27648655659641946,2,2,2,1.1198501586914062,0.06129361689090729,False,flanker,evidence-origin,1
Older,older_80_89,1419,33980,0,2,2,False,1.0259095976789614,0.1,0.9259095976789614,2,2,2,1.178676962852478,0.059611640870571136,False,flanker,evidence-origin,3
Older,older_80_89,1423,18712,2,1,2,True,1.1423490454126297,0.12,1.0223490454126298,1,1,1,1.0558215379714966,0.06364370137453079,False,target,correct,4
Older,older_80_89,1427,5808,0,3,0,True,1.5973802058969908,0.78,0.8173802058969908,0,0,0,1.1095266342163086,0.02435930073261261,False,target,correct,5
Older,older_80_89,1428,1309,1,2,1,True,1.5081987672070651,0.33,1.178198767207065,1,1,1,0.7757411003112793,0.0374293252825737,False,target,correct,5
Older,older_80_89,1430,11251,0,2,2,False,1.9493515737074147,0.79,1.1593515737074147,0,0,0,0.8112390041351318,0.01747070997953415,True,flanker,fallback,5
Older,older_80_89,1431,4193,3,2,3,True,0.7850879105757588,0.13,0.6550879105757588,2,2,2,0.913359522819519,0.06429801881313324,False,target,correct,2
Older,older_80_89,1433,15718,0,1,0,True,1.2170890736188764,0.28,0.9370890736188764,0,0,0,1.4105702638626099,0.02119608223438263,False,target,correct,4
Older,older_80_89,1435,7480,0,2,2,False,0.7812085041269539,0.1,0.6812085041269539,2,2,2,1.197487235069275,0.06062889099121094,False,flanker,evidence-origin,2
Older,older_80_89,1436,11460,3,1,3,True,0.8813799665915972,0.1,0.7813799665915973,1,1,1,0.7447900772094727,0.046077415347099304,False,target,correct,2
Older,older_80_89,1437,8446,1,0,0,False,0.7338677807716518,0.07,0.6638677807716518,0,0,0,1.692490816116333,0.06465946137905121,False,flanker,evidence-origin,1
Older,older_80_89,1440,30878,0,1,0,True,1.5513478592005898,0.31,1.2413478592005898,0,0,0,1.6239755153656006,0.028676770627498627,False,target,correct,5
Older,older_80_89,1441,6565,1,0,0,False,0.922888628758728,0.11,0.812888628758728,0,0,0,1.2181919813156128,0.06836456060409546,False,flanker,evidence-origin,3
Older,older_80_89,1442,5834,3,2,3,True,0.9382631685941876,0.24,0.6982631685941876,2,2,2,0.17660319805145264,0.05529492348432541,False,target,correct,3
Older,older_80_89,1443,13151,1,3,1,True,0.82558376930065,0.14,0.68558376930065,3,3,3,0.4721466898918152,0.05147596448659897,False,target,correct,2
Older,older_80_89,1446,22267,2,1,2,True,1.1322779242423235,0.22,0.9122779242423236,1,1,1,0.2815128266811371,0.05762232840061188,False,target,correct,4
Older,older_80_89,1447,1265,1,3,1,True,0.822710332342292,0.08,0.742710332342292,3,3,3,0.6622863411903381,0.03970440477132797,False,target,correct,2
Older,older_80_89,1448,14784,3,2,3,True,0.9188634956831359,0.19,0.7288634956831359,2,2,2,0.4633227586746216,0.06207392364740372,False,target,correct,3
Older,older_80_89,1450,4081,2,3,2,True,0.7500377898273806,0.23,0.5200377898273806,3,2,3,0.0310249924659729,0.05114246904850006,False,target,correct,1
Older,older_80_89,1452,27193,1,2,1,True,0.8451844486729635,0.21,0.6351844486729635,2,2,2,0.3994053304195404,0.061876699328422546,False,target,correct,2
Older,older_80_89,1453,27094,2,1,2,True,0.6215918217837357,0.14,0.4815918217837357,1,1,1,0.8937108516693115,0.06111997365951538,False,target,correct,1
Older,older_80_89,1455,3055,1,3,3,False,0.6000511502702512,0.12,0.48005115027025125,3,3,3,0.9491041302680969,0.05983506143093109,False,flanker,evidence-origin,1
Older,older_80_89,1456,29148,2,3,3,False,0.7372628909872849,0.12,0.6172628909872849,3,3,3,0.9237655401229858,0.06283511966466904,False,flanker,evidence-origin,1
Older,older_80_89,1457,15745,2,0,2,True,1.1450827188873445,0.15,0.9950827188873445,0,0,0,0.40074989199638367,0.04597540944814682,False,target,correct,4
Older,older_80_89,1460,2564,1,3,1,True,0.7165640509184674,0.16,0.5565640509184674,3,3,3,0.39016976952552795,0.05408787727355957,False,target,correct,1
Older,older_80_89,1461,16880,2,1,2,True,0.7581869499280602,0.1,0.6581869499280603,1,1,1,1.2058804035186768,0.059722498059272766,False,target,correct,1
Older,older_80_89,1462,30810,1,2,1,True,1.1146097311064147,0.22,0.8946097311064147,2,2,2,0.5145617723464966,0.06607695668935776,False,target,correct,4
Older,older_80_89,1464,9366,3,1,3,True,0.8525260296448749,0.2,0.6525260296448749,1,1,1,0.18482035398483276,0.04029442369937897,False,target,correct,2
Older,older_80_89,1471,21271,1,2,1,True,1.3070578582477226,0.58,0.7270578582477226,1,1,1,0.8008989691734314,0.049337901175022125,False,target,correct,5
Older,older_80_89,1472,27416,1,0,0,False,0.8145162633301901,0.08,0.7345162633301902,0,0,0,1.4499047994613647,0.06212100386619568,False,flanker,evidence-origin,2
Older,older_80_89,1473,28952,1,2,1,True,0.7935215954766881,0.12,0.6735215954766881,2,2,2,0.5133150815963745,0.04714289307594299,False,target,correct,2
Older,older_80_89,1474,9616,0,3,0,True,0.8758585605584525,0.13,0.7458585605584525,3,3,3,0.4743713438510895,0.05425133556127548,False,target,correct,2
Older,older_80_89,1475,27070,2,0,0,False,0.8019222152305565,0.09,0.7119222152305565,0,0,0,1.058647632598877,0.053660616278648376,False,flanker,evidence-origin,2
Older,older_80_89,1478,14167,3,0,3,True,0.7072737799806038,0.14,0.5672737799806038,0,0,0,0.843950629234314,0.06371472775936127,False,target,correct,1
Older,older_80_89,1479,16380,1,0,0,False,0.5683936261690297,0.08,0.48839362616902965,0,0,0,1.2080408334732056,0.05603346228599548,False,flanker,evidence-origin,1
Older,older_80_89,1480,13381,0,2,2,False,1.6225221595707395,0.79,0.8325221595707395,0,0,0,0.8901486992835999,0.027790740132331848,True,flanker,fallback,5
Older,older_80_89,1484,18496,3,2,3,True,0.8363493740920546,0.21,0.6263493740920546,2,2,2,0.34472018480300903,0.05851677805185318,False,target,correct,2
Older,older_80_89,1486,3968,0,2,2,False,1.6728919187439686,0.79,0.8828919187439686,0,0,0,0.7380241751670837,0.007856965065002441,True,flanker,fallback,5
Older,older_80_89,1488,22435,1,2,1,True,1.2606987174944846,0.4,0.8606987174944846,1,1,1,0.6822348833084106,0.048070043325424194,False,target,correct,4
Older,older_80_89,1491,11247,1,3,3,False,0.7509266323924406,0.23,0.5209266323924406,3,3,3,0.25297829508781433,0.05949488282203674,False,flanker,evidence-origin,1
Older,older_80_89,1492,5044,0,2,2,False,1.5493362617694666,0.79,0.7593362617694666,0,0,0,0.9038382172584534,0.01817983388900757,True,flanker,fallback,5
Older,older_80_89,1493,22852,2,0,0,False,0.49100649857613554,0.08,0.4110064985761355,0,0,0,1.1931798458099365,0.05557776242494583,False,flanker,evidence-origin,1
Older,older_80_89,1495,14631,0,3,0,True,1.679415117382821,0.72,0.9594151173828209,0,0,0,1.0716025829315186,0.04512908309698105,False,target,correct,5
Older,older_80_89,1498,708,2,0,2,True,0.824516013088448,0.12,0.704516013088448,0,0,0,0.6260981559753418,0.0504470095038414,False,target,correct,2
Older,older_80_89,1499,2113,2,3,3,False,0.7450548022340537,0.15,0.5950548022340537,3,3,3,0.7134514451026917,0.06233316659927368,False,flanker,evidence-origin,1
Older,older_80_89,1500,12370,2,0,0,False,0.7010020186123354,0.12,0.5810020186123354,0,0,0,0.8966341614723206,0.060355573892593384,False,flanker,evidence-origin,1
Older,older_80_89,1501,8657,3,0,3,True,1.0574108386593748,0.18,0.8774108386593749,0,0,0,0.5526286363601685,0.06687115132808685,False,target,correct,3
Older,older_80_89,1503,11991,1,2,1,True,1.1387400898010083,0.37,0.7687400898010083,1,1,1,0.7309918999671936,0.03580275923013687,False,target,correct,4
Older,older_80_89,1504,34322,0,2,2,False,0.6029037707145326,0.21,0.39290377071453264,2,2,2,0.4625903069972992,0.05855092406272888,False,flanker,evidence-origin,1
Older,older_80_89,1505,366,1,0,0,False,0.7323587251815911,0.08,0.6523587251815911,0,0,0,1.5323644876480103,0.06465491652488708,False,flanker,evidence-origin,1
Older,older_80_89,1508,21857,3,0,0,False,1.0193939492583866,0.1,0.9193939492583866,0,0,0,1.38671875,0.06546224653720856,False,flanker,evidence-origin,3
Older,older_80_89,1511,31504,0,2,2,False,1.0541870171593022,0.79,0.26418701715930215,0,0,0,0.7614685297012329,0.025421753525733948,True,flanker,fallback,3
Older,older_80_89,1512,4439,0,1,0,True,1.2476431723455346,0.41000000000000003,0.8376431723455345,0,0,0,1.3037539720535278,0.04530557245016098,False,target,correct,4
Older,older_80_89,1514,32958,2,1,1,False,0.5376828766406456,0.06,0.4776828766406456,1,1,1,1.630324125289917,0.05689447373151779,False,flanker,evidence-origin,1
Older,older_80_89,1516,22549,3,0,3,True,0.7485475454648991,0.1,0.6485475454648991,0,0,0,1.2710187435150146,0.06478936970233917,False,target,correct,1
Older,older_80_89,1518,16228,3,1,1,False,0.588649374614725,0.13,0.458649374614725,1,1,1,0.6742748022079468,0.05332116782665253,False,flanker,evidence-origin,1
Older,older_80_89,1520,29885,1,3,1,True,1.1452746759092678,0.17,0.9752746759092678,3,3,3,0.2702140510082245,0.051119282841682434,False,target,correct,4
Older,older_80_89,1524,25071,1,0,0,False,0.9478377319123806,0.13,0.8178377319123806,0,0,0,0.9629900455474854,0.06677577644586563,False,flanker,evidence-origin,3
Older,older_80_89,1525,33481,2,0,2,True,1.3854573892921693,0.59,0.7954573892921694,2,2,2,0.8238140940666199,0.06797472387552261,False,target,correct,5
Older,older_80_89,1526,19515,0,1,0,True,0.8769297705923583,0.08,0.7969297705923584,1,1,1,1.52545964717865,0.06559828668832779,False,target,correct,2
Older,older_80_89,1529,2331,0,2,2,False,1.2997168892660778,0.23,1.0697168892660778,2,2,2,0.3959515392780304,0.05904439091682434,False,flanker,evidence-origin,5
Older,older_80_89,1531,30496,3,2,2,False,0.7219290484547228,0.13,0.5919290484547228,2,2,2,0.9226008653640747,0.06426367908716202,False,flanker,evidence-origin,1
Older,older_80_89,1537,23662,2,1,2,True,0.8177821841375242,0.14,0.6777821841375242,1,1,1,0.8257046341896057,0.05928685516119003,False,target,correct,2
Older,older_80_89,1538,12191,1,0,1,True,1.1774619084745392,0.14,1.0374619084745391,0,0,0,0.7132930755615234,0.06380580365657806,False,target,correct,4
Older,older_80_89,1539,22325,1,2,1,True,1.1529126814605886,0.61,0.5429126814605886,1,1,1,0.7048190236091614,0.033040545880794525,False,target,correct,4
Older,older_80_89,1541,10,2,3,2,True,1.6166648355954742,0.64,0.9766648355954742,2,2,2,0.7267409563064575,0.03232838213443756,False,target,correct,5
Older,older_80_89,1542,14438,0,2,2,False,1.2823855090688414,0.2,1.0823855090688415,2,2,2,0.28072917461395264,0.04550698399543762,False,flanker,evidence-origin,5
Older,older_80_89,1545,32589,2,0,0,False,0.6092040582414444,0.1,0.5092040582414444,0,0,0,0.9388085007667542,0.055037207901477814,False,flanker,evidence-origin,1
Older,older_80_89,1546,24796,1,3,1,True,1.6617028578419937,0.55,1.1117028578419936,1,1,1,0.22123855352401733,0.02020391821861267,False,target,correct,5
Older,older_80_89,1548,17219,2,3,3,False,0.8673296990994159,0.14,0.7273296990994159,3,3,3,0.8357632756233215,0.06485896557569504,False,flanker,evidence-origin,2
Older,older_80_89,1550,10959,2,0,2,True,1.2972791038165128,0.17,1.1272791038165129,0,0,0,0.43514585494995117,0.05651550740003586,False,target,correct,5
Older,older_80_89,1552,9362,1,2,1,True,1.565912713420864,0.59,0.9759127134208639,1,1,1,0.7515217065811157,0.030920326709747314,False,target,correct,5
Older,older_80_89,1557,13179,2,3,2,True,0.8107457608768625,0.13,0.6807457608768624,3,3,3,0.8705134391784668,0.06282993406057358,False,target,correct,2
Older,older_80_89,1562,25582,3,2,3,True,1.1730664393518953,0.46,0.7130664393518953,3,3,3,0.9575305581092834,0.027691014111042023,False,target,correct,4
Older,older_80_89,1563,22422,0,1,1,False,0.6551969883643953,0.15,0.5051969883643953,1,1,1,0.7563417553901672,0.061405375599861145,False,flanker,evidence-origin,1
Older,older_80_89,1564,19091,0,1,0,True,1.592735750705687,0.73,0.862735750705687,0,0,0,1.002708911895752,0.06986968219280243,False,target,correct,5
Older,older_80_89,1566,5921,1,2,1,True,1.0199349242860696,0.11,0.9099349242860696,2,2,2,0.6630396842956543,0.05121476948261261,False,target,correct,3
Older,older_80_89,1567,2782,2,1,1,False,0.7539283801403444,0.1,0.6539283801403444,1,1,1,1.102317214012146,0.05725007504224777,False,flanker,evidence-origin,1
Older,older_80_89,1568,3670,0,2,2,False,1.8467231652677734,0.79,1.0567231652677733,0,0,0,0.9056322574615479,0.026064477860927582,True,flanker,fallback,5
Older,older_80_89,1570,22785,3,0,0,False,0.5829973818577776,0.09,0.49299738185777764,0,0,0,1.3828482627868652,0.061973996460437775,False,flanker,evidence-origin,1
Older,older_80_89,1571,5502,0,3,3,False,0.7509724203423358,0.08,0.6709724203423358,3,3,3,1.3126145601272583,0.060200296342372894,False,flanker,evidence-origin,1
Older,older_80_89,1574,11746,3,1,3,True,0.7494706393916154,0.14,0.6094706393916154,1,1,1,0.6114283204078674,0.05591978877782822,False,target,correct,1
Older,older_80_89,1575,13369,2,1,2,True,1.4700000286102295,0.22,1.2500000286102295,1,1,1,0.3834954500198364,0.057854294776916504,False,target,correct,5
Older,older_80_89,1577,22345,2,3,2,True,1.1044644642447212,0.16,0.9444644642447212,3,3,3,0.6713983416557312,0.06301561743021011,False,target,correct,4
Older,older_80_89,1579,33808,2,0,0,False,0.6891711422484988,0.09,0.5991711422484989,0,0,0,1.0142595767974854,0.05239133536815643,False,flanker,evidence-origin,1
Older,older_80_89,1581,13389,2,1,2,True,0.9648100013691746,0.1,0.8648100013691746,1,1,1,1.247204303741455,0.06180577725172043,False,target,correct,3
Older,older_80_89,1582,15781,1,0,0,False,0.9494053197854748,0.13,0.8194053197854748,0,0,0,0.9545215368270874,0.06703682243824005,False,flanker,evidence-origin,3
Older,older_80_89,1583,7020,0,2,2,False,0.864736728769694,0.22,0.644736728769694,2,2,2,0.3313591778278351,0.05569319427013397,False,flanker,evidence-origin,2
Older,older_80_89,1584,12508,0,1,0,True,1.5594418313222569,0.7000000000000001,0.8594418313222568,0,0,0,0.942121148109436,0.05870848894119263,False,target,correct,5
Older,older_80_89,1585,7928,3,2,3,True,0.9502479760531248,0.22,0.7302479760531249,2,2,2,0.367946594953537,0.06126565486192703,False,target,correct,3
Older,older_80_89,1586,6611,0,1,0,True,0.8405281324606767,0.06,0.7805281324606768,1,1,1,1.6880472898483276,0.05784563720226288,False,target,correct,2
Older,older_80_89,1587,7400,1,0,0,False,0.6731643425144274,0.08,0.5931643425144274,0,0,0,1.330673098564148,0.0601256787776947,False,flanker,evidence-origin,1
Older,older_80_89,1594,9194,0,2,0,True,1.6350995722732542,0.79,0.8450995722732542,0,0,0,1.0065056085586548,0.048648424446582794,True,target,correct,5
Older,older_80_89,1599,16091,3,1,1,False,0.737557338870812,0.06,0.677557338870812,1,1,1,1.4941571950912476,0.0559881255030632,False,flanker,evidence-origin,1
Older,older_80_89,1600,12167,0,1,0,True,1.7325227920254145,0.79,0.9425227920254144,0,0,0,0.8013713955879211,0.05188393592834473,True,target,correct,5
Older,older_80_89,1602,25451,2,3,3,False,0.9328517659975509,0.1,0.832851765997551,3,3,3,1.4568063020706177,0.06850608438253403,False,flanker,evidence-origin,3
Older,older_80_89,1606,30943,2,3,2,True,0.6194460616827907,0.19,0.4294460616827907,3,3,3,0.15385043621063232,0.05337858945131302,False,target,correct,1
Older,older_80_89,1612,13083,1,3,1,True,0.8959765067575607,0.1,0.7959765067575607,3,3,3,0.8024824857711792,0.05019853264093399,False,target,correct,2
Older,older_80_89,1615,9062,3,2,3,True,1.5374281557990082,0.66,0.8774281557990081,3,3,3,0.8075820803642273,0.050672873854637146,False,target,correct,5
Older,older_80_89,1616,707,1,0,0,False,0.9726874978384539,0.14,0.8326874978384539,0,0,0,0.8222215175628662,0.06879404187202454,False,flanker,evidence-origin,3
Older,older_80_89,1619,27640,0,2,2,False,1.076652574884098,0.12,0.956652574884098,2,2,2,0.8104128837585449,0.05544842779636383,False,flanker,evidence-origin,4
Older,older_80_89,1621,2917,2,1,1,False,0.7775118171873859,0.07,0.707511817187386,1,1,1,1.5902155637741089,0.06095100939273834,False,flanker,evidence-origin,2
Older,older_80_89,1624,3041,2,1,1,False,0.8531471576389477,0.12,0.7331471576389477,1,1,1,1.0723925828933716,0.06295876950025558,False,flanker,evidence-origin,2
Older,older_80_89,1626,25618,2,1,1,False,0.7274985002569939,0.07,0.657498500256994,1,1,1,1.5898725986480713,0.06249351054430008,False,flanker,evidence-origin,1
Older,older_80_89,1627,19484,1,3,1,True,1.405257852190864,0.46,0.9452578521908641,1,1,1,0.47898828983306885,0.030231930315494537,False,target,correct,5
Older,older_80_89,1628,641,1,3,1,True,1.4077930027544685,0.76,0.6477930027544685,1,1,1,1.119122862815857,0.05351964384317398,False,target,correct,5
Older,older_80_89,1630,997,2,1,2,True,0.8074913192514923,0.18,0.6274913192514924,1,1,1,0.32264164090156555,0.059826187789440155,False,target,correct,2
Older,older_80_89,1631,28454,2,1,2,True,1.09561609525278,0.44,0.6556160952527801,2,2,2,0.8262602686882019,0.04213698208332062,False,target,correct,4
Older,older_80_89,1635,17352,1,2,1,True,1.5682038759671317,0.73,0.8382038759671318,1,1,1,0.9039281010627747,0.05397708714008331,False,target,correct,5
Older,older_80_89,1636,9251,3,2,3,True,0.6981895621584238,0.11,0.5881895621584238,2,2,2,1.0998433828353882,0.06257030367851257,False,target,correct,1
Older,older_80_89,1639,26836,2,0,0,False,1.2076685637671487,0.09,1.1176685637671486,0,0,0,1.2737138271331787,0.06177759915590286,False,flanker,evidence-origin,4
Older,older_80_89,1641,1246,2,1,2,True,0.6784290303680867,0.22,0.4584290303680867,1,2,1,0.05173158645629883,0.04427500069141388,False,target,correct,1
Older,older_80_89,1643,1268,3,2,2,False,0.7385105484950317,0.15,0.5885105484950317,2,2,2,0.7075397372245789,0.05903156101703644,False,flanker,evidence-origin,1
Older,older_80_89,1644,13499,2,1,2,True,1.1217319924985285,0.39,0.7317319924985285,2,2,2,0.9705080389976501,0.03752436488866806,False,target,correct,4
Older,older_80_89,1646,1825,1,0,1,True,1.5008486399672403,0.76,0.7408486399672403,1,1,1,0.9656211137771606,0.08041539788246155,False,target,correct,5
Older,older_80_89,1648,19568,2,0,2,True,1.2717645768272212,0.1,1.1717645768272211,0,0,0,0.9084988832473755,0.05632726103067398,False,target,correct,4
Older,older_80_89,1652,12500,3,2,3,True,0.7157210167862726,0.17,0.5457210167862726,2,2,2,0.6283949613571167,0.06374190002679825,False,target,correct,1
Older,older_80_89,1653,5750,1,2,1,True,0.7682575794814295,0.14,0.6282575794814295,2,2,2,0.4232265055179596,0.053422488272190094,False,target,correct,2
Older,older_80_89,1654,31515,3,2,2,False,1.049866589107354,0.16,0.889866589107354,2,2,2,0.6960827112197876,0.06525500118732452,False,flanker,evidence-origin,3
Older,older_80_89,1661,7775,3,1,3,True,0.5116299473071135,0.09,0.42162994730711356,1,1,1,0.8072804808616638,0.046683698892593384,False,target,correct,1
Older,older_80_89,1665,1487,2,0,2,True,0.9216406198612066,0.09,0.8316406198612066,0,0,0,1.0119953155517578,0.05450153350830078,False,target,correct,3
Older,older_80_89,1667,31719,1,2,1,True,0.9227190040962356,0.1,0.8227190040962357,2,2,2,1.007232427597046,0.05728916823863983,False,target,correct,3
Older,older_80_89,1668,10612,0,3,0,True,0.9231281281145602,0.53,0.3931281281145602,3,3,3,0.5347601771354675,0.053878962993621826,False,target,correct,3
Older,older_80_89,1670,7653,2,1,2,True,1.2134348901500294,0.51,0.7034348901500294,2,2,2,1.0454787015914917,0.04025515913963318,False,target,correct,4
Older,older_80_89,1671,15782,0,3,0,True,1.143555614632451,0.37,0.773555614632451,0,0,0,0.4634506106376648,0.027118608355522156,False,target,correct,4
Older,older_80_89,1672,21230,0,2,2,False,0.7700197422257596,0.13,0.6400197422257596,2,2,2,0.6788984537124634,0.05285034328699112,False,flanker,evidence-origin,2
Older,older_80_89,1673,13866,1,3,3,False,0.6754213875195635,0.12,0.5554213875195635,3,3,3,0.8894641399383545,0.05738375335931778,False,flanker,evidence-origin,1
Older,older_80_89,1677,11223,3,1,3,True,1.5518621507328278,0.63,0.9218621507328278,3,3,3,0.6378633975982666,0.05053005367517471,False,target,correct,5
Older,older_80_89,1681,7369,0,1,0,True,1.1254136435004702,0.28,0.8454136435004702,0,0,0,1.3896000385284424,0.0353456512093544,False,target,correct,4
Older,older_80_89,1682,17968,2,1,2,True,0.7441598790501646,0.16,0.5841598790501645,1,1,1,0.7898467779159546,0.062259361147880554,False,target,correct,1
Older,older_80_89,1686,579,1,3,1,True,0.8330449251968168,0.1,0.7330449251968169,3,3,3,1.0822347402572632,0.05993703752756119,False,target,correct,2
Older,older_80_89,1688,20939,3,1,3,True,0.9925603027000326,0.12,0.8725603027000326,1,1,1,0.610975980758667,0.050521597266197205,False,target,correct,3
Older,older_80_89,1689,10122,2,3,2,True,1.026251654858241,0.45,0.576251654858241,3,3,3,0.021636247634887695,0.02988273650407791,False,target,correct,3
Older,older_80_89,1690,26413,1,3,1,True,0.9975496069459524,0.11,0.8875496069459524,3,3,3,0.8872576951980591,0.059725791215896606,False,target,correct,3
Older,older_80_89,1692,2345,2,0,0,False,1.0226354495839745,0.12,0.9026354495839745,0,0,0,0.948255181312561,0.06283021718263626,False,flanker,evidence-origin,3
Older,older_80_89,1693,23649,2,0,0,False,1.3899999856948853,0.14,1.2499999856948851,0,0,0,0.7273540496826172,0.05781785398721695,False,flanker,evidence-origin,5
Older,older_80_89,1694,7936,3,1,3,True,1.0265728641627936,0.12,0.9065728641627936,1,1,1,0.6737000942230225,0.05153375118970871,False,target,correct,3
Older,older_80_89,1700,22294,3,0,3,True,0.8959401270596826,0.18,0.7159401270596826,0,0,0,0.5643969774246216,0.06231804937124252,False,target,correct,2
Older,older_80_89,1702,16387,3,2,3,True,0.736145301942776,0.2,0.536145301942776,2,2,2,0.38140472769737244,0.0586952343583107,False,target,correct,1
Older,older_80_89,1704,13405,3,2,3,True,0.8288895692055767,0.12,0.7088895692055767,2,2,2,1.0747815370559692,0.06586600095033646,False,target,correct,2
Older,older_80_89,1705,26285,2,0,0,False,1.105121593931255,0.14,0.9651215939312551,0,0,0,0.6418935060501099,0.05564003437757492,False,flanker,evidence-origin,4
Older,older_80_89,1712,8117,2,3,3,False,0.6154700903084296,0.07,0.5454700903084295,3,3,3,1.798345685005188,0.06570824235677719,False,flanker,evidence-origin,1
Older,older_80_89,1713,9263,1,0,1,True,0.6519684878442575,0.18,0.47196848784425754,0,0,0,0.32969972491264343,0.06205520033836365,False,target,correct,1
Older,older_80_89,1714,14065,2,3,3,False,0.898824452140589,0.13,0.768824452140589,3,3,3,0.923169732093811,0.06459552049636841,False,flanker,evidence-origin,2
Older,older_80_89,1715,27608,0,1,0,True,1.0749754984118733,0.13,0.9449754984118733,1,1,1,0.5457453727722168,0.056772381067276,False,target,correct,4
Older,older_80_89,1719,26985,1,0,0,False,0.7457824014169973,0.16,0.5857824014169972,0,0,0,0.5548965930938721,0.06519608944654465,False,flanker,evidence-origin,1
Older,older_80_89,1723,28291,2,1,1,False,0.5789610948827116,0.07,0.5089610948827117,1,1,1,1.7762246131896973,0.06487103551626205,False,flanker,evidence-origin,1
Older,older_80_89,1727,5132,2,0,0,False,0.9264133121182475,0.14,0.7864133121182475,0,0,0,0.844915509223938,0.06374391913414001,False,flanker,evidence-origin,3
Older,older_80_89,1729,6356,0,1,0,True,0.7898687204440635,0.18,0.6098687204440636,1,1,1,0.333881676197052,0.05472409725189209,False,target,correct,2
Older,older_80_89,1731,8158,3,1,1,False,1.0198237698212615,0.1,0.9198237698212616,1,1,1,0.9509158134460449,0.05261234939098358,False,flanker,evidence-origin,3
Older,older_80_89,1732,23703,2,3,2,True,1.2793004131871648,0.59,0.6893004131871648,2,2,2,0.5640847086906433,0.028215937316417694,False,target,correct,5
Older,older_80_89,1735,17738,3,2,3,True,1.2073316639064904,0.54,0.6673316639064903,3,3,3,0.9678699374198914,0.046054065227508545,False,target,correct,4
Older,older_80_89,1741,12766,1,3,1,True,0.8798856170027094,0.15,0.7298856170027094,3,3,3,0.5366300344467163,0.053371965885162354,False,target,correct,2
Older,older_80_89,1742,14033,2,0,0,False,1.0885748404098352,0.11,0.9785748404098352,0,0,0,0.8569312691688538,0.05743555724620819,False,flanker,evidence-origin,4
Older,older_80_89,1745,4901,2,1,1,False,0.9731792350543752,0.07,0.9031792350543753,1,1,1,1.5357569456100464,0.05871182680130005,False,flanker,evidence-origin,3
Older,older_80_89,1746,32455,1,0,1,True,0.8072201826991918,0.14,0.6672201826991918,0,0,0,0.7833440899848938,0.06474681943655014,False,target,correct,2
Older,older_80_89,1747,9001,3,1,3,True,1.1909561193063143,0.3,0.8909561193063142,3,3,3,0.8070083856582642,0.020965859293937683,False,target,correct,4
Older,older_80_89,1748,5238,2,3,3,False,1.2441133802901772,0.09,1.154113380290177,3,3,3,1.5154622793197632,0.0686916783452034,False,flanker,evidence-origin,4
Older,older_80_89,1750,21346,2,3,3,False,1.0202979422677652,0.13,0.8902979422677652,3,3,3,0.8544250726699829,0.061498455703258514,False,flanker,evidence-origin,3
Older,older_80_89,1751,734,2,0,2,True,1.0054686455557635,0.12,0.8854686455557635,0,0,0,0.6971218585968018,0.05345096439123154,False,target,correct,3
Older,older_80_89,1752,30274,1,0,0,False,0.8494027909905872,0.09,0.7594027909905873,0,0,0,1.1264392137527466,0.06006671488285065,False,flanker,evidence-origin,2
Older,older_80_89,1753,8710,1,3,1,True,0.7408357122756704,0.14,0.6008357122756703,3,3,3,0.5331960916519165,0.05087193101644516,False,target,correct,1
Older,older_80_89,1754,11971,1,3,1,True,0.7566023062359292,0.19,0.5666023062359291,3,1,3,0.42468971014022827,0.025224298238754272,False,target,correct,1
Older,older_80_89,1756,3044,3,1,3,True,0.5615425307103845,0.14,0.4215425307103845,1,1,1,0.5051892995834351,0.047103047370910645,False,target,correct,1
Older,older_80_89,1758,23834,3,0,3,True,1.0273040559837607,0.15,0.8773040559837607,0,0,0,0.7799625396728516,0.06505189836025238,False,target,correct,3
Older,older_80_89,1760,17559,1,3,1,True,0.8565221131522146,0.14,0.7165221131522146,3,3,3,0.4035656452178955,0.04764118045568466,False,target,correct,2
Older,older_80_89,1761,22307,0,3,0,True,1.3244062983134743,0.75,0.5744062983134743,0,0,0,1.1944535970687866,0.04988088458776474,False,target,correct,5
Older,older_80_89,1763,18955,2,1,2,True,1.4511999758263323,0.47000000000000003,0.9811999758263323,2,2,2,0.9120156168937683,0.04614190757274628,False,target,correct,5
Older,older_80_89,1764,13221,3,0,3,True,0.9947418926568166,0.11,0.8847418926568166,0,0,0,1.157718539237976,0.06392966210842133,False,target,correct,3
Older,older_80_89,1765,19460,0,1,0,True,1.8052983983618038,0.73,1.0752983983618039,0,0,0,0.9981895089149475,0.06704360991716385,False,target,correct,5
Older,older_80_89,1766,29245,1,2,1,True,0.6938494858793176,0.3,0.3938494858793176,1,1,1,0.968018651008606,0.025481969118118286,False,target,correct,1
Older,older_80_89,1768,23969,1,0,0,False,0.5440476920567312,0.08,0.4640476920567312,0,0,0,1.3412933349609375,0.060656264424324036,False,flanker,evidence-origin,1
Older,older_80_89,1769,18870,1,0,1,True,1.1346168405654307,0.14,0.9946168405654306,0,0,0,0.6851162910461426,0.06111042946577072,False,target,correct,4
Older,older_80_89,1775,4415,3,0,0,False,0.5674522862526101,0.11,0.45745228625261014,0,0,0,1.262035608291626,0.06808218359947205,False,flanker,evidence-origin,1
Older,older_80_89,1776,14980,1,0,0,False,0.9432507923747206,0.08,0.8632507923747207,0,0,0,1.4003777503967285,0.06036834418773651,False,flanker,evidence-origin,3
Older,older_80_89,1778,29191,0,1,0,True,0.8013154421749072,0.24,0.5613154421749073,0,0,0,1.4060359001159668,0.0354343056678772,False,target,correct,2
Older,older_80_89,1780,5073,1,0,0,False,0.7855609392731042,0.08,0.7055609392731043,0,0,0,1.4956525564193726,0.06346548348665237,False,flanker,evidence-origin,2
Older,older_80_89,1781,13745,0,2,2,False,1.274733817651413,0.79,0.4847338176514129,0,0,0,0.8993487358093262,0.026366397738456726,True,flanker,fallback,4
Older,older_80_89,1784,14119,3,0,3,True,0.7772659781990701,0.17,0.60726597819907,0,0,0,0.3831900358200073,0.05638919025659561,False,target,correct,2
Older,older_80_89,1787,17650,2,0,0,False,0.9010852322600124,0.1,0.8010852322600124,0,0,0,1.0489277839660645,0.057583510875701904,False,flanker,evidence-origin,2
Older,older_80_89,1788,33354,3,2,3,True,1.6589195841398392,0.6,1.058919584139839,3,3,3,0.738286554813385,0.04310639202594757,False,target,correct,5
Older,older_80_89,1790,2976,3,2,3,True,1.2439154571714646,0.6,0.6439154571714646,3,3,3,0.824178159236908,0.05174835026264191,False,target,correct,4
Older,older_80_89,1794,23696,0,1,0,True,1.4506614853205135,0.65,0.8006614853205135,0,0,0,0.9009389281272888,0.05831316113471985,False,target,correct,5
Older,older_80_89,1795,4106,1,2,1,True,1.0907796450861962,0.44,0.6507796450861962,1,1,1,0.7237964868545532,0.040444836020469666,False,target,correct,4
Older,older_80_89,1800,4578,0,1,0,True,1.339770135356934,0.77,0.569770135356934,0,0,0,0.9429047703742981,0.06851383298635483,False,target,correct,5
Older,older_80_89,1801,9171,1,2,1,True,1.1916015364579386,0.49,0.7016015364579387,1,1,1,0.6062691807746887,0.04456331580877304,False,target,correct,4
Older,older_80_89,1802,7323,0,3,0,True,0.8892419818370282,0.13,0.7592419818370282,3,3,3,0.5846586227416992,0.05739901214838028,False,target,correct,2
Older,older_80_89,1807,15309,2,0,0,False,0.8466711959000925,0.15,0.6966711959000925,0,0,0,0.5913754105567932,0.05717761814594269,False,flanker,evidence-origin,2
Older,older_80_89,1808,9578,0,2,2,False,1.9039632041393504,0.79,1.1139632041393503,0,0,0,0.786374568939209,0.01320049911737442,True,flanker,fallback,5
Older,older_80_89,1810,20649,2,3,3,False,0.8418687954162223,0.1,0.7418687954162223,3,3,3,1.3740025758743286,0.06588353216648102,False,flanker,evidence-origin,2
Older,older_80_89,1812,7161,2,3,3,False,0.6078038328517468,0.1,0.5078038328517468,3,3,3,1.3118102550506592,0.06507772207260132,False,flanker,evidence-origin,1
Older,older_80_89,1813,22456,3,1,3,True,0.9853964954650476,0.12,0.8653964954650476,1,1,1,0.781269907951355,0.05613850802183151,False,target,correct,3
Older,older_80_89,1814,16270,0,1,0,True,0.8777834307423977,0.1,0.7777834307423978,1,1,1,0.9230555295944214,0.05934614688158035,False,target,correct,2
Older,older_80_89,1816,11179,0,1,0,True,1.1961017334976627,0.38,0.8161017334976627,0,0,0,1.4138058423995972,0.038174182176589966,False,target,correct,4
Older,older_80_89,1818,2783,2,0,0,False,0.8463149433242217,0.1,0.7463149433242218,0,0,0,0.9168676733970642,0.05499264597892761,False,flanker,evidence-origin,2
Older,older_80_89,1819,13852,1,2,1,True,1.0118072668371454,0.29,0.7218072668371454,1,1,1,0.9490346312522888,0.03956643491983414,False,target,correct,3
Older,older_80_89,1820,24915,0,3,0,True,1.4328940720127321,0.68,0.7528940720127321,0,0,0,0.9935659170150757,0.055925674736499786,False,target,correct,5
Older,older_80_89,1822,1053,1,3,3,False,1.7045887704393772,0.79,0.9145887704393771,1,1,1,1.0063574314117432,0.04432842135429382,True,flanker,fallback,5
Older,older_80_89,1823,23987,3,2,3,True,1.4470880584861954,0.63,0.8170880584861954,3,3,3,0.85563725233078,0.053268492221832275,False,target,correct,5
Older,older_80_89,1824,10571,3,0,3,True,1.237926159771984,0.12,1.1179261597719838,0,0,0,1.029402494430542,0.06441105157136917,False,target,correct,4
Older,older_80_89,1825,3452,2,0,2,True,0.876295846925574,0.14,0.736295846925574,0,0,0,0.3712913990020752,0.04783029109239578,False,target,correct,2
Older,older_80_89,1829,26271,3,0,0,False,0.9024728347536406,0.1,0.8024728347536406,0,0,0,1.3389970064163208,0.06579156965017319,False,flanker,evidence-origin,2
Older,older_80_89,1831,13666,0,3,0,True,0.8563338545394952,0.1,0.7563338545394952,3,3,3,0.940967857837677,0.058111049234867096,False,target,correct,2
Older,older_80_89,1832,28624,1,2,1,True,1.0285989073465165,0.1,0.9285989073465165,2,2,2,0.8303747773170471,0.051753200590610504,False,target,correct,3
Older,older_80_89,1835,5291,3,1,3,True,1.24132734341002,0.28,0.96132734341002,3,3,3,0.760769248008728,0.024272799491882324,False,target,correct,4
Older,older_80_89,1836,13735,1,0,0,False,0.65192999934225,0.07,0.58192999934225,0,0,0,1.6778241395950317,0.06192654371261597,False,flanker,evidence-origin,1
Older,older_80_89,1839,23334,3,2,3,True,0.8300097921671029,0.24,0.5900097921671029,2,2,2,0.13457712531089783,0.05609840154647827,False,target,correct,2
Older,older_80_89,1840,5864,3,0,3,True,0.723400837360473,0.17,0.553400837360473,0,0,0,0.23589736223220825,0.05260470509529114,False,target,correct,1
Older,older_80_89,1841,27532,3,0,3,True,0.8371695978816115,0.16,0.6771695978816115,0,0,0,0.7000267505645752,0.06547901034355164,False,target,correct,2
Older,older_80_89,1842,19897,2,1,1,False,1.0702530355560533,0.14,0.9302530355560533,1,1,1,0.957990825176239,0.06237875670194626,False,flanker,evidence-origin,4
Older,older_80_89,1844,30498,0,3,0,True,0.9672608976994089,0.16,0.8072608976994089,3,3,3,0.1622837781906128,0.05257508158683777,False,target,correct,3
Older,older_80_89,1845,11643,2,0,2,True,1.1404840138728851,0.13,1.010484013872885,0,0,0,0.7011256217956543,0.05857675522565842,False,target,correct,4
Older,older_80_89,1848,8859,3,0,3,True,1.2961350713629574,0.15,1.1461350713629574,0,0,0,0.8978179097175598,0.06929990649223328,False,target,correct,5
Older,older_80_89,1849,5888,2,0,0,False,0.49640457620868833,0.14,0.3564045762086883,0,0,0,0.7248412370681763,0.06011069566011429,False,flanker,evidence-origin,1
Older,older_80_89,1851,25406,2,0,2,True,1.0161304151378314,0.12,0.8961304151378314,0,0,0,0.7846120595932007,0.05660220980644226,False,target,correct,3
Older,older_80_89,1852,9073,0,1,1,False,0.9888926137468124,0.15,0.8388926137468123,1,1,1,0.8284940123558044,0.06350020319223404,False,flanker,evidence-origin,3
Older,older_80_89,1854,22336,0,3,0,True,1.4215337709306475,0.7000000000000001,0.7215337709306474,0,0,0,1.1686174869537354,0.035271406173706055,False,target,correct,5
Older,older_80_89,1856,10537,1,2,1,True,1.1059470412951977,0.58,0.5259470412951978,1,1,1,0.631199061870575,0.0459541454911232,False,target,correct,4
Older,older_80_89,1861,13505,3,1,3,True,0.5436120126295596,0.16,0.3836120126295596,1,1,1,0.5103482604026794,0.05150597542524338,False,target,correct,1
Older,older_80_89,1862,12531,1,0,0,False,0.8192257389069263,0.11,0.7092257389069263,0,0,0,1.0438648462295532,0.0635947734117508,False,flanker,evidence-origin,2
Older,older_80_89,1863,4563,1,3,1,True,0.8614871119384642,0.09,0.7714871119384642,3,3,3,0.7769092321395874,0.04721488058567047,False,target,correct,2
Older,older_80_89,1864,14522,2,0,0,False,0.8903482941960832,0.12,0.7703482941960832,0,0,0,0.7352461814880371,0.050840310752391815,False,flanker,evidence-origin,2
Older,older_80_89,1867,21524,2,0,0,False,0.8574457082722556,0.09,0.7674457082722557,0,0,0,1.023506999015808,0.05581699311733246,False,flanker,evidence-origin,2
Older,older_80_89,1869,12506,3,2,3,True,0.7574052872987167,0.15,0.6074052872987167,2,2,2,0.728691577911377,0.06319452822208405,False,target,correct,1
Older,older_80_89,1870,26481,3,2,3,True,0.806312229120469,0.13,0.676312229120469,2,2,2,0.9198721647262573,0.06484132260084152,False,target,correct,2
Older,older_80_89,1871,745,0,3,3,False,0.9309673901409894,0.09,0.8409673901409894,3,3,3,1.2845778465270996,0.062305353581905365,False,flanker,evidence-origin,3
Older,older_80_89,1872,30462,3,2,3,True,0.9301006699555964,0.18,0.7501006699555963,2,2,2,0.43368637561798096,0.057085104286670685,False,target,correct,3
Older,older_80_89,1873,16305,3,1,3,True,1.183106369563745,0.12,1.0631063695637448,1,1,1,0.7498391270637512,0.051686592400074005,False,target,correct,4
Older,older_80_89,1874,15433,1,2,1,True,0.8833419937966394,0.09,0.7933419937966394,2,2,2,1.0375263690948486,0.0556461438536644,False,target,correct,2
Older,older_80_89,1876,10790,1,3,1,True,0.7227674761417832,0.13,0.5927674761417832,3,3,3,0.2383696436882019,0.04635724425315857,False,target,correct,1
Older,older_80_89,1877,1957,2,1,2,True,1.095839305086662,0.18,0.915839305086662,1,1,1,0.38328662514686584,0.06033610552549362,False,target,correct,4
Older,older_80_89,1878,23931,2,0,0,False,0.48475623574092175,0.09,0.3947562357409218,0,0,0,0.9716577529907227,0.050911761820316315,False,flanker,evidence-origin,1
Older,older_80_89,1879,23536,0,1,0,True,1.2373156141502655,0.51,0.7273156141502655,0,0,0,0.9020601511001587,0.06418843567371368,False,target,correct,4
Older,older_80_89,1882,15154,0,2,2,False,0.47518846636421164,0.1,0.37518846636421166,2,2,2,1.1179825067520142,0.05981188267469406,False,flanker,evidence-origin,1
Older,older_80_89,1884,13755,1,3,1,True,0.9064262783471615,0.23,0.6764262783471615,3,3,3,0.0837714672088623,0.04653782397508621,False,target,correct,2
Older,older_80_89,1885,3744,0,1,0,True,1.4696918942657733,0.79,0.6796918942657733,0,0,0,0.9802364706993103,0.05553966015577316,True,target,correct,5
Older,older_80_89,1886,7315,3,1,3,True,0.8367852203293881,0.13,0.7067852203293881,1,1,1,0.5623385310173035,0.05017206072807312,False,target,correct,2
Older,older_80_89,1887,3995,0,3,0,True,1.664623579954379,0.72,0.944623579954379,0,0,0,1.1763521432876587,0.03712307661771774,False,target,correct,5
Older,older_80_89,1888,26341,1,0,0,False,0.7376855314613585,0.14,0.5976855314613585,0,0,0,0.9859188199043274,0.07176590710878372,False,flanker,evidence-origin,1
Older,older_80_89,1891,863,0,3,0,True,1.1462642913339982,0.28,0.8662642913339982,0,0,0,0.6125078201293945,0.029907360672950745,False,target,correct,4
Older,older_80_89,1892,29242,1,3,1,True,0.9421019217693704,0.14,0.8021019217693703,3,3,3,0.5924723148345947,0.05391985923051834,False,target,correct,3
Older,older_80_89,1893,18780,0,3,0,True,1.3630073592883596,0.77,0.5930073592883596,0,0,0,1.1836822032928467,0.04614698141813278,False,target,correct,5
Older,older_80_89,1894,8853,2,3,2,True,1.2707062066134929,0.17,1.100706206613493,3,3,3,0.3995085060596466,0.05351037532091141,False,target,correct,4
Older,older_80_89,1896,7749,3,1,1,False,1.7749510884784376,0.79,0.9849510884784376,3,3,3,0.7171471118927002,0.04213159531354904,True,flanker,fallback,5
Older,older_80_89,1897,18323,1,0,1,True,0.6520354394143388,0.11,0.5420354394143388,0,0,0,0.958235502243042,0.05933340638875961,False,target,correct,1
Older,older_80_89,1898,30489,3,0,0,False,0.9264752854000635,0.08,0.8464752854000636,0,0,0,1.5137649774551392,0.06271136552095413,False,flanker,evidence-origin,3
Older,older_80_89,1899,26518,2,1,2,True,1.251948083089559,0.42,0.8319480830895591,2,2,2,1.1910831928253174,0.050098076462745667,False,target,correct,4
Older,older_80_89,1903,22195,0,2,2,False,0.8889617809089154,0.15,0.7389617809089154,2,2,2,0.6363664865493774,0.055636927485466,False,flanker,evidence-origin,2
Older,older_80_89,1904,10248,2,1,2,True,0.4487840313510322,0.13,0.31878403135103217,1,1,1,0.9497398138046265,0.061625994741916656,False,target,correct,1
Older,older_80_89,1909,32340,1,0,1,True,0.9668611908535862,0.18,0.7868611908535863,0,0,0,0.5519911050796509,0.06492365896701813,False,target,correct,3
Older,older_80_89,1910,11857,0,1,0,True,0.9442678712688604,0.45,0.49426787126886035,0,0,0,0.887789785861969,0.05819164216518402,False,target,correct,3
Older,older_80_89,1911,9581,3,1,3,True,1.2735032405797506,0.32,0.9535032405797506,3,3,3,0.8135244846343994,0.029531389474868774,False,target,correct,4
Older,older_80_89,1913,21458,3,1,3,True,1.2064664640180798,0.14,1.0664664640180797,1,1,1,0.5856412649154663,0.05332984775304794,False,target,correct,4
Older,older_80_89,1915,28729,3,1,3,True,1.6095106624596387,0.54,1.0695106624596387,3,3,3,0.9156487584114075,0.052807748317718506,False,target,correct,5
Older,older_80_89,1919,13636,1,3,3,False,0.7780132595093235,0.17,0.6080132595093235,3,3,3,0.5617121458053589,0.06119299679994583,False,flanker,evidence-origin,2
Older,older_80_89,1920,32096,1,0,0,False,1.0861842051664925,0.13,0.9561842051664925,0,0,0,0.8607402443885803,0.06085686385631561,False,flanker,evidence-origin,4
Older,older_80_89,1921,11868,0,1,0,True,1.1432881563925779,0.2,0.9432881563925779,1,1,1,0.17797604203224182,0.049686744809150696,False,target,correct,4
Older,older_80_89,1922,13205,3,1,1,False,1.0033121400614364,0.08,0.9233121400614365,1,1,1,1.0593101978302002,0.050501249730587006,False,flanker,evidence-origin,3
Older,older_80_89,1923,24312,3,1,1,False,0.5002804672751289,0.11,0.3902804672751289,1,1,1,0.8777993321418762,0.05185981094837189,False,flanker,evidence-origin,1
Older,older_80_89,1924,23844,0,3,0,True,1.5096909361809152,0.7000000000000001,0.8096909361809151,0,0,0,1.0066556930541992,0.04944854974746704,False,target,correct,5
Older,older_80_89,1925,12692,2,1,2,True,0.9647282415267402,0.16,0.8047282415267402,1,1,1,0.6762949824333191,0.061219967901706696,False,target,correct,3
Older,older_80_89,1928,2599,2,1,1,False,0.7260667325295603,0.06,0.6660667325295604,1,1,1,1.758756160736084,0.06060969829559326,False,flanker,evidence-origin,1
Older,older_80_89,1929,33475,3,2,3,True,1.424185439481392,0.45,0.974185439481392,3,3,3,0.9467952251434326,0.025380417704582214,False,target,correct,5
Older,older_80_89,1930,26053,2,1,2,True,1.3260467815190224,0.54,0.7860467815190224,2,2,2,0.8782086968421936,0.03923560678958893,False,target,correct,5
Older,older_80_89,1934,11666,1,0,1,True,1.2608111466732903,0.77,0.4908111466732903,1,1,1,0.8823123574256897,0.07771623879671097,False,target,correct,4
Older,older_80_89,1935,9884,3,1,3,True,0.6936991184700901,0.14,0.5536991184700901,1,1,1,0.4353582262992859,0.04814373701810837,False,target,correct,1
Older,older_80_89,1938,22130,0,1,0,True,1.43636301608509,0.7000000000000001,0.7363630160850899,0,0,0,1.0448213815689087,0.06951472163200378,False,target,correct,5
Older,older_80_89,1939,33672,2,3,3,False,0.9437601547056054,0.16,0.7837601547056053,3,3,3,0.7908732891082764,0.06847884505987167,False,flanker,evidence-origin,3
Older,older_80_89,1940,13228,0,1,1,False,1.1031626014532334,0.79,0.3131626014532334,0,0,0,0.8623682260513306,0.037047065794467926,True,flanker,fallback,4
Older,older_80_89,1943,28049,0,3,0,True,1.8289869823026712,0.72,1.1089869823026712,0,0,0,1.0870722532272339,0.0414063036441803,False,target,correct,5
Older,older_80_89,1946,21564,2,3,3,False,0.7426552392183002,0.1,0.6426552392183003,3,3,3,1.396489143371582,0.0654044821858406,False,flanker,evidence-origin,1
Older,older_80_89,1950,25183,2,1,1,False,0.864693327963301,0.07,0.794693327963301,1,1,1,1.5055243968963623,0.05790738761425018,False,flanker,evidence-origin,2
Older,older_80_89,1952,16295,3,2,3,True,0.6291177513810429,0.14,0.48911775138104285,2,2,2,0.6878509521484375,0.058053359389305115,False,target,correct,1
Older,older_80_89,1954,13182,3,2,2,False,0.9478998572588264,0.15,0.7978998572588264,2,2,2,0.7107723355293274,0.062225475907325745,False,flanker,evidence-origin,3
Older,older_80_89,1956,3386,0,1,0,True,1.0047909933032844,0.15,0.8547909933032843,1,1,1,0.48056480288505554,0.05266068875789642,False,target,correct,3
Older,older_80_89,1959,16157,2,3,3,False,1.1364603860821811,0.09,1.046460386082181,3,3,3,1.418237566947937,0.0647597461938858,False,flanker,evidence-origin,4
Older,older_80_89,1960,11384,0,3,0,True,1.5931933061106125,0.79,0.8031933061106125,0,0,0,1.134803056716919,0.027820102870464325,True,target,correct,5
Older,older_80_89,1961,27097,2,3,3,False,0.637171161806695,0.1,0.537171161806695,3,3,3,1.0705631971359253,0.060029156506061554,False,flanker,evidence-origin,1
Older,older_80_89,1962,18816,0,1,0,True,1.1407236729118544,0.26,0.8807236729118544,0,0,0,1.4605861902236938,0.03722783923149109,False,target,correct,4
Older,older_80_89,1963,22181,2,1,1,False,0.5359843560838913,0.06,0.4759843560838913,1,1,1,1.8010505437850952,0.058828651905059814,False,flanker,evidence-origin,1
Older,older_80_89,1965,2835,0,3,0,True,1.7225397568688212,0.77,0.9525397568688212,0,0,0,1.1289901733398438,0.04383787512779236,False,target,correct,5
Older,older_80_89,1967,2828,2,0,0,False,0.6115067685429656,0.11,0.5015067685429656,0,0,0,0.8740934133529663,0.05599742382764816,False,flanker,evidence-origin,1
Older,older_80_89,1972,18505,0,2,2,False,1.1909269196472947,0.21,0.9809269196472947,2,2,2,0.3734511733055115,0.05505717545747757,False,flanker,evidence-origin,4
Older,older_80_89,1973,3853,1,3,1,True,0.6787459180519041,0.12,0.5587459180519041,3,3,3,0.6632369756698608,0.051764510571956635,False,target,correct,1
Older,older_80_89,1976,28915,1,0,1,True,0.9394592498948764,0.1,0.8394592498948764,0,0,0,1.012238621711731,0.05980421602725983,False,target,correct,3
Older,older_80_89,1977,30972,1,0,1,True,0.6158053158641892,0.12,0.4958053158641892,0,0,0,0.8905497193336487,0.06201142817735672,False,target,correct,1
Older,older_80_89,1979,681,1,2,1,True,0.8732981123384054,0.11,0.7632981123384054,2,2,2,0.6637648344039917,0.04931893199682236,False,target,correct,2
Older,older_80_89,1980,5806,2,0,0,False,1.084660315938975,0.08,1.0046603159389749,0,0,0,1.3693088293075562,0.0597342774271965,False,flanker,evidence-origin,4
Older,older_80_89,1981,8121,1,2,1,True,0.7136278338104571,0.13,0.5836278338104571,2,2,2,0.7775046825408936,0.06082529574632645,False,target,correct,1
Older,older_80_89,1982,17738,0,3,0,True,1.0306915592616628,0.67,0.36069155926166274,0,0,0,0.9169056415557861,0.058943092823028564,False,target,correct,3
Older,older_80_89,1985,965,0,1,0,True,0.9340544403616472,0.07,0.8640544403616472,1,1,1,1.5203274488449097,0.061796680092811584,False,target,correct,3
Older,older_80_89,1986,21913,0,2,2,False,0.7340344495208966,0.19,0.5440344495208966,2,2,2,0.24984368681907654,0.04595799744129181,False,flanker,evidence-origin,1
Older,older_80_89,1989,11911,1,3,1,True,1.3635171309285516,0.14,1.2235171309285517,3,3,3,0.43105584383010864,0.04932374507188797,False,target,correct,5
Older,older_80_89,1990,15634,2,3,3,False,0.5360454940132069,0.08,0.4560454940132069,3,3,3,1.5722692012786865,0.0630636066198349,False,flanker,evidence-origin,1
Older,older_80_89,1992,25892,2,1,1,False,0.7578546356581546,0.1,0.6578546356581546,1,1,1,1.2038850784301758,0.06106936186552048,False,flanker,evidence-origin,1
Older,older_80_89,1994,14976,0,1,0,True,1.7811005404508924,0.72,1.0611005404508924,0,0,0,1.0075424909591675,0.06941422820091248,False,target,correct,5
Older,older_80_89,1995,10757,0,1,0,True,1.1017972734470087,0.6,0.5017972734470088,0,0,0,0.846941351890564,0.050974950194358826,False,target,correct,4
Older,older_80_89,1998,5919,1,0,1,True,1.080340733699913,0.16,0.9203407336999129,0,0,0,0.5605796575546265,0.06455320119857788,False,target,correct,4
Older,older_80_89,2000,29587,1,2,1,True,1.171274597553737,0.12,1.051274597553737,2,2,2,0.7944631576538086,0.055914051830768585,False,target,correct,4
Older,older_80_89,2005,14711,3,0,3,True,1.1277439670219933,0.2,0.9277439670219934,0,0,0,0.44927313923835754,0.06673429906368256,False,target,correct,4
Older,older_80_89,2006,11112,0,3,0,True,1.4817644229857745,0.68,0.8017644229857744,0,0,0,0.8059875965118408,0.0391007736325264,False,target,correct,5
Older,older_80_89,2008,19523,1,2,1,True,1.4566452127328524,0.7000000000000001,0.7566452127328523,1,1,1,1.0120649337768555,0.05911906808614731,False,target,correct,5
Older,older_80_89,2009,25136,0,1,0,True,0.9574794166097803,0.12,0.8374794166097803,1,1,1,0.6766424179077148,0.0590321347117424,False,target,correct,3
Older,older_80_89,2010,9598,2,3,2,True,1.2095857527774736,0.24,0.9695857527774736,3,3,3,0.2793327271938324,0.05627511441707611,False,target,correct,4
Older,older_80_89,2011,22346,1,2,1,True,1.012232896153561,0.38,0.6322328961535609,1,1,1,0.8218315839767456,0.026392608880996704,False,target,correct,3
Older,older_80_89,2012,15131,0,1,0,True,1.5436727682236004,0.79,0.7536727682236004,0,0,0,0.977819561958313,0.060635849833488464,True,target,correct,5
Older,older_80_89,2014,31670,1,0,0,False,0.5329921503025932,0.15,0.38299215030259315,0,0,0,0.6564775109291077,0.06807311624288559,False,flanker,evidence-origin,1
Older,older_80_89,2015,24218,0,2,2,False,0.5195291583803967,0.21,0.30952915838039674,2,2,2,0.2412916123867035,0.04768480360507965,False,flanker,evidence-origin,1
Older,older_80_89,2017,24254,1,0,1,True,0.8460564304940887,0.12,0.7260564304940887,0,0,0,0.9186679124832153,0.06502953171730042,False,target,correct,2
Older,older_80_89,2018,167,3,1,1,False,0.5707198622718117,0.11,0.4607198622718117,1,1,1,0.9549908638000488,0.05500046908855438,False,flanker,evidence-origin,1
Older,older_80_89,2019,5352,2,3,3,False,0.8683252594847216,0.17,0.6983252594847216,3,3,3,0.45257768034935,0.057242684066295624,False,flanker,evidence-origin,2
Older,older_80_89,2020,12965,2,3,3,False,1.0866750617188723,0.13,0.9566750617188723,3,3,3,0.8277294635772705,0.06060487776994705,False,flanker,evidence-origin,4
Older,older_80_89,2023,6638,1,0,1,True,1.6595752486771531,0.72,0.9395752486771531,1,1,1,1.036810278892517,0.0750238373875618,False,target,correct,5
Older,older_80_89,2025,27660,3,1,3,True,0.6104237155550021,0.23,0.3804237155550021,1,3,1,0.06707519292831421,0.03548850119113922,False,target,correct,1
Older,older_80_89,2026,26943,0,2,2,False,1.9469460270930818,0.79,1.1569460270930818,0,0,0,0.7306702136993408,0.010737545788288116,True,flanker,fallback,5
Older,older_80_89,2027,23227,2,3,2,True,1.159149603880187,0.71,0.449149603880187,2,2,2,0.8806900978088379,0.02928803116083145,False,target,correct,4
Older,older_80_89,2028,30222,2,1,1,False,1.2164862087551382,0.2,1.0164862087551383,1,1,1,0.6918840408325195,0.060696884989738464,False,flanker,evidence-origin,4
Older,older_80_89,2031,8060,3,2,3,True,0.48426656832257864,0.13,0.35426656832257863,2,2,2,0.8591437935829163,0.06257961690425873,False,target,correct,1
Older,older_80_89,2036,21378,2,0,0,False,1.0443891032601482,0.16,0.8843891032601482,0,0,0,0.5278013944625854,0.05882670730352402,False,flanker,evidence-origin,3
Older,older_80_89,2037,11693,3,2,2,False,0.7204469861815799,0.14,0.5804469861815799,2,2,2,0.8219825625419617,0.06493491679430008,False,flanker,evidence-origin,1
Older,older_80_89,2038,5068,2,0,2,True,0.8718608342795744,0.13,0.7418608342795744,0,0,0,0.6573377847671509,0.05483537167310715,False,target,correct,2
Older,older_80_89,2039,377,1,0,1,True,0.6792849434121986,0.15,0.5292849434121986,0,0,0,0.673594057559967,0.06764907389879227,False,target,correct,1
Older,older_80_89,2041,3832,3,0,3,True,0.8425074775443807,0.12,0.7225074775443807,0,0,0,1.0527616739273071,0.06631384789943695,False,target,correct,2
Older,older_80_89,2044,22034,0,2,2,False,1.043978882944179,0.1,0.943978882944179,2,2,2,1.1494489908218384,0.06211720407009125,False,flanker,evidence-origin,3
Older,older_80_89,2047,11098,3,2,2,False,1.2578525402342429,0.15,1.107852540234243,2,2,2,0.703187882900238,0.060744598507881165,False,flanker,evidence-origin,4
Older,older_80_89,2048,23792,2,0,0,False,0.7196323087908774,0.13,0.5896323087908774,0,0,0,0.788419246673584,0.05879829823970795,False,flanker,evidence-origin,1
Older,older_80_89,2050,6621,3,0,3,True,0.69971698160113,0.11,0.5897169816011301,0,0,0,1.193716287612915,0.06731226295232773,False,target,correct,1
Older,older_80_89,2051,5749,3,0,0,False,0.5728778115465178,0.15,0.4228778115465178,0,0,0,0.9025399684906006,0.07048933207988739,False,flanker,evidence-origin,1
Older,older_80_89,2053,7154,0,2,2,False,1.7393431880665977,0.79,0.9493431880665977,0,0,0,1.0191409587860107,0.04438508301973343,True,flanker,fallback,5
Older,older_80_89,2056,27768,2,0,0,False,0.8449699063885281,0.13,0.7149699063885281,0,0,0,0.7676017880439758,0.05856200307607651,False,flanker,evidence-origin,2
Older,older_80_89,2057,22075,2,3,3,False,0.3500000238418579,0.1,0.25000002384185793,3,3,3,1.225122094154358,0.06277628988027573,False,flanker,evidence-origin,1
Older,older_80_89,2059,2062,2,0,0,False,0.8388216210296731,0.13,0.708821621029673,0,0,0,0.8519513607025146,0.06123992055654526,False,flanker,evidence-origin,2
Older,older_80_89,2060,6560,1,0,1,True,0.9335648720819161,0.18,0.7535648720819161,0,0,0,0.5053369402885437,0.06669743359088898,False,target,correct,3
Older,older_80_89,2062,8831,3,0,0,False,0.4502663815694438,0.12,0.3302663815694438,0,0,0,1.0978398323059082,0.06483231484889984,False,flanker,evidence-origin,1
Older,older_80_89,2064,1584,2,0,0,False,0.5430267372334515,0.12,0.4230267372334515,0,0,0,0.9753893613815308,0.061218470335006714,False,flanker,evidence-origin,1
Older,older_80_89,2065,1723,0,3,0,True,1.0137772239227307,0.18,0.8337772239227308,3,0,3,0.13745802640914917,0.047451771795749664,False,target,correct,3
Older,older_80_89,2067,20831,3,1,3,True,1.1807308446121967,0.14,1.0407308446121966,1,1,1,0.40688037872314453,0.04203139245510101,False,target,correct,4
Older,older_80_89,2068,12154,0,2,2,False,0.9031723675530668,0.17,0.7331723675530668,2,2,2,0.3478007912635803,0.048871420323848724,False,flanker,evidence-origin,2
Older,older_80_89,2069,1478,1,3,1,True,0.8434758680963436,0.16,0.6834758680963435,3,3,3,0.33521127700805664,0.050044380128383636,False,target,correct,2
Older,older_80_89,2070,15966,0,3,0,True,1.2287826151591987,0.66,0.5687826151591987,0,0,0,0.8476700186729431,0.04449370503425598,False,target,correct,4
Older,older_80_89,2072,16355,0,1,0,True,1.1358206449460397,0.07,1.0658206449460397,1,1,1,1.604357361793518,0.06231216341257095,False,target,correct,4
Older,older_80_89,2073,11656,0,3,0,True,1.6321108079528124,0.73,0.9021108079528124,0,0,0,1.1374620199203491,0.03543858230113983,False,target,correct,5
Older,older_80_89,2074,5554,3,0,3,True,0.9701396348334267,0.15,0.8201396348334267,0,0,0,0.8162401914596558,0.06205242872238159,False,target,correct,3
Older,older_80_89,2075,25300,0,1,0,True,1.641393262796268,0.63,1.0113932627962678,0,0,0,0.8866987824440002,0.05375456064939499,False,target,correct,5
Older,older_80_89,2080,2427,1,3,3,False,0.826104752978238,0.1,0.7261047529782381,3,3,3,0.9706322550773621,0.05652007460594177,False,flanker,evidence-origin,2
Older,older_80_89,2081,823,2,3,3,False,1.2728141088797162,0.32,0.9528141088797162,3,3,3,0.14878159761428833,0.036875590682029724,False,flanker,evidence-origin,4
Older,older_80_89,2084,2908,0,1,0,True,0.8615589723683634,0.17,0.6915589723683634,1,1,1,0.4218030869960785,0.054219797253608704,False,target,correct,2
Older,older_80_89,2085,12211,2,1,1,False,0.7503647138201782,0.11,0.6403647138201782,1,1,1,1.1208746433258057,0.06155598163604736,False,flanker,evidence-origin,1
Older,older_80_89,2087,23713,0,2,2,False,0.8374368573539517,0.12,0.7174368573539517,2,2,2,0.7181929349899292,0.053668469190597534,False,flanker,evidence-origin,2
Older,older_80_89,2088,7451,2,0,0,False,0.6099688823824071,0.12,0.4899688823824071,0,0,0,0.9046679735183716,0.05976720154285431,False,flanker,evidence-origin,1
Older,older_80_89,2089,25922,1,3,3,False,1.5742459649184735,0.79,0.7842459649184734,1,1,1,1.1040968894958496,0.04703515022993088,True,flanker,fallback,5
Older,older_80_89,2091,1080,3,2,3,True,1.3374805909853607,0.71,0.6274805909853607,3,3,3,0.9382803440093994,0.05600439012050629,False,target,correct,5
Older,older_80_89,2094,21723,2,1,1,False,1.056838548684696,0.07,0.986838548684696,1,1,1,1.5904539823532104,0.06274273991584778,False,flanker,evidence-origin,3
Older,older_80_89,2095,22623,0,1,0,True,0.8972775212114985,0.12,0.7772775212114985,1,1,1,0.7706702947616577,0.055025167763233185,False,target,correct,2
Older,older_80_89,2097,20156,2,1,2,True,0.89100329162872,0.17,0.72100329162872,1,1,1,0.6579130291938782,0.05643564462661743,False,target,correct,2
Older,older_80_89,2098,20681,0,3,0,True,1.3692483285124646,0.6900000000000001,0.6792483285124645,0,0,0,1.1484566926956177,0.04920656979084015,False,target,correct,5
Older,older_80_89,2099,15393,1,0,0,False,0.8404567940874316,0.13,0.7104567940874316,0,0,0,1.0206298828125,0.06881517916917801,False,flanker,evidence-origin,2
Older,older_80_89,2101,10578,1,2,1,True,1.418276249477574,0.67,0.748276249477574,1,1,1,0.9936449527740479,0.058655962347984314,False,target,correct,5
Older,older_80_89,2104,6936,2,1,1,False,0.4328209528614567,0.07,0.3628209528614567,1,1,1,1.4523861408233643,0.05657670646905899,False,flanker,evidence-origin,1
Older,older_80_89,2105,32926,1,3,1,True,0.7227065429516537,0.12,0.6027065429516537,3,3,3,0.7636245489120483,0.058556243777275085,False,target,correct,1
Older,older_80_89,2106,22315,2,1,2,True,0.8838875443192515,0.12,0.7638875443192515,1,1,1,0.962073028087616,0.05800637602806091,False,target,correct,2
Older,older_80_89,2107,26620,1,0,0,False,0.8435037602497242,0.14,0.7035037602497242,0,0,0,0.7073685526847839,0.06299377232789993,False,flanker,evidence-origin,2
Older,older_80_89,2108,5923,3,2,3,True,1.2028968208138746,0.2,1.0028968208138747,2,2,2,0.37337955832481384,0.05794801563024521,False,target,correct,4
Older,older_80_89,2110,11068,1,0,0,False,0.7803500416206262,0.09,0.6903500416206262,0,0,0,1.2977851629257202,0.06456376612186432,False,flanker,evidence-origin,2
Older,older_80_89,2113,30438,2,3,2,True,0.6656736127121003,0.23,0.43567361271210037,3,3,3,0.1194659173488617,0.05526252090930939,False,target,correct,1
Older,older_80_89,2114,28701,1,2,1,True,1.051312363052888,0.43,0.6213123630528881,1,1,1,0.8278346061706543,0.027972258627414703,False,target,correct,3
Older,older_80_89,2115,27354,1,2,1,True,1.0334400831317865,0.12,0.9134400831317865,2,2,2,0.400912880897522,0.0453033372759819,False,target,correct,3
Older,older_80_89,2116,20135,3,2,3,True,0.8311703120475143,0.14,0.6911703120475143,2,2,2,0.7930446267127991,0.062333665788173676,False,target,correct,2
Older,older_80_89,2118,25724,0,3,0,True,1.6761294819556796,0.73,0.9461294819556796,0,0,0,1.1145999431610107,0.025567099452018738,False,target,correct,5
Older,older_80_89,2119,17236,1,0,0,False,0.5875206710838716,0.07,0.5175206710838716,0,0,0,1.5285942554473877,0.05984926223754883,False,flanker,evidence-origin,1
Older,older_80_89,2120,3439,3,0,3,True,1.0225234900312425,0.1,0.9225234900312426,0,0,0,1.3248114585876465,0.06655564904212952,False,target,correct,3
Older,older_80_89,2121,28396,0,3,0,True,1.2749823586171587,0.76,0.5149823586171587,0,0,0,1.0516198873519897,0.025135666131973267,False,target,correct,4
Older,older_80_89,2122,24834,0,3,3,False,0.9559803058160385,0.17,0.7859803058160385,3,3,3,0.27471980452537537,0.05479767173528671,False,flanker,evidence-origin,3
Older,older_80_89,2129,14399,2,1,2,True,0.8518801654230844,0.14,0.7118801654230844,1,1,1,0.8961613178253174,0.06207026541233063,False,target,correct,2
Older,older_80_89,2130,32564,1,3,1,True,0.7253290462375966,0.19,0.5353290462375966,3,3,3,0.325120747089386,0.05502574145793915,False,target,correct,1
Older,older_80_89,2131,3748,2,3,3,False,0.8816283344581702,0.07,0.8116283344581703,3,3,3,1.732121229171753,0.06403198093175888,False,flanker,evidence-origin,2
Older,older_80_89,2133,7194,0,3,0,True,0.6175656751258143,0.12,0.4975656751258143,3,3,3,0.6917417049407959,0.05779661983251572,False,target,correct,1
Older,older_80_89,2135,31867,0,1,0,True,0.8365696823699924,0.11,0.7265696823699924,1,1,1,0.9523106217384338,0.05941972881555557,False,target,correct,2
Older,older_80_89,2137,9058,3,2,2,False,1.049482031211196,0.23,0.8194820312111961,2,2,2,0.2658739387989044,0.062482140958309174,False,flanker,evidence-origin,3
Older,older_80_89,2140,8168,1,3,3,False,0.5056575754556427,0.06,0.4456575754556427,3,3,3,1.2711172103881836,0.05039876699447632,False,flanker,evidence-origin,1
Older,older_80_89,2141,32692,0,3,0,True,0.8626993976159131,0.13,0.7326993976159131,3,3,3,0.5136702656745911,0.05629197508096695,False,target,correct,2
Older,older_80_89,2142,18934,3,2,3,True,0.9368679717358214,0.14,0.7968679717358214,2,2,2,0.8550560474395752,0.06570956856012344,False,target,correct,3
Older,older_80_89,2143,31390,3,0,3,True,0.8015296568173225,0.15,0.6515296568173224,0,0,0,0.7829310297966003,0.06584403663873672,False,target,correct,2
Older,older_80_89,2144,11947,1,2,1,True,1.185395599458023,0.51,0.675395599458023,1,1,1,0.782886803150177,0.03557799756526947,False,target,correct,4
Older,older_80_89,2146,23076,3,0,3,True,1.095721643565138,0.11,0.985721643565138,0,0,0,1.05966055393219,0.06040142476558685,False,target,correct,4
Older,older_80_89,2147,7976,3,2,3,True,1.2419404260476954,0.47000000000000003,0.7719404260476954,3,3,3,0.98736572265625,0.038651131093502045,False,target,correct,4
Older,older_80_89,2149,17323,1,0,0,False,0.9531065321907504,0.16,0.7931065321907503,0,0,0,0.7716535925865173,0.0731280967593193,False,flanker,evidence-origin,3
Older,older_80_89,2154,22369,1,3,3,False,0.8539977511818343,0.13,0.7239977511818343,3,3,3,0.6795982718467712,0.05628960579633713,False,flanker,evidence-origin,2
Older,older_80_89,2156,13390,2,1,2,True,0.9177412210069861,0.17,0.747741221006986,1,1,1,0.6335724592208862,0.06048894673585892,False,target,correct,3
Older,older_80_89,2157,20455,3,2,2,False,0.9315193912942594,0.19,0.7415193912942595,2,2,2,0.5279567241668701,0.06282400339841843,False,flanker,evidence-origin,3
Older,older_80_89,2158,15408,1,2,1,True,1.1437822322497035,0.13,1.0137822322497034,2,2,2,0.43378540873527527,0.04913708567619324,False,target,correct,4
Older,older_80_89,2159,10193,3,1,3,True,1.0433201572757722,0.45,0.5933201572757723,3,3,3,0.5864325761795044,0.03776776045560837,False,target,correct,3
Older,older_80_89,2160,33932,1,2,1,True,1.0422229110593568,0.11,0.9322229110593568,2,2,2,0.5328140258789062,0.04597817361354828,False,target,correct,3
Older,older_80_89,2165,12366,0,3,0,True,0.9952730575919345,0.13,0.8652730575919345,3,3,3,0.5586344003677368,0.05593087524175644,False,target,correct,3
Older,older_80_89,2166,2775,2,0,0,False,0.903480405162744,0.13,0.773480405162744,0,0,0,0.7802330255508423,0.05993974208831787,False,flanker,evidence-origin,2
Older,older_80_89,2167,21157,0,3,0,True,1.744822497226028,0.76,0.984822497226028,0,0,0,1.0553882122039795,0.045448146760463715,False,target,correct,5
Older,older_80_89,2170,3168,1,0,1,True,0.36740836477928773,0.11,0.25740836477928775,0,0,0,0.8500922918319702,0.059098802506923676,False,target,correct,1
Older,older_80_89,2171,21342,3,1,3,True,0.9380046072229323,0.15,0.7880046072229323,1,1,1,0.43189647793769836,0.049298353493213654,False,target,correct,3
Older,older_80_89,2173,24006,2,0,2,True,0.58132175745697,0.12,0.46132175745697,0,0,0,0.7454105615615845,0.05430363118648529,False,target,correct,1
Older,older_80_89,2176,8382,0,1,0,True,0.9390386691114548,0.12,0.8190386691114548,1,1,1,0.7412528991699219,0.054564282298088074,False,target,correct,3
Older,older_80_89,2179,21425,0,2,2,False,1.0982701011260338,0.25,0.8482701011260338,2,2,2,0.1677987277507782,0.04654169827699661,False,flanker,evidence-origin,4
Older,older_80_89,2180,30696,1,0,1,True,1.2444741568411088,0.13,1.114474156841109,0,0,0,0.8208986520767212,0.06491083651781082,False,target,correct,4
Older,older_80_89,2183,19123,3,0,3,True,0.624009225348792,0.11,0.514009225348792,0,0,0,1.1417908668518066,0.06580766290426254,False,target,correct,1
Older,older_80_89,2192,7999,0,1,0,True,0.6230508310425303,0.08,0.5430508310425304,1,1,1,1.3075860738754272,0.0593583807349205,False,target,correct,1
Older,older_80_89,2194,20277,2,0,2,True,0.9044023666471963,0.13,0.7744023666471963,0,0,0,0.6699894666671753,0.053995467722415924,False,target,correct,2
Older,older_80_89,2196,27629,0,3,0,True,0.8997384165943594,0.21,0.6897384165943594,3,0,3,0.016982555389404297,0.05064048618078232,False,target,correct,2
Older,older_80_89,2197,2666,1,2,1,True,0.9278586820060925,0.17,0.7578586820060924,2,1,2,0.14562451839447021,0.03987910598516464,False,target,correct,3
Older,older_80_89,2200,12926,0,2,2,False,1.4610946634446176,0.79,0.6710946634446175,0,0,0,0.7872537970542908,0.010150380432605743,True,flanker,fallback,5
Older,older_80_89,2202,5851,1,3,3,False,0.97227651104749,0.07,0.90227651104749,3,3,3,1.028880000114441,0.04775729030370712,False,flanker,evidence-origin,3
Older,older_80_89,2206,11364,1,2,1,True,1.4399999976158142,0.19,1.2499999976158143,2,2,2,0.3059956133365631,0.060550034046173096,False,target,correct,5
Older,older_80_89,2210,11812,1,0,1,True,0.7394783996724417,0.12,0.6194783996724417,0,0,0,0.8153683543205261,0.06130656599998474,False,target,correct,1
Older,older_80_89,2211,14981,2,1,2,True,1.1414843273689554,0.08,1.0614843273689554,1,1,1,1.4547946453094482,0.06070621311664581,False,target,correct,4
Older,older_80_89,2213,8903,3,0,3,True,1.0782814377999723,0.13,0.9482814377999723,0,0,0,1.0660505294799805,0.06930521130561829,False,target,correct,4
Older,older_80_89,2217,29658,2,3,3,False,0.8936273369865538,0.1,0.7936273369865539,3,3,3,1.3689792156219482,0.0652778372168541,False,flanker,evidence-origin,2
Older,older_80_89,2220,3827,1,2,1,True,0.617845051922889,0.11,0.507845051922889,2,2,2,0.9581085443496704,0.05838220566511154,False,target,correct,1
Older,older_80_89,2226,12075,2,0,2,True,1.3600000143051147,0.11,1.2500000143051146,0,0,0,0.7837945222854614,0.05378319323062897,False,target,correct,5
Older,older_80_89,2231,31419,1,3,3,False,0.6159387271820309,0.13,0.4859387271820309,3,3,3,0.8395180702209473,0.06030210107564926,False,flanker,evidence-origin,1
Older,older_80_89,2232,22683,2,3,2,True,1.2287773321344015,0.55,0.6787773321344015,2,2,2,0.6874348521232605,0.0434858500957489,False,target,correct,4
Older,older_80_89,2235,17684,1,2,1,True,1.1642016939331818,0.48,0.6842016939331819,1,1,1,0.6564326286315918,0.038083627820014954,False,target,correct,4
Older,older_80_89,2237,12050,0,1,1,False,0.7156102970526625,0.19,0.5256102970526626,1,1,1,0.61045902967453,0.06175606697797775,False,flanker,evidence-origin,1
Older,older_80_89,2238,30783,0,3,0,True,1.289746489993146,0.74,0.5497464899931459,0,0,0,1.2374889850616455,0.0357997864484787,False,target,correct,5
Older,older_80_89,2240,25250,2,3,2,True,0.7906783147711721,0.19,0.6006783147711721,3,3,3,0.5030758380889893,0.06263229995965958,False,target,correct,2
Older,older_80_89,2241,8369,3,1,1,False,1.1181504532115571,0.16,0.9581504532115571,1,1,1,0.6469284296035767,0.0548151433467865,False,flanker,evidence-origin,4
Older,older_80_89,2248,12336,3,1,3,True,0.9235425459656548,0.15,0.7735425459656547,1,1,1,0.4804762899875641,0.049236416816711426,False,target,correct,3
Older,older_80_89,2249,27288,2,1,2,True,1.1298549932600845,0.18,0.9498549932600846,1,1,1,0.6614031195640564,0.06308891624212265,False,target,correct,4
Older,older_80_89,2251,14075,3,0,3,True,0.9483924857287032,0.12,0.8283924857287032,0,0,0,1.0408687591552734,0.06553145498037338,False,target,correct,3
Older,older_80_89,2253,32332,1,2,1,True,1.215859431197722,0.6900000000000001,0.5258594311977219,1,1,1,0.8162385821342468,0.04411271959543228,False,target,correct,4
Older,older_80_89,2256,30182,3,1,3,True,1.252155574649982,0.7000000000000001,0.5521555746499819,3,3,3,0.7286031246185303,0.05521991848945618,False,target,correct,4
Older,older_80_89,2257,30837,0,2,2,False,1.503209542328095,0.79,0.7132095423280949,0,0,0,0.9012787342071533,0.019236937165260315,True,flanker,fallback,5
Older,older_80_89,2258,12762,3,1,3,True,1.2930693383323535,0.61,0.6830693383323535,3,3,3,0.6928041577339172,0.05434620380401611,False,target,correct,5
Older,older_80_89,2260,8664,2,3,3,False,0.8126763296478753,0.11,0.7026763296478753,3,3,3,1.1702167987823486,0.0662207081913948,False,flanker,evidence-origin,2
Older,older_80_89,2268,15005,1,0,1,True,0.47813765960655547,0.13,0.34813765960655546,0,0,0,0.8448190689086914,0.06610296666622162,False,target,correct,1
Older,older_80_89,2271,13168,1,2,1,True,1.01749937804302,0.21,0.80749937804302,2,2,2,0.5111527442932129,0.06367772817611694,False,target,correct,3
Older,older_80_89,2272,32174,2,1,1,False,0.569903956333971,0.08,0.48990395633397094,1,1,1,1.4690959453582764,0.06142409145832062,False,flanker,evidence-origin,1
Older,older_80_89,2275,11442,2,1,2,True,0.9423165582460614,0.36,0.5823165582460614,2,2,2,1.1516802310943604,0.029451824724674225,False,target,correct,3
Older,older_80_89,2276,359,0,3,0,True,1.274583394670887,0.55,0.7245833946708871,3,3,3,0.6232056021690369,0.059682540595531464,False,target,correct,4
Older,older_80_89,2278,21951,0,1,0,True,1.0188854946425676,0.16,0.8588854946425676,1,1,1,0.5510780215263367,0.060225993394851685,False,target,correct,3
Older,older_80_89,2279,16595,2,3,3,False,0.708968759595289,0.14,0.568968759595289,3,3,3,0.7471671104431152,0.06188394874334335,False,flanker,evidence-origin,1
Older,older_80_89,2280,30079,0,3,3,False,0.9164177568680929,0.09,0.8264177568680929,3,3,3,1.273233413696289,0.06330737471580505,False,flanker,evidence-origin,3
Older,older_80_89,2282,14244,1,2,1,True,1.2989822282262746,0.23,1.0689822282262746,2,2,2,0.27985674142837524,0.059525251388549805,False,target,correct,5
Older,older_80_89,2285,17398,2,3,3,False,0.7938226387452139,0.14,0.6538226387452138,3,3,3,0.9937541484832764,0.06846778839826584,False,flanker,evidence-origin,2
Older,older_80_89,2286,13079,3,1,3,True,1.1666396161639694,0.36,0.8066396161639694,3,3,3,0.8559489250183105,0.023131050169467926,False,target,correct,4
Older,older_80_89,2287,16733,1,3,1,True,1.1353863447564263,0.12,1.0153863447564264,3,3,3,0.67630934715271,0.05357559025287628,False,target,correct,4
Older,older_80_89,2291,21915,2,0,0,False,0.8005258924679558,0.1,0.7005258924679558,0,0,0,1.151255488395691,0.06047581881284714,False,flanker,evidence-origin,2
Older,older_80_89,2298,20399,3,0,3,True,0.5961717172477077,0.19,0.4061717172477077,0,0,0,0.5699734687805176,0.06267049908638,False,target,correct,1
Older,older_80_89,2299,11640,3,1,1,False,1.0758258732365038,0.2,0.8758258732365038,1,1,1,0.3858832120895386,0.055879563093185425,False,flanker,evidence-origin,4
Older,older_80_89,2300,22646,2,0,0,False,0.9082876320263785,0.13,0.7782876320263785,0,0,0,0.6758437156677246,0.055202238261699677,False,flanker,evidence-origin,2
Older,older_80_89,2301,5529,0,2,2,False,1.6494439285744829,0.79,0.8594439285744828,0,0,0,0.9957996010780334,0.051386721432209015,True,flanker,fallback,5
Older,older_80_89,2305,21238,2,3,2,True,1.180252322468097,0.58,0.600252322468097,2,2,2,0.6149451732635498,0.0309128537774086,False,target,correct,4
Older,older_80_89,2306,4845,0,3,0,True,1.4000166901859763,0.62,0.7800166901859763,0,0,0,0.5985570549964905,0.0330403670668602,False,target,correct,5
Older,older_80_89,2309,14704,0,3,0,True,1.5140456351208817,0.77,0.7440456351208817,0,0,0,1.1645987033843994,0.0423385351896286,False,target,correct,5
Older,older_80_89,2310,14672,2,3,3,False,0.8589571599074457,0.13,0.7289571599074457,3,3,3,0.7218959331512451,0.05594021826982498,False,flanker,evidence-origin,2
Older,older_80_89,2314,6731,0,1,0,True,1.0276602951534088,0.45,0.5776602951534089,0,0,0,1.4015971422195435,0.053687311708927155,False,target,correct,3
Older,older_80_89,2317,16975,0,3,0,True,0.9340253867547322,0.17,0.7640253867547322,3,3,3,0.25723162293434143,0.05245308578014374,False,target,correct,3
Older,older_80_89,2319,27659,1,0,1,True,0.9442922524862011,0.16,0.784292252486201,0,0,0,0.6216219067573547,0.0662166178226471,False,target,correct,3
Older,older_80_89,2321,13394,3,2,3,True,1.1775661457108964,0.16,1.0175661457108964,2,2,2,0.6304527521133423,0.06510080397129059,False,target,correct,4
Older,older_80_89,2323,23709,2,0,0,False,0.8285632645494033,0.09,0.7385632645494034,0,0,0,1.2586334943771362,0.06050887703895569,False,flanker,evidence-origin,2
Older,older_80_89,2327,16548,0,2,2,False,1.2008609523117497,0.21,0.9908609523117498,2,2,2,0.28505292534828186,0.052776604890823364,False,flanker,evidence-origin,4
Older,older_80_89,2331,6984,1,0,0,False,0.7392273993583701,0.11,0.6292273993583701,0,0,0,1.0280647277832031,0.06379330158233643,False,flanker,evidence-origin,1
Older,older_80_89,2333,21536,1,0,0,False,0.8516102857794219,0.11,0.7416102857794219,0,0,0,1.1946847438812256,0.06712180376052856,False,flanker,evidence-origin,2
Older,older_80_89,2336,1728,2,3,2,True,1.518825418851098,0.6,0.9188254188510979,2,2,2,0.6406064629554749,0.028165355324745178,False,target,correct,5
Older,older_80_89,2343,7879,0,2,2,False,1.6373714457323134,0.79,0.8473714457323134,0,0,0,0.8954031467437744,0.02614879608154297,True,flanker,fallback,5
Older,older_80_89,2344,453,0,3,0,True,1.264934632106191,0.7000000000000001,0.5649346321061909,0,0,0,1.1224231719970703,0.040173716843128204,False,target,correct,4
Older,older_80_89,2348,7063,2,0,2,True,0.9067874325860532,0.16,0.7467874325860532,0,0,0,0.5093458890914917,0.05668860673904419,False,target,correct,2
Older,older_80_89,2349,11630,3,0,3,True,0.958668086470502,0.1,0.858668086470502,0,0,0,1.3294764757156372,0.0655604675412178,False,target,correct,3
Older,older_80_89,2350,19670,1,0,1,True,0.9105737898767462,0.18,0.7305737898767461,0,0,0,0.3814065754413605,0.06361386924982071,False,target,correct,2
Older,older_80_89,2352,20678,3,2,3,True,1.7767026464471263,0.71,1.0667026464471263,3,3,3,0.858078122138977,0.04895942658185959,False,target,correct,5
Older,older_80_89,2353,20960,3,1,3,True,1.2800082906217158,0.79,0.4900082906217158,3,3,3,0.8290765285491943,0.0649845078587532,True,target,correct,5
Older,older_80_89,2354,33218,0,1,0,True,0.9053229524615942,0.12,0.7853229524615942,1,1,1,0.8713248372077942,0.059467628598213196,False,target,correct,2
Older,older_80_89,2360,19937,3,0,3,True,0.8066668826363568,0.17,0.6366668826363567,0,0,0,0.643313467502594,0.06358961760997772,False,target,correct,2
Older,older_80_89,2362,28701,3,0,3,True,1.2109647380757984,0.13,1.0809647380757985,0,0,0,1.055050015449524,0.06572505086660385,False,target,correct,4
Older,older_80_89,2363,9799,1,3,1,True,0.6738391125733945,0.16,0.5138391125733944,3,3,3,0.41428127884864807,0.05123737454414368,False,target,correct,1
Older,older_80_89,2364,16682,3,1,3,True,1.5344123344305158,0.44,1.0944123344305159,3,3,3,0.7064010500907898,0.045367591083049774,False,target,correct,5
Older,older_80_89,2368,30761,2,3,3,False,0.8710926717147812,0.1,0.7710926717147812,3,3,3,1.175188660621643,0.06165345013141632,False,flanker,evidence-origin,2
Older,older_80_89,2371,18259,0,1,0,True,1.513078153447604,0.6900000000000001,0.823078153447604,0,0,0,0.9262327551841736,0.04837867617607117,False,target,correct,5
Older,older_80_89,2374,8233,1,0,0,False,0.8005979783553308,0.12,0.6805979783553308,0,0,0,1.1582907438278198,0.06823915243148804,False,flanker,evidence-origin,2
Older,older_80_89,2375,16255,3,0,0,False,0.8249807895602879,0.2,0.6249807895602879,0,0,0,0.5203315019607544,0.0653054267168045,False,flanker,evidence-origin,2
Older,older_80_89,2377,5854,2,0,0,False,0.7137712153803775,0.09,0.6237712153803775,0,0,0,1.0256537199020386,0.052269913256168365,False,flanker,evidence-origin,1
Older,older_80_89,2378,8678,2,1,2,True,0.7574685218655904,0.17,0.5874685218655904,1,1,1,0.7256472706794739,0.061832673847675323,False,target,correct,1
Older,older_80_89,2380,8421,2,0,0,False,0.7460870621307087,0.16,0.5860870621307087,0,0,0,0.5841714143753052,0.05782100558280945,False,flanker,evidence-origin,1
Older,older_80_89,2381,7895,0,1,0,True,1.650808868341126,0.79,0.8608088683411259,0,0,0,0.9851268529891968,0.06373734027147293,True,target,correct,5
Older,older_80_89,2382,16246,1,2,1,True,1.160170377158113,0.14,1.020170377158113,2,2,2,0.3507826030254364,0.05126981437206268,False,target,correct,4
Older,older_80_89,2383,7311,0,2,2,False,0.9707690290672825,0.14,0.8307690290672824,2,2,2,0.5706934332847595,0.05309101194143295,False,flanker,evidence-origin,3
Older,older_80_89,2385,17545,0,1,1,False,1.036152166793329,0.16,0.8761521667933291,1,1,1,0.7292938232421875,0.06276268512010574,False,flanker,evidence-origin,3
Older,older_80_89,2386,28592,3,0,0,False,0.6423023614419824,0.08,0.5623023614419824,0,0,0,1.3160459995269775,0.057382732629776,False,flanker,evidence-origin,1
Older,older_80_89,2390,3280,0,1,0,True,0.6334232503492686,0.07,0.5634232503492687,1,1,1,1.5796602964401245,0.05967371165752411,False,target,correct,1
Older,older_80_89,2393,20710,3,2,3,True,0.8651291887863771,0.16,0.7051291887863771,2,2,2,0.6853716373443604,0.06351881474256516,False,target,correct,2
Older,older_80_89,2397,23390,3,1,3,True,0.9290392386444095,0.19,0.7390392386444096,1,3,1,0.03328162431716919,0.03970428556203842,False,target,correct,3
Older,older_80_89,2400,26676,2,0,2,True,0.9714101744945896,0.11,0.8614101744945896,0,0,0,0.751419186592102,0.05326008051633835,False,target,correct,3
Older,older_80_89,2403,29148,1,2,1,True,0.9473989522890005,0.13,0.8173989522890005,2,2,2,0.7291873693466187,0.05901914834976196,False,target,correct,3
Older,older_80_89,2405,32644,3,0,3,True,0.4343724849127835,0.09,0.3443724849127835,0,0,0,1.4342721700668335,0.06546702980995178,False,target,correct,1
Older,older_80_89,2406,5782,2,3,3,False,0.6597506929852239,0.1,0.559750692985224,3,3,3,1.3988127708435059,0.0688096210360527,False,flanker,evidence-origin,1
Older,older_80_89,2407,22130,2,1,2,True,0.981736710994449,0.43,0.5517367109944491,2,2,2,1.0908560752868652,0.037913449108600616,False,target,correct,3
Older,older_80_89,2410,26886,0,3,0,True,0.9864244822025378,0.18,0.8064244822025377,3,0,3,0.02844369411468506,0.04832197725772858,False,target,correct,3
Older,older_80_89,2413,19820,2,1,2,True,0.645374016537961,0.11,0.535374016537961,1,1,1,1.137000560760498,0.06074650585651398,False,target,correct,1
Older,older_80_89,2416,25806,2,1,2,True,0.6784977742466463,0.14,0.5384977742466462,1,1,1,0.9281179904937744,0.06282643228769302,False,target,correct,1
Older,older_80_89,2422,12535,0,1,0,True,1.3093951614149,0.39,0.9193951614149,0,0,0,1.4896398782730103,0.0457971915602684,False,target,correct,5
Older,older_80_89,2425,8595,3,2,2,False,0.8018774950062182,0.21,0.5918774950062182,2,2,2,0.5011211633682251,0.06462977826595306,False,flanker,evidence-origin,2
Older,older_80_89,2426,28675,1,0,0,False,0.7331982805811412,0.08,0.6531982805811413,0,0,0,1.3457531929016113,0.05920519679784775,False,flanker,evidence-origin,1
Older,older_80_89,2430,28481,3,0,0,False,0.7952201908522807,0.13,0.6652201908522807,0,0,0,1.0808467864990234,0.07038148492574692,False,flanker,evidence-origin,2
Older,older_80_89,2433,13599,2,1,1,False,0.8476038429134757,0.1,0.7476038429134757,1,1,1,1.2475641965866089,0.0614582896232605,False,flanker,evidence-origin,2
Older,older_80_89,2434,5931,0,3,0,True,0.8807485449610993,0.1,0.7807485449610994,3,3,3,1.0867595672607422,0.06354669481515884,False,target,correct,2
Older,older_80_89,2436,21335,3,2,3,True,0.9528324042292521,0.2,0.752832404229252,2,2,2,0.4295804500579834,0.06376352161169052,False,target,correct,3
Older,older_80_89,2437,9947,0,2,2,False,0.9766913842961067,0.15,0.8266913842961067,2,2,2,0.510951578617096,0.04947526752948761,False,flanker,evidence-origin,3
Older,older_80_89,2440,22155,0,1,0,True,1.7657718367688768,0.6900000000000001,1.0757718367688769,0,0,0,0.931419312953949,0.05574525147676468,False,target,correct,5
Older,older_80_89,2441,23146,2,3,3,False,0.6269734185108152,0.12,0.5069734185108152,3,3,3,1.0233685970306396,0.06415709108114243,False,flanker,evidence-origin,1
Older,older_80_89,2442,2034,0,2,2,False,1.4133852579163195,0.79,0.6233852579163195,0,0,0,0.9281254410743713,0.024967357516288757,True,flanker,fallback,5
Older,older_80_89,2443,12420,1,0,1,True,0.6120008834479499,0.1,0.5120008834479499,0,0,0,0.880122721195221,0.05766964703798294,False,target,correct,1
Older,older_80_89,2447,12572,3,0,3,True,0.9349700289329207,0.14,0.7949700289329207,0,0,0,1.002490520477295,0.067391037940979,False,target,correct,3
Older,older_80_89,2448,26733,1,0,1,True,1.036254747985354,0.16,0.8762547479853541,0,0,0,0.618911623954773,0.06479128450155258,False,target,correct,3
Older,older_80_89,2449,6017,0,2,2,False,1.67544345855497,0.79,0.88544345855497,0,0,0,0.7764174938201904,0.012125685811042786,True,flanker,fallback,5
Older,older_80_89,2452,30060,3,1,3,True,0.9094464725992647,0.37,0.5394464725992647,3,3,3,0.7978634834289551,0.023102059960365295,False,target,correct,2
Older,older_80_89,2453,9994,0,2,2,False,0.8008017069646286,0.16,0.6408017069646286,2,2,2,0.445552259683609,0.050070978701114655,False,flanker,evidence-origin,2
Older,older_80_89,2460,15810,0,3,3,False,1.572500460949938,0.45,1.122500460949938,3,3,3,0.9183651208877563,0.049528397619724274,False,flanker,evidence-origin,5
Older,older_80_89,2462,4039,1,0,0,False,0.8513059893642977,0.09,0.7613059893642977,0,0,0,1.3395700454711914,0.06424199044704437,False,flanker,evidence-origin,2
Older,older_80_89,2463,30691,0,2,2,False,2.0399999618530273,0.79,1.2499999618530273,0,0,0,0.9066690802574158,0.0318465456366539,True,flanker,fallback,5
Older,older_80_89,2464,16606,2,1,2,True,0.9293364884734296,0.15,0.7793364884734296,1,1,1,0.730742335319519,0.05776296555995941,False,target,correct,3
Older,older_80_89,2465,12844,1,0,0,False,1.066560767064272,0.14,0.926560767064272,0,0,0,0.8100222945213318,0.0657934620976448,False,flanker,evidence-origin,4
Older,older_80_89,2467,31012,2,0,2,True,0.7269498252597131,0.12,0.6069498252597131,0,0,0,0.760393500328064,0.056294187903404236,False,target,correct,1
Older,older_80_89,2470,6342,3,2,3,True,0.834748972674648,0.19,0.644748972674648,2,2,2,0.47289901971817017,0.062116533517837524,False,target,correct,2
Older,older_80_89,2471,16597,2,0,2,True,0.9583390931113331,0.16,0.7983390931113331,0,0,0,0.2504512667655945,0.04684383422136307,False,target,correct,3
Older,older_80_89,2472,10937,0,2,2,False,0.6243877003077466,0.1,0.5243877003077466,2,2,2,1.1079612970352173,0.059366337954998016,False,flanker,evidence-origin,1
Older,older_80_89,2473,5095,1,3,1,True,0.8302921110244492,0.31,0.5202921110244492,1,1,1,0.7232733964920044,0.0209236741065979,False,target,correct,2
Older,older_80_89,2474,11744,2,0,2,True,0.49128756915019944,0.14,0.35128756915019943,0,0,0,0.4720595180988312,0.04866507649421692,False,target,correct,1
Older,older_80_89,2479,140,0,3,0,True,1.7102815186752183,0.72,0.9902815186752183,0,0,0,1.0232622623443604,0.05625899136066437,False,target,correct,5
Older,older_80_89,2481,9088,0,3,0,True,1.2287543479123495,0.78,0.44875434791234947,0,0,0,1.0388915538787842,0.039240144193172455,False,target,correct,4
Older,older_80_89,2483,17226,2,0,2,True,1.0999913124133243,0.1,0.9999913124133243,0,0,0,0.961892306804657,0.058028414845466614,False,target,correct,4
Older,older_80_89,2484,12267,1,0,1,True,1.0042715118730954,0.15,0.8542715118730954,0,0,0,0.4891643524169922,0.06144794076681137,False,target,correct,3
Older,older_80_89,2487,7402,2,0,2,True,0.8461495865692736,0.1,0.7461495865692737,0,0,0,0.9151723384857178,0.05492860823869705,False,target,correct,2
Older,older_80_89,2488,6900,3,2,3,True,1.1569859073962059,0.17,0.9869859073962058,2,2,2,0.5684387683868408,0.06117025017738342,False,target,correct,4
Older,older_80_89,2489,21006,0,3,3,False,0.908758101172437,0.09,0.8187581011724371,3,3,3,1.107942819595337,0.059383831918239594,False,flanker,evidence-origin,2
Older,older_80_89,2491,4657,0,2,2,False,1.2775927562114826,0.13,1.1475927562114827,2,2,2,0.9072404503822327,0.06074012815952301,False,flanker,evidence-origin,5
Older,older_80_89,2493,23611,2,1,2,True,1.214452149897664,0.2,1.014452149897664,1,1,1,0.6113483905792236,0.059729963541030884,False,target,correct,4
Older,older_80_89,2497,21750,0,2,2,False,1.0556041667617935,0.23,0.8256041667617935,2,2,2,0.38522276282310486,0.05789075791835785,False,flanker,evidence-origin,3
Older,older_80_89,2498,8710,3,0,0,False,1.0934830759251608,0.15,0.9434830759251608,0,0,0,0.996468186378479,0.0703781247138977,False,flanker,evidence-origin,4
Older,older_80_89,2499,1281,2,1,1,False,0.9112036040289485,0.08,0.8312036040289486,1,1,1,1.420230507850647,0.06296896189451218,False,flanker,evidence-origin,2
Older,older_80_89,2500,9344,0,3,0,True,1.1554644089637625,0.15,1.0054644089637625,3,3,3,0.27424901723861694,0.05556895583868027,False,target,correct,4
Older,older_80_89,2501,10330,1,0,1,True,0.9898518639240735,0.14,0.8498518639240735,0,0,0,0.6531871557235718,0.05999338626861572,False,target,correct,3
Older,older_80_89,2502,3730,2,1,2,True,0.47136250451303147,0.13,0.34136250451303146,1,1,1,0.8570234179496765,0.05603936314582825,False,target,correct,1
Older,older_80_89,2503,1837,3,1,3,True,1.0134674771715153,0.31,0.7034674771715153,3,3,3,0.7396302223205566,0.028892606496810913,False,target,correct,3
Older,older_80_89,2504,3562,2,1,2,True,0.8868854338063712,0.23,0.6568854338063712,1,1,1,0.3541061580181122,0.058389537036418915,False,target,correct,2
Older,older_80_89,2505,7730,2,3,3,False,1.1956237406400736,0.17,1.0256237406400737,3,3,3,0.6835159659385681,0.06522563099861145,False,flanker,evidence-origin,4
Older,older_80_89,2508,25399,2,1,2,True,1.057540106854053,0.12,0.9375401068540531,1,1,1,0.9847832918167114,0.05916506052017212,False,target,correct,3
Older,older_80_89,2512,27442,1,3,1,True,1.0500729945756324,0.1,0.9500729945756324,3,3,3,0.9034582376480103,0.055379949510097504,False,target,correct,3
Older,older_80_89,2515,25530,2,0,0,False,0.9650352432004878,0.1,0.8650352432004879,0,0,0,0.9158605337142944,0.055468298494815826,False,flanker,evidence-origin,3
Older,older_80_89,2518,7215,0,1,0,True,1.3524027101090723,0.5700000000000001,0.7824027101090723,0,0,0,0.9662894606590271,0.07206464558839798,False,target,correct,5
Older,older_80_89,2519,4281,0,3,0,True,1.1546005147578238,0.65,0.5046005147578237,0,0,0,0.9718259572982788,0.057385191321372986,False,target,correct,4
Older,older_80_89,2521,31445,2,0,2,True,0.7756096951108308,0.15,0.6256096951108308,0,0,0,0.3435024917125702,0.04762985557317734,False,target,correct,2
Older,older_80_89,2524,17327,3,0,3,True,1.0393819349801299,0.12,0.9193819349801299,0,0,0,1.1466398239135742,0.06641505658626556,False,target,correct,3
Older,older_80_89,2526,5142,0,2,2,False,0.9260491424196664,0.14,0.7860491424196664,2,2,2,0.6562375426292419,0.05445503443479538,False,flanker,evidence-origin,3
Older,older_80_89,2527,14172,1,0,1,True,1.0341579136113292,0.11,0.9241579136113293,0,0,0,0.8808569312095642,0.05907237529754639,False,target,correct,3
Older,older_80_89,2528,19823,0,1,0,True,1.0245953636914293,0.45,0.5745953636914294,0,0,0,1.071480393409729,0.036493316292762756,False,target,correct,3
Older,older_80_89,2530,24475,2,0,2,True,0.8593430826389774,0.13,0.7293430826389774,0,0,0,0.5775728225708008,0.049012526869773865,False,target,correct,2
Older,older_80_89,2531,2717,3,1,3,True,0.6618928780685218,0.08,0.5818928780685219,1,1,1,0.9092620611190796,0.045716024935245514,False,target,correct,1
Older,older_80_89,2533,4310,1,0,1,True,1.3466577235471018,0.16,1.1866577235471019,0,0,0,0.5581937432289124,0.06537303328514099,False,target,correct,5
Older,older_80_89,2534,9623,0,2,2,False,1.0703938764409622,0.15,0.9203938764409622,2,2,2,0.4982825815677643,0.05248420685529709,False,flanker,evidence-origin,4
Older,older_80_89,2537,4449,2,3,3,False,1.065741378997604,0.14,0.925741378997604,3,3,3,0.784734845161438,0.06320103257894516,False,flanker,evidence-origin,4
Older,older_80_89,2542,11061,0,3,0,True,0.6051883282287519,0.14,0.4651883282287519,3,3,3,0.4803377687931061,0.05526212602853775,False,target,correct,1
Older,older_80_89,2545,15152,3,0,3,True,0.6367545098617658,0.11,0.5267545098617659,0,0,0,1.1697700023651123,0.06602249294519424,False,target,correct,1
Older,older_80_89,2546,15993,0,2,2,False,0.9583774758295415,0.19,0.7683774758295414,2,2,2,0.29043036699295044,0.05008827894926071,False,flanker,evidence-origin,3
Older,older_80_89,2555,24868,0,3,3,False,0.6964578671973506,0.09,0.6064578671973506,3,3,3,1.153090476989746,0.06250881403684616,False,flanker,evidence-origin,1
Older,older_80_89,2556,18510,3,0,0,False,1.0801711156718123,0.09,0.9901711156718124,0,0,0,1.3333967924118042,0.061387255787849426,False,flanker,evidence-origin,4
Older,older_80_89,2557,28614,0,3,3,False,0.8318600264020447,0.1,0.7318600264020447,3,3,3,0.9482100009918213,0.05804148316383362,False,flanker,evidence-origin,2
Older,older_80_89,2559,3045,3,2,3,True,0.8253392344043644,0.14,0.6853392344043644,2,2,2,0.7350289821624756,0.061499662697315216,False,target,correct,2
Older,older_80_89,2560,33400,2,0,0,False,0.9397549618493576,0.12,0.8197549618493576,0,0,0,0.7454319000244141,0.05286559462547302,False,flanker,evidence-origin,3
Older,older_80_89,2563,5057,0,3,0,True,1.9044729051091704,0.79,1.1144729051091704,0,0,0,1.1340806484222412,0.03283229470252991,True,target,correct,5
Older,older_80_89,2569,10398,2,3,2,True,0.9960073195779492,0.16,0.8360073195779492,3,3,3,0.6023804545402527,0.05783937871456146,False,target,correct,3
Older,older_80_89,2570,17923,2,3,2,True,0.8595048421002331,0.15,0.7095048421002331,3,3,3,0.6142616271972656,0.061485156416893005,False,target,correct,2
Older,older_80_89,2573,3279,1,0,1,True,1.411529205639265,0.76,0.651529205639265,1,1,1,0.9236952066421509,0.07142628729343414,False,target,correct,5
Older,older_80_89,2574,27680,1,0,0,False,0.9332101888359183,0.08,0.8532101888359184,0,0,0,1.3746753931045532,0.059027232229709625,False,flanker,evidence-origin,3
Older,older_80_89,2582,18273,1,2,1,True,1.4411825894215204,0.46,0.9811825894215205,1,1,1,0.8899410963058472,0.040890663862228394,False,target,correct,5
Older,older_80_89,2583,29306,0,1,0,True,1.305530116128466,0.4,0.905530116128466,0,0,0,1.5024712085723877,0.035509683191776276,False,target,correct,5
Older,older_80_89,2584,13239,1,3,1,True,1.3266778604844174,0.28,1.0466778604844174,1,1,1,0.808971643447876,0.023509100079536438,False,target,correct,5
Older,older_80_89,2585,23650,2,1,2,True,0.5374633980514751,0.14,0.3974633980514751,1,1,1,0.7710115313529968,0.05448540300130844,False,target,correct,1
Older,older_80_89,2587,54,3,0,3,True,0.8200291755180311,0.1,0.7200291755180311,0,0,0,1.3293954133987427,0.06778591126203537,False,target,correct,2
Older,older_80_89,2588,22643,2,1,2,True,1.029460870409037,0.15,0.8794608704090371,1,1,1,0.7552300691604614,0.060472555458545685,False,target,correct,3
Older,older_80_89,2589,32352,0,3,0,True,1.2935751277224703,0.6900000000000001,0.6035751277224702,0,0,0,0.9608640670776367,0.05788283795118332,False,target,correct,5
Older,older_80_89,2592,19210,1,2,1,True,1.2801967874554623,0.34,0.9401967874554622,1,1,1,0.846550464630127,0.021113350987434387,False,target,correct,5
Older,older_80_89,2593,11548,2,0,2,True,0.7619605011739247,0.15,0.6119605011739246,0,0,0,0.4932655692100525,0.0546887069940567,False,target,correct,1
Older,older_80_89,2594,15749,3,0,3,True,0.7349096565071241,0.2,0.5349096565071241,0,0,0,0.3811195492744446,0.06410916149616241,False,target,correct,1
Older,older_80_89,2596,16034,3,0,0,False,0.9023620956877678,0.09,0.8123620956877678,0,0,0,1.4336761236190796,0.0656624287366867,False,flanker,evidence-origin,2
Older,older_80_89,2599,8326,2,1,1,False,1.142364807335354,0.1,1.042364807335354,1,1,1,1.1432547569274902,0.057275399565696716,False,flanker,evidence-origin,4
Older,older_80_89,2600,1295,0,2,2,False,1.3150640606757587,0.79,0.5250640606757586,0,0,0,0.8546644449234009,0.021827153861522675,True,flanker,fallback,5
Older,older_80_89,2601,27552,1,0,1,True,0.9016054282838979,0.12,0.7816054282838979,0,0,0,0.9316079020500183,0.06281556934118271,False,target,correct,2
Older,older_80_89,2603,17759,1,0,0,False,1.0271957965888203,0.11,0.9171957965888203,0,0,0,1.022803783416748,0.062227942049503326,False,flanker,evidence-origin,3
Older,older_80_89,2604,8982,0,2,2,False,1.0277526709997074,0.19,0.8377526709997074,2,2,2,0.3943130075931549,0.04985731095075607,False,flanker,evidence-origin,3
Older,older_80_89,2605,28249,2,3,3,False,1.1029596923974931,0.08,1.022959692397493,3,3,3,1.506313443183899,0.059880249202251434,False,flanker,evidence-origin,4
Older,older_80_89,2606,12329,1,2,1,True,1.0975835148499378,0.35000000000000003,0.7475835148499377,1,1,1,0.7500956654548645,0.02167735993862152,False,target,correct,4
Older,older_80_89,2610,20216,0,1,0,True,1.4303677623858995,0.59,0.8403677623858995,0,0,0,0.747020959854126,0.036607250571250916,False,target,correct,5
Older,older_80_89,2614,12722,0,1,0,True,0.9746318768048747,0.11,0.8646318768048747,1,1,1,0.9537150859832764,0.05979118496179581,False,target,correct,3
Older,older_80_89,2616,14931,1,0,0,False,0.7335440734282972,0.14,0.5935440734282972,0,0,0,0.7791152596473694,0.06371844559907913,False,flanker,evidence-origin,1
Older,older_80_89,2619,1674,2,1,2,True,0.6840687727424335,0.13,0.5540687727424335,1,1,1,1.0444092750549316,0.061362817883491516,False,target,correct,1
Older,older_80_89,2621,5410,1,0,1,True,0.768460824165444,0.16,0.608460824165444,0,0,0,0.47620058059692383,0.06448762863874435,False,target,correct,2
Older,older_80_89,2622,24606,2,3,3,False,0.8673662308174166,0.14,0.7273662308174166,3,3,3,0.7733571529388428,0.061100877821445465,False,flanker,evidence-origin,2
Older,older_80_89,2624,2517,1,0,0,False,1.1615999926999188,0.15,1.0115999926999188,0,0,0,0.7573988437652588,0.06530340760946274,False,flanker,evidence-origin,4
Older,older_80_89,2627,13283,0,3,0,True,1.5058586487967045,0.78,0.7258586487967045,0,0,0,1.161553144454956,0.03712429106235504,False,target,correct,5
Older,older_80_89,2630,14810,0,1,0,True,1.4223020485691134,0.66,0.7623020485691133,0,0,0,0.9355804324150085,0.06009115278720856,False,target,correct,5
Older,older_80_89,2631,11877,3,0,3,True,0.8735023923703806,0.19,0.6835023923703807,0,0,0,0.09346932172775269,0.0492909699678421,False,target,correct,2
Older,older_80_89,2633,2023,3,1,3,True,1.1899060000866928,0.08,1.1099060000866927,1,1,1,0.9465941190719604,0.04712548106908798,False,target,correct,4
Older,older_80_89,2634,5855,2,3,2,True,0.9955160960012331,0.23,0.7655160960012332,3,3,3,0.2858392000198364,0.06206589937210083,False,target,correct,3
Older,older_80_89,2636,22818,1,3,1,True,0.5947399752760372,0.18,0.4147399752760372,3,1,3,0.3271022439002991,0.029142461717128754,False,target,correct,1
Older,older_80_89,2637,9753,0,2,2,False,1.138008197556379,0.17,0.9680081975563789,2,2,2,0.4225425720214844,0.05418273061513901,False,flanker,evidence-origin,4
Older,older_80_89,2638,13855,2,3,2,True,0.9307890190156731,0.2,0.7307890190156732,3,3,3,0.34689804911613464,0.058988071978092194,False,target,correct,3
Older,older_80_89,2639,19664,1,0,0,False,0.8547479132914437,0.08,0.7747479132914438,0,0,0,1.498964786529541,0.06292214244604111,False,flanker,evidence-origin,2
Older,older_80_89,2640,8191,2,1,2,True,1.186493341907095,0.16,1.0264933419070952,1,1,1,0.7144773006439209,0.06028800457715988,False,target,correct,4
Older,older_80_89,2641,22460,2,3,3,False,0.6794408855291199,0.08,0.5994408855291199,3,3,3,1.7676591873168945,0.06839606910943985,False,flanker,evidence-origin,1
Older,older_80_89,2642,5152,2,3,3,False,0.8039702285947512,0.13,0.6739702285947512,3,3,3,0.9512171149253845,0.06637942045927048,False,flanker,evidence-origin,2
Older,older_80_89,2643,8014,3,2,3,True,1.7553718701137286,0.64,1.1153718701137287,3,3,3,0.8406641483306885,0.0515623539686203,False,target,correct,5
Older,older_80_89,2645,8169,1,2,1,True,1.0811459111415829,0.47000000000000003,0.6111459111415829,1,1,1,0.37664249539375305,0.051127076148986816,False,target,correct,4
Older,older_80_89,2647,3777,0,1,0,True,1.4981038261617,0.73,0.7681038261616999,0,0,0,1.0280044078826904,0.06153634190559387,False,target,correct,5
Older,older_80_89,2650,2743,2,0,0,False,0.8513363426919908,0.12,0.7313363426919908,0,0,0,0.8510187268257141,0.058295972645282745,False,flanker,evidence-origin,2
Older,older_80_89,2652,24160,1,2,1,True,0.9706587850321544,0.41000000000000003,0.5606587850321544,1,1,1,0.645925760269165,0.028765089809894562,False,target,correct,3
Older,older_80_89,2653,16962,0,3,3,False,0.516669002958045,0.1,0.416669002958045,3,3,3,0.9640397429466248,0.05926421284675598,False,flanker,evidence-origin,1
Older,older_80_89,2655,21992,1,2,1,True,1.0734232471822565,0.32,0.7534232471822564,1,1,1,0.9355468153953552,0.02321746200323105,False,target,correct,4
Older,older_80_89,2656,21801,0,3,0,True,1.2798735453695382,0.76,0.5198735453695382,0,0,0,1.0975401401519775,0.045501552522182465,False,target,correct,5
Older,older_80_89,2657,1732,2,0,0,False,0.9944007290319261,0.09,0.9044007290319261,0,0,0,1.2048135995864868,0.05799868702888489,False,flanker,evidence-origin,3
Older,older_80_89,2659,24760,2,1,2,True,0.8165610068132614,0.12,0.6965610068132614,1,1,1,0.8311327695846558,0.056006237864494324,False,target,correct,2
Older,older_80_89,2660,6116,1,0,1,True,1.5044894762007885,0.71,0.7944894762007886,1,1,1,0.8891178965568542,0.06740878522396088,False,target,correct,5
Older,older_80_89,2661,8833,1,0,0,False,0.9994203347526376,0.16,0.8394203347526376,0,0,0,0.5638568997383118,0.06529538333415985,False,flanker,evidence-origin,3
Older,older_80_89,2662,17523,1,3,1,True,0.9264691888715832,0.15,0.7764691888715832,3,3,3,0.13709664344787598,0.04413953423500061,False,target,correct,3
Older,older_80_89,2664,9904,0,3,0,True,0.9119043706678953,0.16,0.7519043706678953,3,3,3,0.12169241905212402,0.05181101709604263,False,target,correct,2
Older,older_80_89,2665,29085,2,1,1,False,0.9335029338640689,0.06,0.873502933864069,1,1,1,1.80317223072052,0.061074353754520416,False,flanker,evidence-origin,3
Older,older_80_89,2668,12235,0,3,0,True,1.5820638682607202,0.76,0.8220638682607202,0,0,0,1.0805301666259766,0.04273869842290878,False,target,correct,5
Older,older_80_89,2669,20059,0,3,0,True,1.6379056032240786,0.73,0.9079056032240787,0,0,0,1.0661505460739136,0.04719984531402588,False,target,correct,5
Older,older_80_89,2670,15610,1,2,1,True,0.5998986790674831,0.21,0.3898986790674831,2,2,2,0.3425840735435486,0.05880966782569885,False,target,correct,1
Older,older_80_89,2673,31707,2,0,2,True,0.7270469565792899,0.15,0.5770469565792898,0,0,0,0.4442608952522278,0.050051093101501465,False,target,correct,1
Older,older_80_89,2677,21429,3,0,3,True,0.6915952118048628,0.14,0.5515952118048628,0,0,0,0.9227107167243958,0.064354307949543,False,target,correct,1
Older,older_80_89,2678,2358,1,2,1,True,1.1564225280901141,0.53,0.6264225280901141,1,1,1,0.7775845527648926,0.03601361811161041,False,target,correct,4
Older,older_80_89,2679,3719,3,2,3,True,0.8722930354437896,0.21,0.6622930354437896,2,2,2,0.46100926399230957,0.06546666473150253,False,target,correct,2
Older,older_80_89,2680,17533,0,1,0,True,1.227855311076426,0.07,1.157855311076426,1,1,1,1.5158541202545166,0.05989937484264374,False,target,correct,4
Older,older_80_89,2681,32443,2,1,2,True,1.404798573484733,0.5700000000000001,0.834798573484733,2,2,2,0.6175037026405334,0.0366925373673439,False,target,correct,5
Older,older_80_89,2684,15138,3,2,3,True,1.4981346159956854,0.67,0.8281346159956854,3,3,3,0.7101004123687744,0.03847549855709076,False,target,correct,5
Older,older_80_89,2686,21647,3,1,3,True,0.8546599641430102,0.09,0.7646599641430102,1,1,1,0.8548738956451416,0.04834500700235367,False,target,correct,2
Older,older_80_89,2687,21001,2,0,0,False,0.8742789622307309,0.1,0.7742789622307309,0,0,0,1.1164863109588623,0.05847982317209244,False,flanker,evidence-origin,2
Older,older_80_89,2689,20964,1,0,0,False,1.1915431305683184,0.1,1.0915431305683183,0,0,0,1.2968937158584595,0.06642818450927734,False,flanker,evidence-origin,4
Older,older_80_89,2693,14186,3,1,3,True,0.9932591745082896,0.33,0.6632591745082896,3,3,3,1.0043162107467651,0.026346787810325623,False,target,correct,3
Older,older_80_89,2696,1489,0,3,0,True,1.2819323692256515,0.71,0.5719323692256515,0,0,0,1.060070276260376,0.031496040523052216,False,target,correct,5
Older,older_80_89,2698,7498,3,0,3,True,1.035673025377437,0.1,0.9356730253774371,0,0,0,1.311066746711731,0.06507851183414459,False,target,correct,3
Older,older_80_89,2699,10870,0,2,2,False,0.6575483771849563,0.15,0.5075483771849563,2,2,2,0.611145555973053,0.05590154230594635,False,flanker,evidence-origin,1
Older,older_80_89,2700,9584,0,2,2,False,0.616867221356944,0.26,0.35686722135694404,2,2,2,0.18698537349700928,0.048068322241306305,False,flanker,evidence-origin,1
Older,older_80_89,2701,11975,0,1,1,False,1.0714067688041997,0.07,1.0014067688041997,1,1,1,1.7038830518722534,0.06456882506608963,False,flanker,evidence-origin,4
Older,older_80_89,2703,12423,2,1,2,True,0.855843042833863,0.17,0.685843042833863,1,1,1,0.33129334449768066,0.05242307484149933,False,target,correct,2
Older,older_80_89,2705,8238,1,2,1,True,1.2964170766598242,0.46,0.8364170766598242,1,1,1,0.6554561257362366,0.04251813143491745,False,target,correct,5
Older,older_80_89,2706,15514,2,0,0,False,0.983397378883968,0.08,0.9033973788839681,0,0,0,1.41815984249115,0.06108708679676056,False,flanker,evidence-origin,3
Older,older_80_89,2707,3703,3,1,1,False,0.7676170006550704,0.07,0.6976170006550704,1,1,1,1.1749674081802368,0.05006206035614014,False,flanker,evidence-origin,1
Older,older_80_89,2708,20759,1,3,1,True,1.4747017244080682,0.54,0.9347017244080682,1,1,1,0.25398486852645874,0.020551875233650208,False,target,correct,5
Older,older_80_89,2712,24688,3,1,3,True,0.804173104481242,0.14,0.664173104481242,1,1,1,0.49280229210853577,0.04856552183628082,False,target,correct,2
Older,older_80_89,2713,13178,0,3,0,True,1.2342323681565486,0.6900000000000001,0.5442323681565485,0,0,0,1.0908024311065674,0.06604775041341782,False,target,correct,4
Older,older_80_89,2714,3652,2,0,0,False,0.7857438881994587,0.1,0.6857438881994588,0,0,0,1.0525988340377808,0.05631116032600403,False,flanker,evidence-origin,2
Older,older_80_89,2715,20908,2,1,1,False,0.7327448193056322,0.09,0.6427448193056322,1,1,1,1.2239065170288086,0.05745294690132141,False,flanker,evidence-origin,1
Older,older_80_89,2717,5821,3,1,3,True,1.2669122396476507,0.62,0.6469122396476507,3,3,3,0.83245450258255,0.06633669137954712,False,target,correct,4
Older,older_80_89,2718,27189,0,1,0,True,0.6720444909880632,0.08,0.5920444909880632,1,1,1,1.5490508079528809,0.06602495163679123,False,target,correct,1
Older,older_80_89,2721,19060,3,0,0,False,0.9274722999725413,0.09,0.8374722999725414,0,0,0,1.3769584894180298,0.06185034662485123,False,flanker,evidence-origin,3
Older,older_80_89,2723,30491,2,1,1,False,1.0408699648913873,0.07,0.9708699648913872,1,1,1,1.6068075895309448,0.06268452107906342,False,flanker,evidence-origin,3
Older,older_80_89,2727,11431,1,0,0,False,0.5670869104345094,0.14,0.4270869104345094,0,0,0,0.9105533957481384,0.07036519050598145,False,flanker,evidence-origin,1
Older,older_80_89,2732,34539,2,1,2,True,1.1098388668785861,0.14,0.9698388668785861,1,1,1,0.8850509524345398,0.06355074793100357,False,target,correct,4
Older,older_80_89,2734,9138,0,2,2,False,1.6995109819199308,0.79,0.9095109819199307,0,0,0,0.7596220970153809,0.028848767280578613,True,flanker,fallback,5
Older,older_80_89,2735,25721,3,2,3,True,1.266685814982603,0.5,0.766685814982603,3,3,3,0.8649024963378906,0.03045003116130829,False,target,correct,4
Older,older_80_89,2736,27659,1,0,1,True,0.7971096766938619,0.16,0.6371096766938619,0,0,0,0.5526631474494934,0.06351153552532196,False,target,correct,2
Older,older_80_89,2738,5295,3,1,1,False,1.0102430874588313,0.07,0.9402430874588312,1,1,1,1.30363130569458,0.05360456556081772,False,flanker,evidence-origin,3
Older,older_80_89,2739,20039,1,0,0,False,0.6262508026919934,0.11,0.5162508026919934,0,0,0,1.1417382955551147,0.066536545753479,False,flanker,evidence-origin,1
Older,older_80_89,2740,25729,1,3,1,True,0.9895215446978072,0.14,0.8495215446978072,3,3,3,0.6273599863052368,0.05447102338075638,False,target,correct,3
Older,older_80_89,2741,10199,1,2,1,True,1.2133354570483612,0.56,0.6533354570483612,1,1,1,0.7334027886390686,0.043378040194511414,False,target,correct,4
Older,older_80_89,2742,3043,3,0,3,True,1.1955637431192432,0.16,1.0355637431192433,0,0,0,0.4008019268512726,0.055756427347660065,False,target,correct,4
Older,older_80_89,2743,32655,3,0,3,True,1.2312979782275746,0.59,0.6412979782275746,3,3,3,1.0383236408233643,0.07290542125701904,False,target,correct,4
Older,older_80_89,2744,28503,3,0,3,True,0.8664044020351774,0.11,0.7564044020351774,0,0,0,1.1662887334823608,0.06519746780395508,False,target,correct,2
Older,older_80_89,2745,11960,3,1,1,False,0.8024871125495256,0.07,0.7324871125495256,1,1,1,1.258608102798462,0.05232914537191391,False,flanker,evidence-origin,2
Older,older_80_89,2749,1901,0,3,0,True,1.876368270998047,0.67,1.206368270998047,0,0,0,0.8979206085205078,0.0546967089176178,False,target,correct,5
Older,older_80_89,2752,34333,2,1,2,True,1.4096948250296009,0.38,1.0296948250296007,2,2,2,0.9936593174934387,0.031531378626823425,False,target,correct,5
Older,older_80_89,2753,24307,1,0,1,True,0.9664518271506675,0.12,0.8464518271506675,0,0,0,1.063688039779663,0.06758330017328262,False,target,correct,3
Older,older_80_89,2755,9114,0,2,2,False,0.8129633881613841,0.12,0.6929633881613841,2,2,2,0.8302812576293945,0.05576144903898239,False,flanker,evidence-origin,2
Older,older_80_89,2757,29509,1,2,1,True,1.1283726959974771,0.75,0.37837269599747714,1,1,1,1.1495672464370728,0.07402774691581726,False,target,correct,4
Older,older_80_89,2758,7855,3,1,3,True,1.0684118582380708,0.3,0.7684118582380708,3,3,3,0.8981013298034668,0.030416317284107208,False,target,correct,4
Older,older_80_89,2762,16320,3,1,3,True,1.0921104966043838,0.13,0.9621104966043837,1,1,1,0.6357695460319519,0.050592631101608276,False,target,correct,4
Older,older_80_89,2763,15644,1,2,1,True,1.2788346845737892,0.16,1.1188346845737893,2,2,2,0.09059077501296997,0.04856954514980316,False,target,correct,5
Older,older_80_89,2766,18769,2,1,1,False,0.6724379940812597,0.07,0.6024379940812596,1,1,1,1.4753705263137817,0.05656372755765915,False,flanker,evidence-origin,1
Older,older_80_89,2767,32678,0,3,0,True,0.9458594385654018,0.1,0.8458594385654018,3,3,3,1.01033353805542,0.06103748828172684,False,target,correct,3
Older,older_80_89,2768,5709,2,1,2,True,0.6018533207320482,0.13,0.4718533207320482,1,1,1,0.968043327331543,0.06447270512580872,False,target,correct,1
Older,older_80_89,2769,10807,0,2,2,False,1.7045118326447342,0.79,0.9145118326447341,0,0,0,0.7863399386405945,0.015478655695915222,True,flanker,fallback,5
Older,older_80_89,2771,25200,3,0,3,True,0.6120654929272075,0.1,0.5120654929272075,0,0,0,1.277483582496643,0.06357571482658386,False,target,correct,1
Older,older_80_89,2775,3208,0,2,2,False,0.8073313586061509,0.16,0.6473313586061509,2,2,2,0.6201358437538147,0.05581802874803543,False,flanker,evidence-origin,2
Older,older_80_89,2779,26161,0,2,2,False,0.806786432723655,0.2,0.606786432723655,2,2,2,0.2714707553386688,0.04569613188505173,False,flanker,evidence-origin,2
Older,older_80_89,2781,24205,3,2,2,False,1.1012719393387405,0.19,0.9112719393387405,2,2,2,0.5995484590530396,0.06787146627902985,False,flanker,evidence-origin,4
Older,older_80_89,2783,20205,2,3,2,True,1.0581660995715891,0.4,0.6581660995715891,3,3,3,0.17843875288963318,0.03772665560245514,False,target,correct,3
Older,older_80_89,2784,11477,0,3,0,True,0.7299121763683858,0.15,0.5799121763683858,3,3,3,0.5431321859359741,0.06021874397993088,False,target,correct,1
Older,older_80_89,2785,23111,2,0,0,False,0.9402087530722787,0.09,0.8502087530722787,0,0,0,1.1053873300552368,0.058236606419086456,False,flanker,evidence-origin,3
Older,older_80_89,2787,8411,0,1,0,True,1.338444891842081,0.27,1.068444891842081,0,0,0,1.296714186668396,0.020888403058052063,False,target,correct,5
Older,older_80_89,2790,13824,0,1,0,True,1.0192404817065372,0.2,0.8192404817065373,1,0,1,0.3025018572807312,0.04107179492712021,False,target,correct,3
Older,older_80_89,2791,24451,0,3,0,True,0.6783576193935837,0.16,0.5183576193935837,3,3,3,0.28953781723976135,0.05648475140333176,False,target,correct,1
Older,older_80_89,2795,16988,1,2,1,True,1.315498406474989,0.55,0.765498406474989,1,1,1,0.6433786153793335,0.02608340233564377,False,target,correct,5
Older,older_80_89,2797,28695,0,3,0,True,1.6112036124142797,0.74,0.8712036124142797,0,0,0,1.1662570238113403,0.02835795283317566,False,target,correct,5
Older,older_80_89,2798,26393,2,3,3,False,0.9863800078096974,0.12,0.8663800078096974,3,3,3,1.1059517860412598,0.06480401009321213,False,flanker,evidence-origin,3
Older,older_80_89,2800,20595,1,0,0,False,0.8006286687555997,0.16,0.6406286687555997,0,0,0,0.6940245032310486,0.06958238035440445,False,flanker,evidence-origin,2
Older,older_80_89,2802,27087,3,1,3,True,0.8432452599247428,0.11,0.7332452599247428,1,1,1,0.7058460712432861,0.049352891743183136,False,target,correct,2
Older,older_80_89,2804,17822,0,2,2,False,1.476322466668993,0.79,0.6863224666689929,0,0,0,0.8421192765235901,0.025013931095600128,True,flanker,fallback,5
Older,older_80_89,2806,2898,3,1,3,True,1.2845939568013323,0.15,1.1345939568013323,1,1,1,0.37739086151123047,0.04479031264781952,False,target,correct,5
Older,older_80_89,2810,6447,2,3,3,False,0.9163643868926199,0.15,0.7663643868926199,3,3,3,0.8281139731407166,0.0664878562092781,False,flanker,evidence-origin,3
Older,older_80_89,2812,7989,3,1,3,True,0.7765108882019189,0.16,0.6165108882019189,1,1,1,0.40354833006858826,0.0457620769739151,False,target,correct,2
Older,older_80_89,2814,4211,1,2,1,True,1.0165844615300426,0.17,0.8465844615300425,2,2,2,0.15086442232131958,0.053192488849163055,False,target,correct,3
Older,older_80_89,2818,2318,0,1,0,True,1.5582239193634686,0.68,0.8782239193634686,0,0,0,1.0730754137039185,0.06704973429441452,False,target,correct,5
Older,older_80_89,2819,29126,1,0,0,False,1.3600000143051147,0.11,1.2500000143051146,0,0,0,1.007322072982788,0.0623159259557724,False,flanker,evidence-origin,5
Older,older_80_89,2821,34246,3,2,2,False,1.0417088754200186,0.11,0.9317088754200186,2,2,2,1.201145052909851,0.06768131256103516,False,flanker,evidence-origin,3
Older,older_80_89,2823,23502,0,2,2,False,0.7160334056370943,0.15,0.5660334056370943,2,2,2,0.6113663911819458,0.053147606551647186,False,flanker,evidence-origin,1
Older,older_80_89,2826,28341,1,0,1,True,0.9559691359216755,0.15,0.8059691359216755,0,0,0,0.6992149353027344,0.06349939107894897,False,target,correct,3
Older,older_80_89,2827,31887,0,3,0,True,1.1761662537418311,0.16,1.0161662537418312,3,3,3,0.2029268741607666,0.05071966350078583,False,target,correct,4
Older,older_80_89,2832,21333,0,2,2,False,1.466083844835064,0.79,0.6760838448350639,0,0,0,0.9265349507331848,0.03213883936405182,True,flanker,fallback,5
Older,older_80_89,2833,5493,2,3,3,False,0.9256958695247567,0.12,0.8056958695247567,3,3,3,0.999003529548645,0.06258752197027206,False,flanker,evidence-origin,3
Older,older_80_89,2834,18575,0,2,2,False,0.9123643278017226,0.14,0.7723643278017226,2,2,2,0.7180886268615723,0.05633711814880371,False,flanker,evidence-origin,2
Older,older_80_89,2839,6716,2,1,2,True,0.9430883467843839,0.39,0.5530883467843839,2,2,2,1.0534815788269043,0.042006634175777435,False,target,correct,3
Older,older_80_89,2841,31602,2,0,2,True,0.9841112078848344,0.09,0.8941112078848344,0,0,0,1.0146833658218384,0.054048992693424225,False,target,correct,3
Older,older_80_89,2842,19737,2,1,2,True,0.5636510594805844,0.13,0.43365105948058436,1,1,1,0.9559080004692078,0.06196773797273636,False,target,correct,1
Older,older_80_89,2844,26209,3,2,3,True,1.3868683545956253,0.21,1.1768683545956253,2,2,2,0.37557387351989746,0.05829238146543503,False,target,correct,5
Older,older_80_89,2847,24296,1,3,1,True,0.9537074774291616,0.18,0.7737074774291617,3,3,3,0.3523533344268799,0.05410468578338623,False,target,correct,3
Older,older_80_89,2848,21454,0,1,0,True,0.8522943901762254,0.28,0.5722943901762254,0,0,0,1.5719772577285767,0.03125918656587601,False,target,correct,2
Older,older_80_89,2851,15989,3,2,3,True,1.1872330716188277,0.25,0.9372330716188277,2,2,2,0.05607360601425171,0.052876509726047516,False,target,correct,4
Older,older_80_89,2852,1882,1,0,0,False,1.122341467550176,0.12,1.0023414675501758,0,0,0,1.0107638835906982,0.06676172465085983,False,flanker,evidence-origin,4
Older,older_80_89,2854,26186,2,0,2,True,0.9960136086273506,0.1,0.8960136086273506,0,0,0,0.928471565246582,0.05604606866836548,False,target,correct,3
Older,older_80_89,2855,12404,0,3,0,True,1.4600666454565294,0.79,0.6700666454565294,0,0,0,1.041070580482483,0.015879333019256592,True,target,correct,5
Older,older_80_89,2856,4326,0,1,0,True,1.265913083517453,0.14,1.1259130835174531,1,1,1,0.532960057258606,0.05271207541227341,False,target,correct,4
Older,older_80_89,2858,10213,3,0,3,True,1.5364540235564674,0.6,0.9364540235564675,3,3,3,1.097610354423523,0.07488247752189636,False,target,correct,5
Older,older_80_89,2859,980,1,2,1,True,1.0673967100637884,0.35000000000000003,0.7173967100637884,1,1,1,0.8036717176437378,0.02739901840686798,False,target,correct,4
Older,older_80_89,2860,21451,1,2,1,True,0.9542575661251034,0.13,0.8242575661251034,2,2,2,0.49807319045066833,0.05452878028154373,False,target,correct,3
Older,older_80_89,2867,546,3,0,3,True,0.9831515713423074,0.2,0.7831515713423074,0,0,0,0.45270204544067383,0.06714435666799545,False,target,correct,3
Older,older_80_89,2869,6812,0,1,0,True,1.4778440946421245,0.45,1.0278440946421246,0,0,0,1.128768801689148,0.03954264521598816,False,target,correct,5
Older,older_80_89,2873,7230,3,0,3,True,0.7300249168962942,0.11,0.6200249168962942,0,0,0,1.1255735158920288,0.06436895579099655,False,target,correct,1
Older,older_80_89,2874,25156,0,2,2,False,1.2259703066969325,0.14,1.0859703066969324,2,2,2,0.9351130127906799,0.06302674859762192,False,flanker,evidence-origin,4
Older,older_80_89,2876,27366,2,0,0,False,0.8859924518771443,0.1,0.7859924518771443,0,0,0,1.0207743644714355,0.059277236461639404,False,flanker,evidence-origin,2
Older,older_80_89,2881,4925,3,2,3,True,1.351697830224409,0.53,0.8216978302244089,3,3,3,0.7071111798286438,0.03206489980220795,False,target,correct,5
Older,older_80_89,2882,3173,3,1,3,True,0.8529795249141365,0.34,0.5129795249141365,3,3,3,0.8597314953804016,0.02541925013065338,False,target,correct,2
Older,older_80_89,2884,9771,2,3,2,True,0.7649924671650822,0.37,0.3949924671650822,3,3,3,0.22268742322921753,0.0332522839307785,False,target,correct,1
Older,older_80_89,2885,14938,2,3,3,False,0.7103526237140041,0.09,0.6203526237140041,3,3,3,1.4580273628234863,0.06342342495918274,False,flanker,evidence-origin,1
Older,older_80_89,2886,11103,3,0,3,True,0.9595200809110079,0.16,0.7995200809110079,0,0,0,0.7283897399902344,0.0666050910949707,False,target,correct,3
Older,older_80_89,2887,23339,0,1,0,True,0.8920294948695464,0.11,0.7820294948695464,1,1,1,0.8793727159500122,0.056931592524051666,False,target,correct,2
Older,older_80_89,2890,11004,3,0,3,True,1.0172085358861576,0.12,0.8972085358861576,0,0,0,0.9228208065032959,0.06150063872337341,False,target,correct,3
Older,older_80_89,2891,15481,0,1,0,True,1.0592578848946426,0.44,0.6192578848946426,0,0,0,1.1573854684829712,0.05365221947431564,False,target,correct,3
Older,older_80_89,2893,4223,0,1,0,True,1.5754399002452248,0.79,0.7854399002452248,0,0,0,0.8851361870765686,0.047258950769901276,True,target,correct,5
Older,older_80_89,2894,29084,0,3,0,True,1.1384093256964622,0.34,0.7984093256964622,0,0,0,0.7469775080680847,0.027159683406352997,False,target,correct,4
Older,older_80_89,2897,12239,1,2,1,True,0.9919720415720545,0.23,0.7619720415720546,1,1,1,1.2505128383636475,0.03716172277927399,False,target,correct,3
Older,older_80_89,2898,31312,1,3,3,False,1.106309396397965,0.13,0.9763093963979651,3,3,3,0.7845758199691772,0.05845830589532852,False,flanker,evidence-origin,4
Older,older_80_89,2899,15148,2,3,2,True,1.2156118861725034,0.67,0.5456118861725033,2,2,2,0.7914878726005554,0.03765080124139786,False,target,correct,4
Older,older_80_89,2900,10205,3,1,1,False,0.5608383173745122,0.06,0.5008383173745121,1,1,1,1.2901475429534912,0.04869016259908676,False,flanker,evidence-origin,1
Older,older_80_89,2901,3890,2,1,2,True,0.9822934683914162,0.15,0.8322934683914162,1,1,1,0.8763726949691772,0.06346201151609421,False,target,correct,3
Older,older_80_89,2903,34113,0,3,0,True,0.7013907586593316,0.23,0.47139075865933167,3,0,3,0.0011682510375976562,0.05139543116092682,False,target,correct,1
Older,older_80_89,2905,4537,1,3,3,False,1.3193802596139474,0.1,1.2193802596139474,3,3,3,1.0763137340545654,0.05894376337528229,False,flanker,evidence-origin,5
Older,older_80_89,2907,10989,3,0,3,True,1.0833966209421042,0.1,0.9833966209421042,0,0,0,1.222790241241455,0.06372103840112686,False,target,correct,4
Older,older_80_89,2908,29982,3,1,3,True,1.7563104903464644,0.6900000000000001,1.0663104903464644,3,3,3,0.745713472366333,0.059205345809459686,False,target,correct,5
Older,older_80_89,2910,15735,0,2,2,False,1.0020596969698488,0.2,0.8020596969698488,2,2,2,0.1732804775238037,0.047808267176151276,False,flanker,evidence-origin,3
Older,older_80_89,2912,3095,3,2,2,False,1.0033640773915635,0.13,0.8733640773915635,2,2,2,1.0622341632843018,0.07002810388803482,False,flanker,evidence-origin,3
Older,older_80_89,2915,26166,1,2,1,True,0.6792746135894809,0.15,0.5292746135894809,2,2,2,0.36978837847709656,0.05389425903558731,False,target,correct,1
Older,older_80_89,2918,13036,0,3,0,True,1.6176411270100417,0.68,0.9376411270100417,0,0,0,0.9397167563438416,0.052572838962078094,False,target,correct,5
Older,older_80_89,2921,4317,0,1,0,True,1.1430629266922794,0.29,0.8530629266922793,0,0,0,1.3728446960449219,0.02362850308418274,False,target,correct,4
Older,older_80_89,2923,11800,1,3,1,True,0.9325822687166357,0.19,0.7425822687166357,3,3,3,0.1971912384033203,0.04868350923061371,False,target,correct,3
Older,older_80_89,2924,17796,3,1,1,False,0.5317913791913829,0.06,0.47179137919138286,1,1,1,1.2901420593261719,0.04969654232263565,False,flanker,evidence-origin,1
Older,older_80_89,2926,1542,0,1,0,True,1.3649115118713564,0.79,0.5749115118713564,0,0,0,0.8380839228630066,0.04056410491466522,True,target,correct,5
Older,older_80_89,2928,16687,3,0,3,True,0.8077949235511027,0.12,0.6877949235511027,0,0,0,1.0160590410232544,0.06138618290424347,False,target,correct,2
Older,older_80_89,2930,10583,0,2,2,False,0.5196619091798682,0.09,0.42966190917986824,2,2,2,1.339557409286499,0.06351670622825623,False,flanker,evidence-origin,1
Older,older_80_89,2936,19529,1,2,1,True,1.1401187617249473,0.13,1.0101187617249474,2,2,2,0.7096093893051147,0.05925333499908447,False,target,correct,4
Older,older_80_89,2937,27077,2,3,2,True,0.7173254793379146,0.19,0.5273254793379145,3,3,3,0.25977662205696106,0.05593826621770859,False,target,correct,1
Older,older_80_89,2940,13861,3,2,3,True,1.6782981199638187,0.65,1.0282981199638188,3,3,3,0.687682569026947,0.04819682240486145,False,target,correct,5
Older,older_80_89,2943,11488,2,0,2,True,0.7186478561257486,0.14,0.5786478561257485,0,0,0,0.6041457653045654,0.05595163255929947,False,target,correct,1
Older,older_80_89,2946,12749,1,3,1,True,0.7638798554976817,0.14,0.6238798554976817,3,3,3,0.24455755949020386,0.0441490039229393,False,target,correct,1
Older,older_80_89,2947,3016,0,2,2,False,1.2380125076745943,0.09,1.1480125076745942,2,2,2,1.2566744089126587,0.06042247265577316,False,flanker,evidence-origin,4
Older,older_80_89,2948,19764,0,1,0,True,0.9205785471085477,0.07,0.8505785471085476,1,1,1,1.56150221824646,0.06173969805240631,False,target,correct,3
Older,older_80_89,2949,17129,2,3,3,False,0.7954209702916257,0.09,0.7054209702916258,3,3,3,1.4743883609771729,0.06585776060819626,False,flanker,evidence-origin,2
Older,older_80_89,2953,3967,3,1,3,True,1.6016022408868853,0.79,0.8116022408868853,3,3,3,0.814598560333252,0.06393963098526001,True,target,correct,5
Older,older_80_89,2954,22971,0,1,0,True,0.5039295771594771,0.08,0.42392957715947704,1,1,1,1.4397016763687134,0.06168995052576065,False,target,correct,1
Older,older_80_89,2958,11353,0,3,0,True,0.7854450026738264,0.18,0.6054450026738265,3,3,3,0.16873973608016968,0.056339167058467865,False,target,correct,2
Older,older_80_89,2960,25575,2,0,2,True,1.0383860617162404,0.1,0.9383860617162404,0,0,0,0.9638974666595459,0.05789688974618912,False,target,correct,3
Older,older_80_89,2962,12011,1,0,0,False,0.9208064128592557,0.09,0.8308064128592557,0,0,0,1.2438114881515503,0.06279542297124863,False,flanker,evidence-origin,3
Older,older_80_89,2964,22143,3,2,3,True,1.4256328450595355,0.24,1.1856328450595355,2,2,2,0.09598866105079651,0.05663634091615677,False,target,correct,5
Older,older_80_89,2966,12945,1,0,0,False,0.5501124543467594,0.12,0.4301124543467594,0,0,0,0.9990821480751038,0.06722477078437805,False,flanker,evidence-origin,1
Older,older_80_89,2970,32302,0,2,2,False,0.7146664216132983,0.1,0.6146664216132983,2,2,2,1.129976749420166,0.06019779294729233,False,flanker,evidence-origin,1
Older,older_80_89,2971,7965,3,2,3,True,0.9224171983315426,0.19,0.7324171983315426,2,2,2,0.5413023233413696,0.06418635696172714,False,target,correct,3
Older,older_80_89,2972,2132,0,1,0,True,1.1335127293840541,0.18,0.9535127293840542,1,0,1,0.02625197172164917,0.04716233164072037,False,target,correct,4
Older,older_80_89,2973,33862,2,0,0,False,1.1315017453651,0.13,1.0015017453651,0,0,0,0.7977620363235474,0.05842611938714981,False,flanker,evidence-origin,4
Older,older_80_89,2977,28845,2,3,2,True,0.9174664762617218,0.14,0.7774664762617218,3,3,3,0.7673084735870361,0.06376872211694717,False,target,correct,3
Older,older_80_89,2980,8695,3,0,3,True,1.051480867741786,0.15,0.9014808677417859,0,0,0,0.8964768052101135,0.06610801815986633,False,target,correct,3
Older,older_80_89,2981,2654,2,1,2,True,1.247695539749475,0.55,0.6976955397494748,2,2,2,0.7964462637901306,0.03420037776231766,False,target,correct,4
Older,older_80_89,2986,7937,1,3,1,True,0.5109887293916655,0.11,0.4009887293916655,3,3,3,0.8790815472602844,0.057806409895420074,False,target,correct,1
Older,older_80_89,2988,11004,0,1,0,True,1.4800279570133064,0.75,0.7300279570133064,0,0,0,1.0370864868164062,0.06158819794654846,False,target,correct,5
Older,older_80_89,2989,12155,0,3,3,False,1.0370657340355915,0.5,0.5370657340355915,3,3,3,0.8267224431037903,0.06561071425676346,False,flanker,evidence-origin,3
Older,older_80_89,2990,23652,2,3,3,False,1.2013957365732515,0.13,1.0713957365732516,3,3,3,0.8535715341567993,0.060389719903469086,False,flanker,evidence-origin,4
Older,older_80_89,2993,4452,3,0,0,False,1.162866458440515,0.08,1.082866458440515,0,0,0,1.4303089380264282,0.060022808611392975,False,flanker,evidence-origin,4
Older,older_80_89,2994,26139,3,1,1,False,1.0380112987847359,0.06,0.9780112987847358,1,1,1,1.285358190536499,0.049129560589790344,False,flanker,evidence-origin,3
Older,older_80_89,2995,32227,3,2,3,True,0.9824140826547587,0.14,0.8424140826547587,2,2,2,0.8476787209510803,0.06279483437538147,False,target,correct,3
Older,older_80_89,3000,15659,1,0,0,False,1.0376914603507568,0.12,0.9176914603507568,0,0,0,1.043847918510437,0.06583310663700104,False,flanker,evidence-origin,3
Older,older_80_89,3001,15281,3,2,3,True,0.7472532385464999,0.2,0.5472532385464999,2,2,2,0.219232976436615,0.059042222797870636,False,target,correct,1
Older,older_80_89,3002,3368,0,3,3,False,1.0114804301569214,0.08,0.9314804301569214,3,3,3,1.2825101613998413,0.05951179563999176,False,flanker,evidence-origin,3
Older,older_80_89,3004,21749,3,0,3,True,0.8744595338180935,0.14,0.7344595338180935,0,0,0,0.9007017612457275,0.06625626236200333,False,target,correct,2
Older,older_80_89,3006,9211,1,2,1,True,0.8978331476772823,0.1,0.7978331476772823,2,2,2,1.1530463695526123,0.0618634894490242,False,target,correct,2
Older,older_80_89,3007,16584,2,3,2,True,1.3768072736344292,0.7000000000000001,0.6768072736344292,2,2,2,0.8742163777351379,0.04306694120168686,False,target,correct,5
Older,older_80_89,3008,10473,2,1,2,True,0.44086903054010407,0.07,0.37086903054010406,1,1,1,1.5401867628097534,0.06118159741163254,False,target,correct,1
Older,older_80_89,3009,21815,1,3,1,True,1.2147690790018135,0.16,1.0547690790018136,3,1,3,0.30697447061538696,0.027195267379283905,False,target,correct,4
Older,older_80_89,3010,31408,1,3,3,False,0.7510970730755424,0.07,0.6810970730755423,3,3,3,1.4025768041610718,0.05869435518980026,False,flanker,evidence-origin,1
Older,older_80_89,3014,18386,3,1,1,False,0.6922709910801583,0.06,0.6322709910801583,1,1,1,1.3758805990219116,0.05213353782892227,False,flanker,evidence-origin,1
Older,older_80_89,3016,30116,0,3,0,True,0.5124145011936629,0.16,0.3524145011936629,3,3,3,0.4768722951412201,0.060864269733428955,False,target,correct,1
Older,older_80_89,3020,2585,1,2,1,True,1.2362215127651917,0.18,1.0562215127651917,2,2,2,0.12661713361740112,0.05074334144592285,False,target,correct,4
Older,older_80_89,3021,31749,3,1,1,False,0.8830258526872181,0.06,0.8230258526872181,1,1,1,1.3760385513305664,0.0528528094291687,False,flanker,evidence-origin,2
Older,older_80_89,3022,5872,0,3,3,False,1.022438046914843,0.18,0.8424380469148431,3,3,3,0.08473533391952515,0.047822318971157074,False,flanker,evidence-origin,3
Older,older_80_89,3023,16762,3,2,3,True,0.7621762610303361,0.14,0.6221762610303361,2,2,2,0.7351478338241577,0.06127183884382248,False,target,correct,1
Older,older_80_89,3028,27089,3,0,0,False,1.008993711040089,0.15,0.858993711040089,0,0,0,0.9790046215057373,0.06894905865192413,False,flanker,evidence-origin,3
Older,older_80_89,3031,14812,1,2,1,True,1.2737858529342885,0.59,0.6837858529342885,1,1,1,0.6517829895019531,0.04229053109884262,False,target,correct,4
Older,older_80_89,3032,21821,1,3,3,False,0.9204192781506374,0.07,0.8504192781506374,3,3,3,0.9328576922416687,0.04462412744760513,False,flanker,evidence-origin,3
Older,older_80_89,3033,25915,0,1,0,True,1.0264603487639663,0.12,0.9064603487639663,1,1,1,0.7191696166992188,0.05698788911104202,False,target,correct,3
Older,older_80_89,3034,4334,3,0,0,False,0.8355702874025096,0.12,0.7155702874025096,0,0,0,1.0890089273452759,0.0663856565952301,False,flanker,evidence-origin,2
Older,older_80_89,3037,18315,3,2,3,True,0.729234834996718,0.11,0.619234834996718,2,2,2,1.0696289539337158,0.06171245872974396,False,target,correct,1
Older,older_80_89,3039,27178,0,3,0,True,1.5075814919198613,0.78,0.7275814919198613,0,0,0,1.256385326385498,0.0277508944272995,False,target,correct,5
Older,older_80_89,3040,2477,2,1,1,False,0.9141199793936579,0.1,0.8141199793936579,1,1,1,1.0832891464233398,0.05699987709522247,False,flanker,evidence-origin,2
Older,older_80_89,3042,30843,1,3,1,True,0.9147365929986083,0.23,0.6847365929986083,3,1,3,0.2596855163574219,0.03230196237564087,False,target,correct,2
Older,older_80_89,3043,4779,0,3,0,True,1.353066143827327,0.75,0.603066143827327,0,0,0,1.1553857326507568,0.026457495987415314,False,target,correct,5
Older,older_80_89,3045,27532,1,3,1,True,0.8047402094268279,0.11,0.6947402094268279,3,3,3,0.6911060810089111,0.050939105451107025,False,target,correct,2
Older,older_80_89,3046,460,0,2,2,False,1.5685618427524457,0.79,0.7785618427524457,0,0,0,0.8505662083625793,0.015405826270580292,True,flanker,fallback,5
Older,older_80_89,3048,4480,2,3,3,False,1.2195706374203275,0.31,0.9095706374203274,3,3,3,0.09741067886352539,0.04088517278432846,False,flanker,evidence-origin,4
Older,older_80_89,3049,12537,0,2,2,False,1.1559629071235593,0.21,0.9459629071235593,2,2,2,0.17418307065963745,0.04973328858613968,False,flanker,evidence-origin,4
Older,older_80_89,3051,24732,1,3,3,False,0.5541398752325858,0.09,0.4641398752325858,3,3,3,0.9072085618972778,0.0517086386680603,False,flanker,evidence-origin,1
Older,older_80_89,3053,7203,2,3,3,False,0.8245542338659932,0.14,0.6845542338659932,3,3,3,0.9165338277816772,0.06574182212352753,False,flanker,evidence-origin,2
Older,older_80_89,3054,6731,1,3,1,True,0.9230752818326649,0.1,0.8230752818326649,3,3,3,0.988186240196228,0.05664154142141342,False,target,correct,3
Older,older_80_89,3057,29274,3,0,3,True,1.0912279888996956,0.12,0.9712279888996956,0,0,0,1.0469249486923218,0.06339064240455627,False,target,correct,4
Older,older_80_89,3063,20044,0,1,0,True,1.2900831910639012,0.28,1.0100831910639012,0,0,0,1.5423139333724976,0.03511681407690048,False,target,correct,5
Older,older_80_89,3064,24228,3,2,3,True,1.1504404441859313,0.23,0.9204404441859313,2,2,2,0.21182355284690857,0.06023816019296646,False,target,correct,4
Older,older_80_89,3065,28223,0,3,0,True,0.9542473605390739,0.15,0.8042473605390739,3,3,3,0.31508854031562805,0.056602299213409424,False,target,correct,3
Older,older_80_89,3066,18536,1,0,0,False,1.3899999856948853,0.14,1.2499999856948851,0,0,0,0.8641552329063416,0.06851306557655334,False,flanker,evidence-origin,5
Older,older_80_89,3068,14421,2,1,2,True,0.884538591662013,0.11,0.774538591662013,1,1,1,1.1501038074493408,0.062436722218990326,False,target,correct,2
Older,older_80_89,3069,16522,0,1,0,True,1.4073904225874745,0.79,0.6173904225874745,0,0,0,0.8655582070350647,0.04193185269832611,True,target,correct,5
Older,older_80_89,3072,410,0,2,2,False,0.6682750337809922,0.11,0.5582750337809922,2,2,2,1.1427810192108154,0.06156686693429947,False,flanker,evidence-origin,1
Older,older_80_89,3074,10542,2,3,2,True,1.2444163964369013,0.34,0.9044163964369012,3,3,3,0.008689820766448975,0.042565733194351196,False,target,correct,4
Older,older_80_89,3077,32090,3,1,1,False,1.136341814508478,0.06,1.076341814508478,1,1,1,1.2695211172103882,0.04677759110927582,False,flanker,evidence-origin,4
Older,older_80_89,3078,18103,3,0,0,False,0.6834014977022124,0.09,0.5934014977022124,0,0,0,1.3910499811172485,0.06225470453500748,False,flanker,evidence-origin,1
Older,older_80_89,3080,26922,3,0,0,False,1.0053059116774208,0.09,0.9153059116774208,0,0,0,1.4223449230194092,0.06305165588855743,False,flanker,evidence-origin,3
Older,older_80_89,3082,24716,1,2,1,True,1.2684926849750526,0.51,0.7584926849750526,1,1,1,0.7081667184829712,0.04200860857963562,False,target,correct,4
Older,older_80_89,3086,7407,3,2,3,True,0.7923478621810208,0.14,0.6523478621810208,2,2,2,0.8060329556465149,0.06516880542039871,False,target,correct,2
Older,older_80_89,3088,29933,2,1,2,True,0.4319651387765753,0.15,0.28196513877657525,1,1,1,0.8196287751197815,0.06057409197092056,False,target,correct,1
Older,older_80_89,3089,1680,1,2,1,True,1.2731510562877797,0.43,0.8431510562877798,1,1,1,0.768034815788269,0.03498473018407822,False,target,correct,4
Older,older_80_89,3093,6085,3,2,3,True,0.9238724973979414,0.2,0.7238724973979414,2,2,2,0.3609132766723633,0.05768530070781708,False,target,correct,3
Older,older_80_89,3094,9892,0,2,2,False,1.2832095586826144,0.79,0.4932095586826144,0,0,0,0.8662779331207275,0.023564651608467102,True,flanker,fallback,5
Older,older_80_89,3095,13227,3,1,3,True,0.8539998821931759,0.12,0.7339998821931759,1,1,1,0.6706078052520752,0.04710838198661804,False,target,correct,2
Older,older_80_89,3096,22665,3,1,1,False,1.8676141656137677,0.79,1.0776141656137677,3,3,3,0.7120556831359863,0.003540419042110443,True,flanker,fallback,5
Older,older_80_89,3097,12262,0,1,0,True,1.2582081409182133,0.19,1.0682081409182134,1,0,1,0.16512686014175415,0.04948430508375168,False,target,correct,4
Older,older_80_89,3098,25456,1,3,1,True,0.5565276862577309,0.14,0.41652768625773084,3,1,3,0.07762259244918823,0.035203054547309875,False,target,correct,1
Older,older_80_89,3099,6629,2,3,2,True,0.7333596737464387,0.13,0.6033596737464387,3,3,3,0.8570363521575928,0.06236620992422104,False,target,correct,1
Older,older_80_89,3100,8001,0,1,1,False,1.106801705973327,0.22,0.8868017059733271,1,1,1,0.523298978805542,0.06353610008955002,False,flanker,evidence-origin,4
Older,older_80_89,3103,14487,2,1,1,False,0.7615187375659004,0.09,0.6715187375659004,1,1,1,1.443474531173706,0.06481583416461945,False,flanker,evidence-origin,1
Older,older_80_89,3105,8944,0,2,2,False,1.5647091699186066,0.79,0.7747091699186066,0,0,0,0.7620260715484619,0.02168431133031845,True,flanker,fallback,5
Older,older_80_89,3106,30378,2,0,2,True,0.9312651840908323,0.11,0.8212651840908323,0,0,0,0.7687221765518188,0.05234655737876892,False,target,correct,3
Older,older_80_89,3107,3615,3,0,3,True,0.4097944465034599,0.11,0.29979444650345993,0,0,0,1.0754107236862183,0.06061949580907822,False,target,correct,1
Older,older_80_89,3110,19106,3,0,0,False,1.1739671173447266,0.09,1.0839671173447265,0,0,0,1.4070388078689575,0.0651901438832283,False,flanker,evidence-origin,4
Older,older_80_89,3112,10835,2,0,2,True,0.8258573278265089,0.14,0.6858573278265089,0,0,0,0.610316276550293,0.05703408271074295,False,target,correct,2
Older,older_80_89,3113,15390,0,1,0,True,1.233096593279054,0.64,0.5930965932790541,0,0,0,0.7890313863754272,0.031610868871212006,False,target,correct,4
Older,older_80_89,3117,34274,3,2,3,True,0.8043065473464299,0.15,0.6543065473464299,2,2,2,0.7006205916404724,0.06576450169086456,False,target,correct,2
Older,older_80_89,3119,4375,0,2,2,False,1.4604210947550709,0.79,0.6704210947550708,0,0,0,0.9185745716094971,0.02227535843849182,True,flanker,fallback,5
Older,older_80_89,3121,16851,0,1,0,True,0.7966635860673148,0.18,0.6166635860673149,1,1,1,0.035032689571380615,0.0526428148150444,False,target,correct,2
Older,older_80_89,3123,8847,1,0,1,True,1.0520213301246037,0.15,0.9020213301246037,0,0,0,0.6775510907173157,0.06595826148986816,False,target,correct,3
Older,older_80_89,3124,30865,3,1,3,True,0.9527671850678914,0.09,0.8627671850678914,1,1,1,0.8990730047225952,0.04961751401424408,False,target,correct,3
Older,older_80_89,3125,25488,3,2,3,True,0.6949577556974915,0.17,0.5249577556974915,2,2,2,0.5923097133636475,0.062093235552310944,False,target,correct,1
Older,older_80_89,3128,8118,2,3,3,False,1.131821747109284,0.15,0.9818217471092839,3,3,3,0.675419807434082,0.058679208159446716,False,flanker,evidence-origin,4
Older,older_80_89,3133,12937,0,2,2,False,1.7543372410975033,0.79,0.9643372410975033,0,0,0,0.9686762094497681,0.027271196246147156,True,flanker,fallback,5
Older,older_80_89,3134,18841,0,3,0,True,1.102871383647227,0.62,0.48287138364722704,0,0,0,0.6819478273391724,0.054311878979206085,False,target,correct,4
Older,older_80_89,3136,9656,3,0,3,True,1.1775819801340286,0.18,0.9975819801340287,0,0,0,0.21333345770835876,0.049635887145996094,False,target,correct,4
Older,older_80_89,3139,13597,3,2,3,True,1.0748512734448643,0.39,0.6848512734448643,3,3,3,1.1513580083847046,0.02577228844165802,False,target,correct,4
Older,older_80_89,3140,23889,0,3,0,True,1.131752481102778,0.14,0.9917524811027779,3,3,3,0.33592721819877625,0.05392252653837204,False,target,correct,4
Older,older_80_89,3141,8172,1,2,1,True,1.4465415835908448,0.47000000000000003,0.9765415835908449,1,1,1,0.8166853785514832,0.04212544858455658,False,target,correct,5
Older,older_80_89,3142,13718,0,2,0,True,1.6607963884060537,0.79,0.8707963884060537,0,0,0,1.0362731218338013,0.05589858442544937,True,target,correct,5
Older,older_80_89,3143,2484,2,1,2,True,1.2312296063552512,0.15,1.0812296063552513,1,1,1,0.8057749271392822,0.06003569811582565,False,target,correct,4
Older,older_80_89,3144,15498,1,2,1,True,1.397916614777546,0.64,0.7579166147775459,1,1,1,0.6302937269210815,0.028434768319129944,False,target,correct,5
Older,older_80_89,3146,18238,1,0,0,False,0.7412841732342401,0.1,0.6412841732342401,0,0,0,1.0378305912017822,0.05802430212497711,False,flanker,evidence-origin,1
Older,older_80_89,3150,11242,0,3,0,True,1.6533670032273136,0.65,1.0033670032273134,0,0,0,0.7959464192390442,0.03604396432638168,False,target,correct,5
Older,older_80_89,3156,16803,3,2,3,True,0.8894652512766019,0.12,0.7694652512766019,2,2,2,1.0219106674194336,0.06350793689489365,False,target,correct,2
Older,older_80_89,3159,28490,3,0,3,True,0.7244081993965081,0.11,0.6144081993965081,0,0,0,1.1944544315338135,0.06672348827123642,False,target,correct,1
Older,older_80_89,3160,20433,0,2,2,False,1.5819121498339268,0.79,0.7919121498339268,0,0,0,0.9021298885345459,0.024406544864177704,True,flanker,fallback,5
Older,older_80_89,3161,19057,1,3,3,False,0.9024956133092692,0.23,0.6724956133092692,3,3,3,0.27161747217178345,0.05410782992839813,False,flanker,evidence-origin,2
Older,older_80_89,3162,9890,0,3,0,True,1.2439520019003911,0.72,0.5239520019003912,0,0,0,1.0777859687805176,0.04155026376247406,False,target,correct,4
Older,older_80_89,3163,27773,3,2,3,True,1.040726625938072,0.14,0.9007266259380721,2,2,2,0.7809449434280396,0.06512494385242462,False,target,correct,3
Older,older_80_89,3164,3213,1,2,1,True,0.8584070420006296,0.11,0.7484070420006296,2,2,2,0.5835574865341187,0.0485842227935791,False,target,correct,2
Older,older_80_89,3165,5818,2,1,2,True,1.009580245629051,0.44,0.5695802456290511,2,2,2,1.0090160369873047,0.04740966856479645,False,target,correct,3
Older,older_80_89,3168,10990,0,1,0,True,0.7626228360408334,0.07,0.6926228360408333,1,1,1,1.559432029724121,0.06264209747314453,False,target,correct,1
Older,older_80_89,3169,16137,0,3,3,False,0.7233879763525498,0.12,0.6033879763525498,3,3,3,0.8706662058830261,0.06161823123693466,False,flanker,evidence-origin,1
Older,older_80_89,3173,31689,0,1,0,True,1.228378938527084,0.28,0.948378938527084,0,0,0,1.5170632600784302,0.03574841469526291,False,target,correct,4
Older,older_80_89,3178,15662,2,1,2,True,0.5247140292279715,0.12,0.4047140292279715,1,1,1,0.9242090582847595,0.05850744992494583,False,target,correct,1
Older,older_80_89,3181,33780,0,1,0,True,1.264838919399686,0.76,0.5048389193996861,0,0,0,1.0181957483291626,0.07169000059366226,False,target,correct,4
Older,older_80_89,3182,31849,3,0,0,False,0.772497633886254,0.11,0.662497633886254,0,0,0,1.1898524761199951,0.06573904305696487,False,flanker,evidence-origin,2
Older,older_80_89,3185,28003,1,2,1,True,1.3774038994555253,0.43,0.9474038994555254,1,1,1,0.6692510843276978,0.04124502092599869,False,target,correct,5
Older,older_80_89,3190,17247,0,2,2,False,1.4707297175321528,0.79,0.6807297175321527,0,0,0,0.8791493773460388,0.032500460743904114,True,flanker,fallback,5
Older,older_80_89,3194,18170,2,3,2,True,0.724142661662571,0.19,0.5341426616625711,3,3,3,0.41850024461746216,0.05919419229030609,False,target,correct,1
Older,older_80_89,3196,20389,2,1,2,True,0.8189728167560222,0.14,0.6789728167560222,1,1,1,0.8942710757255554,0.06599734723567963,False,target,correct,2
Older,older_80_89,3197,5884,1,2,1,True,1.0917447037748547,0.32,0.7717447037748546,1,1,1,0.9064257740974426,0.02139846235513687,False,target,correct,4
Older,older_80_89,3198,16063,3,1,1,False,0.7155854287857619,0.18,0.535585428785762,1,1,1,0.4123997688293457,0.05426955223083496,False,flanker,evidence-origin,1
Older,older_80_89,3202,16734,1,3,3,False,1.0458937929010177,0.13,0.9158937929010177,3,3,3,0.7938157320022583,0.05833812057971954,False,flanker,evidence-origin,3
Older,older_80_89,3204,804,1,2,1,True,1.4307390238108757,0.5700000000000001,0.8607390238108756,1,1,1,0.6792930960655212,0.04644337296485901,False,target,correct,5
Older,older_80_89,3208,3621,2,0,0,False,0.9643030609942946,0.11,0.8543030609942946,0,0,0,1.0470635890960693,0.0607597753405571,False,flanker,evidence-origin,3
Older,older_80_89,3210,1137,3,2,3,True,0.8977185121977437,0.14,0.7577185121977437,2,2,2,0.7684122323989868,0.06403402984142303,False,target,correct,2
Older,older_80_89,3212,21497,1,2,1,True,1.3142653490203116,0.59,0.7242653490203116,1,1,1,0.7926968336105347,0.05598627030849457,False,target,correct,5
Older,older_80_89,3213,25567,3,0,3,True,0.9155872230481967,0.09,0.8255872230481968,0,0,0,1.4942353963851929,0.06787647306919098,False,target,correct,2
Older,older_80_89,3214,33969,0,2,2,False,1.834030484282232,0.79,1.0440304842822319,0,0,0,0.7901275753974915,0.013661317527294159,True,flanker,fallback,5
Older,older_80_89,3215,22203,3,0,3,True,0.48204982614995884,0.18,0.30204982614995884,0,0,0,0.6078821420669556,0.06192879378795624,False,target,correct,1
Older,older_80_89,3216,22620,2,3,3,False,0.9268480620677576,0.19,0.7368480620677575,3,3,3,0.4629519283771515,0.061004504561424255,False,flanker,evidence-origin,3
Older,older_80_89,3217,28521,2,1,2,True,1.3079714602861867,0.48,0.8279714602861867,2,2,2,1.1040724515914917,0.03157658129930496,False,target,correct,5
Older,older_80_89,3218,26551,2,3,2,True,1.1624387328330719,0.66,0.5024387328330718,2,2,2,0.8214318752288818,0.04246258735656738,False,target,correct,4
Older,older_80_89,3219,18415,2,3,2,True,1.316548096167875,0.6900000000000001,0.626548096167875,2,2,2,0.7977796792984009,0.040018945932388306,False,target,correct,5
Older,older_80_89,3220,25362,2,0,0,False,1.1635518642028544,0.13,1.0335518642028543,0,0,0,0.7280845046043396,0.05633769929409027,False,flanker,evidence-origin,4
Older,older_80_89,3222,10597,0,1,0,True,1.099038756963878,0.07,1.029038756963878,1,1,1,1.6635441780090332,0.06100770831108093,False,target,correct,4
Older,older_80_89,3223,10506,0,3,0,True,1.7406385329113507,0.73,1.0106385329113508,0,0,0,1.1114745140075684,0.03293519467115402,False,target,correct,5
Older,older_80_89,3224,18163,2,3,2,True,0.6851118840904376,0.18,0.5051118840904376,3,3,3,0.37468868494033813,0.05818430334329605,False,target,correct,1
Older,older_80_89,3225,9909,3,2,3,True,1.2143104929479052,0.45,0.7643104929479052,3,3,3,1.0363125801086426,0.03977380692958832,False,target,correct,4
Older,older_80_89,3227,32653,2,3,3,False,1.0294008352204223,0.07,0.9594008352204222,3,3,3,1.832413673400879,0.0673934742808342,False,flanker,evidence-origin,3
Older,older_80_89,3230,17937,2,0,2,True,0.5226292593934974,0.1,0.4226292593934974,0,0,0,0.9742183089256287,0.05775477737188339,False,target,correct,1
Older,older_80_89,3236,12732,2,0,2,True,1.001714855660855,0.12,0.8817148556608551,0,0,0,0.611789882183075,0.0512273833155632,False,target,correct,3
Older,older_80_89,3237,6431,0,2,2,False,1.459570958458452,0.79,0.6695709584584519,0,0,0,0.7942314743995667,0.012862369418144226,True,flanker,fallback,5
Older,older_80_89,3240,16655,0,3,0,True,1.3123958289580477,0.72,0.5923958289580478,0,0,0,1.189566969871521,0.034691281616687775,False,target,correct,5
Older,older_80_89,3241,1113,2,1,2,True,1.2286986267783921,0.42,0.8086986267783922,2,2,2,1.0967748165130615,0.04533827304840088,False,target,correct,4
Older,older_80_89,3242,5910,3,1,3,True,0.8451278311763368,0.14,0.7051278311763368,1,1,1,0.43097132444381714,0.04696529358625412,False,target,correct,2
Older,older_80_89,3246,12159,1,2,1,True,1.5056533782303667,0.68,0.8256533782303667,1,1,1,0.9200812578201294,0.05731271207332611,False,target,correct,5
Older,older_80_89,3247,12873,2,3,2,True,1.1066249825531465,0.68,0.4266249825531464,2,2,2,0.7047058343887329,0.022955983877182007,False,target,correct,4
Older,older_80_89,3249,5479,2,3,2,True,0.8639929778887524,0.12,0.7439929778887524,3,3,3,0.8995749950408936,0.05807039141654968,False,target,correct,2
Older,older_80_89,3253,5960,1,3,1,True,1.2049796152207564,0.17,1.0349796152207564,3,3,3,0.2976797819137573,0.05129961669445038,False,target,correct,4
Older,older_80_89,3254,30914,1,0,1,True,1.1841395773095815,0.08,1.1041395773095815,0,0,0,1.3409128189086914,0.06214863061904907,False,target,correct,4
Older,older_80_89,3255,2093,2,3,3,False,0.9488562624071966,0.08,0.8688562624071966,3,3,3,1.6603589057922363,0.06623241305351257,False,flanker,evidence-origin,3
Older,older_80_89,3257,18672,2,3,3,False,1.0303754418374003,0.24,0.7903754418374003,3,3,3,0.1946938931941986,0.05327555537223816,False,flanker,evidence-origin,3
Older,older_80_89,3259,30264,2,1,1,False,0.8830450919926185,0.06,0.8230450919926184,1,1,1,1.8429714441299438,0.06387515366077423,False,flanker,evidence-origin,2
Older,older_80_89,3261,11084,1,2,1,True,1.3053905158166128,0.58,0.7253905158166128,1,1,1,0.6081363558769226,0.03519187867641449,False,target,correct,5
Older,older_80_89,3262,880,0,3,3,False,1.457118563097214,0.48,0.9771185630972141,3,3,3,0.742621898651123,0.05420035868883133,False,flanker,evidence-origin,5
Older,older_80_89,3266,17744,0,2,2,False,0.9313724402813223,0.12,0.8113724402813223,2,2,2,0.847985565662384,0.05871321260929108,False,flanker,evidence-origin,3
Older,older_80_89,3267,19861,3,2,3,True,1.2154110522946118,0.19,1.0254110522946118,2,2,2,0.4581093490123749,0.06294453889131546,False,target,correct,4
Older,older_80_89,3269,4701,3,2,3,True,0.9109955485945357,0.24,0.6709955485945357,2,3,2,0.025364220142364502,0.04796802997589111,False,target,correct,2
Older,older_80_89,3270,8503,0,3,0,True,1.4166226447355412,0.73,0.6866226447355412,0,0,0,1.1072654724121094,0.04506908357143402,False,target,correct,5
Older,older_80_89,3272,2447,1,0,1,True,0.6009544923028697,0.14,0.46095449230286967,0,0,0,0.7716690897941589,0.06675126403570175,False,target,correct,1
Older,older_80_89,3273,3014,2,1,1,False,0.5076976179556412,0.13,0.37769761795564116,1,1,1,0.9557474851608276,0.0600382462143898,False,flanker,evidence-origin,1
Older,older_80_89,3275,2807,0,3,0,True,1.1730149476999407,0.52,0.6530149476999407,3,3,3,0.42337536811828613,0.05212718993425369,False,target,correct,4
Older,older_80_89,3277,27585,2,1,2,True,0.5217272480421052,0.13,0.39172724804210524,1,1,1,1.0240005254745483,0.06527996063232422,False,target,correct,1
Older,older_80_89,3278,7943,0,1,0,True,1.1446758494577849,0.49,0.6546758494577849,0,0,0,1.2295970916748047,0.058627575635910034,False,target,correct,4
Older,older_80_89,3279,1698,3,2,3,True,1.2545277485715067,0.65,0.6045277485715067,3,3,3,0.8714946508407593,0.05852341651916504,False,target,correct,4
Older,older_80_89,3280,4782,1,2,1,True,1.3656054385965586,0.61,0.7556054385965586,1,1,1,0.7143526673316956,0.06061767786741257,False,target,correct,5
Older,older_80_89,3284,26666,2,1,2,True,1.2773742037070595,0.18,1.0973742037070595,1,1,1,0.5029970407485962,0.057247258722782135,False,target,correct,5
Older,older_80_89,3286,5034,1,0,0,False,0.48565743987364607,0.14,0.34565743987364606,0,0,0,0.9102888107299805,0.06918349862098694,False,flanker,evidence-origin,1
Older,older_80_89,3287,22812,3,2,3,True,1.6143479563321603,0.79,0.8243479563321603,3,3,3,0.8983704447746277,0.04587700217962265,True,target,correct,5
Older,older_80_89,3291,4897,3,0,3,True,1.4414713937725723,0.48,0.9614713937725723,3,3,3,0.9394007921218872,0.06531979888677597,False,target,correct,5
Older,older_80_89,3292,23543,2,0,0,False,0.814248471351979,0.08,0.734248471351979,0,0,0,1.201377034187317,0.05528884381055832,False,flanker,evidence-origin,2
Older,older_80_89,3293,32398,3,2,3,True,0.8816175448378698,0.48,0.4016175448378698,3,3,3,0.9152380228042603,0.031004972755908966,False,target,correct,2
Older,older_80_89,3294,11321,2,0,2,True,0.9961364818144633,0.11,0.8861364818144634,0,0,0,0.7047309279441833,0.05158081650733948,False,target,correct,3
Older,older_80_89,3298,22158,2,3,2,True,0.7446197954309182,0.16,0.5846197954309181,3,3,3,0.4676535427570343,0.058379679918289185,False,target,correct,1
Older,older_80_89,3300,12067,2,3,2,True,0.7453425138682104,0.22,0.5253425138682104,3,3,3,0.2808365523815155,0.05878090113401413,False,target,correct,1
Older,older_80_89,3301,8972,0,2,2,False,1.1629347583481013,0.19,0.9729347583481014,2,2,2,0.2613602876663208,0.04853753000497818,False,flanker,evidence-origin,4
Older,older_80_89,3302,21690,1,0,1,True,1.369795990749797,0.66,0.7097959907497969,1,1,1,0.9068921208381653,0.07125503569841385,False,target,correct,5
Older,older_80_89,3304,16323,2,1,2,True,1.0981756775124447,0.46,0.6381756775124448,2,2,2,0.7698414921760559,0.05848260968923569,False,target,correct,4
Older,older_80_89,3306,31050,1,0,1,True,1.0149641169203016,0.12,0.8949641169203016,0,0,0,0.8378621935844421,0.06122379004955292,False,target,correct,3
Older,older_80_89,3307,629,1,3,3,False,0.8010859722979686,0.13,0.6710859722979686,3,3,3,0.844645619392395,0.05895964056253433,False,flanker,evidence-origin,2
Older,older_80_89,3308,8919,2,0,2,True,1.0603184762880233,0.15,0.9103184762880233,0,0,0,0.359360009431839,0.04836335778236389,False,target,correct,4
Older,older_80_89,3310,8364,1,0,0,False,0.7694689223583906,0.1,0.6694689223583906,0,0,0,1.2423104047775269,0.06475462019443512,False,flanker,evidence-origin,2
Older,older_80_89,3312,33971,1,0,1,True,0.6780665369783571,0.14,0.538066536978357,0,0,0,0.7690885066986084,0.06420876830816269,False,target,correct,1
Older,older_80_89,3315,16098,3,2,3,True,1.081004226067252,0.14,0.9410042260672521,2,2,2,0.8576902151107788,0.06317680329084396,False,target,correct,4
Older,older_80_89,3316,34306,2,1,2,True,1.0519452445784252,0.41000000000000003,0.6419452445784252,2,2,2,1.070521354675293,0.04116159677505493,False,target,correct,3
Older,older_80_89,3317,3208,0,3,0,True,0.9531381444042347,0.18,0.7731381444042347,3,3,3,0.12470084428787231,0.0511261448264122,False,target,correct,3
Older,older_80_89,3318,13815,1,2,1,True,1.4392930582404226,0.34,1.0992930582404226,1,1,1,0.9375635385513306,0.023145146667957306,False,target,correct,5
Older,older_80_89,3319,13102,2,0,2,True,1.0338043864138742,0.18,0.8538043864138742,0,0,0,0.1290842890739441,0.04599852114915848,False,target,correct,3
Older,older_80_89,3320,34647,2,3,2,True,1.5509972283420281,0.68,0.8709972283420281,2,2,2,0.7699142694473267,0.036964014172554016,False,target,correct,5
Older,older_80_89,3324,2032,0,1,0,True,1.5873291639429497,0.79,0.7973291639429496,0,0,0,0.9402844309806824,0.05945929139852524,True,target,correct,5
Older,older_80_89,3325,30003,3,2,2,False,0.8339306304808812,0.12,0.7139306304808812,2,2,2,1.002882957458496,0.06443659961223602,False,flanker,evidence-origin,2
Older,older_80_89,3328,4177,3,2,3,True,1.1388747414163969,0.21,0.9288747414163969,2,2,2,0.3963925242424011,0.06254793703556061,False,target,correct,4
Older,older_80_89,3331,21962,3,2,3,True,1.0528397418072,0.78,0.27283974180719994,3,3,3,0.9148015975952148,0.05707541108131409,False,target,correct,3
Older,older_80_89,3334,22258,2,1,2,True,1.1557535483321444,0.38,0.7757535483321444,2,2,2,1.198000192642212,0.03440570831298828,False,target,correct,4
Older,older_80_89,3335,21083,3,2,3,True,0.7756061415314912,0.16,0.6156061415314912,2,2,2,0.6009387373924255,0.06299833208322525,False,target,correct,2
Older,older_80_89,3339,21177,1,3,3,False,1.247061755490824,0.79,0.45706175549082406,1,1,1,0.9390358924865723,0.035205431282520294,True,flanker,fallback,4
Older,older_80_89,3341,12850,0,1,1,False,1.640436491382594,0.79,0.8504364913825939,0,0,0,0.8542128205299377,0.041785433888435364,True,flanker,fallback,5
Older,older_80_89,3343,22792,2,3,2,True,1.2257858959802355,0.73,0.4957858959802355,2,2,2,0.8145245909690857,0.02394123375415802,False,target,correct,4
Older,older_80_89,3344,1035,0,1,0,True,1.5311301818888943,0.78,0.7511301818888942,0,0,0,0.9720243215560913,0.06888994574546814,False,target,correct,5
Older,older_80_89,3345,21390,2,0,0,False,0.5390311846359945,0.08,0.4590311846359945,0,0,0,1.40203857421875,0.05907277762889862,False,flanker,evidence-origin,1
Older,older_80_89,3348,24376,3,2,3,True,1.388919152196896,0.71,0.678919152196896,3,3,3,0.8770802617073059,0.053309470415115356,False,target,correct,5
Older,older_80_89,3349,34381,1,0,1,True,0.5344739745106539,0.13,0.4044739745106539,0,0,0,0.8932743668556213,0.06324240565299988,False,target,correct,1
Older,older_80_89,3351,15011,1,2,1,True,1.2288735837452767,0.41000000000000003,0.8188735837452766,1,1,1,0.6439253091812134,0.047500841319561005,False,target,correct,4
Older,older_80_89,3352,2660,1,2,1,True,1.1591456967511056,0.58,0.5791456967511056,1,1,1,0.5867155194282532,0.04529319703578949,False,target,correct,4
Older,older_80_89,3354,14615,0,2,2,False,1.5374843924809234,0.79,0.7474843924809234,0,0,0,0.7314712405204773,0.017162904143333435,True,flanker,fallback,5
Older,older_80_89,3355,23541,2,1,1,False,0.82497044480554,0.15,0.67497044480554,1,1,1,0.7746736407279968,0.058353833854198456,False,flanker,evidence-origin,2
Older,older_80_89,3356,12393,2,3,2,True,0.9348569777391788,0.26,0.6748569777391787,3,3,3,0.10050547122955322,0.04864989221096039,False,target,correct,3
Older,older_80_89,3357,34447,1,3,1,True,0.6871274045641886,0.16,0.5271274045641886,3,1,3,0.01942521333694458,0.04149922728538513,False,target,correct,1
Older,older_80_89,3364,18347,2,3,3,False,1.084312742115098,0.09,0.994312742115098,3,3,3,1.4660537242889404,0.06725374609231949,False,flanker,evidence-origin,4
Older,older_80_89,3368,20566,1,0,0,False,1.1604454453994462,0.13,1.030445445399446,0,0,0,0.9964709877967834,0.07050354033708572,False,flanker,evidence-origin,4
Older,older_80_89,3369,0,1,3,3,False,1.0503292690872155,0.07,0.9803292690872154,3,3,3,1.2017526626586914,0.052627719938755035,False,flanker,evidence-origin,3
Older,older_80_89,3370,29670,2,0,2,True,0.9585589555235394,0.18,0.7785589555235395,0,0,0,0.2795765995979309,0.050471045076847076,False,target,correct,3
Older,older_80_89,3371,19218,1,2,1,True,1.1389450147697007,0.49,0.6489450147697007,1,1,1,0.8512604832649231,0.02620144933462143,False,target,correct,4
Older,older_80_89,3372,18548,2,0,0,False,1.062724459976279,0.1,0.9627244599762791,0,0,0,0.9681289792060852,0.05485328286886215,False,flanker,evidence-origin,4
Older,older_80_89,3373,13399,0,2,0,True,1.5636967374059352,0.79,0.7736967374059351,0,0,0,1.0048028230667114,0.047159209847450256,True,target,correct,5
Older,older_80_89,3374,29191,3,2,2,False,0.7374215186833992,0.11,0.6274215186833992,2,2,2,1.1338919401168823,0.06443685293197632,False,flanker,evidence-origin,1
Older,older_80_89,3376,31496,0,3,3,False,0.6056889826331923,0.09,0.5156889826331923,3,3,3,1.1190741062164307,0.0607471689581871,False,flanker,evidence-origin,1
Older,older_80_89,3379,17451,3,2,3,True,0.713724188075481,0.14,0.573724188075481,2,2,2,0.7791945338249207,0.06288589537143707,False,target,correct,1
Older,older_80_89,3380,19641,2,0,0,False,0.5128104547644177,0.1,0.4128104547644177,0,0,0,1.0813831090927124,0.05824273079633713,False,flanker,evidence-origin,1
Older,older_80_89,3383,15825,3,0,0,False,0.8997561464360964,0.1,0.7997561464360964,0,0,0,1.337907314300537,0.06600967049598694,False,flanker,evidence-origin,2
Older,older_80_89,3387,2561,2,0,2,True,1.308402575026006,0.12,1.1884025750260059,0,0,0,0.7762792110443115,0.05603189766407013,False,target,correct,5
Older,older_80_89,3388,9391,0,3,0,True,1.5868945694262064,0.78,0.8068945694262064,0,0,0,1.2414957284927368,0.03236958384513855,False,target,correct,5
Older,older_80_89,3389,23118,3,1,3,True,1.0081130409155237,0.34,0.6681130409155236,3,3,3,0.9849021434783936,0.02425016462802887,False,target,correct,3
Older,older_80_89,3390,30041,1,2,1,True,0.6815882227834935,0.1,0.5815882227834935,2,2,2,0.9040343761444092,0.054587140679359436,False,target,correct,1
Older,older_80_89,3391,15246,0,3,0,True,1.5820133859161691,0.74,0.8420133859161691,0,0,0,1.2544230222702026,0.04448252171278,False,target,correct,5
Older,older_80_89,3395,30358,2,3,3,False,0.6810664864022844,0.11,0.5710664864022844,3,3,3,1.0084314346313477,0.061294592916965485,False,flanker,evidence-origin,1
Older,older_80_89,3396,22512,2,3,3,False,0.651340607135837,0.09,0.561340607135837,3,3,3,1.1425012350082397,0.05796445906162262,False,flanker,evidence-origin,1
Older,older_80_89,3398,8222,1,0,0,False,0.9510195264355974,0.12,0.8310195264355974,0,0,0,1.0687837600708008,0.06965368241071701,False,flanker,evidence-origin,3
Older,older_80_89,3400,27760,1,2,1,True,1.0686686052533012,0.22,0.8486686052533012,2,2,2,0.5978710651397705,0.06849434226751328,False,target,correct,4
Older,older_80_89,3401,22329,3,2,3,True,1.187854248218683,0.24,0.9478542482186829,2,2,2,0.12943673133850098,0.055031850934028625,False,target,correct,4
Older,older_80_89,3402,10487,1,3,3,False,1.3552257412145072,0.79,0.5652257412145072,1,1,1,0.9689862728118896,0.026164166629314423,True,flanker,fallback,5
Older,older_80_89,3405,18400,0,1,0,True,0.764968933814272,0.13,0.634968933814272,1,1,1,0.5110257863998413,0.05587383359670639,False,target,correct,1
Older,older_80_89,3407,4420,2,0,2,True,0.3399999737739563,0.09,0.2499999737739563,0,0,0,0.9881154894828796,0.05341828614473343,False,target,correct,1
Older,older_80_89,3408,17384,2,0,0,False,0.6607809551059214,0.1,0.5607809551059214,0,0,0,0.9535502195358276,0.055187374353408813,False,flanker,evidence-origin,1
Older,older_80_89,3412,14007,3,0,3,True,0.5168920898280505,0.09,0.4268920898280505,0,0,0,1.2547768354415894,0.06004950404167175,False,target,correct,1
Older,older_80_89,3413,14453,0,2,2,False,1.0506479233889459,0.2,0.8506479233889459,2,2,2,0.3048916161060333,0.050875961780548096,False,flanker,evidence-origin,3
Older,older_80_89,3415,11866,2,3,3,False,1.0662571071010036,0.15,0.9162571071010036,3,3,3,0.7812613248825073,0.06399694085121155,False,flanker,evidence-origin,4
Older,older_80_89,3417,7911,0,2,2,False,1.7203806298400985,0.79,0.9303806298400985,0,0,0,0.7735544443130493,0.015163712203502655,True,flanker,fallback,5
Older,older_80_89,3419,8400,3,0,0,False,0.9132263382986382,0.11,0.8032263382986382,0,0,0,1.2375078201293945,0.06708216667175293,False,flanker,evidence-origin,2
Older,older_80_89,3420,8110,0,1,0,True,1.0157370833774562,0.22,0.7957370833774562,1,1,1,0.4202796220779419,0.06338571012020111,False,target,correct,3
Older,older_80_89,3430,16414,0,3,0,True,1.516409185814031,0.32,1.1964091858140309,0,0,0,0.9320603609085083,0.024908050894737244,False,target,correct,5
Older,older_80_89,3431,16239,2,3,3,False,0.9533102489929451,0.21,0.7433102489929452,3,3,3,0.43745994567871094,0.06161268800497055,False,flanker,evidence-origin,3
Older,older_80_89,3432,9645,1,0,0,False,0.7742609224544924,0.13,0.6442609224544924,0,0,0,0.9678176045417786,0.06782732158899307,False,flanker,evidence-origin,2
Older,older_80_89,3436,33804,0,3,0,True,1.854232383470887,0.64,1.214232383470887,0,0,0,0.7865766286849976,0.041672565042972565,False,target,correct,5
Older,older_80_89,3440,24281,3,0,3,True,1.1866260357396472,0.13,1.0566260357396473,0,0,0,1.0120476484298706,0.0679398775100708,False,target,correct,4
Older,older_80_89,3442,9830,1,0,0,False,0.8818186378778323,0.11,0.7718186378778323,0,0,0,1.243757963180542,0.0698639303445816,False,flanker,evidence-origin,2
Older,older_80_89,3444,23417,3,1,3,True,1.191669287212292,0.37,0.821669287212292,3,3,3,0.6731314659118652,0.025330647826194763,False,target,correct,4
Older,older_80_89,3445,15357,0,1,0,True,1.341024329593711,0.71,0.631024329593711,0,0,0,1.0053960084915161,0.0655505508184433,False,target,correct,5
Older,older_80_89,3446,10656,0,3,0,True,0.7236143197353856,0.09,0.6336143197353856,3,3,3,1.2950427532196045,0.06603681296110153,False,target,correct,1
Older,older_80_89,3447,27694,1,0,0,False,1.3324261986918025,0.09,1.2424261986918024,0,0,0,1.3663010597229004,0.06377086788415909,False,flanker,evidence-origin,5
Older,older_80_89,3448,11124,1,2,1,True,1.0226499080905405,0.12,0.9026499080905405,2,2,2,0.5790342688560486,0.05152245610952377,False,target,correct,3
Older,older_80_89,3450,28855,3,0,3,True,1.2537519403301705,0.5,0.7537519403301705,3,3,3,0.9333357810974121,0.06688563525676727,False,target,correct,4
Older,older_80_89,3451,22673,0,1,0,True,1.0737175995410575,0.12,0.9537175995410575,1,1,1,0.9883362650871277,0.062440499663352966,False,target,correct,4
Older,older_80_89,3454,8315,3,1,3,True,0.5796397870418841,0.17,0.4096397870418841,1,1,1,0.22319835424423218,0.042355626821517944,False,target,correct,1
Older,older_80_89,3455,25180,1,0,0,False,1.320679290677864,0.08,1.2406792906778639,0,0,0,1.5161545276641846,0.06552835553884506,False,flanker,evidence-origin,5
Older,older_80_89,3463,29707,2,3,2,True,1.0070278490588678,0.24,0.7670278490588678,3,3,3,0.011328637599945068,0.05087774991989136,False,target,correct,3
Older,older_80_89,3466,24059,2,0,2,True,0.7774943147137767,0.15,0.6274943147137767,0,0,0,0.5486652851104736,0.056567735970020294,False,target,correct,2
Older,older_80_89,3469,27539,1,2,1,True,1.354922468974241,0.41000000000000003,0.9449224689742409,1,1,1,0.6791317462921143,0.046511322259902954,False,target,correct,5
Older,older_80_89,3470,18240,3,0,3,True,0.7770710097641906,0.13,0.6470710097641906,0,0,0,0.8611544370651245,0.06231297552585602,False,target,correct,2
Older,older_80_89,3472,14485,0,3,3,False,1.0223299394407144,0.19,0.8323299394407144,3,3,3,0.18715739250183105,0.055485159158706665,False,flanker,evidence-origin,3
Older,older_80_89,3473,21328,0,2,2,False,0.6243509021867392,0.19,0.43435090218673916,2,2,2,0.26768049597740173,0.04683864861726761,False,flanker,evidence-origin,1
Older,older_80_89,3474,446,3,2,3,True,0.903231175529351,0.16,0.7432311755293509,2,2,2,0.6578429937362671,0.06655703485012054,False,target,correct,2
Older,older_80_89,3475,5172,0,1,0,True,1.1392352077387242,0.72,0.41923520773872425,0,0,0,0.9212652444839478,0.05159810930490494,False,target,correct,4
Older,older_80_89,3478,22254,1,2,1,True,0.90604696550718,0.33,0.57604696550718,1,1,1,0.8594224452972412,0.023827262222766876,False,target,correct,2
Older,older_80_89,3479,29445,2,1,1,False,0.9493625827975886,0.11,0.8393625827975886,1,1,1,1.164916753768921,0.06471849977970123,False,flanker,evidence-origin,3
Older,older_80_89,3480,13201,0,3,0,True,1.1943484938797855,0.64,0.5543484938797855,0,0,0,0.7262123823165894,0.04576340317726135,False,target,correct,4
Older,older_80_89,3481,2360,2,3,3,False,0.9068516643937735,0.14,0.7668516643937735,3,3,3,0.8486944437026978,0.06561022996902466,False,flanker,evidence-origin,2
Older,older_80_89,3483,25161,2,3,3,False,0.7215737142388013,0.09,0.6315737142388014,3,3,3,1.4990886449813843,0.06624551117420197,False,flanker,evidence-origin,1
Older,older_80_89,3484,29404,2,3,2,True,0.8880582885399446,0.2,0.6880582885399447,3,3,3,0.31972736120224,0.06036832928657532,False,target,correct,2
Older,older_80_89,3487,11204,1,3,1,True,1.0467360448129979,0.08,0.9667360448129979,3,3,3,0.8396196365356445,0.047943003475666046,False,target,correct,3
Older,older_80_89,3488,12736,2,3,2,True,1.4686016190755957,0.68,0.7886016190755957,2,2,2,0.8724596500396729,0.05288466811180115,False,target,correct,5
Older,older_80_89,3495,12210,0,3,0,True,1.0578147518920578,0.19,0.8678147518920578,3,3,3,0.0038277506828308105,0.052522167563438416,False,target,correct,3
Older,older_80_89,3497,22128,1,3,3,False,0.9628817065399422,0.13,0.8328817065399422,3,3,3,0.8258839845657349,0.05820091813802719,False,flanker,evidence-origin,3
Older,older_80_89,3498,12055,3,1,1,False,0.7480514473291278,0.14,0.6080514473291277,1,1,1,0.717171311378479,0.05597201734781265,False,flanker,evidence-origin,1
Older,older_80_89,3503,22809,3,1,3,True,0.9252255923227078,0.17,0.7552255923227078,1,1,1,0.39722123742103577,0.04842618107795715,False,target,correct,3
Older,older_80_89,3505,9390,3,2,2,False,0.9869018020895323,0.11,0.8769018020895323,2,2,2,1.09763503074646,0.06267382204532623,False,flanker,evidence-origin,3
Older,older_80_89,3506,3147,2,3,2,True,1.0483908788356204,0.14,0.9083908788356204,3,3,3,0.777550220489502,0.06353935599327087,False,target,correct,3
Older,older_80_89,3512,7532,2,0,2,True,0.8490488259626139,0.16,0.6890488259626139,0,0,0,0.32122161984443665,0.04926731437444687,False,target,correct,2
Older,older_80_89,3513,31247,1,2,1,True,1.0896454854961863,0.14,0.9496454854961863,2,2,2,0.3295268416404724,0.04983597993850708,False,target,correct,4
Older,older_80_89,3514,8991,0,3,0,True,1.1001915619825253,0.7000000000000001,0.40019156198252526,0,0,0,1.0845342874526978,0.04893585294485092,False,target,correct,4
Older,older_80_89,3516,9769,0,3,0,True,1.709308053150449,0.71,0.999308053150449,0,0,0,1.087231993675232,0.05733586847782135,False,target,correct,5
Older,older_80_89,3517,28589,2,1,2,True,0.9888245500497732,0.14,0.8488245500497732,1,1,1,0.7536842823028564,0.05537402629852295,False,target,correct,3
Older,older_80_89,3518,15935,0,2,2,False,1.4657987303765951,0.79,0.6757987303765951,0,0,0,0.9878562092781067,0.028968580067157745,True,flanker,fallback,5
Older,older_80_89,3521,24363,1,3,3,False,1.0534238336684563,0.16,0.8934238336684562,3,3,3,0.5921857357025146,0.05784133821725845,False,flanker,evidence-origin,3
Older,older_80_89,3524,11139,0,3,0,True,1.4205111859227606,0.66,0.7605111859227606,0,0,0,1.0286060571670532,0.062227748334407806,False,target,correct,5
Older,older_80_89,3526,6068,1,2,1,True,1.2767980616252381,0.53,0.7467980616252381,1,1,1,0.5977931022644043,0.05493848770856857,False,target,correct,5
Older,older_80_89,3528,22608,2,0,0,False,0.9575850336396283,0.11,0.8475850336396283,0,0,0,0.8577214479446411,0.05442306399345398,False,flanker,evidence-origin,3
Older,older_80_89,3530,3832,1,2,1,True,1.2135181391662853,0.6,0.6135181391662853,1,1,1,0.763507604598999,0.058819353580474854,False,target,correct,4
Older,older_80_89,3531,24658,2,0,0,False,0.7767945444865297,0.14,0.6367945444865297,0,0,0,0.6909459829330444,0.058586858212947845,False,flanker,evidence-origin,2
Older,older_80_89,3532,3394,1,2,1,True,0.6499664751255587,0.17,0.4799664751255587,2,1,2,0.32164400815963745,0.03244104981422424,False,target,correct,1
Older,older_80_89,3533,11201,2,0,2,True,1.2216288307888092,0.17,1.0516288307888093,0,0,0,0.34107235074043274,0.050744056701660156,False,target,correct,4
Older,older_80_89,3534,2444,1,0,0,False,0.9175571629395954,0.13,0.7875571629395954,0,0,0,0.9865335822105408,0.06715446710586548,False,flanker,evidence-origin,3
Older,older_80_89,3536,18206,1,0,0,False,1.1850310390650465,0.12,1.0650310390650466,0,0,0,1.1089086532592773,0.06834574043750763,False,flanker,evidence-origin,4
Older,older_80_89,3538,28821,1,2,1,True,1.0953139163278633,0.11,0.9853139163278634,2,2,2,0.584852397441864,0.04935670644044876,False,target,correct,4
Older,older_80_89,3539,13117,3,2,3,True,0.9694105375858032,0.14,0.8294105375858032,2,2,2,0.8293940424919128,0.06418891996145248,False,target,correct,3
Older,older_80_89,3540,5622,2,0,0,False,1.0507677114733303,0.1,0.9507677114733303,0,0,0,1.0775684118270874,0.05850376933813095,False,flanker,evidence-origin,3
Older,older_80_89,3541,1010,0,3,3,False,0.8337729869964119,0.09,0.7437729869964119,3,3,3,1.1616299152374268,0.06035511940717697,False,flanker,evidence-origin,2
Older,older_80_89,3545,21575,3,2,2,False,1.579139835077397,0.79,0.789139835077397,3,3,3,0.7423275113105774,0.03648640960454941,True,flanker,fallback,5
Older,older_80_89,3546,9628,3,0,3,True,0.6306649437677264,0.12,0.5106649437677264,0,0,0,1.0122567415237427,0.06441740691661835,False,target,correct,1
Older,older_80_89,3547,23779,1,2,1,True,1.318786029532377,0.68,0.638786029532377,1,1,1,0.9787811636924744,0.0534050315618515,False,target,correct,5
Older,older_80_89,3548,9397,0,2,2,False,1.8179709309197567,0.79,1.0279709309197567,0,0,0,0.7999844551086426,0.008221790194511414,True,flanker,fallback,5
Older,older_80_89,3549,1847,0,1,0,True,1.499230875467406,0.65,0.8492308754674059,0,0,0,0.9893640279769897,0.07112886011600494,False,target,correct,5
Older,older_80_89,3550,13411,3,1,3,True,0.9425115891794497,0.18,0.7625115891794496,1,1,1,0.04237771034240723,0.042636364698410034,False,target,correct,3
Older,older_80_89,3555,8482,2,3,3,False,0.8590648439891329,0.12,0.7390648439891329,3,3,3,1.088727355003357,0.0659492164850235,False,flanker,evidence-origin,2
Older,older_80_89,3556,23480,3,2,2,False,1.0383994921346922,0.11,0.9283994921346922,2,2,2,1.088077187538147,0.061452895402908325,False,flanker,evidence-origin,3
Older,older_80_89,3557,14013,1,3,1,True,0.7214848277037447,0.14,0.5814848277037447,3,3,3,0.4239685535430908,0.051524817943573,False,target,correct,1
Older,older_80_89,3558,33866,3,1,1,False,0.7738949942000977,0.11,0.6638949942000977,1,1,1,0.8516415357589722,0.05186159163713455,False,flanker,evidence-origin,2
Older,older_80_89,3559,13357,0,2,2,False,0.9022260192146071,0.18,0.722226019214607,2,2,2,0.3690958023071289,0.04982052743434906,False,flanker,evidence-origin,2
Older,older_80_89,3561,3441,0,2,2,False,1.6168995606666758,0.79,0.8268995606666758,0,0,0,0.9210696220397949,0.02619399130344391,True,flanker,fallback,5
Older,older_80_89,3562,9427,1,0,1,True,0.5582413982811115,0.19,0.3682413982811115,0,0,0,0.3887641429901123,0.06712675839662552,False,target,correct,1
Older,older_80_89,3564,20516,0,1,0,True,0.844172769123194,0.25,0.594172769123194,0,0,0,1.4219924211502075,0.02937975525856018,False,target,correct,2
Older,older_80_89,3565,18039,0,2,2,False,0.7702947780742581,0.14,0.630294778074258,2,2,2,0.5343033075332642,0.05014894902706146,False,flanker,evidence-origin,2
Older,older_80_89,3566,33335,3,0,3,True,0.5654621036102835,0.17,0.39546210361028344,0,0,0,0.7231677174568176,0.06576339900493622,False,target,correct,1
Older,older_80_89,3567,33382,0,1,0,True,0.8810475542266532,0.16,0.7210475542266531,1,1,1,0.4045885503292084,0.05485857278108597,False,target,correct,2
Older,older_80_89,3568,1865,3,1,3,True,1.4760696155365711,0.32,1.156069615536571,3,3,3,0.7840163707733154,0.02511017769575119,False,target,correct,5
Older,older_80_89,3569,18480,3,2,2,False,1.0742189852923005,0.15,0.9242189852923005,2,2,2,0.8132955431938171,0.06455177813768387,False,flanker,evidence-origin,4
Older,older_80_89,3570,24630,0,2,2,False,1.3600000143051147,0.11,1.2500000143051146,2,2,2,1.1179664134979248,0.06170598417520523,False,flanker,evidence-origin,5
Older,older_80_89,3571,3020,3,2,3,True,0.8615609084817473,0.17,0.6915609084817472,2,2,2,0.606528639793396,0.060316987335681915,False,target,correct,2
Older,older_80_89,3573,25459,1,0,0,False,0.9198579306802542,0.14,0.7798579306802542,0,0,0,1.033127784729004,0.07299875468015671,False,flanker,evidence-origin,3
Older,older_80_89,3574,32679,0,1,0,True,1.048912177376574,0.16,0.8889121773765739,1,1,1,0.4814968407154083,0.05571874976158142,False,target,correct,3
Older,older_80_89,3577,18944,0,2,2,False,1.1569098122256871,0.17,0.9869098122256871,2,2,2,0.39878618717193604,0.05378212034702301,False,flanker,evidence-origin,4
Older,older_80_89,3581,10286,1,3,1,True,0.6375099616405526,0.13,0.5075099616405526,3,3,3,0.45420074462890625,0.0486222580075264,False,target,correct,1
Older,older_80_89,3583,3796,3,0,0,False,0.8011612376302306,0.14,0.6611612376302306,0,0,0,1.0256810188293457,0.06785733997821808,False,flanker,evidence-origin,2
Older,older_80_89,3589,23978,3,1,3,True,0.95485341241869,0.19,0.7648534124186901,1,1,1,0.05424231290817261,0.037961214780807495,False,target,correct,3
Older,older_80_89,3590,1234,3,1,3,True,0.7979986094135865,0.15,0.6479986094135864,1,1,1,0.5526257753372192,0.05073470622301102,False,target,correct,2
Older,older_80_89,3592,17333,2,3,3,False,0.9180603197200707,0.19,0.7280603197200708,3,3,3,0.537010133266449,0.06450571119785309,False,flanker,evidence-origin,3
Older,older_80_89,3593,23171,0,2,2,False,1.606093832133172,0.79,0.8160938321331719,0,0,0,0.8580398559570312,0.016609445214271545,True,flanker,fallback,5
Older,older_80_89,3594,6019,1,0,1,True,1.561529935523464,0.78,0.781529935523464,1,1,1,0.852890133857727,0.07893305271863937,False,target,correct,5
Older,older_80_89,3595,18603,2,1,2,True,0.8762001160329029,0.07,0.8062001160329029,1,1,1,1.5660203695297241,0.0599827915430069,False,target,correct,2
Older,older_80_89,3596,24196,3,0,3,True,0.9907235484149521,0.1,0.8907235484149522,0,0,0,1.1927202939987183,0.06242232024669647,False,target,correct,3
Older,older_80_89,3598,27672,3,2,3,True,0.7891529400744521,0.27,0.5191529400744521,2,2,2,0.13239333033561707,0.05778235197067261,False,target,correct,2
Older,older_80_89,3600,4924,2,0,2,True,0.9113890775669866,0.15,0.7613890775669866,0,0,0,0.3047714829444885,0.04379219561815262,False,target,correct,2
Older,older_80_89,3601,1744,2,3,2,True,0.94731152875978,0.19,0.75731152875978,3,3,3,0.4337990880012512,0.06339060515165329,False,target,correct,3
Older,older_80_89,3602,6672,3,2,3,True,0.9533512297583577,0.13,0.8233512297583577,2,2,2,0.9787612557411194,0.06708160042762756,False,target,correct,3
Older,older_80_89,3603,8502,0,3,0,True,1.7950729858754881,0.73,1.0650729858754882,0,0,0,1.1027767658233643,0.024808168411254883,False,target,correct,5
Older,older_80_89,3605,10537,0,2,2,False,1.1794025709715754,0.17,1.0094025709715755,2,2,2,0.31760990619659424,0.046619877219200134,False,flanker,evidence-origin,4
Older,older_80_89,3606,6163,2,0,0,False,0.7657841905093766,0.11,0.6557841905093766,0,0,0,0.9828759431838989,0.05872410535812378,False,flanker,evidence-origin,1
Older,older_80_89,3607,19086,0,3,0,True,1.4643114218970152,0.74,0.7243114218970153,0,0,0,0.935530960559845,0.049399152398109436,False,target,correct,5
Older,older_80_89,3608,18458,3,1,3,True,1.1829059515908846,0.35000000000000003,0.8329059515908845,3,3,3,0.8883262872695923,0.023013703525066376,False,target,correct,4
Older,older_80_89,3610,4275,2,3,3,False,1.125743281599931,0.14,0.9857432815999311,3,3,3,0.7392793297767639,0.06201411783695221,False,flanker,evidence-origin,4
Older,older_80_89,3611,11018,1,3,3,False,1.0255936401256773,0.09,0.9355936401256774,3,3,3,1.0759902000427246,0.05579967796802521,False,flanker,evidence-origin,3
Older,older_80_89,3613,28320,0,2,2,False,1.0760398186645048,0.15,0.9260398186645048,2,2,2,0.5693131685256958,0.053288303315639496,False,flanker,evidence-origin,4
Older,older_80_89,3614,8556,2,0,0,False,0.7560944071581228,0.15,0.6060944071581228,0,0,0,0.6239839196205139,0.059033483266830444,False,flanker,evidence-origin,1
Older,older_80_89,3618,29741,1,3,1,True,1.0921721693070612,0.16,0.9321721693070611,3,3,3,0.45876893401145935,0.052860431373119354,False,target,correct,4
Older,older_80_89,3620,11472,0,2,2,False,1.3677781000418419,0.79,0.5777781000418418,0,0,0,0.8703423142433167,0.024020634591579437,True,flanker,fallback,5
Older,older_80_89,3622,12636,0,3,3,False,0.4647980789163095,0.09,0.37479807891630945,3,3,3,1.224441647529602,0.06183706969022751,False,flanker,evidence-origin,1
Older,older_80_89,3623,33824,0,3,3,False,1.1968310448277353,0.12,1.0768310448277352,3,3,3,0.8580847382545471,0.0611666664481163,False,flanker,evidence-origin,4
Older,older_80_89,3624,17612,3,2,2,False,0.8533542308375346,0.15,0.7033542308375346,2,2,2,0.7844871878623962,0.06452110409736633,False,flanker,evidence-origin,2
Older,older_80_89,3625,28459,0,3,0,True,0.7793107846541704,0.19,0.5893107846541703,3,3,3,0.1537388563156128,0.053041599690914154,False,target,correct,2
Older,older_80_89,3627,14078,1,3,1,True,0.6229079566395133,0.17,0.4529079566395132,3,3,3,0.12943756580352783,0.044644467532634735,False,target,correct,1
Older,older_80_89,3629,12377,3,0,3,True,0.883558396523147,0.14,0.743558396523147,0,0,0,0.9629188179969788,0.06398437917232513,False,target,correct,2
Older,older_80_89,3635,21466,1,2,1,True,1.1433459751797201,0.53,0.6133459751797201,1,1,1,0.6256892681121826,0.03138809651136398,False,target,correct,4
Older,older_80_89,3636,9410,0,1,1,False,0.7048437895831401,0.17,0.53484378958314,1,1,1,0.7202698588371277,0.06274446845054626,False,flanker,evidence-origin,1
Older,older_80_89,3638,25758,3,2,3,True,1.4925818777420972,0.55,0.9425818777420971,3,3,3,0.8074380159378052,0.03847622126340866,False,target,correct,5
Older,older_80_89,3639,33337,1,3,1,True,0.7942284343857335,0.17,0.6242284343857335,3,1,3,0.2032366394996643,0.0352652445435524,False,target,correct,2
Older,older_80_89,3640,22794,3,2,3,True,1.1119088616783632,0.43,0.6819088616783633,3,3,3,1.11285400390625,0.02887626737356186,False,target,correct,4
Older,older_80_89,3643,28958,2,3,2,True,0.6608970663961727,0.16,0.5008970663961727,3,3,3,0.5824174880981445,0.06199540197849274,False,target,correct,1
Older,older_80_89,3644,18068,1,0,1,True,0.9142516263777369,0.13,0.7842516263777369,0,0,0,0.7271489500999451,0.060912951827049255,False,target,correct,2
Older,older_80_89,3647,7654,0,3,0,True,1.8541498639449163,0.73,1.1241498639449163,0,0,0,1.091326355934143,0.04980951547622681,False,target,correct,5
Older,older_80_89,3648,22736,3,2,3,True,0.9933038122677199,0.13,0.8633038122677199,2,2,2,0.8953990936279297,0.06461813300848007,False,target,correct,3
Older,older_80_89,3649,14010,2,3,2,True,1.431478809469727,0.63,0.801478809469727,2,2,2,0.5395244359970093,0.023962385952472687,False,target,correct,5
Older,older_80_89,3650,4543,3,0,0,False,0.8266082966103777,0.1,0.7266082966103777,0,0,0,1.3517818450927734,0.06665219366550446,False,flanker,evidence-origin,2
Older,older_80_89,3651,10742,1,2,1,True,0.7607901760128154,0.16,0.6007901760128154,2,2,2,0.1321147084236145,0.05000734329223633,False,target,correct,1
Older,older_80_89,3652,20678,0,2,2,False,0.9425155051492067,0.19,0.7525155051492067,2,2,2,0.2750735878944397,0.04708806425333023,False,flanker,evidence-origin,3
Older,older_80_89,3653,22502,2,1,2,True,0.7905836234303407,0.14,0.6505836234303407,1,1,1,0.9032949805259705,0.059666089713573456,False,target,correct,2
Older,older_80_89,3657,6092,0,1,0,True,1.0952490913726294,0.3,0.7952490913726293,0,0,0,1.5709798336029053,0.02473556250333786,False,target,correct,4
Older,older_80_89,3659,5473,0,3,0,True,1.7664437418822287,0.6900000000000001,1.0764437418822288,0,0,0,1.0053002834320068,0.040681324899196625,False,target,correct,5
Older,older_80_89,3663,7736,3,1,3,True,0.8450576944148712,0.07,0.7750576944148713,1,1,1,1.1702985763549805,0.051868535578250885,False,target,correct,2
Older,older_80_89,3665,10436,2,0,0,False,1.0279153420024247,0.11,0.9179153420024248,0,0,0,0.8883287906646729,0.05630945414304733,False,flanker,evidence-origin,3
Older,older_80_89,3666,16249,0,2,2,False,0.8675493567879589,0.11,0.7575493567879589,2,2,2,1.0256903171539307,0.06008937209844589,False,flanker,evidence-origin,2
Older,older_80_89,3667,12424,1,2,1,True,1.1422367858754443,0.1,1.0422367858754442,2,2,2,0.9017586708068848,0.053326740860939026,False,target,correct,4
Older,older_80_89,3669,6010,2,0,2,True,1.1185321643368369,0.14,0.9785321643368369,0,0,0,0.5684572458267212,0.052076831459999084,False,target,correct,4
Older,older_80_89,3671,28608,1,2,1,True,1.0179229388327073,0.5,0.5179229388327073,1,1,1,0.7902822494506836,0.0490463450551033,False,target,correct,3
Older,older_80_89,3674,1947,1,2,1,True,0.9555393041570668,0.12,0.8355393041570668,2,2,2,0.9332559704780579,0.06224033236503601,False,target,correct,3
Older,older_80_89,3675,27881,3,2,3,True,1.085993369885612,0.54,0.5459933698856119,3,3,3,0.8223876953125,0.03796539455652237,False,target,correct,4
Older,older_80_89,3676,12592,1,2,1,True,0.9346481269818917,0.28,0.6546481269818917,1,1,1,1.0253582000732422,0.026720397174358368,False,target,correct,3
Older,older_80_89,3677,30343,3,1,3,True,1.014773874792046,0.36,0.6547738747920461,3,3,3,0.7832241058349609,0.03705664724111557,False,target,correct,3
Older,older_80_89,3679,6658,3,2,3,True,0.8574901271053863,0.21,0.6474901271053863,2,2,2,0.31444814801216125,0.05921710282564163,False,target,correct,2
Older,older_80_89,3680,24130,3,0,3,True,1.1436342325633884,0.11,1.0336342325633883,0,0,0,1.1125279664993286,0.06409113854169846,False,target,correct,4
Older,older_80_89,3681,11610,2,3,3,False,0.6965377903772513,0.14,0.5565377903772513,3,3,3,0.8099901080131531,0.06194090098142624,False,flanker,evidence-origin,1
Older,older_80_89,3683,32036,3,2,3,True,0.9385022831757015,0.13,0.8085022831757015,2,2,2,0.8795754313468933,0.06329023838043213,False,target,correct,3
Older,older_80_89,3685,16843,0,2,2,False,1.161814191607467,0.18,0.981814191607467,2,2,2,0.24436545372009277,0.047249846160411835,False,flanker,evidence-origin,4
Older,older_80_89,3687,8151,0,2,2,False,1.346157064513272,0.79,0.5561570645132721,0,0,0,0.8509764671325684,0.01581689715385437,True,flanker,fallback,5
Older,older_80_89,3689,27923,0,2,2,False,1.5381350691430171,0.79,0.7481350691430171,0,0,0,1.0296549797058105,0.04330362379550934,True,flanker,fallback,5
Older,older_80_89,3690,15640,0,3,0,True,1.6030796549859287,0.72,0.8830796549859288,0,0,0,1.113110065460205,0.04318033903837204,False,target,correct,5
Older,older_80_89,3691,4201,1,3,1,True,0.6395045446585974,0.11,0.5295045446585974,3,3,3,0.9161812663078308,0.058801546692848206,False,target,correct,1
Older,older_80_89,3692,17314,2,3,3,False,1.1571012149956983,0.09,1.0671012149956982,3,3,3,1.228603720664978,0.06185390055179596,False,flanker,evidence-origin,4
Older,older_80_89,3696,4333,3,0,0,False,1.1878712133001286,0.19,0.9978712133001286,0,0,0,0.5872477889060974,0.06318444758653641,False,flanker,evidence-origin,4
Older,older_80_89,3699,1723,3,2,3,True,1.392313040605757,0.6900000000000001,0.7023130406057568,3,3,3,0.92478346824646,0.05098216235637665,False,target,correct,5
Older,older_80_89,3700,3673,3,0,3,True,1.2052469056980677,0.45,0.7552469056980677,3,3,3,0.9648683667182922,0.057955145835876465,False,target,correct,4
Older,older_80_89,3701,22892,3,0,3,True,0.9853199409202028,0.13,0.8553199409202028,0,0,0,1.0469636917114258,0.06670836359262466,False,target,correct,3
Older,older_80_89,3703,20858,3,2,3,True,0.7522814175064084,0.15,0.6022814175064084,2,2,2,0.6764247417449951,0.06326820701360703,False,target,correct,1
Older,older_80_89,3705,17890,3,1,3,True,1.2934973458186436,0.15,1.1434973458186437,1,1,1,0.4864574372768402,0.052815161645412445,False,target,correct,5
Older,older_80_89,3706,18280,3,0,3,True,0.7028436295215794,0.1,0.6028436295215794,0,0,0,1.252950668334961,0.06397663801908493,False,target,correct,1
Older,older_80_89,3709,29450,0,1,0,True,0.8218218485557174,0.07,0.7518218485557173,1,1,1,1.5863081216812134,0.06059463322162628,False,target,correct,2
Older,older_80_89,3710,20183,1,2,1,True,1.0381463637205184,0.36,0.6781463637205184,1,1,1,0.6260523796081543,0.020420335233211517,False,target,correct,3
Older,older_80_89,3711,17638,2,0,0,False,0.8243230431063828,0.08,0.7443230431063829,0,0,0,1.2316949367523193,0.05663309246301651,False,flanker,evidence-origin,2
Older,older_80_89,3717,34452,1,0,1,True,0.7530678111504405,0.12,0.6330678111504405,0,0,0,0.9053049087524414,0.06291300058364868,False,target,correct,1
Older,older_80_89,3720,20129,2,3,3,False,1.1455927916036803,0.1,1.0455927916036802,3,3,3,1.4250555038452148,0.06816849112510681,False,flanker,evidence-origin,4
Older,older_80_89,3721,103,2,1,2,True,1.025682211390793,0.09,0.9356822113907931,1,1,1,1.3197336196899414,0.06200852245092392,False,target,correct,3
Older,older_80_89,3722,18885,2,3,2,True,0.8965728048656592,0.22,0.6765728048656592,3,3,3,0.34669533371925354,0.06250672787427902,False,target,correct,2
Older,older_80_89,3724,18639,2,1,2,True,1.255139755667636,0.18,1.075139755667636,1,1,1,0.47951242327690125,0.05660463124513626,False,target,correct,4
Older,older_80_89,3725,6180,1,3,3,False,0.8033791515231882,0.12,0.6833791515231882,3,3,3,0.7385809421539307,0.057116322219371796,False,flanker,evidence-origin,2
Older,older_80_89,3727,3497,3,2,3,True,1.0759539033065226,0.49,0.5859539033065226,3,3,3,0.8208410143852234,0.03704845905303955,False,target,correct,4
Older,older_80_89,3735,28641,3,2,3,True,0.695662054775618,0.19,0.5056620547756181,2,2,2,0.47744086384773254,0.0628104880452156,False,target,correct,1
Older,older_80_89,3737,7659,2,0,0,False,0.8209650342567789,0.09,0.730965034256779,0,0,0,1.1622868776321411,0.060821063816547394,False,flanker,evidence-origin,2
Older,older_80_89,3739,564,0,2,2,False,1.150475204231249,0.79,0.3604752042312489,0,0,0,0.7452923059463501,0.011473014950752258,True,flanker,fallback,4
Older,older_80_89,3745,5886,1,3,1,True,1.4410013610508008,0.7000000000000001,0.7410013610508007,1,1,1,0.7340239882469177,0.025389768183231354,False,target,correct,5
Older,older_80_89,3746,7404,2,1,2,True,0.7836811056474045,0.45,0.33368110564740444,2,2,2,0.8921390175819397,0.0286615788936615,False,target,correct,2
Older,older_80_89,3748,33723,0,2,2,False,1.4140661810224722,0.79,0.6240661810224721,0,0,0,0.7412574291229248,0.013483725488185883,True,flanker,fallback,5
Older,older_80_89,3752,3700,2,1,1,False,0.45214410263542226,0.06,0.39214410263542226,1,1,1,1.910030484199524,0.0611475333571434,False,flanker,evidence-origin,1
Older,older_80_89,3755,1212,2,1,1,False,0.9381357535803702,0.06,0.8781357535803702,1,1,1,1.7860019207000732,0.06031869351863861,False,flanker,evidence-origin,3
Older,older_80_89,3756,27290,2,1,1,False,0.5841916133199789,0.15,0.4341916133199789,1,1,1,0.7853988409042358,0.058895550668239594,False,flanker,evidence-origin,1
Older,older_80_89,3757,9003,1,0,1,True,0.7336379543023744,0.09,0.6436379543023745,0,0,0,1.1960951089859009,0.06139881908893585,False,target,correct,1
Older,older_80_89,3760,24693,2,3,3,False,0.6525725371248987,0.2,0.4525725371248987,3,3,3,0.5459561347961426,0.06740204244852066,False,flanker,evidence-origin,1
Older,older_80_89,3763,3126,1,3,1,True,1.1467437605072264,0.49,0.6567437605072264,1,1,1,0.5792902112007141,0.029051557183265686,False,target,correct,4
Older,older_80_89,3764,10856,3,0,3,True,0.6448130656780351,0.11,0.5348130656780351,0,0,0,1.1759467124938965,0.065229631960392,False,target,correct,1
Older,older_80_89,3773,17200,2,3,2,True,1.321072298763255,0.23,1.091072298763255,3,3,3,0.19540104269981384,0.05686209350824356,False,target,correct,5
Older,older_80_89,3776,9046,1,2,1,True,1.1021191555800482,0.18,0.9221191555800483,2,2,2,0.15031170845031738,0.05541174113750458,False,target,correct,4
Older,older_80_89,3781,11159,1,2,1,True,1.0646988848928813,0.14,0.9246988848928813,2,2,2,0.5513043403625488,0.058032870292663574,False,target,correct,4
Older,older_80_89,3784,11860,3,2,3,True,0.6467007231734714,0.16,0.48670072317347135,2,2,2,0.6831905245780945,0.06291980296373367,False,target,correct,1
Older,older_80_89,3786,12135,0,3,0,True,1.3082372025326672,0.74,0.5682372025326672,0,0,0,1.0583677291870117,0.03873895853757858,False,target,correct,5
Older,older_80_89,3788,6372,2,3,3,False,0.8560273244866687,0.13,0.7260273244866687,3,3,3,0.7602083683013916,0.05825148522853851,False,flanker,evidence-origin,2
Older,older_80_89,3792,14202,2,3,2,True,1.5195562482159146,0.71,0.8095562482159147,2,2,2,0.8467633128166199,0.020427562296390533,False,target,correct,5
Older,older_80_89,3795,6032,3,2,3,True,0.7080489305343243,0.22,0.4880489305343243,2,2,2,0.264777809381485,0.056314826011657715,False,target,correct,1
Older,older_80_89,3801,9561,0,2,2,False,1.088831026081701,0.22,0.8688310260817009,2,2,2,0.05538660287857056,0.045058444142341614,False,flanker,evidence-origin,4
Older,older_80_89,3804,32267,0,3,0,True,1.0832650673385726,0.15,0.9332650673385726,3,3,3,0.25454527139663696,0.052315108478069305,False,target,correct,4
Older,older_80_89,3806,30369,2,1,2,True,1.127896888082984,0.14,0.987896888082984,1,1,1,0.9370291829109192,0.06214366853237152,False,target,correct,4
Older,older_80_89,3807,24743,0,1,0,True,1.294045135425308,0.77,0.524045135425308,0,0,0,1.0139386653900146,0.06555835157632828,False,target,correct,5
Older,older_80_89,3810,8251,1,3,3,False,1.1894429434837663,0.07,1.1194429434837663,3,3,3,1.1282113790512085,0.05115608870983124,False,flanker,evidence-origin,4
Older,older_80_89,3811,32886,3,2,3,True,1.043848611518107,0.5700000000000001,0.47384861151810687,3,3,3,0.8163924217224121,0.05330153554677963,False,target,correct,3
Older,older_80_89,3815,7123,2,3,2,True,1.2346498963572312,0.6900000000000001,0.5446498963572312,2,2,2,0.8049910068511963,0.04739011824131012,False,target,correct,4
Older,older_80_89,3817,3384,0,2,2,False,1.470935505532177,0.79,0.6809355055321769,0,0,0,0.9472572207450867,0.03766769915819168,True,flanker,fallback,5
Older,older_80_89,3818,317,1,0,0,False,0.9366526982228369,0.11,0.8266526982228369,0,0,0,0.9893783926963806,0.060572490096092224,False,flanker,evidence-origin,3
Older,older_80_89,3820,12751,1,0,0,False,1.0472127650685035,0.11,0.9372127650685035,0,0,0,1.3162201642990112,0.0706939548254013,False,flanker,evidence-origin,3
Older,older_80_89,3822,19157,3,2,3,True,1.126398960637477,0.11,1.0163989606374768,2,2,2,1.0890120267868042,0.06325402855873108,False,target,correct,4
Older,older_80_89,3823,3664,1,3,1,True,0.9779600186943531,0.1,0.8779600186943531,3,3,3,0.7738193869590759,0.053677625954151154,False,target,correct,3
Older,older_80_89,3825,5783,3,2,3,True,1.024470487804254,0.14,0.8844704878042541,2,2,2,0.7101869583129883,0.06126226484775543,False,target,correct,3
Older,older_80_89,3827,2907,0,2,2,False,1.08662707925598,0.14,0.94662707925598,2,2,2,0.6617593765258789,0.05493927001953125,False,flanker,evidence-origin,4
Older,older_80_89,3829,18813,3,2,3,True,1.4647788702014373,0.7000000000000001,0.7647788702014372,3,3,3,0.8504548668861389,0.04779786616563797,False,target,correct,5
Older,older_80_89,3830,31683,2,0,0,False,0.7085466081393371,0.15,0.5585466081393371,0,0,0,0.6565933227539062,0.059956058859825134,False,flanker,evidence-origin,1
Older,older_80_89,3831,32441,1,0,1,True,0.7423046324286711,0.11,0.6323046324286711,0,0,0,0.8882060647010803,0.060027629137039185,False,target,correct,1
Older,older_80_89,3836,23288,0,2,2,False,1.3361075151841149,0.14,1.196107515184115,2,2,2,0.6992862224578857,0.05487748980522156,False,flanker,evidence-origin,5
Older,older_80_89,3838,18091,2,3,3,False,0.8690953249431244,0.14,0.7290953249431243,3,3,3,0.8388862013816833,0.06312469393014908,False,flanker,evidence-origin,2
Older,older_80_89,3839,26272,1,0,1,True,0.550439398363061,0.1,0.450439398363061,0,0,0,0.9384944438934326,0.05948127061128616,False,target,correct,1
Older,older_80_89,3840,2524,3,2,3,True,0.954321879236832,0.19,0.764321879236832,2,2,2,0.43594813346862793,0.05861169099807739,False,target,correct,3
Older,older_80_89,3841,15173,2,3,3,False,1.0397442517886324,0.13,0.9097442517886324,3,3,3,0.896117627620697,0.06256213039159775,False,flanker,evidence-origin,3
Older,older_80_89,3845,8882,3,2,3,True,0.97507872417994,0.21,0.76507872417994,2,2,2,0.3697873651981354,0.06327635794878006,False,target,correct,3
Older,older_80_89,3846,14437,0,1,0,True,1.3579518227864331,0.44,0.9179518227864332,0,0,0,1.0005990266799927,0.03789134323596954,False,target,correct,5
Older,older_80_89,3849,5683,2,1,2,True,0.9731607237252258,0.14,0.8331607237252258,1,1,1,0.7484298348426819,0.05809895694255829,False,target,correct,3
Older,older_80_89,3854,5253,2,3,2,True,1.2104218283485475,0.17,1.0404218283485476,3,3,3,0.5107169151306152,0.0599188506603241,False,target,correct,4
Older,older_80_89,3856,4219,3,0,0,False,0.6157071174012523,0.14,0.47570711740125227,0,0,0,1.0183459520339966,0.06729170680046082,False,flanker,evidence-origin,1
Older,older_80_89,3857,24815,1,2,1,True,0.6778560528694686,0.1,0.5778560528694686,2,2,2,0.5830221176147461,0.04809284210205078,False,target,correct,1
Older,older_80_89,3858,21689,2,0,0,False,0.8015904869243163,0.08,0.7215904869243164,0,0,0,1.3554894924163818,0.05787661671638489,False,flanker,evidence-origin,2
Older,older_80_89,3859,30941,2,0,0,False,1.0170638673743326,0.09,0.9270638673743327,0,0,0,1.2046866416931152,0.058855071663856506,False,flanker,evidence-origin,3
Older,older_80_89,3860,22046,0,2,2,False,0.8766036007069198,0.18,0.6966036007069198,2,2,2,0.2997663915157318,0.05000515282154083,False,flanker,evidence-origin,2
Older,older_80_89,3861,20325,2,3,3,False,0.9723677546803438,0.15,0.8223677546803437,3,3,3,0.7557874917984009,0.061570197343826294,False,flanker,evidence-origin,3
Older,older_80_89,3867,14341,2,1,2,True,0.8048492041779248,0.12,0.6848492041779248,1,1,1,1.0653845071792603,0.06211458146572113,False,target,correct,2
Older,older_80_89,3870,23975,2,0,2,True,0.47620996932225657,0.11,0.3662099693222566,0,0,0,0.8435460329055786,0.05567355453968048,False,target,correct,1
Older,older_80_89,3873,33025,0,2,2,False,1.0754857107289366,0.14,0.9354857107289366,2,2,2,0.7593031525611877,0.06079810857772827,False,flanker,evidence-origin,4
Older,older_80_89,3877,19812,2,3,2,True,1.259350845311344,0.6900000000000001,0.569350845311344,2,2,2,0.9044080972671509,0.049391359090805054,False,target,correct,4
Older,older_80_89,3879,10253,0,2,2,False,1.3352176755918475,0.79,0.5452176755918474,0,0,0,0.8955368399620056,0.027591943740844727,True,flanker,fallback,5
Older,older_80_89,3880,7357,2,0,0,False,0.5699373240268579,0.09,0.47993732402685796,0,0,0,1.0033659934997559,0.05521874874830246,False,flanker,evidence-origin,1
Older,older_80_89,3883,8431,2,0,0,False,0.8861156874996977,0.15,0.7361156874996977,0,0,0,0.683936595916748,0.05925236642360687,False,flanker,evidence-origin,2
Older,older_80_89,3884,1936,2,0,2,True,1.0368210128360724,0.12,0.9168210128360724,0,0,0,0.7118545770645142,0.05224522203207016,False,target,correct,3
Older,older_80_89,3888,20598,0,3,0,True,1.3682000567380035,0.74,0.6282000567380035,0,0,0,1.1564503908157349,0.03929731994867325,False,target,correct,5
Older,older_80_89,3889,1731,1,3,1,True,0.6813884415704121,0.11,0.5713884415704121,3,3,3,0.861564040184021,0.05803807079792023,False,target,correct,1
Older,older_80_89,3890,24137,1,3,1,True,1.0545104120407205,0.32,0.7345104120407204,1,1,1,0.7388513088226318,0.02348536252975464,False,target,correct,3
Older,older_80_89,3892,11030,1,2,1,True,1.0483138465181143,0.35000000000000003,0.6983138465181142,1,1,1,0.7184587717056274,0.032355211675167084,False,target,correct,3
Older,older_80_89,3894,19952,3,1,3,True,0.982760697124315,0.07,0.912760697124315,1,1,1,1.1525659561157227,0.04992018640041351,False,target,correct,3
Older,older_80_89,3896,22891,0,2,2,False,0.8915723207355872,0.27,0.6215723207355872,2,2,2,0.24561572074890137,0.04811668395996094,False,flanker,evidence-origin,2
Older,older_80_89,3900,25840,1,3,3,False,0.5533030989155721,0.12,0.43330309891557206,3,3,3,1.0195188522338867,0.06250515580177307,False,flanker,evidence-origin,1
Older,older_80_89,3901,19156,3,1,3,True,0.49149627566048976,0.15,0.3414962756604898,1,1,1,0.5723376274108887,0.054736994206905365,False,target,correct,1
Older,older_80_89,3904,19552,1,3,1,True,0.5542426103223081,0.13,0.42424261032230814,3,3,3,0.49936848878860474,0.05032318830490112,False,target,correct,1
Older,older_80_89,3906,12761,0,3,0,True,1.063561652489216,0.14,0.923561652489216,3,3,3,0.40240323543548584,0.052964694797992706,False,target,correct,4
Older,older_80_89,3907,28379,2,0,2,True,1.1311161281608186,0.08,1.0511161281608186,0,0,0,1.1411654949188232,0.053357817232608795,False,target,correct,4
Older,older_80_89,3909,21307,0,1,0,True,0.5337991239367976,0.18,0.35379912393679763,1,1,1,0.5462126731872559,0.06124134361743927,False,target,correct,1
Older,older_80_89,3912,17236,3,0,3,True,0.8417914471872606,0.48,0.36179144718726064,3,3,3,0.7726686596870422,0.06051802635192871,False,target,correct,2
Older,older_80_89,3913,2213,1,0,0,False,1.1778101746818486,0.13,1.0478101746818487,0,0,0,0.9415362477302551,0.06657884269952774,False,flanker,evidence-origin,4
Older,older_80_89,3915,13519,0,1,0,True,1.6230409822309104,0.77,0.8530409822309104,0,0,0,1.008864164352417,0.059037238359451294,False,target,correct,5
Older,older_80_89,3916,809,1,3,3,False,0.6877934948431795,0.06,0.6277934948431796,3,3,3,1.2707509994506836,0.05080199986696243,False,flanker,evidence-origin,1
Older,older_80_89,3921,22946,0,3,3,False,0.6276549363490154,0.08,0.5476549363490154,3,3,3,1.2337865829467773,0.05796102434396744,False,flanker,evidence-origin,1
Older,older_80_89,3925,8340,1,2,1,True,1.3640768901795435,0.51,0.8540768901795435,1,1,1,0.6043378710746765,0.044115595519542694,False,target,correct,5
Older,older_80_89,3927,3086,1,2,1,True,1.0953857912739706,0.14,0.9553857912739706,2,2,2,0.5736181735992432,0.058435291051864624,False,target,correct,4
Older,older_80_89,3929,10053,0,1,0,True,0.7911558317392211,0.08,0.7111558317392211,1,1,1,1.4497365951538086,0.06098451465368271,False,target,correct,2
Older,older_80_89,3930,14846,3,2,2,False,1.0066511762979509,0.11,0.8966511762979509,2,2,2,1.1813130378723145,0.0674547553062439,False,flanker,evidence-origin,3
Older,older_80_89,3931,6119,0,2,2,False,0.7309619957531842,0.09,0.6409619957531842,2,2,2,1.2582148313522339,0.059668347239494324,False,flanker,evidence-origin,1
Older,older_80_89,3932,32876,1,0,1,True,0.7928518368409547,0.15,0.6428518368409547,0,0,0,0.7718099355697632,0.06897015124559402,False,target,correct,2
Older,older_80_89,3933,27110,2,3,2,True,1.4977859384971348,0.67,0.8277859384971348,2,2,2,0.744623601436615,0.039547815918922424,False,target,correct,5
Older,older_80_89,3935,4564,1,0,1,True,0.7448692690518983,0.13,0.6148692690518983,0,0,0,0.8133132457733154,0.06262341886758804,False,target,correct,1
Older,older_80_89,3940,17108,1,0,1,True,1.1252471328247826,0.16,0.9652471328247826,0,0,0,0.5161634087562561,0.06591635197401047,False,target,correct,4
Older,older_80_89,3942,6379,1,3,3,False,0.93196744127542,0.16,0.7719674412754199,3,3,3,0.5983545780181885,0.05897205322980881,False,flanker,evidence-origin,3
Older,older_80_89,3949,5419,0,1,0,True,1.0310831108349001,0.27,0.7610831108349001,0,0,0,1.4120805263519287,0.027506008744239807,False,target,correct,3
Older,older_80_89,3950,17992,3,2,3,True,1.3417459590133336,0.73,0.6117459590133336,3,3,3,0.9275175929069519,0.05656701326370239,False,target,correct,5
Older,older_80_89,3951,22849,2,3,2,True,1.0404043005014694,0.19,0.8504043005014694,3,3,3,0.3616040050983429,0.05716351419687271,False,target,correct,3
Older,older_80_89,3953,32483,2,3,3,False,0.8247191133192817,0.14,0.6847191133192817,3,3,3,0.8410272598266602,0.06298046559095383,False,flanker,evidence-origin,2
Older,older_80_89,3954,18934,1,2,1,True,1.0941286880622905,0.31,0.7841286880622904,1,1,1,0.7872573137283325,0.03045644611120224,False,target,correct,4
Older,older_80_89,3957,24411,3,2,2,False,1.0385564120389863,0.23,0.8085564120389863,2,2,2,0.30793851613998413,0.06098872423171997,False,flanker,evidence-origin,3
Older,older_80_89,3959,32820,1,3,1,True,0.8109557705152685,0.16,0.6509557705152684,3,3,3,0.4315106272697449,0.05106978863477707,False,target,correct,2
Older,older_80_89,3960,26446,1,0,0,False,0.7724193576109804,0.1,0.6724193576109804,0,0,0,1.1494431495666504,0.06265236437320709,False,flanker,evidence-origin,2
Older,older_80_89,3963,7961,3,2,3,True,1.0980308178245486,0.17,0.9280308178245485,2,2,2,0.6383628845214844,0.06466003507375717,False,target,correct,4
Older,older_80_89,3964,7629,2,3,2,True,1.3484688161557339,0.7000000000000001,0.6484688161557338,2,2,2,0.7791728973388672,0.02534785121679306,False,target,correct,5
Older,older_80_89,3968,6858,3,1,3,True,1.3160680424636948,0.67,0.6460680424636948,3,3,3,0.6740164756774902,0.05008293688297272,False,target,correct,5
Older,older_80_89,3969,29684,2,3,3,False,0.9563649133620158,0.13,0.8263649133620158,3,3,3,0.7580850124359131,0.05801260471343994,False,flanker,evidence-origin,3
Older,older_80_89,3970,25122,2,1,2,True,0.7661892870707316,0.13,0.6361892870707316,1,1,1,0.8556233048439026,0.057820141315460205,False,target,correct,1
Older,older_80_89,3972,1009,0,2,2,False,0.685599855773346,0.14,0.545599855773346,2,2,2,0.604548454284668,0.052844464778900146,False,flanker,evidence-origin,1
Older,older_80_89,3973,13334,1,2,1,True,1.1985045762656688,0.16,1.0385045762656688,2,1,2,0.0020595788955688477,0.03807841241359711,False,target,correct,4
Older,older_80_89,3974,25144,2,1,1,False,0.49793781520143804,0.06,0.43793781520143804,1,1,1,1.9526126384735107,0.0650494396686554,False,flanker,evidence-origin,1
Older,older_80_89,3975,11105,1,2,1,True,1.2350473674374558,0.37,0.8650473674374558,1,1,1,0.8278196454048157,0.02764131873846054,False,target,correct,4
Older,older_80_89,3976,8555,2,0,0,False,0.9105065398600007,0.09,0.8205065398600008,0,0,0,1.1756069660186768,0.05998446047306061,False,flanker,evidence-origin,2
Older,older_80_89,3977,18920,3,0,3,True,0.7952640766239686,0.13,0.6652640766239686,0,0,0,1.007573127746582,0.06486497074365616,False,target,correct,2
Older,older_80_89,3980,11170,2,0,0,False,1.140970603374942,0.12,1.0209706033749422,0,0,0,0.8493301868438721,0.058999404311180115,False,flanker,evidence-origin,4
Older,older_80_89,3981,25385,1,3,3,False,0.940035368904122,0.08,0.860035368904122,3,3,3,1.0757538080215454,0.05377215892076492,False,flanker,evidence-origin,3
Older,older_80_89,3982,32082,2,0,0,False,0.9274305607501169,0.16,0.7674305607501168,0,0,0,0.5503358244895935,0.058539099991321564,False,flanker,evidence-origin,3
Older,older_80_89,3983,18043,3,2,3,True,1.5398302785322313,0.67,0.8698302785322313,3,3,3,0.8203229904174805,0.049035683274269104,False,target,correct,5
Older,older_80_89,3984,29237,2,0,0,False,0.9776574729651006,0.09,0.8876574729651007,0,0,0,1.2405847311019897,0.05801200866699219,False,flanker,evidence-origin,3
Older,older_80_89,3987,20872,2,1,2,True,0.6917256908235936,0.15,0.5417256908235936,1,1,1,0.6721007823944092,0.06144203245639801,False,target,correct,1
Older,older_80_89,3989,9814,1,2,1,True,0.7569203898857096,0.13,0.6269203898857096,2,2,2,0.6071186065673828,0.056401558220386505,False,target,correct,1
Older,older_80_89,3990,15659,0,3,0,True,1.472052952093878,0.73,0.7420529520938781,0,0,0,1.1373652219772339,0.031208887696266174,False,target,correct,5
Older,older_80_89,3992,6298,0,3,0,True,1.6060854573449956,0.75,0.8560854573449956,0,0,0,1.0385099649429321,0.04362872987985611,False,target,correct,5
Older,older_80_89,3996,12214,2,3,3,False,0.5523517573108894,0.16,0.39235175731088934,3,3,3,0.7028886079788208,0.06453410536050797,False,flanker,evidence-origin,1
Older,older_80_89,4000,19488,1,0,0,False,0.8751107804090116,0.1,0.7751107804090116,0,0,0,1.2342431545257568,0.06494703143835068,False,flanker,evidence-origin,2
Older,older_80_89,4001,2871,1,3,1,True,0.8304048999564497,0.36,0.47040489995644974,1,1,1,0.9045087099075317,0.02411717176437378,False,target,correct,2
Older,older_80_89,4002,11155,1,0,0,False,0.7530592130776878,0.13,0.6230592130776877,0,0,0,1.0608034133911133,0.07039640098810196,False,flanker,evidence-origin,1
Older,older_80_89,4003,14027,2,1,2,True,0.8818010110420657,0.13,0.7518010110420656,1,1,1,0.8173797726631165,0.05391184985637665,False,target,correct,2
Older,older_80_89,4006,4687,0,1,0,True,1.532404762769408,0.79,0.7424047627694079,0,0,0,0.979375958442688,0.06459324061870575,True,target,correct,5
Older,older_80_89,4007,6907,0,1,0,True,0.9695346230783658,0.28,0.6895346230783658,0,0,0,1.436322808265686,0.044940702617168427,False,target,correct,3
Older,older_80_89,4010,21235,0,3,0,True,1.3289892835423776,0.74,0.5889892835423776,0,0,0,1.1477564573287964,0.037454016506671906,False,target,correct,5
Older,older_80_89,4011,16862,0,1,0,True,1.0314283172358223,0.65,0.38142831723582227,0,0,0,0.8871260285377502,0.05124202370643616,False,target,correct,3
Older,older_80_89,4014,13062,0,3,0,True,1.4689916463611488,0.72,0.7489916463611488,0,0,0,1.0654714107513428,0.05423632264137268,False,target,correct,5
Older,older_80_89,4015,17453,0,1,0,True,1.5483971856356884,0.6,0.9483971856356884,0,0,0,1.0267252922058105,0.060843780636787415,False,target,correct,5
Older,older_80_89,4016,16727,2,0,0,False,0.5321983372123437,0.13,0.40219833721234366,0,0,0,0.8157960772514343,0.05898165702819824,False,flanker,evidence-origin,1
Older,older_80_89,4017,22545,3,1,1,False,0.8286838327148367,0.08,0.7486838327148367,1,1,1,1.0225110054016113,0.04943712800741196,False,flanker,evidence-origin,2
Older,older_80_89,4020,227,2,0,0,False,0.7787522240414444,0.16,0.6187522240414444,0,0,0,0.4468323588371277,0.05329844355583191,False,flanker,evidence-origin,2
Older,older_80_89,4022,3419,0,3,0,True,0.8454818945438928,0.18,0.6654818945438927,3,0,3,0.08562284708023071,0.044208116829395294,False,target,correct,2
Older,older_80_89,4023,27132,2,0,0,False,0.8104119965546948,0.12,0.6904119965546948,0,0,0,0.8910749554634094,0.05931065231561661,False,flanker,evidence-origin,2
Older,older_80_89,4024,10036,0,1,0,True,1.1154182469466305,0.14,0.9754182469466305,1,1,1,0.6149044036865234,0.05728626996278763,False,target,correct,4
Older,older_80_89,4025,19227,1,2,1,True,0.7994916368035748,0.15,0.6494916368035748,2,2,2,0.44375720620155334,0.05776134133338928,False,target,correct,2
Older,older_80_89,4026,29885,2,0,0,False,0.6719004541360208,0.08,0.5919004541360209,0,0,0,1.3080806732177734,0.05651310086250305,False,flanker,evidence-origin,1
Older,older_80_89,4028,22370,1,3,1,True,0.7703408105709622,0.13,0.6403408105709621,3,3,3,0.584398627281189,0.05438726395368576,False,target,correct,2
Older,older_80_89,4030,18320,2,1,2,True,0.8511750414067631,0.4,0.4511750414067631,2,2,2,1.057676076889038,0.046083152294158936,False,target,correct,2
Older,older_80_89,4031,25219,0,1,0,True,0.7972263683449865,0.12,0.6772263683449865,1,1,1,0.6837525367736816,0.05135259032249451,False,target,correct,2
Older,older_80_89,4035,24737,3,1,3,True,0.8195426886119914,0.1,0.7195426886119914,1,1,1,0.8038783073425293,0.04967612028121948,False,target,correct,2
Older,older_80_89,4038,32939,0,2,2,False,1.6707953281405163,0.79,0.8807953281405163,0,0,0,0.873163640499115,0.016080595552921295,True,flanker,fallback,5
Older,older_80_89,4039,2251,3,2,3,True,1.852693295484329,0.67,1.182693295484329,3,3,3,0.7675520181655884,0.04307541251182556,False,target,correct,5
Older,older_80_89,4040,14915,3,0,3,True,0.7724344766191237,0.16,0.6124344766191236,0,0,0,0.8015619516372681,0.06949925422668457,False,target,correct,2
Older,older_80_89,4046,25695,1,0,0,False,0.957082371979705,0.16,0.797082371979705,0,0,0,0.8479601740837097,0.0712924525141716,False,flanker,evidence-origin,3
Older,older_80_89,4047,19751,3,1,3,True,0.9260977387350053,0.16,0.7660977387350053,1,1,1,0.34302133321762085,0.04155009984970093,False,target,correct,3
Older,older_80_89,4048,32648,2,3,2,True,1.3760396349371697,0.7000000000000001,0.6760396349371697,2,2,2,0.8364834785461426,0.031483449041843414,False,target,correct,5
Older,older_80_89,4049,24473,1,2,1,True,1.0437218051444714,0.11,0.9337218051444715,2,2,2,0.420197069644928,0.04577987641096115,False,target,correct,3
Older,older_80_89,4050,950,0,2,2,False,0.798306207593638,0.2,0.5983062075936381,2,2,2,0.5457887053489685,0.05790402740240097,False,flanker,evidence-origin,2
Older,older_80_89,4051,29480,0,1,0,True,0.7438179543148163,0.15,0.5938179543148163,1,1,1,0.6755383014678955,0.06170608103275299,False,target,correct,1
Older,older_80_89,4052,3737,2,1,1,False,0.9176654118247464,0.07,0.8476654118247464,1,1,1,1.5763498544692993,0.05911041051149368,False,flanker,evidence-origin,3
Older,older_80_89,4053,4009,2,3,2,True,0.5917322670475855,0.19,0.4017322670475855,3,3,3,0.3296035826206207,0.05946572870016098,False,target,correct,1
Older,older_80_89,4055,19490,0,1,1,False,1.1212390593027544,0.79,0.3312390593027543,0,0,0,0.8235280513763428,0.03054211288690567,True,flanker,fallback,4
Older,older_80_89,4062,2778,3,1,3,True,0.9965827012587105,0.66,0.3365827012587105,3,3,3,0.6985812783241272,0.04313170909881592,False,target,correct,3
Older,older_80_89,4064,2700,1,0,1,True,1.2597885432733185,0.14,1.1197885432733186,0,0,0,0.7409666776657104,0.06386692821979523,False,target,correct,4
Older,older_80_89,4066,20493,1,0,0,False,0.7489226443210619,0.08,0.668922644321062,0,0,0,1.4232664108276367,0.060844786465168,False,flanker,evidence-origin,1
Older,older_80_89,4067,11845,1,3,3,False,0.7803190063563762,0.08,0.7003190063563762,3,3,3,1.0096863508224487,0.050107650458812714,False,flanker,evidence-origin,2
Older,older_80_89,4071,17592,1,3,3,False,0.8046390196372455,0.08,0.7246390196372455,3,3,3,1.018161416053772,0.05042976886034012,False,flanker,evidence-origin,2
Older,older_80_89,4076,2462,1,3,3,False,0.7169560459817185,0.18,0.5369560459817184,3,3,3,0.34449782967567444,0.0561060756444931,False,flanker,evidence-origin,1
Older,older_80_89,4077,1133,2,3,3,False,0.6700687096822496,0.13,0.5400687096822496,3,3,3,0.8672729730606079,0.062047913670539856,False,flanker,evidence-origin,1
Older,older_80_89,4078,5849,3,1,3,True,0.8967257683033966,0.16,0.7367257683033965,1,1,1,0.36171090602874756,0.04923608899116516,False,target,correct,2
Older,older_80_89,4079,25185,2,1,1,False,1.0184341619713595,0.15,0.8684341619713595,1,1,1,0.8187252879142761,0.06003519892692566,False,flanker,evidence-origin,3
Older,older_80_89,4081,6937,2,0,2,True,1.2194345547666554,0.15,1.0694345547666555,0,0,0,0.3993774950504303,0.050479985773563385,False,target,correct,4
Older,older_80_89,4083,7946,2,3,2,True,1.0812662368027754,0.4,0.6812662368027754,3,3,3,0.1531347930431366,0.04324634373188019,False,target,correct,4
Older,older_80_89,4090,4816,1,0,0,False,1.1317128981527451,0.09,1.041712898152745,0,0,0,1.35822594165802,0.0655251294374466,False,flanker,evidence-origin,4
Older,older_80_89,4093,32924,1,2,1,True,0.711032966495442,0.14,0.571032966495442,2,2,2,0.6832375526428223,0.06170177459716797,False,target,correct,1
Older,older_80_89,4094,11660,0,3,0,True,0.7620497117929871,0.13,0.6320497117929871,3,3,3,0.35399794578552246,0.04896683245897293,False,target,correct,1
Older,older_80_89,4095,15901,3,0,3,True,0.8863107896511566,0.12,0.7663107896511566,0,0,0,0.9612287878990173,0.061571069061756134,False,target,correct,2
Older,older_80_89,4096,1595,2,1,2,True,1.3067529802467728,0.12,1.186752980246773,1,1,1,0.8891701698303223,0.05851074308156967,False,target,correct,5
Older,older_80_89,4098,22201,2,1,1,False,0.8913004012689718,0.06,0.8313004012689718,1,1,1,1.8724600076675415,0.062234267592430115,False,flanker,evidence-origin,2
Older,older_80_89,4100,13566,1,2,1,True,0.913314039294431,0.09,0.823314039294431,2,2,2,0.9913049936294556,0.05353180319070816,False,target,correct,2
Older,older_80_89,4101,6710,2,3,2,True,0.737377656795828,0.15,0.587377656795828,3,3,3,0.6166611313819885,0.06024108827114105,False,target,correct,1
Older,older_80_89,4102,30122,2,1,2,True,1.0184468689360369,0.52,0.49844686893603685,2,2,2,0.943524181842804,0.042257778346538544,False,target,correct,3
Older,older_80_89,4104,8295,1,0,0,False,0.8502442845678901,0.1,0.7502442845678902,0,0,0,1.22724187374115,0.06423187255859375,False,flanker,evidence-origin,2
Older,older_80_89,4107,6770,1,3,1,True,0.979141849724898,0.11,0.869141849724898,3,3,3,0.752487063407898,0.05191881209611893,False,target,correct,3
Older,older_80_89,4108,12368,0,1,0,True,1.7026517653561943,0.74,0.9626517653561943,0,0,0,0.9723184704780579,0.06220543384552002,False,target,correct,5
Older,older_80_89,4110,19503,1,3,3,False,1.3997617828436215,0.79,0.6097617828436215,1,1,1,1.0842870473861694,0.052107445895671844,True,flanker,fallback,5
Older,older_80_89,4112,1746,2,0,0,False,0.5578266145185402,0.12,0.4378266145185402,0,0,0,1.0165863037109375,0.06420300900936127,False,flanker,evidence-origin,1
Older,older_80_89,4114,26551,0,3,0,True,0.8414266339337844,0.2,0.6414266339337844,3,3,3,0.1453266143798828,0.0536947175860405,False,target,correct,2
Older,older_80_89,4115,16749,0,1,0,True,1.6613888832546304,0.76,0.9013888832546304,0,0,0,0.966399610042572,0.06045632064342499,False,target,correct,5
Older,older_80_89,4117,16412,3,0,3,True,0.817067170015853,0.16,0.657067170015853,0,0,0,0.7928270697593689,0.06385891884565353,False,target,correct,2
Older,older_80_89,4119,354,2,3,2,True,0.5565453556079596,0.16,0.39654535560795956,3,3,3,0.5308482050895691,0.0608055517077446,False,target,correct,1
Older,older_80_89,4120,6823,3,1,3,True,0.8340161714285281,0.14,0.6940161714285281,1,1,1,0.5132565498352051,0.049622610211372375,False,target,correct,2
Older,older_80_89,4121,15341,1,3,3,False,0.8203539871191212,0.2,0.6203539871191213,3,3,3,0.5356889963150024,0.06222318112850189,False,flanker,evidence-origin,2
Older,older_80_89,4123,23234,2,0,2,True,0.5495234295660667,0.11,0.4395234295660667,0,0,0,0.8037681579589844,0.0556395947933197,False,target,correct,1
Older,older_80_89,4125,7976,3,2,3,True,0.9555033353392647,0.25,0.7055033353392647,2,3,2,0.10299855470657349,0.045637406408786774,False,target,correct,3
Older,older_80_89,4126,6370,0,1,0,True,0.9677660072840412,0.13,0.8377660072840412,1,1,1,0.6597667932510376,0.056078627705574036,False,target,correct,3
Older,older_80_89,4127,10109,2,0,0,False,0.7051943501188083,0.08,0.6251943501188083,0,0,0,1.2982487678527832,0.059804439544677734,False,flanker,evidence-origin,1
Older,older_80_89,4129,31330,0,2,2,False,1.5363151258108665,0.79,0.7463151258108665,0,0,0,0.8917873501777649,0.021839968860149384,True,flanker,fallback,5
Older,older_80_89,4131,4271,0,3,0,True,0.6063171002747023,0.13,0.4763171002747023,3,3,3,0.4566201865673065,0.052547141909599304,False,target,correct,1
Older,older_80_89,4133,11145,2,1,2,True,1.1389621322438779,0.15,0.9889621322438779,1,1,1,0.8100218772888184,0.06338226050138474,False,target,correct,4
Older,older_80_89,4135,30619,1,2,1,True,1.2327978851014483,0.38,0.8527978851014483,1,1,1,0.9579207897186279,0.03383848816156387,False,target,correct,4
Older,older_80_89,4137,4669,2,0,0,False,0.9735216129563478,0.11,0.8635216129563478,0,0,0,0.897465705871582,0.05665324628353119,False,flanker,evidence-origin,3
Older,older_80_89,4138,20720,1,0,1,True,1.0494498412145965,0.15,0.8994498412145965,0,0,0,0.5690789222717285,0.06226398050785065,False,target,correct,3
Older,older_80_89,4139,23445,2,1,1,False,1.159129010788969,0.19,0.969129010788969,1,1,1,0.6531344652175903,0.06005578488111496,False,flanker,evidence-origin,4
Older,older_80_89,4140,7755,1,3,3,False,0.9919510423124364,0.13,0.8619510423124364,3,3,3,0.631140947341919,0.05585009604692459,False,flanker,evidence-origin,3
Older,older_80_89,4148,20526,3,2,3,True,1.6219831838619463,0.72,0.9019831838619463,3,3,3,0.8785849213600159,0.048936791718006134,False,target,correct,5
Older,older_80_89,4150,25466,2,1,1,False,0.8411241835818934,0.06,0.7811241835818934,1,1,1,1.8442261219024658,0.05974274128675461,False,flanker,evidence-origin,2
Older,older_80_89,4151,23606,3,1,3,True,1.456284261501993,0.65,0.8062842615019931,3,3,3,0.8359799385070801,0.052589043974876404,False,target,correct,5
Older,older_80_89,4152,21007,3,1,1,False,0.4612340494693885,0.13,0.3312340494693885,1,1,1,0.7638065814971924,0.05351484566926956,False,flanker,evidence-origin,1
Older,older_80_89,4153,17673,2,0,0,False,1.0457121852518565,0.1,0.9457121852518565,0,0,0,1.1433428525924683,0.06093796342611313,False,flanker,evidence-origin,3
Older,older_80_89,4154,3436,1,3,3,False,0.9636282448452026,0.08,0.8836282448452026,3,3,3,0.9474246501922607,0.048960864543914795,False,flanker,evidence-origin,3
Older,older_80_89,4157,8428,3,1,3,True,1.0490439497989472,0.38,0.6690439497989472,3,3,3,0.7769731283187866,0.02337062358856201,False,target,correct,3
Older,older_80_89,4158,22919,3,1,3,True,0.8279197141220574,0.14,0.6879197141220574,1,1,1,0.5487560033798218,0.050245217978954315,False,target,correct,2
Older,older_80_89,4159,1791,3,1,1,False,1.189912099172046,0.13,1.0599120991720459,1,1,1,0.6591402292251587,0.04921674728393555,False,flanker,evidence-origin,4
Older,older_80_89,4160,7422,0,3,0,True,1.4593543209208129,0.74,0.7193543209208129,0,0,0,1.0564117431640625,0.038868121802806854,False,target,correct,5
Older,older_80_89,4161,9379,3,1,3,True,0.9965899180825974,0.16,0.8365899180825974,1,1,1,0.23113489151000977,0.04515686631202698,False,target,correct,3
Older,older_80_89,4162,17701,3,1,1,False,0.7634634379870876,0.15,0.6134634379870876,1,1,1,0.7041152119636536,0.056218430399894714,False,flanker,evidence-origin,1
Older,older_80_89,4164,22044,3,0,3,True,0.7631149017348222,0.14,0.6231149017348222,0,0,0,0.9540659785270691,0.06459540128707886,False,target,correct,1
Older,older_80_89,4165,2128,2,0,2,True,0.5900391863886085,0.11,0.48003918638860854,0,0,0,0.8340491652488708,0.05342782288789749,False,target,correct,1
Older,older_80_89,4167,23151,0,3,3,False,0.8150921606480858,0.08,0.7350921606480858,3,3,3,1.3467109203338623,0.05993744730949402,False,flanker,evidence-origin,2
Older,older_80_89,4170,15694,0,1,0,True,1.6325959067985223,0.79,0.8425959067985223,0,0,0,0.8570041656494141,0.050566695630550385,True,target,correct,5
Older,older_80_89,4171,28490,1,2,1,True,1.4097215905325744,0.45,0.9597215905325744,1,1,1,0.6372636556625366,0.04718797653913498,False,target,correct,5
Older,older_80_89,4172,5302,2,1,2,True,0.5824615721755148,0.14,0.44246157217551474,1,1,1,0.9408225417137146,0.06431209295988083,False,target,correct,1
Older,older_80_89,4174,26111,3,2,3,True,1.1028459145764518,0.2,0.9028459145764518,2,2,2,0.41168931126594543,0.05973609536886215,False,target,correct,4
Older,older_80_89,4178,8398,0,1,0,True,1.179870959308019,0.19,0.989870959308019,1,1,1,0.07844388484954834,0.04690184444189072,False,target,correct,4
Older,older_80_89,4179,5123,0,2,2,False,0.7850940048084225,0.15,0.6350940048084225,2,2,2,0.5167944431304932,0.0536082461476326,False,flanker,evidence-origin,2
Older,older_80_89,4180,18527,1,2,1,True,1.446060075289293,0.63,0.8160600752892929,1,1,1,0.7676529288291931,0.04644213616847992,False,target,correct,5
Older,older_80_89,4181,2091,3,1,3,True,0.8642859055807233,0.17,0.6942859055807232,1,1,1,0.20781874656677246,0.04061400890350342,False,target,correct,2
Older,older_80_89,4188,4822,0,3,0,True,1.6466072170581119,0.72,0.9266072170581119,0,0,0,1.126358985900879,0.05235620588064194,False,target,correct,5
Older,older_80_89,4191,27291,3,1,1,False,0.9023784935361892,0.08,0.8223784935361892,1,1,1,1.1025878190994263,0.053375594317913055,False,flanker,evidence-origin,2
Older,older_80_89,4192,33214,3,0,3,True,0.9328687418508196,0.51,0.4228687418508196,3,3,3,0.9953732490539551,0.07232283800840378,False,target,correct,3
Older,older_80_89,4196,25019,2,0,2,True,1.195588149880169,0.11,1.085588149880169,0,0,0,0.7731881141662598,0.050963349640369415,False,target,correct,4
Older,older_80_89,4204,24679,1,2,1,True,1.1474170220430437,0.35000000000000003,0.7974170220430437,1,1,1,0.7860563397407532,0.021608881652355194,False,target,correct,4
Older,older_80_89,4210,19167,3,0,3,True,0.9032782528650308,0.17,0.7332782528650308,0,0,0,0.6541386246681213,0.06730037182569504,False,target,correct,2
Older,older_80_89,4212,22377,2,3,2,True,0.7749450618594156,0.15,0.6249450618594156,3,3,3,0.6671797633171082,0.062026314437389374,False,target,correct,2
Older,older_80_89,4213,24383,2,0,2,True,1.0300422096996262,0.17,0.8600422096996262,0,0,0,0.3316363990306854,0.051943935453891754,False,target,correct,3
Older,older_80_89,4220,16558,1,0,0,False,0.97008577107299,0.09,0.88008577107299,0,0,0,1.251076102256775,0.06275805830955505,False,flanker,evidence-origin,3
Older,older_80_89,4222,11373,2,0,0,False,0.9460123035876333,0.09,0.8560123035876334,0,0,0,1.025651216506958,0.05475756525993347,False,flanker,evidence-origin,3
Older,older_80_89,4225,34144,1,2,1,True,0.8193940135768016,0.21,0.6093940135768017,2,2,2,0.31161877512931824,0.0590655654668808,False,target,correct,2
Older,older_80_89,4226,31311,3,1,3,True,0.8677679641007936,0.15,0.7177679641007936,1,1,1,0.5539400577545166,0.05348742753267288,False,target,correct,2
Older,older_80_89,4228,21346,0,3,0,True,1.1606008122526807,0.72,0.4406008122526808,0,0,0,1.0510094165802002,0.02271677553653717,False,target,correct,4
Older,older_80_89,4229,14514,2,3,2,True,1.6424960684233443,0.7000000000000001,0.9424960684233442,2,2,2,0.7819938659667969,0.030354730784893036,False,target,correct,5
Older,older_80_89,4231,27500,0,2,2,False,1.645843797999606,0.79,0.8558437979996059,0,0,0,0.7327313423156738,0.006517849862575531,True,flanker,fallback,5
Older,older_80_89,4232,16449,0,1,0,True,0.8233798672455261,0.11,0.7133798672455262,1,1,1,1.175570011138916,0.06487168371677399,False,target,correct,2
Older,older_80_89,4233,8687,2,3,3,False,0.8792721508995712,0.16,0.7192721508995712,3,3,3,0.5462228655815125,0.059725552797317505,False,flanker,evidence-origin,2
Older,older_80_89,4234,18044,0,2,2,False,0.6564866554554442,0.13,0.5264866554554442,2,2,2,0.7601786255836487,0.05734311789274216,False,flanker,evidence-origin,1
Older,older_80_89,4235,20947,3,2,3,True,0.9435869251239214,0.15,0.7935869251239214,2,2,2,0.7505874633789062,0.06274578720331192,False,target,correct,3
Older,older_80_89,4237,12711,2,1,2,True,1.0534501511930021,0.18,0.8734501511930022,1,1,1,0.632697582244873,0.05984047055244446,False,target,correct,3
Older,older_80_89,4238,26847,1,0,1,True,1.070049448173488,0.15,0.9200494481734879,0,0,0,0.5815972685813904,0.060846202075481415,False,target,correct,4
Older,older_80_89,4239,13093,1,0,1,True,0.6298504761031771,0.13,0.4998504761031771,0,0,0,0.7851862907409668,0.062198370695114136,False,target,correct,1
Older,older_80_89,4240,23054,3,0,3,True,0.9166680831669991,0.11,0.8066680831669991,0,0,0,1.0448944568634033,0.06082016974687576,False,target,correct,3
Older,older_80_89,4241,6191,3,0,3,True,0.9637443877344163,0.14,0.8237443877344163,0,0,0,1.0034422874450684,0.06586584448814392,False,target,correct,3
Older,older_80_89,4242,821,2,0,2,True,0.7677835021856086,0.12,0.6477835021856087,0,0,0,0.7960749268531799,0.05817980319261551,False,target,correct,1
Older,older_80_89,4243,5730,3,2,3,True,1.0230673981913834,0.13,0.8930673981913834,2,2,2,0.9713727235794067,0.06609896570444107,False,target,correct,3
Older,older_80_89,4248,24140,0,3,0,True,1.1983871530944132,0.72,0.47838715309441326,0,0,0,1.1843223571777344,0.020132772624492645,False,target,correct,4
Older,older_80_89,4249,33724,1,0,1,True,1.077609378407083,0.12,0.957609378407083,0,0,0,0.8044861555099487,0.05958857387304306,False,target,correct,4
Older,older_80_89,4252,30516,1,2,1,True,1.13759228034128,0.42,0.71759228034128,1,1,1,0.6042320728302002,0.047983504831790924,False,target,correct,4
Older,older_80_89,4255,8283,3,0,3,True,0.677250964053389,0.13,0.547250964053389,0,0,0,0.9270034432411194,0.06319985538721085,False,target,correct,1
Older,older_80_89,4257,32945,1,2,1,True,1.196857526876601,0.54,0.656857526876601,1,1,1,0.8333120942115784,0.039332956075668335,False,target,correct,4
Older,older_80_89,4258,9763,0,1,0,True,1.1791945751422108,0.11,1.0691945751422107,1,1,1,0.9664584398269653,0.05975097417831421,False,target,correct,4
Older,older_80_89,4260,22750,0,3,0,True,1.0042178142317695,0.2,0.8042178142317695,3,0,3,0.02609384059906006,0.0456540584564209,False,target,correct,3
Older,older_80_89,4261,32062,0,1,0,True,0.7680265551408376,0.1,0.6680265551408376,1,1,1,1.0406289100646973,0.06198775768280029,False,target,correct,2
Older,older_80_89,4262,28896,3,2,3,True,0.9043432052870759,0.19,0.714343205287076,2,2,2,0.46725988388061523,0.06080339848995209,False,target,correct,2
Older,older_80_89,4276,10841,0,1,0,True,1.021824876339476,0.27,0.7518248763394759,0,0,0,1.374936580657959,0.0375586599111557,False,target,correct,3
Older,older_80_89,4279,18156,0,1,0,True,1.0056245623597044,0.07,0.9356245623597044,1,1,1,1.646763563156128,0.0642322525382042,False,target,correct,3
Older,older_80_89,4280,6332,2,3,3,False,0.9814514424197321,0.14,0.8414514424197321,3,3,3,0.8347619771957397,0.06400463730096817,False,flanker,evidence-origin,3
Older,older_80_89,4283,30622,0,3,0,True,1.6559211050476736,0.76,0.8959211050476736,0,0,0,1.1471176147460938,0.03484651446342468,False,target,correct,5
Older,older_80_89,4286,15677,1,3,3,False,0.5198573370182209,0.07,0.4498573370182209,3,3,3,0.995339572429657,0.04740550369024277,False,flanker,evidence-origin,1
Older,older_80_89,4287,20207,2,0,0,False,1.1406742302608661,0.16,0.9806742302608661,0,0,0,0.6840272545814514,0.06161978095769882,False,flanker,evidence-origin,4
Older,older_80_89,4288,1788,3,0,3,True,0.6716069425269897,0.09,0.5816069425269897,0,0,0,1.3481336832046509,0.06298977136611938,False,target,correct,1
Older,older_80_89,4292,27273,3,2,3,True,0.6485132081542913,0.16,0.4885132081542912,2,2,2,0.6759976148605347,0.059795133769512177,False,target,correct,1
Older,older_80_89,4295,26402,2,0,0,False,0.6049261573083193,0.09,0.5149261573083194,0,0,0,1.0883457660675049,0.05525221675634384,False,flanker,evidence-origin,1
Older,older_80_89,4297,11227,1,2,1,True,0.7351763716026092,0.16,0.5751763716026091,2,1,2,0.10429459810256958,0.03907226771116257,False,target,correct,1
Older,older_80_89,4298,23548,1,0,1,True,1.4495003932208474,0.76,0.6895003932208474,1,1,1,0.9083255529403687,0.07922883331775665,False,target,correct,5
Older,older_80_89,4303,2424,2,3,3,False,0.5714627064886344,0.17,0.40146270648863436,3,3,3,0.5188571214675903,0.058521829545497894,False,flanker,evidence-origin,1
Older,older_80_89,4304,32121,1,3,1,True,1.2060036043804807,0.15,1.0560036043804808,3,3,3,0.5131109952926636,0.053344808518886566,False,target,correct,4
Older,older_80_89,4306,14627,1,3,3,False,0.8766338937278556,0.13,0.7466338937278556,3,3,3,0.6459223031997681,0.05472593754529953,False,flanker,evidence-origin,2
Older,older_80_89,4307,7379,3,2,2,False,0.7738804715475288,0.16,0.6138804715475288,2,2,2,0.7354034781455994,0.06582167744636536,False,flanker,evidence-origin,2
Older,older_80_89,4308,21721,1,2,1,True,1.1592743836946218,0.72,0.4392743836946218,1,1,1,0.8306929469108582,0.043280668556690216,False,target,correct,4
Older,older_80_89,4311,13802,0,2,0,True,1.2640051529658012,0.78,0.48400515296580116,0,0,0,1.0644962787628174,0.05460495501756668,False,target,correct,4
Older,older_80_89,4313,28001,1,3,1,True,1.0293563313308,0.12,0.9093563313308001,3,3,3,0.6375637054443359,0.04960419237613678,False,target,correct,3
Older,older_80_89,4314,6951,1,0,1,True,0.8843776053023811,0.12,0.7643776053023811,0,0,0,1.0242409706115723,0.06757064908742905,False,target,correct,2
Older,older_80_89,4316,21610,1,2,1,True,0.7919345527295554,0.15,0.6419345527295554,2,2,2,0.3580212891101837,0.04787354916334152,False,target,correct,2
Older,older_80_89,4318,32222,3,0,3,True,1.1174126372648046,0.1,1.0174126372648045,0,0,0,1.2514402866363525,0.06369323283433914,False,target,correct,4
Older,older_80_89,4325,16742,1,2,1,True,0.9397252145633908,0.12,0.8197252145633908,2,2,2,0.4085419178009033,0.047743335366249084,False,target,correct,3
Older,older_80_89,4326,28188,1,0,1,True,1.51475647709417,0.73,0.78475647709417,1,1,1,1.0095412731170654,0.07427147775888443,False,target,correct,5
Older,older_80_89,4328,18227,3,0,3,True,0.646483988493803,0.09,0.556483988493803,0,0,0,1.2435047626495361,0.061049170792102814,False,target,correct,1
Older,older_80_89,4330,22679,3,1,3,True,0.8074211796229098,0.21,0.5974211796229099,1,1,1,0.11623013019561768,0.041207559406757355,False,target,correct,2
Older,older_80_89,4333,21125,1,2,1,True,1.4065206469687899,0.53,0.8765206469687898,1,1,1,0.7137579321861267,0.0513448566198349,False,target,correct,5
Older,older_80_89,4335,29675,0,3,0,True,1.0713086254349675,0.15,0.9213086254349675,3,3,3,0.3038248121738434,0.05550296604633331,False,target,correct,4
Older,older_80_89,4336,14098,1,2,1,True,0.9009326015332685,0.16,0.7409326015332685,2,2,2,0.5975375175476074,0.06294864416122437,False,target,correct,2
Older,older_80_89,4339,188,1,0,0,False,0.6663227981041137,0.1,0.5663227981041137,0,0,0,1.296865463256836,0.06699743866920471,False,flanker,evidence-origin,1
Older,older_80_89,4345,11909,3,2,3,True,1.1364178957674218,0.52,0.6164178957674218,3,3,3,0.8054263591766357,0.03853827714920044,False,target,correct,4
Older,older_80_89,4351,14390,3,1,1,False,0.9333267869106625,0.14,0.7933267869106625,1,1,1,0.6553874015808105,0.05230078101158142,False,flanker,evidence-origin,3
Older,older_80_89,4352,18478,1,0,0,False,0.9260086998725636,0.08,0.8460086998725637,0,0,0,1.5269899368286133,0.06494276970624924,False,flanker,evidence-origin,3
Older,older_80_89,4355,10500,2,0,2,True,0.9516561339052246,0.09,0.8616561339052247,0,0,0,1.0386695861816406,0.054271332919597626,False,target,correct,3
Older,older_80_89,4356,7051,1,0,0,False,0.7252410664759363,0.08,0.6452410664759364,0,0,0,1.422472596168518,0.06067007780075073,False,flanker,evidence-origin,1
Older,older_80_89,4359,14427,0,1,0,True,1.2985660250410314,0.41000000000000003,0.8885660250410313,0,0,0,1.4978199005126953,0.06197723001241684,False,target,correct,5
Older,older_80_89,4361,5366,3,2,3,True,1.458185999494278,0.5,0.9581859994942781,3,3,3,0.879766583442688,0.03579273074865341,False,target,correct,5
Older,older_80_89,4363,30064,3,1,3,True,0.99302213567129,0.33,0.66302213567129,3,3,3,1.0551034212112427,0.03268473595380783,False,target,correct,3
Older,older_80_89,4364,17374,1,3,1,True,1.269336767222418,0.63,0.6393367672224181,1,1,1,0.7320679426193237,0.037273794412612915,False,target,correct,4
Older,older_80_89,4365,24527,1,2,1,True,1.5697803707964801,0.71,0.8597803707964802,1,1,1,0.9603850841522217,0.054837800562381744,False,target,correct,5
Older,older_80_89,4369,18117,2,3,2,True,0.9565526931831941,0.16,0.7965526931831941,3,3,3,0.47251707315444946,0.058769479393959045,False,target,correct,3
Older,older_80_89,4370,19159,1,3,3,False,0.9520047026852362,0.08,0.8720047026852362,3,3,3,1.0226221084594727,0.052705809473991394,False,flanker,evidence-origin,3
Older,older_80_89,4371,19879,2,1,1,False,0.7056758871076941,0.06,0.6456758871076942,1,1,1,1.6542198657989502,0.05766604095697403,False,flanker,evidence-origin,1
Older,older_80_89,4372,20785,3,2,3,True,1.6392120594457023,0.74,0.8992120594457023,3,3,3,0.9082657694816589,0.05363890528678894,False,target,correct,5
Older,older_80_89,4373,23629,1,3,3,False,0.8373361745403687,0.21,0.6273361745403687,3,3,3,0.347926527261734,0.05751955509185791,False,flanker,evidence-origin,2
Older,older_80_89,4378,21536,2,3,3,False,0.8556174700086143,0.15,0.7056174700086143,3,3,3,0.7337912917137146,0.06440221518278122,False,flanker,evidence-origin,2
Older,older_80_89,4379,9193,2,0,0,False,0.5019125918659946,0.12,0.3819125918659946,0,0,0,0.8470942974090576,0.05828091502189636,False,flanker,evidence-origin,1
Older,older_80_89,4380,23617,0,1,0,True,1.0638471725886498,0.28,0.7838471725886498,0,0,0,1.3453835248947144,0.02275596559047699,False,target,correct,4
Older,older_80_89,4381,9210,2,0,2,True,0.6768896154428111,0.16,0.5168896154428111,0,0,0,0.3059117794036865,0.04739220440387726,False,target,correct,1
Older,older_80_89,4383,7789,0,2,2,False,1.2945234676524027,0.79,0.5045234676524026,0,0,0,0.9422427415847778,0.029236100614070892,True,flanker,fallback,5
Older,older_80_89,4384,2492,1,0,0,False,1.3299999833106995,0.08,1.2499999833106994,0,0,0,1.3012783527374268,0.05716533213853836,False,flanker,evidence-origin,5
Older,older_80_89,4386,5824,2,1,2,True,1.3645363345406787,0.48,0.8845363345406787,2,2,2,1.2566295862197876,0.048490412533283234,False,target,correct,5
Older,older_80_89,4390,22916,3,2,3,True,0.9983644999843855,0.13,0.8683644999843855,2,2,2,0.8976961970329285,0.06327742338180542,False,target,correct,3
Older,older_80_89,4391,2032,3,2,2,False,1.0400357760067993,0.13,0.9100357760067993,2,2,2,0.9194446206092834,0.06418504565954208,False,flanker,evidence-origin,3
Older,older_80_89,4394,8224,3,1,3,True,0.8491025756335655,0.17,0.6791025756335655,1,1,1,0.22009927034378052,0.041583605110645294,False,target,correct,2
Older,older_80_89,4395,4300,0,1,1,False,1.6866198158800756,0.79,0.8966198158800756,0,0,0,0.8242143392562866,0.03979726880788803,True,flanker,fallback,5
Older,older_80_89,4396,6543,0,1,0,True,1.4450251128195706,0.74,0.7050251128195706,0,0,0,0.9753676652908325,0.06940469145774841,False,target,correct,5
Older,older_80_89,4397,30288,1,2,1,True,1.3297196279681522,0.6,0.7297196279681523,1,1,1,0.816569447517395,0.05539076030254364,False,target,correct,5
Older,older_80_89,4398,12023,3,0,0,False,0.7664627374318392,0.09,0.6764627374318393,0,0,0,1.3148930072784424,0.05983415246009827,False,flanker,evidence-origin,1
Older,older_80_89,4399,6338,2,3,2,True,1.5671291664545104,0.74,0.8271291664545104,2,2,2,0.9095914363861084,0.02100209891796112,False,target,correct,5
Older,older_80_89,4400,13645,3,1,3,True,1.228876254714578,0.21,1.018876254714578,1,1,1,0.05977463722229004,0.03459581732749939,False,target,correct,4
Older,older_80_89,4402,5380,1,3,1,True,0.9563258323555212,0.1,0.8563258323555212,3,3,3,0.9441820383071899,0.056093282997608185,False,target,correct,3
Older,older_80_89,4403,15682,0,2,2,False,0.9980291346823538,0.1,0.8980291346823538,2,2,2,1.1920897960662842,0.06066323071718216,False,flanker,evidence-origin,3
Older,older_80_89,4405,23571,0,3,0,True,1.6677991622431398,0.75,0.9177991622431398,0,0,0,1.0650628805160522,0.026951685547828674,False,target,correct,5
Older,older_80_89,4413,32396,2,3,2,True,0.6667759864857681,0.17,0.49677598648576804,3,3,3,0.6178057193756104,0.0627514123916626,False,target,correct,1
Older,older_80_89,4416,22778,0,1,0,True,1.6245074663912422,0.79,0.8345074663912422,0,0,0,0.8563776016235352,0.055107422173023224,True,target,correct,5
Older,older_80_89,4417,8069,1,0,1,True,0.8382990325378278,0.13,0.7082990325378278,0,0,0,0.8002187609672546,0.06356760114431381,False,target,correct,2
Older,older_80_89,4421,12203,3,2,3,True,1.5782140491731336,0.53,1.0482140491731335,3,3,3,0.7490171194076538,0.029770217835903168,False,target,correct,5
Older,older_80_89,4422,20489,3,1,3,True,1.0682966755313907,0.31,0.7582966755313907,3,3,3,0.9725024700164795,0.025833070278167725,False,target,correct,4
Older,older_80_89,4423,17813,1,3,1,True,1.3452409701412524,0.51,0.8352409701412524,1,1,1,0.09363049268722534,0.02008199691772461,False,target,correct,5
Older,older_80_89,4424,14096,3,2,3,True,1.097855336746393,0.25,0.847855336746393,2,2,2,0.22527852654457092,0.061834849417209625,False,target,correct,4
Older,older_80_89,4425,940,3,0,3,True,0.6308478999195108,0.11,0.5208478999195109,0,0,0,1.0801360607147217,0.06274048984050751,False,target,correct,1
Older,older_80_89,4428,1909,2,3,2,True,1.3744763005004137,0.65,0.7244763005004137,2,2,2,0.7476145029067993,0.041317544877529144,False,target,correct,5
Older,older_80_89,4430,12225,2,3,2,True,1.4372242380646414,0.6900000000000001,0.7472242380646413,2,2,2,0.9439002275466919,0.04561351239681244,False,target,correct,5
Older,older_80_89,4432,24808,1,3,3,False,1.0082765546865742,0.16,0.8482765546865741,3,3,3,0.4892430007457733,0.05213342607021332,False,flanker,evidence-origin,3
Older,older_80_89,4433,32814,3,2,3,True,0.9996811190627239,0.18,0.819681119062724,2,2,2,0.5317870378494263,0.05917835235595703,False,target,correct,3
Older,older_80_89,4434,4726,2,1,2,True,1.0080704450155513,0.15,0.8580704450155513,1,1,1,0.7054855227470398,0.06197897344827652,False,target,correct,3
Older,older_80_89,4443,4017,1,3,3,False,0.6590337717367967,0.06,0.5990337717367966,3,3,3,1.260438323020935,0.04981154948472977,False,flanker,evidence-origin,1
Older,older_80_89,4445,64,2,1,2,True,1.3047037432349153,0.5,0.8047037432349153,2,2,2,0.8861926198005676,0.04662550985813141,False,target,correct,5
Older,older_80_89,4451,21530,1,0,0,False,0.7427785416042049,0.08,0.6627785416042049,0,0,0,1.3589433431625366,0.05984021723270416,False,flanker,evidence-origin,1
Older,older_80_89,4452,8291,0,3,0,True,1.3273464060521687,0.65,0.6773464060521687,0,0,0,0.8266834020614624,0.05896314978599548,False,target,correct,5
Older,older_80_89,4454,9881,3,0,3,True,1.246797077092531,0.42,0.826797077092531,3,3,3,1.0346089601516724,0.04972716420888901,False,target,correct,4
Older,older_80_89,4456,15233,3,2,3,True,1.5318410608184907,0.6,0.9318410608184907,3,3,3,0.824178159236908,0.05174835026264191,False,target,correct,5
Older,older_80_89,4457,5947,0,1,0,True,1.4437147089566615,0.65,0.7937147089566615,0,0,0,1.0721778869628906,0.07064692676067352,False,target,correct,5
Older,older_80_89,4458,13339,3,2,3,True,1.1148353868920624,0.16,0.9548353868920624,2,2,2,0.6277945041656494,0.06025271117687225,False,target,correct,4
Older,older_80_89,4459,21580,1,2,1,True,1.0812151875194227,0.14,0.9412151875194227,2,2,2,0.47039008140563965,0.05431196838617325,False,target,correct,4
Older,older_80_89,4460,24628,3,2,3,True,0.7192309337441803,0.13,0.5892309337441803,2,2,2,0.9567680358886719,0.06628920137882233,False,target,correct,1
Older,older_80_89,4462,28874,3,2,2,False,0.714792281832905,0.09,0.624792281832905,2,2,2,1.3697036504745483,0.06320560723543167,False,flanker,evidence-origin,1
Older,older_80_89,4467,13930,0,3,3,False,1.002486744684662,0.08,0.922486744684662,3,3,3,1.3262765407562256,0.06115337461233139,False,flanker,evidence-origin,3
Older,older_80_89,4470,23455,3,0,3,True,1.5942120296416773,0.43,1.1642120296416774,3,3,3,1.0724209547042847,0.05353659391403198,False,target,correct,5
Older,older_80_89,4471,26772,2,1,2,True,0.7752105092201722,0.12,0.6552105092201722,1,1,1,1.030430555343628,0.06108761578798294,False,target,correct,2
Older,older_80_89,4472,26722,3,0,3,True,0.7554782197969372,0.14,0.6154782197969372,0,0,0,0.8991332650184631,0.06387632340192795,False,target,correct,1
Older,older_80_89,4474,13608,3,0,3,True,0.7145273621589529,0.13,0.5845273621589528,0,0,0,1.0223084688186646,0.06393122673034668,False,target,correct,1
Older,older_80_89,4475,16391,1,2,1,True,0.5670544582378778,0.18,0.3870544582378778,2,2,2,0.13973763585090637,0.05456235259771347,False,target,correct,1
Older,older_80_89,4478,26800,1,0,1,True,0.9480442278910568,0.11,0.8380442278910568,0,0,0,1.0173249244689941,0.06455597281455994,False,target,correct,3
Older,older_80_89,4480,28863,0,2,2,False,1.3154164364624619,0.79,0.5254164364624618,0,0,0,0.9903823733329773,0.026395902037620544,True,flanker,fallback,5
Older,older_80_89,4481,29985,1,3,1,True,1.5377169191623137,0.79,0.7477169191623136,1,1,1,1.2347569465637207,0.06927018612623215,True,target,correct,5
Older,older_80_89,4482,12487,1,2,1,True,1.3989727822131237,0.72,0.6789727822131237,1,1,1,0.9788138270378113,0.05688728392124176,False,target,correct,5
Older,older_80_89,4483,14032,1,3,1,True,1.1424501746356082,0.12,1.0224501746356083,3,3,3,0.8083385229110718,0.05820351094007492,False,target,correct,4
Older,older_80_89,4484,19118,2,1,1,False,0.7467782547157357,0.1,0.6467782547157357,1,1,1,1.222808599472046,0.06078990548849106,False,flanker,evidence-origin,1
Older,older_80_89,4485,11536,2,1,2,True,0.8513209672233033,0.17,0.6813209672233033,1,1,1,0.6121141314506531,0.058423131704330444,False,target,correct,2
Older,older_80_89,4486,29113,2,1,1,False,0.8239203421208441,0.05,0.773920342120844,1,1,1,2.066610813140869,0.06124521791934967,False,flanker,evidence-origin,2
Older,older_80_89,4487,23784,2,0,0,False,0.8685190428919101,0.1,0.7685190428919101,0,0,0,1.2177530527114868,0.062155432999134064,False,flanker,evidence-origin,2
Older,older_80_89,4488,24926,3,2,3,True,1.0630732585001474,0.14,0.9230732585001474,2,2,2,0.7395554184913635,0.0604935884475708,False,target,correct,4
Older,older_80_89,4489,27491,2,3,2,True,0.6608824992727607,0.17,0.4908824992727606,3,3,3,0.5121444463729858,0.062280960381031036,False,target,correct,1
Older,older_80_89,4490,10958,3,1,1,False,1.0062704883179483,0.06,0.9462704883179482,1,1,1,1.3280268907546997,0.048630304634571075,False,flanker,evidence-origin,3
Older,older_80_89,4497,4800,3,1,3,True,1.1938565910687506,0.37,0.8238565910687506,3,3,3,0.8279054164886475,0.04372640699148178,False,target,correct,4
Older,older_80_89,4498,19323,3,2,3,True,0.7765795775700811,0.18,0.5965795775700811,2,2,2,0.5468227863311768,0.06208194047212601,False,target,correct,2
Older,older_80_89,4503,30720,3,1,1,False,0.7968313347030538,0.06,0.7368313347030537,1,1,1,1.348207950592041,0.04870560020208359,False,flanker,evidence-origin,2
Older,older_80_89,4504,24653,2,1,2,True,0.8357935744693727,0.18,0.6557935744693728,1,1,1,0.5073251724243164,0.05719751864671707,False,target,correct,2
Older,older_80_89,4507,5022,3,2,3,True,1.1528131035044482,0.17,0.9828131035044482,2,2,2,0.704363226890564,0.06647829711437225,False,target,correct,4
Older,older_80_89,4508,23003,1,3,1,True,0.8968361017822937,0.35000000000000003,0.5468361017822936,1,1,1,0.5855963230133057,0.020298868417739868,False,target,correct,2
Older,older_80_89,4514,23104,3,0,3,True,0.8276947898791022,0.13,0.6976947898791022,0,0,0,0.9890130758285522,0.06434234976768494,False,target,correct,2
Older,older_80_89,4516,16928,0,2,2,False,0.8240236178202602,0.14,0.6840236178202602,2,2,2,0.5939866304397583,0.05252104997634888,False,flanker,evidence-origin,2
Older,older_80_89,4519,6975,2,1,2,True,1.0455706694598752,0.12,0.9255706694598752,1,1,1,1.0151041746139526,0.05839129537343979,False,target,correct,3
Older,older_80_89,4522,19668,1,2,1,True,1.124677179407021,0.43,0.694677179407021,1,1,1,0.7337605953216553,0.04572500288486481,False,target,correct,4
Older,older_80_89,4523,22899,3,0,3,True,1.4030042617472602,0.2,1.2030042617472603,0,0,0,0.1618403196334839,0.05575212091207504,False,target,correct,5
Older,older_80_89,4524,17881,0,2,2,False,0.3764477510713579,0.11,0.26644775107135793,2,2,2,1.0542082786560059,0.06197930872440338,False,flanker,evidence-origin,1
Older,older_80_89,4526,9416,0,2,2,False,1.7833391024475207,0.79,0.9933391024475207,0,0,0,0.9120824337005615,0.02885390818119049,True,flanker,fallback,5
Older,older_80_89,4527,6354,1,0,1,True,1.0127881948555693,0.14,0.8727881948555692,0,0,0,0.6139559745788574,0.06026482582092285,False,target,correct,3
Older,older_80_89,4530,13947,3,1,3,True,1.1801720514864618,0.13,1.0501720514864616,1,1,1,0.648815393447876,0.05267295986413956,False,target,correct,4
Older,older_80_89,4533,6909,0,3,0,True,1.261837481216545,0.76,0.5018374812165449,0,0,0,1.110618233680725,0.04234743118286133,False,target,correct,4
Older,older_80_89,4534,27461,2,3,2,True,1.4791016253715372,0.67,0.8091016253715372,2,2,2,0.8298321962356567,0.04480033367872238,False,target,correct,5
Older,older_80_89,4535,24271,2,1,2,True,1.007481991010569,0.19,0.8174819910105691,1,1,1,0.6579459309577942,0.06450125575065613,False,target,correct,3
Older,older_80_89,4536,18333,0,3,0,True,0.9100003866336906,0.13,0.7800003866336906,3,3,3,0.48421376943588257,0.054365746676921844,False,target,correct,2
Older,older_80_89,4537,12990,1,3,1,True,1.6717779270425401,0.79,0.8817779270425401,1,1,1,1.1139775514602661,0.05814357101917267,True,target,correct,5
Older,older_80_89,4539,4197,3,1,3,True,0.9170642863107592,0.14,0.7770642863107592,1,1,1,0.5696076154708862,0.05172649025917053,False,target,correct,3
Older,older_80_89,4540,29519,2,3,2,True,1.0119031910516467,0.19,0.8219031910516468,3,3,3,0.3357468843460083,0.060039736330509186,False,target,correct,3
Older,older_80_89,4541,13545,3,2,3,True,0.5240461822736924,0.15,0.37404618227369235,2,2,2,0.7295299768447876,0.0624680370092392,False,target,correct,1
Older,older_80_89,4542,20341,0,2,2,False,1.3365765114133186,0.26,1.0765765114133186,2,2,2,0.23692697286605835,0.050891295075416565,False,flanker,evidence-origin,5
Older,older_80_89,4543,1769,0,2,2,False,1.2925472814079235,0.79,0.5025472814079235,0,0,0,1.0132098197937012,0.02890123426914215,True,flanker,fallback,5
Older,older_80_89,4544,33156,0,2,2,False,1.4111996392867894,0.23,1.1811996392867894,2,2,2,0.4424290359020233,0.057195693254470825,False,flanker,evidence-origin,5
Older,older_80_89,4546,14216,2,0,2,True,0.9942639459149782,0.14,0.8542639459149782,0,0,0,0.6339372396469116,0.05693961679935455,False,target,correct,3
Older,older_80_89,4548,6305,0,2,0,True,1.4199039884198639,0.79,0.6299039884198638,0,0,0,1.0168838500976562,0.04600650072097778,True,target,correct,5
Older,older_80_89,4549,34223,2,0,0,False,0.5380067366637411,0.11,0.4280067366637411,0,0,0,0.9866231679916382,0.05634482949972153,False,flanker,evidence-origin,1
Older,older_80_89,4551,34583,1,2,1,True,1.044622317085084,0.67,0.37462231708508387,1,1,1,0.892703115940094,0.05454671382904053,False,target,correct,3
Older,older_80_89,4552,12286,2,1,2,True,0.5302722008220786,0.11,0.4202722008220786,1,1,1,1.1213792562484741,0.06060466170310974,False,target,correct,1
Older,older_80_89,4553,12633,0,3,0,True,1.4898095195378946,0.71,0.7798095195378947,0,0,0,1.0951564311981201,0.036478087306022644,False,target,correct,5
Older,older_80_89,4555,14943,1,3,3,False,0.6812135539190981,0.13,0.5512135539190981,3,3,3,0.6416260004043579,0.05527424067258835,False,flanker,evidence-origin,1
Older,older_80_89,4556,25622,3,1,1,False,0.6266362783782999,0.1,0.5266362783783,1,1,1,0.9225996732711792,0.05154114216566086,False,flanker,evidence-origin,1
Older,older_80_89,4561,6310,2,1,2,True,1.0813064440347642,0.14,0.9413064440347642,1,1,1,0.9039393067359924,0.06383337825536728,False,target,correct,4
Older,older_80_89,4562,13205,0,1,0,True,1.5099999904632568,0.26,1.2499999904632568,0,0,0,1.373896598815918,0.023922987282276154,False,target,correct,5
Older,older_80_89,4563,11033,3,1,3,True,0.8518384932089622,0.15,0.7018384932089622,1,1,1,0.42289450764656067,0.04912663251161575,False,target,correct,2
Older,older_80_89,4567,3073,1,3,1,True,0.9347807635362273,0.1,0.8347807635362273,3,3,3,1.0330595970153809,0.05877251178026199,False,target,correct,3
Older,older_80_89,4571,2560,0,1,0,True,0.7705564195715582,0.12,0.6505564195715582,1,1,1,0.771193265914917,0.05395132303237915,False,target,correct,2
Older,older_80_89,4572,4388,1,3,3,False,0.838365647441859,0.15,0.688365647441859,3,3,3,0.5747423768043518,0.05359435826539993,False,flanker,evidence-origin,2
Older,older_80_89,4573,9282,3,2,3,True,1.2825177901626357,0.66,0.6225177901626356,3,3,3,0.8275678157806396,0.051118142902851105,False,target,correct,5
Older,older_80_89,4577,15602,0,1,1,False,0.8179003966645992,0.21,0.6079003966645993,1,1,1,0.37120625376701355,0.059468500316143036,False,flanker,evidence-origin,2
Older,older_80_89,4579,10653,3,1,3,True,1.4794454563330413,0.79,0.6894454563330412,3,3,3,0.7681606411933899,0.054307758808135986,True,target,correct,5
Older,older_80_89,4580,31430,0,1,0,True,0.9186224485717612,0.14,0.7786224485717612,1,1,1,0.8642699718475342,0.06323327124118805,False,target,correct,3
Older,older_80_89,4582,8946,3,0,3,True,0.5977474542705283,0.11,0.48774745427052835,0,0,0,1.2438015937805176,0.06807368993759155,False,target,correct,1
Older,older_80_89,4583,20045,0,3,0,True,1.6648615604846655,0.76,0.9048615604846655,0,0,0,1.264402985572815,0.029629647731781006,False,target,correct,5
Older,older_80_89,4585,15180,0,3,0,True,1.0839422341059723,0.7000000000000001,0.3839422341059723,0,0,0,1.063175082206726,0.052113935351371765,False,target,correct,4
Older,older_80_89,4586,16966,0,1,0,True,1.0933053094600265,0.28,0.8133053094600264,0,0,0,1.1790140867233276,0.0342777743935585,False,target,correct,4
Older,older_80_89,4587,20460,2,0,0,False,0.8764752783684637,0.13,0.7464752783684637,0,0,0,0.8141144514083862,0.05949622392654419,False,flanker,evidence-origin,2
Older,older_80_89,4594,9830,2,1,2,True,0.9219844861219182,0.12,0.8019844861219182,1,1,1,0.9946126341819763,0.06151064485311508,False,target,correct,3
Older,older_80_89,4595,8418,0,2,2,False,1.0696621538502895,0.26,0.8096621538502895,2,2,2,0.16561788320541382,0.04493419826030731,False,flanker,evidence-origin,4
Older,older_80_89,4599,27320,0,3,0,True,1.2914901045531302,0.45,0.8414901045531302,3,3,3,0.693909227848053,0.0456061065196991,False,target,correct,5
Older,older_80_89,4604,8316,1,2,1,True,1.2663599310737166,0.54,0.7263599310737165,1,1,1,0.6031957864761353,0.03725734353065491,False,target,correct,4
Older,older_80_89,4605,33965,1,3,1,True,1.0266716739778157,0.37,0.6566716739778157,1,1,1,0.5487790703773499,0.02251025289297104,False,target,correct,3
Older,older_80_89,4606,24591,0,2,2,False,1.3817672424074188,0.79,0.5917672424074187,0,0,0,0.6887978911399841,0.0011254474520683289,True,flanker,fallback,5
Older,older_80_89,4608,21711,2,1,2,True,0.509816297521591,0.16,0.34981629752159094,1,1,1,0.8218151926994324,0.06646063178777695,False,target,correct,1
Older,older_80_89,4615,33894,3,1,3,True,1.0209520621976091,0.34,0.6809520621976091,3,3,3,0.6465444564819336,0.022440634667873383,False,target,correct,3
Older,older_80_89,4616,25023,2,0,2,True,0.8515295287724709,0.14,0.7115295287724709,0,0,0,0.3844771981239319,0.04588977247476578,False,target,correct,2
Older,older_80_89,4622,7634,0,1,0,True,0.8581240571110146,0.07,0.7881240571110146,1,1,1,1.6694830656051636,0.0637996643781662,False,target,correct,2
Older,older_80_89,4627,17790,1,2,1,True,1.2664947359443772,0.52,0.7464947359443772,1,1,1,0.6373679637908936,0.05692126601934433,False,target,correct,4
Older,older_80_89,4628,22731,2,1,1,False,1.1190969759845202,0.07,1.0490969759845201,1,1,1,1.695268988609314,0.06107645481824875,False,flanker,evidence-origin,4
Older,older_80_89,4629,25438,0,3,0,True,0.747132127306406,0.22,0.527132127306406,3,0,3,0.022782206535339355,0.05286253243684769,False,target,correct,1
Older,older_80_89,4632,16407,2,0,0,False,0.6439492784048091,0.13,0.5139492784048091,0,0,0,0.7627755999565125,0.05703004449605942,False,flanker,evidence-origin,1
Older,older_80_89,4633,15802,0,2,2,False,0.8273452590996762,0.25,0.5773452590996762,2,2,2,0.29311543703079224,0.05317588150501251,False,flanker,evidence-origin,2
Older,older_80_89,4635,545,1,0,1,True,1.3877933818193433,0.6900000000000001,0.6977933818193433,1,1,1,1.0436064004898071,0.08007717877626419,False,target,correct,5
Older,older_80_89,4636,31354,0,3,0,True,1.5060411596496082,0.75,0.7560411596496082,0,0,0,1.1629443168640137,0.0210285484790802,False,target,correct,5
Older,older_80_89,4637,26060,3,2,3,True,0.7396356033016263,0.15,0.5896356033016262,2,2,2,0.7127772569656372,0.061186082661151886,False,target,correct,1
Older,older_80_89,4639,21756,3,1,3,True,0.8716360348900081,0.32,0.551636034890008,3,3,3,0.8312318921089172,0.027193307876586914,False,target,correct,2
Older,older_80_89,4640,31606,0,2,2,False,0.8304842834220647,0.12,0.7104842834220647,2,2,2,0.8067672848701477,0.0553455576300621,False,flanker,evidence-origin,2
Older,older_80_89,4641,21332,2,3,2,True,1.044359686549668,0.39,0.654359686549668,3,3,3,0.23629549145698547,0.0360553115606308,False,target,correct,3
Older,older_80_89,4642,23042,2,0,0,False,0.9608410684084092,0.12,0.8408410684084092,0,0,0,0.9278841018676758,0.062091901898384094,False,flanker,evidence-origin,3
Older,older_80_89,4644,3114,3,2,3,True,0.9407110198043678,0.22,0.7207110198043678,2,2,2,0.29835283756256104,0.060767658054828644,False,target,correct,3
Older,older_80_89,4645,31723,1,2,1,True,0.7834616004809999,0.27,0.5134616004809999,1,1,1,1.051055908203125,0.02150498330593109,False,target,correct,2
Older,older_80_89,4647,24557,1,3,1,True,0.8203626379000839,0.08,0.7403626379000839,3,3,3,0.852037787437439,0.04589878022670746,False,target,correct,2
Older,older_80_89,4648,993,2,3,2,True,1.0027263084884381,0.17,0.8327263084884381,3,3,3,0.5298540592193604,0.060268327593803406,False,target,correct,3
Older,older_80_89,4649,20355,1,3,1,True,0.7407512087576588,0.07,0.6707512087576588,3,3,3,0.9490785002708435,0.04588184505701065,False,target,correct,1
Older,older_80_89,4652,14466,3,2,3,True,1.0905604447564134,0.17,0.9205604447564134,2,2,2,0.568016529083252,0.0640491247177124,False,target,correct,4
Older,older_80_89,4653,10389,2,3,2,True,0.6898545887399162,0.16,0.5298545887399162,3,3,3,0.44079479575157166,0.05461668223142624,False,target,correct,1
Older,older_80_89,4655,15199,0,3,0,True,0.7568504509483323,0.13,0.6268504509483322,3,3,3,0.36616039276123047,0.050654441118240356,False,target,correct,1
Older,older_80_89,4658,24110,2,0,2,True,1.1150916332439127,0.15,0.9650916332439127,0,0,0,0.4221769869327545,0.05101891607046127,False,target,correct,4
Older,older_80_89,4660,10385,2,3,3,False,0.8754212873408006,0.1,0.7754212873408006,3,3,3,1.08610999584198,0.06104695796966553,False,flanker,evidence-origin,2
Older,older_80_89,4662,25281,2,3,2,True,0.6614228699043656,0.16,0.5014228699043656,3,3,3,0.6327019333839417,0.06264037638902664,False,target,correct,1
Older,older_80_89,4667,683,2,1,2,True,1.342809747669118,0.6,0.7428097476691181,2,2,2,0.696364164352417,0.05652493238449097,False,target,correct,5
Older,older_80_89,4670,23155,0,1,0,True,0.9731745516359659,0.21,0.7631745516359659,1,0,1,0.33724474906921387,0.03937686234712601,False,target,correct,3
Older,older_80_89,4676,26132,0,3,0,True,1.4401067564492036,0.76,0.6801067564492036,0,0,0,1.1040866374969482,0.0368882492184639,False,target,correct,5
Older,older_80_89,4677,3479,1,0,1,True,1.1378025151626432,0.1,1.037802515162643,0,0,0,0.9281202554702759,0.05621574819087982,False,target,correct,4
Older,older_80_89,4680,30858,3,1,3,True,0.8928393719483984,0.21,0.6828393719483984,1,1,1,0.10492342710494995,0.04434490203857422,False,target,correct,2
Older,older_80_89,4684,26872,1,2,1,True,1.2991903240156955,0.59,0.7091903240156955,1,1,1,0.8207284808158875,0.061195239424705505,False,target,correct,5
Older,older_80_89,4687,7131,0,2,2,False,1.2167336090416887,0.17,1.0467336090416888,2,2,2,0.35647156834602356,0.04997233301401138,False,flanker,evidence-origin,4
Older,older_80_89,4691,26229,0,2,2,False,0.872963291658123,0.12,0.752963291658123,2,2,2,0.9247883558273315,0.062317945063114166,False,flanker,evidence-origin,2
Older,older_80_89,4692,10092,0,1,0,True,1.8483498599924317,0.61,1.2383498599924319,0,0,0,0.7383884191513062,0.03472091257572174,False,target,correct,5
Older,older_80_89,4693,15220,1,3,1,True,0.744986455739914,0.13,0.614986455739914,3,3,3,0.6967880725860596,0.05528711527585983,False,target,correct,1
Older,older_80_89,4694,3204,3,1,3,True,0.8124216864523517,0.08,0.7324216864523517,1,1,1,1.0600818395614624,0.05147667974233627,False,target,correct,2
Older,older_80_89,4700,23437,3,0,3,True,0.8295065273272346,0.16,0.6695065273272346,0,0,0,0.8712257146835327,0.06634072959423065,False,target,correct,2
Older,older_80_89,4701,18811,1,3,1,True,1.0498796056009407,0.13,0.9198796056009407,3,3,3,0.7341600656509399,0.05874839425086975,False,target,correct,3
Older,older_80_89,4704,28727,1,3,3,False,1.1596550855215648,0.11,1.0496550855215647,3,3,3,1.0081363916397095,0.05768977105617523,False,flanker,evidence-origin,4
Older,older_80_89,4707,2301,3,2,2,False,0.6380887855346026,0.09,0.5480887855346026,2,2,2,1.339471697807312,0.06217522919178009,False,flanker,evidence-origin,1
Older,older_80_89,4709,2381,2,0,0,False,1.1503833947289943,0.08,1.0703833947289942,0,0,0,1.333153486251831,0.05726901441812515,False,flanker,evidence-origin,4
Older,older_80_89,4710,24500,2,0,0,False,0.7288736529208353,0.12,0.6088736529208353,0,0,0,0.9697192907333374,0.06270139664411545,False,flanker,evidence-origin,1
Older,older_80_89,4711,25204,3,2,3,True,0.9787742658877204,0.24,0.7387742658877204,2,2,2,0.14559462666511536,0.05483676493167877,False,target,correct,3
Older,older_80_89,4712,13865,2,3,3,False,0.8143150858710029,0.17,0.6443150858710028,3,3,3,0.6645925641059875,0.06507222354412079,False,flanker,evidence-origin,2
Older,older_80_89,4713,8681,0,3,0,True,1.1905384228957283,0.78,0.4105384228957283,0,0,0,1.2412445545196533,0.04178667813539505,False,target,correct,4
Older,older_80_89,4716,25083,0,2,2,False,1.1065803207068048,0.15,0.9565803207068048,2,2,2,0.5143230557441711,0.05212177336215973,False,flanker,evidence-origin,4
Older,older_80_89,4721,2630,2,0,0,False,0.9045958562013987,0.09,0.8145958562013987,0,0,0,1.256566047668457,0.058653637766838074,False,flanker,evidence-origin,2
Older,older_80_89,4726,25275,1,0,0,False,0.9750633854482326,0.08,0.8950633854482326,0,0,0,1.455263614654541,0.06071363389492035,False,flanker,evidence-origin,3
Older,older_80_89,4727,17584,1,0,1,True,0.6506550701836993,0.11,0.5406550701836993,0,0,0,0.8033978939056396,0.05801092088222504,False,target,correct,1
Older,older_80_89,4731,20688,3,2,2,False,0.712438823033263,0.11,0.602438823033263,2,2,2,1.126572608947754,0.06361087411642075,False,flanker,evidence-origin,1
Older,older_80_89,4732,23928,3,2,3,True,0.9571222532131041,0.22,0.7371222532131041,2,2,2,0.33844566345214844,0.05996309965848923,False,target,correct,3
Older,older_80_89,4736,31093,1,0,1,True,0.7352307432566718,0.12,0.6152307432566718,0,0,0,0.8031851053237915,0.058677203953266144,False,target,correct,1
Older,older_80_89,4739,23368,3,2,3,True,1.4089056787687115,0.71,0.6989056787687116,3,3,3,0.8859961032867432,0.054689809679985046,False,target,correct,5
Older,older_80_89,4743,1113,2,1,2,True,0.9580610638236988,0.15,0.8080610638236988,1,1,1,0.7595236301422119,0.05803634226322174,False,target,correct,3
Older,older_80_89,4744,23754,3,2,3,True,1.6155119497321766,0.64,0.9755119497321766,3,3,3,0.9222837090492249,0.05664902925491333,False,target,correct,5
Older,older_80_89,4746,31276,0,1,1,False,1.8081052253573568,0.79,1.0181052253573568,0,0,0,0.8457794189453125,0.033597856760025024,True,flanker,fallback,5
Older,older_80_89,4747,3746,3,1,3,True,1.0890151273540307,0.2,0.8890151273540308,1,1,1,0.20643126964569092,0.046891748905181885,False,target,correct,4
Older,older_80_89,4749,11817,3,2,3,True,0.857252253776838,0.15,0.707252253776838,2,2,2,0.7018890380859375,0.06182625889778137,False,target,correct,2
Older,older_80_89,4750,11255,0,3,0,True,1.2229116180545474,0.77,0.4529116180545474,0,0,0,1.1165815591812134,0.023715578019618988,False,target,correct,4
Older,older_80_89,4752,17459,3,1,3,True,1.824664388952974,0.74,1.084664388952974,3,3,3,0.7544902563095093,0.055144548416137695,False,target,correct,5
Older,older_80_89,4753,28335,3,0,3,True,1.2321220965341506,0.09,1.1421220965341505,0,0,0,1.212934136390686,0.05874546617269516,False,target,correct,4
Older,older_80_89,4755,5204,1,0,1,True,0.7901832386500669,0.15,0.6401832386500669,0,0,0,0.7120309472084045,0.06678906083106995,False,target,correct,2
Older,older_80_89,4761,21036,0,1,0,True,0.8263500985391234,0.1,0.7263500985391235,1,1,1,1.114571213722229,0.06027187407016754,False,target,correct,2
Older,older_80_89,4762,21608,3,1,3,True,1.5711574759296834,0.67,0.9011574759296833,3,3,3,0.7925667762756348,0.059182584285736084,False,target,correct,5
Older,older_80_89,4764,24186,3,1,3,True,0.8415911342920065,0.19,0.6515911342920064,1,1,1,0.33471229672431946,0.05233308672904968,False,target,correct,2
Older,older_80_89,4766,29929,3,2,3,True,0.7160757609181256,0.17,0.5460757609181256,2,2,2,0.5244326591491699,0.06334525346755981,False,target,correct,1
Older,older_80_89,4769,6893,1,3,1,True,1.833419748651904,0.67,1.1634197486519038,1,1,1,0.8626909852027893,0.03844282031059265,False,target,correct,5
Older,older_80_89,4770,10528,1,0,1,True,0.9129992034535812,0.13,0.7829992034535812,0,0,0,0.9275204539299011,0.06713364273309708,False,target,correct,2
Older,older_80_89,4771,16661,3,1,3,True,1.2942135922833966,0.56,0.7342135922833966,3,3,3,0.673656165599823,0.04658536612987518,False,target,correct,5
Older,older_80_89,4772,9595,1,0,0,False,0.7188098589043628,0.09,0.6288098589043628,0,0,0,1.3227646350860596,0.06408488005399704,False,flanker,evidence-origin,1
Older,older_80_89,4774,4556,1,3,1,True,0.9370986886917384,0.22,0.7170986886917384,3,1,3,0.05097311735153198,0.03934129327535629,False,target,correct,3
Older,older_80_89,4775,4072,1,2,1,True,1.389562960204681,0.64,0.749562960204681,1,1,1,0.8314535021781921,0.051001228392124176,False,target,correct,5
Older,older_80_89,4776,14282,1,0,0,False,0.6592953043954933,0.14,0.5192953043954933,0,0,0,0.6953775882720947,0.0629650354385376,False,flanker,evidence-origin,1
Older,older_80_89,4781,31331,1,0,0,False,0.8586789341737195,0.08,0.7786789341737196,0,0,0,1.366513729095459,0.06147889792919159,False,flanker,evidence-origin,2
Older,older_80_89,4782,14944,1,0,1,True,0.992626613346338,0.14,0.8526266133463379,0,0,0,0.6098206043243408,0.06410397589206696,False,target,correct,3
Older,older_80_89,4783,12789,3,2,3,True,1.0391971522959613,0.22,0.8191971522959614,2,2,2,0.37592950463294983,0.0607113391160965,False,target,correct,3
Older,older_80_89,4786,23855,0,3,0,True,1.0324172725226315,0.78,0.25241727252263146,0,0,0,1.0768141746520996,0.03113017976284027,False,target,correct,3
Older,older_80_89,4788,28550,3,0,3,True,0.9435826750741447,0.13,0.8135826750741447,0,0,0,1.0218123197555542,0.06585022807121277,False,target,correct,3
Older,older_80_89,4789,13619,1,3,3,False,0.6584268155803414,0.07,0.5884268155803414,3,3,3,1.0164430141448975,0.046593569219112396,False,flanker,evidence-origin,1
Older,older_80_89,4790,32772,0,2,2,False,1.4167834968808197,0.79,0.6267834968808197,0,0,0,0.7389774918556213,0.010280020534992218,True,flanker,fallback,5
Older,older_80_89,4791,14542,3,0,3,True,1.0588836073105488,0.14,0.9188836073105487,0,0,0,0.9327885508537292,0.06481963396072388,False,target,correct,3
Older,older_80_89,4792,9270,2,3,2,True,0.810945936518624,0.19,0.6209459365186241,3,3,3,0.36315855383872986,0.058686546981334686,False,target,correct,2
Older,older_80_89,4795,32937,0,3,0,True,1.2689741271450599,0.76,0.5089741271450599,0,0,0,1.2889188528060913,0.025096438825130463,False,target,correct,4
Older,older_80_89,4797,3027,2,0,0,False,0.9055864132193868,0.09,0.8155864132193869,0,0,0,1.0122665166854858,0.05266621708869934,False,flanker,evidence-origin,2
Older,older_80_89,4798,11527,0,1,0,True,0.9787077342765027,0.09,0.8887077342765027,1,1,1,1.1321930885314941,0.058978401124477386,False,target,correct,3
Older,older_80_89,4799,18707,3,1,1,False,0.8202414723859426,0.12,0.7002414723859426,1,1,1,0.6344766616821289,0.047782279551029205,False,flanker,evidence-origin,2
Older,older_80_89,4800,19032,3,2,3,True,0.8743781561518891,0.13,0.7443781561518891,2,2,2,0.9060787558555603,0.06310378760099411,False,target,correct,2
Older,older_80_89,4801,19295,1,2,1,True,1.2270723255320402,0.63,0.5970723255320401,1,1,1,0.8025484085083008,0.05041777342557907,False,target,correct,4
Older,older_80_89,4803,9750,0,2,2,False,0.9507119647349298,0.18,0.7707119647349299,2,2,2,0.4984777569770813,0.0541110634803772,False,flanker,evidence-origin,3
Older,older_80_89,4805,14587,2,1,1,False,1.0195746255209976,0.06,0.9595746255209976,1,1,1,1.8151782751083374,0.05967739224433899,False,flanker,evidence-origin,3
Older,older_80_89,4806,18049,3,0,3,True,0.9075764461463193,0.18,0.7275764461463192,0,0,0,0.5262259244918823,0.06273621320724487,False,target,correct,2
Older,older_80_89,4809,30449,2,1,2,True,0.9684623058025706,0.44,0.5284623058025706,2,2,2,0.8849388957023621,0.03965607285499573,False,target,correct,3
Older,older_80_89,4811,5428,2,1,2,True,1.096552958513986,0.11,0.986552958513986,1,1,1,1.1442360877990723,0.06308383494615555,False,target,correct,4
Older,older_80_89,4814,25635,2,0,2,True,1.1710899713661336,0.12,1.0510899713661335,0,0,0,0.7037642002105713,0.05189600586891174,False,target,correct,4
Older,older_80_89,4815,28889,0,1,0,True,1.4433006704934979,0.26,1.1833006704934979,0,0,0,1.2665895223617554,0.02793082594871521,False,target,correct,5
Older,older_80_89,4818,16849,3,0,0,False,0.6565370802162751,0.2,0.4565370802162751,0,0,0,0.5192627906799316,0.06492206454277039,False,flanker,evidence-origin,1
Older,older_80_89,4819,17816,3,2,2,False,0.6560497402373625,0.14,0.5160497402373625,2,2,2,0.8595340251922607,0.06340878456830978,False,flanker,evidence-origin,1
Older,older_80_89,4820,19839,1,0,1,True,0.8191190969979406,0.1,0.7191190969979406,0,0,0,1.128700613975525,0.06391387432813644,False,target,correct,2
Older,older_80_89,4821,7715,3,2,3,True,0.7860909044620262,0.16,0.6260909044620262,2,2,2,0.6302248239517212,0.06485273689031601,False,target,correct,2
Older,older_80_89,4822,23160,1,2,1,True,1.1121325924641505,0.31,0.8021325924641505,1,1,1,0.8112552165985107,0.022571474313735962,False,target,correct,4
Older,older_80_89,4826,12592,3,1,3,True,0.8095462672151065,0.11,0.6995462672151065,1,1,1,0.7042180299758911,0.04611007869243622,False,target,correct,2
Older,older_80_89,4827,743,1,2,1,True,0.9705299519513074,0.34,0.6305299519513075,1,1,1,0.756281852722168,0.02388954907655716,False,target,correct,3
Older,older_80_89,4828,18522,1,2,1,True,1.0314008237166477,0.59,0.4414008237166477,1,1,1,0.7234073281288147,0.03575490415096283,False,target,correct,3
Older,older_80_89,4832,28006,3,0,3,True,0.9173725079787893,0.13,0.7873725079787893,0,0,0,0.9983835220336914,0.06702160090208054,False,target,correct,3
Older,older_80_89,4833,19619,2,0,2,True,0.8342535834836584,0.18,0.6542535834836585,0,0,0,0.3473215103149414,0.05344732850790024,False,target,correct,2
Older,older_80_89,4836,18121,0,1,0,True,1.3464562040001193,0.6,0.7464562040001194,0,0,0,0.7358732223510742,0.04723159223794937,False,target,correct,5
Older,older_80_89,4838,18064,1,2,1,True,1.2430070758469633,0.15,1.0930070758469634,2,2,2,0.5519776344299316,0.06058667600154877,False,target,correct,4
Older,older_80_89,4839,24184,1,3,1,True,0.7066560853480197,0.07,0.6366560853480197,3,3,3,0.8714723587036133,0.04437887668609619,False,target,correct,1
Older,older_80_89,4840,4064,1,2,1,True,1.5598217155991645,0.64,0.9198217155991645,1,1,1,0.8605232834815979,0.0435890257358551,False,target,correct,5
Older,older_80_89,4843,22209,2,3,3,False,0.8061896020609489,0.15,0.6561896020609489,3,3,3,0.8126088976860046,0.06550822407007217,False,flanker,evidence-origin,2
Older,older_80_89,4844,20989,0,3,0,True,1.741781071064354,0.72,1.021781071064354,0,0,0,0.972589910030365,0.027865394949913025,False,target,correct,5
Older,older_80_89,4845,28613,0,2,2,False,0.6427849669259017,0.13,0.5127849669259017,2,2,2,0.6875049471855164,0.053146108984947205,False,flanker,evidence-origin,1
Older,older_80_89,4848,4137,1,2,1,True,0.955229939831282,0.22,0.735229939831282,2,2,2,0.17606154084205627,0.05576971173286438,False,target,correct,3
Older,older_80_89,4849,15114,3,0,3,True,0.933113031345512,0.17,0.763113031345512,0,0,0,0.6990336775779724,0.0673719272017479,False,target,correct,3
Older,older_80_89,4851,12469,3,2,2,False,0.7140629881610934,0.13,0.5840629881610934,2,2,2,0.9736215472221375,0.06627071648836136,False,flanker,evidence-origin,1
Older,older_80_89,4852,5697,3,1,3,True,1.3103511227801998,0.42,0.8903511227801999,3,3,3,0.7424648404121399,0.023587346076965332,False,target,correct,5
Older,older_80_89,4853,20793,2,3,3,False,0.7058301694243179,0.12,0.5858301694243179,3,3,3,0.9840066432952881,0.06233520805835724,False,flanker,evidence-origin,1
Older,older_80_89,4855,13885,2,3,2,True,0.8543779989742112,0.25,0.6043779989742112,3,3,3,0.2407653033733368,0.05968480557203293,False,target,correct,2
Older,older_80_89,4859,13055,2,3,2,True,1.215868869122346,0.22,0.9958688691223461,3,3,3,0.29068323969841003,0.0602245107293129,False,target,correct,4
Older,older_80_89,4860,12753,3,2,3,True,0.7183817927390119,0.16,0.5583817927390119,2,2,2,0.582169771194458,0.06253707408905029,False,target,correct,1
Older,older_80_89,4861,13156,0,2,2,False,1.8301510177929239,0.79,1.0401510177929238,0,0,0,0.7583341002464294,0.0025478973984718323,True,flanker,fallback,5
Older,older_80_89,4862,3024,3,1,3,True,0.522015152635569,0.07,0.45201515263556896,1,1,1,1.1039085388183594,0.04778946936130524,False,target,correct,1
Older,older_80_89,4865,23919,1,2,1,True,1.5328909174714973,0.52,1.0128909174714973,1,1,1,0.6953775882720947,0.04066302627325058,False,target,correct,5
Older,older_80_89,4866,10408,0,2,2,False,0.7873108750133976,0.2,0.5873108750133975,2,2,2,0.4314658045768738,0.05325014144182205,False,flanker,evidence-origin,2
Older,older_80_89,4868,9404,0,3,0,True,1.3436196690870859,0.74,0.6036196690870859,0,0,0,1.0310494899749756,0.041388168931007385,False,target,correct,5
Older,older_80_89,4869,2536,3,2,3,True,0.6218573802875798,0.17,0.4518573802875797,2,2,2,0.47298529744148254,0.06049182265996933,False,target,correct,1
Older,older_80_89,4872,18456,3,2,3,True,1.454696077406197,0.78,0.674696077406197,3,3,3,0.8067802786827087,0.04732765257358551,False,target,correct,5
Older,older_80_89,4874,15587,2,0,0,False,0.9480727570573763,0.15,0.7980727570573762,0,0,0,0.6254899501800537,0.05879691243171692,False,flanker,evidence-origin,3
Older,older_80_89,4877,7927,3,1,3,True,0.7551645146452528,0.11,0.6451645146452528,1,1,1,0.7952006459236145,0.05038556456565857,False,target,correct,1
Older,older_80_89,4881,1101,0,3,3,False,1.1397663542541991,0.1,1.039766354254199,3,3,3,1.0107495784759521,0.05980334430932999,False,flanker,evidence-origin,4
Older,older_80_89,4883,20028,2,0,0,False,0.7414256142788136,0.11,0.6314256142788136,0,0,0,0.9203576445579529,0.05758179724216461,False,flanker,evidence-origin,1
Older,older_80_89,4885,30203,2,0,2,True,0.8951795176164651,0.11,0.7851795176164651,0,0,0,0.7346434593200684,0.049731671810150146,False,target,correct,2
Older,older_80_89,4887,66,0,3,0,True,1.4888964795074908,0.73,0.7588964795074908,0,0,0,1.1023046970367432,0.02197658270597458,False,target,correct,5
Older,older_80_89,4889,15486,2,3,3,False,0.9801403615774676,0.1,0.8801403615774677,3,3,3,1.3527660369873047,0.06411812454462051,False,flanker,evidence-origin,3
Older,older_80_89,4891,24613,3,2,3,True,0.9915202926556443,0.14,0.8515202926556443,2,2,2,0.6717423796653748,0.05788040906190872,False,target,correct,3
Older,older_80_89,4892,24026,2,0,0,False,1.0638258335326083,0.1,0.9638258335326083,0,0,0,0.8887556791305542,0.05239374190568924,False,flanker,evidence-origin,4
Older,older_80_89,4894,17966,0,1,0,True,0.8834881187365771,0.2,0.6834881187365771,1,1,1,0.32043877243995667,0.05981983244419098,False,target,correct,2
Older,older_80_89,4898,20800,0,2,2,False,0.9326135694292584,0.15,0.7826135694292584,2,2,2,0.6164053678512573,0.0542277917265892,False,flanker,evidence-origin,3
Older,older_80_89,4900,12088,0,1,0,True,1.4650433729770092,0.79,0.6750433729770091,0,0,0,0.92643141746521,0.06303343921899796,True,target,correct,5
Older,older_80_89,4901,12838,2,0,2,True,1.1249816482736008,0.12,1.004981648273601,0,0,0,0.7836809158325195,0.05653569847345352,False,target,correct,4
Older,older_80_89,4904,18654,1,3,1,True,1.4045461959143992,0.53,0.8745461959143992,1,1,1,0.5388362407684326,0.023578554391860962,False,target,correct,5
Older,older_80_89,4905,6112,1,3,1,True,0.9227853144403664,0.14,0.7827853144403664,3,3,3,0.7060717344284058,0.06113525480031967,False,target,correct,3
Older,older_80_89,4907,14448,2,0,2,True,0.9922396461435387,0.11,0.8822396461435387,0,0,0,0.8126552104949951,0.05273669958114624,False,target,correct,3
Older,older_80_89,4910,31893,0,3,0,True,1.6163366868085451,0.72,0.8963366868085452,0,0,0,1.0124902725219727,0.040194228291511536,False,target,correct,5
Older,older_80_89,4914,33414,2,0,0,False,0.9352763928429955,0.11,0.8252763928429955,0,0,0,1.0418736934661865,0.058877259492874146,False,flanker,evidence-origin,3
Older,older_80_89,4915,30637,3,1,1,False,0.5533984416568071,0.12,0.4333984416568071,1,1,1,0.8131545782089233,0.054905131459236145,False,flanker,evidence-origin,1
Older,older_80_89,4916,33164,3,1,3,True,1.0832269241686092,0.21,0.8732269241686093,1,1,1,0.23032733798027039,0.05304410308599472,False,target,correct,4
Older,older_80_89,4917,3986,1,3,3,False,1.2019346643259838,0.18,1.021934664325984,3,3,3,0.31600216031074524,0.0539555698633194,False,flanker,evidence-origin,4
Older,older_80_89,4923,24479,1,3,1,True,1.1820742667038284,0.07,1.1120742667038284,3,3,3,0.9745248556137085,0.04668324440717697,False,target,correct,4
Older,older_80_89,4924,6209,1,3,3,False,0.9891236397528661,0.13,0.8591236397528661,3,3,3,0.7795541286468506,0.05718735605478287,False,flanker,evidence-origin,3
Older,older_80_89,4925,20676,1,0,1,True,1.1569294185996306,0.13,1.0269294185996305,0,0,0,0.703538179397583,0.06167103350162506,False,target,correct,4
Older,older_80_89,4927,16110,1,2,1,True,1.2068875519801652,0.62,0.5868875519801652,1,1,1,0.7944854497909546,0.04868236929178238,False,target,correct,4
Older,older_80_89,4928,17780,0,1,0,True,0.7434442161848287,0.1,0.6434442161848287,1,1,1,0.9981484413146973,0.057264670729637146,False,target,correct,1
Older,older_80_89,4929,5352,1,3,3,False,0.9994147593948275,0.08,0.9194147593948275,3,3,3,0.9867953062057495,0.050866954028606415,False,flanker,evidence-origin,3
Older,older_80_89,4930,9905,0,1,0,True,1.040433300111258,0.43,0.6104333001112581,0,0,0,1.3730436563491821,0.053891442716121674,False,target,correct,3
Older,older_80_89,4931,6422,2,0,2,True,0.6517156259325106,0.1,0.5517156259325107,0,0,0,0.889713704586029,0.053582243621349335,False,target,correct,1
Older,older_80_89,4934,9762,0,2,2,False,1.7505880765544355,0.79,0.9605880765544355,0,0,0,0.8969886302947998,0.026370324194431305,True,flanker,fallback,5
Older,older_80_89,4938,31153,1,0,1,True,0.8510486084192542,0.16,0.6910486084192542,0,0,0,0.6858715415000916,0.06646529585123062,False,target,correct,2
Older,older_80_89,4940,28318,1,2,1,True,1.1985997825702965,0.68,0.5185997825702965,1,1,1,0.9744399189949036,0.05917876213788986,False,target,correct,4
Older,older_80_89,4941,21359,1,0,1,True,0.9539553757389195,0.11,0.8439553757389195,0,0,0,1.0485153198242188,0.06432069092988968,False,target,correct,3
Older,older_80_89,4943,20031,3,0,3,True,1.131673092155597,0.09,1.041673092155597,0,0,0,1.3170677423477173,0.06311936676502228,False,target,correct,4
Older,older_80_89,4944,25500,2,3,2,True,1.4575694148669494,0.59,0.8675694148669494,2,2,2,0.6826186180114746,0.040534764528274536,False,target,correct,5
Older,older_80_89,4945,11938,1,3,1,True,1.0251691688197688,0.1,0.9251691688197689,3,3,3,0.6394849419593811,0.04677286744117737,False,target,correct,3
Older,older_80_89,4949,16739,0,3,0,True,1.2857999239730153,0.79,0.4957999239730153,0,0,0,1.0978329181671143,0.02882007509469986,True,target,correct,5
Older,older_80_89,4952,25011,2,1,2,True,0.9858019352962102,0.12,0.8658019352962102,1,1,1,1.0170420408248901,0.06013909727334976,False,target,correct,3
Older,older_80_89,4953,21584,2,1,1,False,0.6281042877955801,0.06,0.5681042877955802,1,1,1,1.7036815881729126,0.05678977072238922,False,flanker,evidence-origin,1
Older,older_80_89,4954,22701,3,1,3,True,1.1551098057281148,0.33,0.8251098057281148,3,3,3,1.0427820682525635,0.021291986107826233,False,target,correct,4
Older,older_80_89,4958,415,2,1,1,False,0.9655886939214906,0.06,0.9055886939214906,1,1,1,1.8856099843978882,0.06425224244594574,False,flanker,evidence-origin,3
Older,older_80_89,4959,10489,1,3,1,True,0.8344279308102907,0.35000000000000003,0.4844279308102906,1,1,1,0.5939976572990417,0.021297365427017212,False,target,correct,2
Older,older_80_89,4961,10877,1,0,1,True,1.572386877997661,0.77,0.8023868779976611,1,1,1,0.9120237827301025,0.07545899599790573,False,target,correct,5
Older,older_80_89,4963,8578,3,1,3,True,1.0713815416469403,0.17,0.9013815416469403,1,1,1,0.5284175276756287,0.058440305292606354,False,target,correct,4
Older,older_80_89,4964,12863,0,2,2,False,1.1335299313414793,0.18,0.9535299313414793,2,2,2,0.4322930872440338,0.05319807678461075,False,flanker,evidence-origin,4
Older,older_80_89,4965,23279,2,1,1,False,1.050451463844396,0.07,0.980451463844396,1,1,1,1.5038425922393799,0.05763231962919235,False,flanker,evidence-origin,3
Older,older_80_89,4967,12207,1,0,1,True,0.8131121083062014,0.14,0.6731121083062014,0,0,0,0.8293870091438293,0.06842491030693054,False,target,correct,2
Older,older_80_89,4970,4906,0,3,0,True,1.244459925641519,0.74,0.504459925641519,0,0,0,1.17864990234375,0.04043959081172943,False,target,correct,4
Older,older_80_89,4972,25071,2,1,2,True,0.8893685245517426,0.14,0.7493685245517426,1,1,1,0.688153862953186,0.05962436646223068,False,target,correct,2
Older,older_80_89,4974,28261,0,2,2,False,0.8143302485692033,0.16,0.6543302485692033,2,2,2,0.3951936960220337,0.04833206534385681,False,flanker,evidence-origin,2
Older,older_80_89,4977,1709,2,0,0,False,0.4813874519066763,0.1,0.38138745190667633,0,0,0,1.0033856630325317,0.05891518294811249,False,flanker,evidence-origin,1
Older,older_80_89,4978,19480,2,3,3,False,0.41466999969742263,0.13,0.2846699996974226,3,3,3,0.792833685874939,0.06140725314617157,False,flanker,evidence-origin,1
Older,older_80_89,4979,26602,3,2,3,True,0.9319011756584845,0.21,0.7219011756584846,2,2,2,0.13323724269866943,0.05065023899078369,False,target,correct,3
Older,older_80_89,4981,31266,3,1,3,True,0.9703895636799033,0.07,0.9003895636799033,1,1,1,1.253103494644165,0.05440016835927963,False,target,correct,3
Older,older_80_89,4982,7849,2,3,3,False,0.9455656035316673,0.15,0.7955656035316673,3,3,3,0.8658174276351929,0.06797576695680618,False,flanker,evidence-origin,3
Older,older_80_89,4984,15664,2,0,2,True,0.6456301831594498,0.11,0.5356301831594498,0,0,0,0.8682636022567749,0.05566976219415665,False,target,correct,1
Older,older_80_89,4992,26966,0,3,0,True,1.4749550693969362,0.74,0.7349550693969362,0,0,0,1.1892765760421753,0.048557862639427185,False,target,correct,5
Older,older_80_89,4994,10869,2,3,2,True,0.9810903013787021,0.23,0.7510903013787021,3,3,3,0.11437362432479858,0.05594322085380554,False,target,correct,3
Older,older_80_89,4996,23828,2,0,0,False,1.1052644214128047,0.1,1.0052644214128046,0,0,0,1.1395467519760132,0.058530233800411224,False,flanker,evidence-origin,4
Older,older_80_89,4997,15951,3,0,3,True,0.5676409474747859,0.14,0.42764094747478587,0,0,0,0.9163432717323303,0.06383970379829407,False,target,correct,1
Older,older_80_89,4999,25224,1,0,0,False,1.0555374196685514,0.11,0.9455374196685514,0,0,0,1.0407962799072266,0.06373343616724014,False,flanker,evidence-origin,3
Young,young_20_29,5001,109710,2,1,2,True,0.6319963984351206,0.07,0.5619963984351206,1,1,1,1.0630580186843872,0.036680348217487335,False,target,correct,3
Young,young_20_29,5005,11108,1,0,0,False,0.7211081856772995,0.07,0.6511081856772996,0,0,0,1.2060258388519287,0.040609389543533325,False,flanker,evidence-origin,4
Young,young_20_29,5006,29633,1,0,0,False,0.745974884171114,0.05,0.695974884171114,0,0,0,1.457221269607544,0.037512071430683136,False,flanker,evidence-origin,5
Young,young_20_29,5007,1455,3,2,2,False,0.4951176747603236,0.06,0.4351176747603236,2,2,2,1.159440279006958,0.03540841490030289,False,flanker,evidence-origin,1
Young,young_20_29,5015,51527,2,0,0,False,0.5344638356087442,0.07,0.4644638356087442,0,0,0,0.9246654510498047,0.0335768461227417,False,flanker,evidence-origin,2
Young,young_20_29,5016,12416,3,2,3,True,0.6903268310480296,0.11,0.5803268310480296,2,2,2,0.7531270980834961,0.03996007889509201,False,target,correct,4
Young,young_20_29,5017,16763,0,2,2,False,0.5823650085022898,0.07,0.5123650085022897,2,2,2,0.8749104142189026,0.032262034714221954,False,flanker,evidence-origin,2
Young,young_20_29,5020,8706,1,3,1,True,0.47791270658237084,0.07,0.40791270658237083,3,3,3,0.8757755756378174,0.03298895061016083,False,target,correct,1
Young,young_20_29,5023,101387,0,1,0,True,1.5022844406600155,0.75,0.7522844406600155,0,0,0,0.8751412034034729,0.0501081719994545,False,target,correct,5
Young,young_20_29,5026,160417,0,3,0,True,0.7840298346015719,0.1,0.684029834601572,3,3,3,0.5068405866622925,0.031977951526641846,False,target,correct,5
Young,young_20_29,5027,84436,3,1,1,False,0.46242774982299906,0.07,0.39242774982299905,1,1,1,0.7899091243743896,0.029847070574760437,False,flanker,evidence-origin,1
Young,young_20_29,5029,34659,0,3,0,True,0.37834766950581994,0.07,0.30834766950581993,3,3,3,0.8948843479156494,0.034222088754177094,False,target,correct,1
Young,young_20_29,5030,100297,2,1,1,False,0.6538679342678667,0.06,0.5938679342678668,1,1,1,0.9909921288490295,0.0308903306722641,False,flanker,evidence-origin,3
Young,young_20_29,5031,33708,1,3,1,True,0.5990195854265777,0.07,0.5290195854265778,3,3,3,0.7867028713226318,0.03136660158634186,False,target,correct,3
Young,young_20_29,5032,20404,1,3,3,False,0.6461337687122327,0.05,0.5961337687122327,3,3,3,0.9625266790390015,0.02857407182455063,False,flanker,evidence-origin,3
Young,young_20_29,5033,178324,0,1,0,True,0.5078894273812801,0.08,0.42788942738128005,1,1,1,0.8861114978790283,0.03528779000043869,False,target,correct,1
Young,young_20_29,5036,17313,1,2,1,True,0.5118162993828069,0.05,0.46181629938280694,2,2,2,1.2730220556259155,0.03477519005537033,False,target,correct,1
Young,young_20_29,5038,32588,3,1,3,True,0.7052643496258558,0.07,0.6352643496258559,1,1,1,0.8029765486717224,0.02979108691215515,False,target,correct,4
Young,young_20_29,5045,18943,0,3,0,True,0.6527653906801871,0.07,0.5827653906801871,3,3,3,0.9352062940597534,0.03505291789770126,False,target,correct,3
Young,young_20_29,5046,11560,2,1,1,False,0.4872817380068116,0.03,0.4572817380068116,1,1,1,1.8538236618041992,0.035857751965522766,False,flanker,evidence-origin,1
Young,young_20_29,5048,12912,1,2,1,True,0.7155706046014536,0.11,0.6055706046014536,2,2,2,0.3540705740451813,0.03244635462760925,False,target,correct,4
Young,young_20_29,5051,21060,0,3,0,True,0.5172934294178041,0.07,0.4472934294178041,3,3,3,0.8284940719604492,0.03311760723590851,False,target,correct,1
Young,young_20_29,5052,168840,2,3,3,False,0.5702171841212689,0.06,0.5102171841212688,3,3,3,1.1573938131332397,0.03675223886966705,False,flanker,evidence-origin,2
Young,young_20_29,5054,108388,1,0,0,False,0.5969498990625428,0.07,0.5269498990625427,0,0,0,1.0605158805847168,0.03772233426570892,False,flanker,evidence-origin,3
Young,young_20_29,5055,5930,3,1,3,True,0.5334909258867583,0.05,0.4834909258867583,1,1,1,0.8168463706970215,0.024022817611694336,False,target,correct,2
Young,young_20_29,5057,5320,3,2,3,True,0.8076542416876921,0.13,0.6776542416876921,2,2,2,0.571702778339386,0.03863812983036041,False,target,correct,5
Young,young_20_29,5058,15799,3,2,3,True,0.7422036733134401,0.11,0.6322036733134401,2,2,2,0.686449408531189,0.036691904067993164,False,target,correct,5
Young,young_20_29,5060,23542,2,0,0,False,0.6412122439894379,0.05,0.5912122439894378,0,0,0,1.150191068649292,0.031633228063583374,False,flanker,evidence-origin,3
Young,young_20_29,5064,20387,3,2,2,False,0.5385334051406571,0.06,0.47853340514065706,2,2,2,1.2739180326461792,0.03805176913738251,False,flanker,evidence-origin,2
Young,young_20_29,5065,127856,3,0,3,True,0.42614136841689476,0.04,0.3861413684168948,0,0,0,1.5637365579605103,0.03408244252204895,False,target,correct,1
Young,young_20_29,5068,165584,2,0,2,True,0.5344406126599249,0.04,0.49444061265992495,0,0,0,1.299061894416809,0.03107386827468872,False,target,correct,2
Young,young_20_29,5072,5303,0,3,0,True,0.8498021240496709,0.11,0.7398021240496709,3,3,3,0.39756062626838684,0.030824191868305206,False,target,correct,5
Young,young_20_29,5073,2652,3,1,3,True,0.8541209834075241,0.28,0.574120983407524,3,3,3,0.6444997787475586,0.009105652570724487,False,target,correct,5
Young,young_20_29,5076,161968,1,3,3,False,0.6608820262090865,0.06,0.6008820262090866,3,3,3,0.9480485916137695,0.030864126980304718,False,flanker,evidence-origin,3
Young,young_20_29,5078,7689,1,3,1,True,0.5360235624669021,0.03,0.506023562466902,3,3,3,1.1034691333770752,0.023253045976161957,False,target,correct,2
Young,young_20_29,5087,23710,0,1,0,True,0.5577801955157253,0.11,0.44778019551572534,1,1,1,0.5252563953399658,0.03623606264591217,False,target,correct,2
Young,young_20_29,5089,177201,0,1,0,True,0.6920467441668026,0.05,0.6420467441668025,1,1,1,1.1242047548294067,0.030912697315216064,False,target,correct,4
Young,young_20_29,5091,51434,2,3,3,False,0.48823354098148203,0.06,0.42823354098148203,3,3,3,1.2110896110534668,0.03623289614915848,False,flanker,evidence-origin,1
Young,young_20_29,5092,161955,0,1,0,True,0.45726783830693174,0.03,0.4272678383069317,1,1,1,1.7561333179473877,0.03292074054479599,False,target,correct,1
Young,young_20_29,5093,44054,2,3,3,False,0.6170277488512236,0.07,0.5470277488512236,3,3,3,1.0523325204849243,0.035827912390232086,False,flanker,evidence-origin,3
Young,young_20_29,5094,17262,0,1,0,True,0.8828870464379822,0.17,0.7128870464379822,1,1,1,0.21115905046463013,0.034634560346603394,False,target,correct,5
Young,young_20_29,5096,33059,0,2,2,False,0.6977159018494867,0.08,0.6177159018494868,2,2,2,0.6633703112602234,0.02786140888929367,False,flanker,evidence-origin,4
Young,young_20_29,5099,64602,3,0,3,True,0.6064188500773122,0.08,0.5264188500773123,0,0,0,0.7952760457992554,0.03417839854955673,False,target,correct,3
Young,young_20_29,5100,1995,2,1,1,False,0.6619557976774308,0.03,0.6319557976774308,1,1,1,1.758284568786621,0.03258328139781952,False,flanker,evidence-origin,4
Young,young_20_29,5101,13989,0,3,0,True,0.6782320115451125,0.07,0.6082320115451125,3,3,3,0.9718035459518433,0.0366944819688797,False,target,correct,4
Young,young_20_29,5103,10946,1,0,0,False,0.5679597022455702,0.07,0.49795970224557023,0,0,0,1.2659878730773926,0.04242519289255142,False,flanker,evidence-origin,2
Young,young_20_29,5105,22241,2,0,2,True,0.5866792876133693,0.06,0.5266792876133692,0,0,0,1.0122160911560059,0.032397426664829254,False,target,correct,2
Young,young_20_29,5108,88853,1,2,1,True,0.7539396257641289,0.05,0.7039396257641288,2,2,2,1.2513306140899658,0.033850573003292084,False,target,correct,5
Young,young_20_29,5109,24914,1,0,0,False,0.4490013567164409,0.06,0.3890013567164409,0,0,0,1.3404333591461182,0.04020901024341583,False,flanker,evidence-origin,1
Young,young_20_29,5115,24301,1,2,1,True,0.5746877343107072,0.05,0.5246877343107071,2,2,2,0.8442564010620117,0.026357561349868774,False,target,correct,2
Young,young_20_29,5116,29487,3,1,3,True,0.7497161444814283,0.08,0.6697161444814284,1,1,1,0.6842426061630249,0.029421180486679077,False,target,correct,5
Young,young_20_29,5117,151575,0,1,0,True,0.8384808416621163,0.05,0.7884808416621163,1,1,1,1.1796956062316895,0.03222760558128357,False,target,correct,5
Young,young_20_29,5123,20717,3,2,3,True,0.5647009998358044,0.09,0.4747009998358044,2,2,2,0.8743696808815002,0.03783731162548065,False,target,correct,2
Young,young_20_29,5124,108529,1,0,0,False,0.6645027765101953,0.05,0.6145027765101952,0,0,0,1.4595357179641724,0.0382261797785759,False,flanker,evidence-origin,4
Young,young_20_29,5126,529,3,0,0,False,0.4887082462629725,0.05,0.4387082462629725,0,0,0,1.3478195667266846,0.03527914732694626,False,flanker,evidence-origin,1
Young,young_20_29,5129,157474,2,3,3,False,0.5601997514693886,0.12,0.4401997514693886,3,3,3,0.7046974301338196,0.040693387389183044,False,flanker,evidence-origin,2
Young,young_20_29,5131,141384,2,1,2,True,0.7459819670381351,0.06,0.6859819670381351,1,1,1,0.9588380455970764,0.03025142103433609,False,target,correct,5
Young,young_20_29,5136,32990,2,3,3,False,0.4797448006632362,0.07,0.4097448006632362,3,3,3,1.0329474210739136,0.03591728210449219,False,flanker,evidence-origin,1
Young,young_20_29,5137,7922,1,0,0,False,0.4817896040904362,0.04,0.4417896040904362,0,0,0,1.6038215160369873,0.036131396889686584,False,flanker,evidence-origin,1
Young,young_20_29,5138,12028,2,0,2,True,0.7492318238915707,0.06,0.6892318238915707,0,0,0,0.8664169311523438,0.029410235583782196,False,target,correct,5
Young,young_20_29,5139,183017,3,0,3,True,0.5802698871425466,0.08,0.5002698871425466,0,0,0,1.1261359453201294,0.04068862646818161,False,target,correct,2
Young,young_20_29,5140,188231,3,1,3,True,0.6648296705487918,0.09,0.5748296705487919,1,1,1,0.6249021291732788,0.030660979449748993,False,target,correct,4
Young,young_20_29,5141,15998,0,2,2,False,0.41351085115919084,0.07,0.34351085115919083,2,2,2,1.0164936780929565,0.036446712911129,False,flanker,evidence-origin,1
Young,young_20_29,5142,26051,1,0,0,False,0.6205634678438735,0.05,0.5705634678438735,0,0,0,1.5253033638000488,0.038865119218826294,False,flanker,evidence-origin,3
Young,young_20_29,5143,273,2,3,2,True,0.8048104925166094,0.15,0.6548104925166094,3,3,3,0.3784615993499756,0.03452833741903305,False,target,correct,5
Young,young_20_29,5145,61517,1,0,1,True,0.5649767386861517,0.06,0.5049767386861517,0,0,0,1.2321518659591675,0.03822638839483261,False,target,correct,2
Young,young_20_29,5149,23784,2,1,1,False,0.7689315798067755,0.03,0.7389315798067755,1,1,1,1.6975111961364746,0.03169108182191849,False,flanker,evidence-origin,5
Young,young_20_29,5150,110143,0,2,2,False,0.4987899917406208,0.11,0.3887899917406208,2,2,2,0.6591469049453735,0.03542408347129822,False,flanker,evidence-origin,1
Young,young_20_29,5152,29382,1,2,1,True,0.6542063740197642,0.12,0.5342063740197642,2,2,2,0.46211910247802734,0.03123832494020462,False,target,correct,3
Young,young_20_29,5154,86267,2,1,2,True,0.4083737053636215,0.03,0.37837370536362147,1,1,1,1.7120529413223267,0.032313138246536255,False,target,correct,1
Young,young_20_29,5155,21758,0,2,2,False,0.566205247496744,0.17,0.3962052474967439,2,2,2,0.2126569151878357,0.027526505291461945,False,flanker,evidence-origin,2
Young,young_20_29,5157,8284,3,2,3,True,0.7039287153585544,0.08,0.6239287153585544,2,2,2,0.8865998387336731,0.035088613629341125,False,target,correct,4
Young,young_20_29,5158,26087,1,3,3,False,0.5883972664848288,0.03,0.5583972664848288,3,3,3,1.454230546951294,0.02880789339542389,False,flanker,evidence-origin,2
Young,young_20_29,5160,164535,3,1,3,True,0.4958716119678561,0.07,0.4258716119678561,1,1,1,0.8083006143569946,0.029961466789245605,False,target,correct,1
Young,young_20_29,5161,127958,2,3,2,True,0.6823546694738967,0.09,0.5923546694738967,3,3,3,0.7563689947128296,0.03529422730207443,False,target,correct,4
Young,young_20_29,5162,7957,0,3,0,True,0.5388999015076364,0.05,0.48889990150763646,3,3,3,1.2199795246124268,0.03358135372400284,False,target,correct,2
Young,young_20_29,5163,7508,1,0,0,False,0.32266661550848436,0.04,0.2826666155084844,0,0,0,1.6294173002243042,0.03785677254199982,False,flanker,evidence-origin,1
Young,young_20_29,5164,111213,0,1,0,True,0.5542364269441818,0.09,0.4642364269441819,1,1,1,0.9184948801994324,0.03849754482507706,False,target,correct,2
Young,young_20_29,5170,25049,0,2,2,False,0.6913182187993975,0.07,0.6213182187993975,2,2,2,0.8890087008476257,0.03240841627120972,False,flanker,evidence-origin,4
Young,young_20_29,5172,37320,2,0,2,True,0.6149909399938438,0.07,0.5449909399938437,0,0,0,0.8714349269866943,0.03200208395719528,False,target,correct,3
Young,young_20_29,5174,36160,3,2,3,True,0.5904550857116136,0.08,0.5104550857116137,2,2,2,0.9079880714416504,0.036642931401729584,False,target,correct,2
Young,young_20_29,5175,71066,3,1,3,True,0.5262495412681865,0.08,0.44624954126818644,1,1,1,0.7668448686599731,0.03225383162498474,False,target,correct,2
Young,young_20_29,5176,41415,0,1,1,False,0.6314200025041231,0.15,0.4814200025041231,1,1,1,0.3469785153865814,0.03399466723203659,False,flanker,evidence-origin,3
Young,young_20_29,5178,19852,2,1,2,True,0.8098439246683777,0.11,0.6998439246683777,1,1,1,0.5898723602294922,0.031022146344184875,False,target,correct,5
Young,young_20_29,5179,59352,0,2,2,False,0.741702231255186,0.12,0.621702231255186,2,2,2,0.4401545524597168,0.030288666486740112,False,flanker,evidence-origin,5
Young,young_20_29,5181,24424,0,1,0,True,1.3713973191852797,0.63,0.7413973191852797,0,0,0,0.8381069898605347,0.044212013483047485,False,target,correct,5
Young,young_20_29,5182,14328,3,0,3,True,0.7323806537564012,0.08,0.6523806537564012,0,0,0,1.0848833322525024,0.040234923362731934,False,target,correct,4
Young,young_20_29,5183,162616,0,3,0,True,0.668390654242567,0.08,0.5883906542425671,3,3,3,0.5974041223526001,0.03071870654821396,False,target,correct,4
Young,young_20_29,5185,112712,2,0,2,True,0.7030857051299909,0.05,0.6530857051299909,0,0,0,1.0362104177474976,0.030373618006706238,False,target,correct,4
Young,young_20_29,5189,11434,1,2,1,True,0.7505451896820661,0.12,0.6305451896820661,2,2,2,0.18751981854438782,0.029255680739879608,False,target,correct,5
Young,young_20_29,5191,75091,3,2,2,False,0.4801761273370788,0.06,0.4201761273370788,2,2,2,1.1822344064712524,0.035649582743644714,False,flanker,evidence-origin,1
Young,young_20_29,5194,24414,2,1,2,True,0.6093025716388514,0.07,0.5393025716388513,1,1,1,0.9792962074279785,0.034184910356998444,False,target,correct,3
Young,young_20_29,5202,2785,3,2,3,True,0.5750558026224557,0.1,0.4750558026224557,2,2,2,0.6981128454208374,0.03569997102022171,False,target,correct,2
Young,young_20_29,5206,144787,3,0,3,True,0.625192595762,0.11,0.515192595762,0,0,0,0.3655478060245514,0.026796415448188782,False,target,correct,3
Young,young_20_29,5210,42631,0,3,0,True,0.6804729425146888,0.09,0.5904729425146888,3,3,3,0.6174299716949463,0.033091023564338684,False,target,correct,4
Young,young_20_29,5211,1103,2,0,2,True,0.4034391142840801,0.04,0.3634391142840801,0,0,0,1.3423783779144287,0.031912341713905334,False,target,correct,1
Young,young_20_29,5215,47166,2,3,2,True,0.6386293385110424,0.1,0.5386293385110424,3,3,3,0.6050820350646973,0.0325046181678772,False,target,correct,3
Young,young_20_29,5217,30859,1,2,1,True,0.9100000143051148,0.06,0.8500000143051147,2,2,2,1.140777349472046,0.03609289973974228,False,target,correct,5
Young,young_20_29,5221,150457,1,3,1,True,0.6676918682491658,0.05,0.6176918682491658,3,3,3,0.8036714196205139,0.025537148118019104,False,target,correct,4
Young,young_20_29,5223,9218,1,3,3,False,0.5174767803056702,0.07,0.44747678030567023,3,3,3,0.8230588436126709,0.0315885916352272,False,flanker,evidence-origin,1
Young,young_20_29,5225,67122,3,1,3,True,0.5643963769892977,0.05,0.5143963769892976,1,1,1,0.8912937641143799,0.02559599280357361,False,target,correct,2
Young,young_20_29,5226,176035,2,1,2,True,0.538879864922392,0.06,0.47887986492239204,1,1,1,1.1765081882476807,0.03597798943519592,False,target,correct,2
Young,young_20_29,5229,962,0,2,0,True,0.609157797830762,0.15,0.45915779783076194,2,2,2,0.29880234599113464,0.031623609364032745,False,target,correct,3
Young,young_20_29,5230,151786,0,3,0,True,0.6682423255056149,0.08,0.588242325505615,3,3,3,0.7703260183334351,0.03433532267808914,False,target,correct,4
Young,young_20_29,5233,81943,1,3,1,True,0.5747971443346113,0.07,0.5047971443346113,3,3,3,0.7984710335731506,0.0300297811627388,False,target,correct,2
Young,young_20_29,5235,82378,3,1,1,False,0.5067766103398814,0.07,0.4367766103398814,1,1,1,0.8606008887290955,0.03233499825000763,False,flanker,evidence-origin,1
Young,young_20_29,5236,29988,3,2,3,True,0.587794346556493,0.11,0.477794346556493,2,2,2,0.6946059465408325,0.03751632571220398,False,target,correct,2
Young,young_20_29,5237,67655,1,2,1,True,0.544228589732921,0.13,0.414228589732921,2,2,2,0.5837467312812805,0.037863507866859436,False,target,correct,2
Young,young_20_29,5239,25763,0,3,0,True,0.6270502328714295,0.08,0.5470502328714295,3,3,3,0.8666836619377136,0.03662276268005371,False,target,correct,3
Young,young_20_29,5240,36086,2,1,2,True,0.6314956345784484,0.07,0.5614956345784483,1,1,1,1.1237303018569946,0.038234226405620575,False,target,correct,3
Young,young_20_29,5242,19895,3,0,3,True,0.5876514734899031,0.07,0.5176514734899031,0,0,0,1.1801425218582153,0.0401991531252861,False,target,correct,2
Young,young_20_29,5243,39701,1,3,1,True,0.4162946612591252,0.06,0.3562946612591252,3,3,3,0.9128814339637756,0.030172742903232574,False,target,correct,1
Young,young_20_29,5245,28769,0,1,0,True,1.2057381893506123,0.6900000000000001,0.5157381893506122,0,0,0,0.8267331719398499,0.04499305784702301,False,target,correct,5
Young,young_20_29,5246,62798,3,2,3,True,0.6072330800594888,0.11,0.49723308005948885,2,2,2,0.7818652987480164,0.04125971347093582,False,target,correct,3
Young,young_20_29,5248,6153,1,2,1,True,0.7359637309780849,0.11,0.6259637309780849,2,2,2,0.6321724653244019,0.03512187302112579,False,target,correct,4
Young,young_20_29,5249,64833,0,2,2,False,0.4434845127784488,0.08,0.3634845127784488,2,2,2,0.6432600021362305,0.028739653527736664,False,flanker,evidence-origin,1
Young,young_20_29,5250,5279,2,1,1,False,0.5381764074683113,0.05,0.4881764074683113,1,1,1,1.1068047285079956,0.030056528747081757,False,flanker,evidence-origin,2
Young,young_20_29,5251,46546,0,1,0,True,0.7912649288268728,0.15,0.6412649288268728,1,1,1,0.09464889764785767,0.03569719195365906,False,target,correct,5
Young,young_20_29,5255,4120,3,2,3,True,0.765981696579747,0.06,0.705981696579747,2,2,2,1.2048356533050537,0.036609016358852386,False,target,correct,5
Young,young_20_29,5256,34913,2,1,1,False,0.661858227801802,0.03,0.631858227801802,1,1,1,1.9001222848892212,0.035051971673965454,False,flanker,evidence-origin,4
Young,young_20_29,5257,48919,1,2,1,True,1.2163827688052025,0.66,0.5563827688052024,1,1,1,0.7800621390342712,0.044160209596157074,False,target,correct,5
Young,young_20_29,5258,1974,2,0,2,True,0.6922933633459929,0.04,0.6522933633459929,0,0,0,1.2648717164993286,0.029992327094078064,False,target,correct,4
Young,young_20_29,5259,996,1,0,0,False,0.804385426102264,0.06,0.744385426102264,0,0,0,1.4486244916915894,0.04182621091604233,False,flanker,evidence-origin,5
Young,young_20_29,5261,75109,0,3,0,True,0.6480833902790437,0.11,0.5380833902790437,3,3,3,0.4506474435329437,0.03451153635978699,False,target,correct,3
Young,young_20_29,5262,113281,1,0,1,True,0.65263866714713,0.07,0.58263866714713,0,0,0,1.162028193473816,0.03957832604646683,False,target,correct,3
Young,young_20_29,5265,115724,1,0,1,True,0.646837740554435,0.07,0.5768377405544349,0,0,0,1.162373661994934,0.04021012783050537,False,target,correct,3
Young,young_20_29,5271,12089,0,3,0,True,0.7053078688568302,0.07,0.6353078688568301,3,3,3,0.7917762398719788,0.030722737312316895,False,target,correct,4
Young,young_20_29,5272,2115,1,0,0,False,0.47330239206316027,0.05,0.4233023920631603,0,0,0,1.3430014848709106,0.03705170005559921,False,flanker,evidence-origin,1
Young,young_20_29,5273,146992,3,2,3,True,0.7552014030469103,0.09,0.6652014030469103,2,2,2,0.9164783358573914,0.03955649584531784,False,target,correct,5
Young,young_20_29,5275,163840,0,3,0,True,0.8250721469112645,0.13,0.6950721469112645,3,3,3,0.23729154467582703,0.028934456408023834,False,target,correct,5
Young,young_20_29,5278,15149,0,2,2,False,0.6283868782083173,0.06,0.5683868782083172,2,2,2,1.0843151807785034,0.03301486372947693,False,flanker,evidence-origin,3
Young,young_20_29,5279,62016,0,1,0,True,0.6255831394016605,0.11,0.5155831394016606,1,1,1,0.6036950349807739,0.03363187611103058,False,target,correct,3
Young,young_20_29,5280,17745,0,2,2,False,0.5192376303956387,0.04,0.47923763039563877,2,2,2,1.3988959789276123,0.03170611709356308,False,flanker,evidence-origin,1
Young,young_20_29,5281,10981,1,0,1,True,0.792036115149652,0.08,0.712036115149652,0,0,0,0.9486744403839111,0.03796309977769852,False,target,correct,5
Young,young_20_29,5283,100806,0,3,0,True,0.6361364208669281,0.13,0.5061364208669281,3,3,3,0.30536654591560364,0.033049531280994415,False,target,correct,3
Young,young_20_29,5284,52736,2,1,1,False,0.756232471127904,0.08,0.6762324711279041,1,1,1,1.0278325080871582,0.0386120080947876,False,flanker,evidence-origin,5
Young,young_20_29,5287,28682,2,1,2,True,0.7548349250519332,0.06,0.6948349250519332,1,1,1,1.0691578388214111,0.03294284641742706,False,target,correct,5
Young,young_20_29,5288,64969,0,1,0,True,0.5535313886108765,0.08,0.47353138861087646,1,1,1,0.9306838512420654,0.03638789802789688,False,target,correct,2
Young,young_20_29,5289,9659,0,2,2,False,0.6568014860638152,0.13,0.5268014860638152,2,2,2,0.4217022657394409,0.028714805841445923,False,flanker,evidence-origin,3
Young,young_20_29,5291,151772,1,0,1,True,0.7746654258297361,0.05,0.724665425829736,0,0,0,1.209946870803833,0.03383016586303711,False,target,correct,5
Young,young_20_29,5293,24213,2,3,2,True,0.38337308557494587,0.06,0.3233730855749459,3,3,3,1.1120281219482422,0.03461263328790665,False,target,correct,1
Young,young_20_29,5294,80602,0,1,0,True,0.7840377623553848,0.15,0.6340377623553848,1,1,1,0.3931073546409607,0.03721904754638672,False,target,correct,5
Young,young_20_29,5295,104628,0,1,0,True,0.6863529972931252,0.1,0.5863529972931252,1,1,1,0.760824978351593,0.03668930381536484,False,target,correct,4
Young,young_20_29,5296,21295,0,1,0,True,0.7117011940471483,0.06,0.6517011940471482,1,1,1,1.011513113975525,0.03248206526041031,False,target,correct,4
Young,young_20_29,5298,706,1,0,0,False,0.5763393982155698,0.06,0.5163393982155697,0,0,0,1.3467578887939453,0.03934916853904724,False,flanker,evidence-origin,2
Young,young_20_29,5299,141200,2,1,1,False,0.5252529712481279,0.03,0.49525297124812784,1,1,1,1.8925329446792603,0.034889958798885345,False,flanker,evidence-origin,2
Young,young_20_29,5301,149614,3,0,3,True,0.5445294082506172,0.07,0.47452940825061724,0,0,0,0.9872300028800964,0.034565746784210205,False,target,correct,2
Young,young_20_29,5302,13962,0,1,0,True,0.5258397470606144,0.06,0.46583974706061443,1,1,1,1.2558573484420776,0.03875114023685455,False,target,correct,2
Young,young_20_29,5306,657,2,0,0,False,0.611573767886217,0.06,0.5515737678862169,0,0,0,0.9937048554420471,0.032445281744003296,False,flanker,evidence-origin,3
Young,young_20_29,5307,84492,3,0,0,False,0.6385155177642312,0.05,0.5885155177642312,0,0,0,1.5452219247817993,0.03908146917819977,False,flanker,evidence-origin,3
Young,young_20_29,5311,46741,1,0,0,False,0.6046307284507206,0.04,0.5646307284507206,0,0,0,1.5501271486282349,0.03476338088512421,False,flanker,evidence-origin,3
Young,young_20_29,5312,38750,1,0,0,False,0.5334905358108162,0.05,0.4834905358108162,0,0,0,1.2894431352615356,0.03432261198759079,False,flanker,evidence-origin,2
Young,young_20_29,5313,160202,1,0,0,False,0.3438879843328495,0.05,0.2938879843328495,0,0,0,1.2493935823440552,0.03372027724981308,False,flanker,evidence-origin,1
Young,young_20_29,5315,24583,1,3,1,True,0.5516840917582382,0.07,0.4816840917582382,3,3,3,0.7745897769927979,0.02923339605331421,False,target,correct,2
Young,young_20_29,5317,57281,1,0,1,True,0.7012970766933224,0.05,0.6512970766933224,0,0,0,1.2498618364334106,0.03483456373214722,False,target,correct,4
Young,young_20_29,5319,74987,2,1,2,True,0.7210364423491387,0.04,0.6810364423491386,1,1,1,1.5236032009124756,0.035010747611522675,False,target,correct,4
Young,young_20_29,5321,7358,1,2,1,True,0.5608314349051747,0.07,0.4908314349051747,2,2,2,0.9640642404556274,0.03608912229537964,False,target,correct,2
Young,young_20_29,5324,17885,0,1,0,True,0.7858031059141373,0.13,0.6558031059141373,1,1,1,0.14866745471954346,0.031461238861083984,False,target,correct,5
Young,young_20_29,5325,14102,3,1,3,True,0.46247516483600115,0.06,0.40247516483600115,1,1,1,0.9002779722213745,0.02929612249135971,False,target,correct,1
Young,young_20_29,5326,120225,3,2,3,True,0.6012507120215297,0.08,0.5212507120215297,2,2,2,1.002294659614563,0.03843031823635101,False,target,correct,3
Young,young_20_29,5331,7481,2,0,0,False,0.4101910306848992,0.05,0.3601910306848992,0,0,0,1.2224211692810059,0.03265577554702759,False,flanker,evidence-origin,1
Young,young_20_29,5332,87987,0,1,0,True,1.2642500106753292,0.76,0.5042500106753292,0,0,0,0.8503347039222717,0.04880596697330475,False,target,correct,5
Young,young_20_29,5334,67176,0,1,0,True,0.6643232935509701,0.06,0.6043232935509701,1,1,1,1.120458960533142,0.036085911095142365,False,target,correct,4
Young,young_20_29,5335,117590,0,1,0,True,0.4733612978953917,0.11,0.36336129789539173,1,1,1,0.68466717004776,0.03729551285505295,False,target,correct,1
Young,young_20_29,5338,41221,1,3,1,True,0.5687008636038112,0.05,0.5187008636038112,3,3,3,0.7417260408401489,0.023963145911693573,False,target,correct,2
Young,young_20_29,5340,115890,1,2,1,True,0.5765286783010681,0.07,0.5065286783010681,2,2,2,1.0989460945129395,0.03798920661211014,False,target,correct,2
Young,young_20_29,5343,21152,1,0,0,False,0.6957080419196454,0.07,0.6257080419196455,0,0,0,1.2721012830734253,0.040706075727939606,False,flanker,evidence-origin,4
Young,young_20_29,5344,58127,3,2,3,True,0.8896380275228364,0.08,0.8096380275228364,2,2,2,1.016050100326538,0.03982082009315491,False,target,correct,5
Young,young_20_29,5345,4361,0,3,0,True,0.7085970976670632,0.45,0.25859709766706324,3,3,3,0.5506209135055542,0.02884121984243393,False,target,correct,4
Young,young_20_29,5348,9299,2,1,2,True,0.5432560785436324,0.07,0.47325607854363244,1,1,1,0.8779304027557373,0.032140180468559265,False,target,correct,2
Young,young_20_29,5355,20187,0,3,0,True,1.4130838045879333,0.74,0.6730838045879333,0,0,0,0.9997906684875488,0.019424088299274445,False,target,correct,5
Young,young_20_29,5356,44839,1,0,0,False,0.5245618866481065,0.06,0.46456188664810655,0,0,0,1.3185052871704102,0.038805149495601654,False,flanker,evidence-origin,2
Young,young_20_29,5361,50878,0,1,0,True,1.1380790347529242,0.48,0.6580790347529242,0,0,0,0.7262797355651855,0.029257550835609436,False,target,correct,5
Young,young_20_29,5364,28204,1,0,1,True,0.6180381246259746,0.07,0.5480381246259747,0,0,0,1.075576901435852,0.03684490919113159,False,target,correct,3
Young,young_20_29,5365,19930,3,1,3,True,0.784034872461786,0.14,0.644034872461786,1,1,1,0.1446797251701355,0.025036051869392395,False,target,correct,5
Young,young_20_29,5366,1535,3,2,3,True,0.6396717827946421,0.07,0.569671782794642,2,2,2,1.0642932653427124,0.03718279302120209,False,target,correct,3
Young,young_20_29,5367,110695,0,1,0,True,0.6683913123125247,0.04,0.6283913123125247,1,1,1,1.6542316675186157,0.03749583661556244,False,target,correct,4
Young,young_20_29,5370,113710,2,3,2,True,0.43216057795603896,0.09,0.34216057795603894,3,3,3,0.9165083765983582,0.03895830363035202,False,target,correct,1
Young,young_20_29,5372,26179,2,0,2,True,0.9100000143051148,0.06,0.8500000143051147,0,0,0,0.8651957511901855,0.028951846063137054,False,target,correct,5
Young,young_20_29,5374,3728,2,0,2,True,0.47966270155848634,0.06,0.41966270155848634,0,0,0,1.0282526016235352,0.033742815256118774,False,target,correct,1
Young,young_20_29,5375,22444,2,1,2,True,0.5998211442248518,0.07,0.5298211442248517,1,1,1,0.9667116403579712,0.033880263566970825,False,target,correct,3
Young,young_20_29,5377,28051,0,1,0,True,0.733676265347175,0.12,0.613676265347175,1,1,1,0.6365051865577698,0.03849680721759796,False,target,correct,4
Young,young_20_29,5378,4191,0,3,0,True,0.6178981616400865,0.08,0.5378981616400865,3,3,3,0.8469355702400208,0.03695571422576904,False,target,correct,3
Young,young_20_29,5379,25586,2,1,1,False,0.4231029082108067,0.04,0.3831029082108067,1,1,1,1.659989833831787,0.03748544305562973,False,flanker,evidence-origin,1
Young,young_20_29,5380,6668,1,3,1,True,0.6175542501624586,0.05,0.5675542501624585,3,3,3,0.7729177474975586,0.02494380623102188,False,target,correct,3
Young,young_20_29,5381,152562,2,1,1,False,0.6260140697426756,0.08,0.5460140697426756,1,1,1,0.9051401019096375,0.03527017682790756,False,flanker,evidence-origin,3
Young,young_20_29,5382,83802,2,3,3,False,0.6345362684007805,0.06,0.5745362684007804,3,3,3,1.2740803956985474,0.03734918683767319,False,flanker,evidence-origin,3
Young,young_20_29,5383,181074,2,3,3,False,0.5531985592537758,0.04,0.5131985592537758,3,3,3,1.664716124534607,0.037161827087402344,False,flanker,evidence-origin,2
Young,young_20_29,5384,132126,2,1,2,True,0.5063573856967005,0.06,0.4463573856967005,1,1,1,0.9756698608398438,0.030515022575855255,False,target,correct,1
Young,young_20_29,5385,12157,2,0,0,False,0.5802538110768181,0.07,0.510253811076818,0,0,0,1.027103066444397,0.03684959560632706,False,flanker,evidence-origin,2
Young,young_20_29,5386,19662,0,3,0,True,0.6363718637000187,0.28,0.3563718637000187,0,0,0,0.3521411716938019,0.001962803304195404,False,target,correct,3
Young,young_20_29,5388,67529,0,2,2,False,0.49421895973409957,0.17,0.32421895973409953,2,2,2,0.21591347455978394,0.027065753936767578,False,flanker,evidence-origin,1
Young,young_20_29,5389,99062,2,1,2,True,0.581552422963619,0.07,0.511552422963619,1,1,1,0.9747669696807861,0.033901870250701904,False,target,correct,2
Young,young_20_29,5390,40912,3,1,3,True,0.6335625212560084,0.13,0.5035625212560084,1,1,1,0.22291502356529236,0.027427874505519867,False,target,correct,3
Young,young_20_29,5392,29939,1,3,1,True,0.5962378681227312,0.05,0.5462378681227311,3,3,3,0.9759601950645447,0.028791137039661407,False,target,correct,3
Young,young_20_29,5393,12636,1,3,1,True,0.7850640441570977,0.06,0.7250640441570977,3,3,3,0.8855893611907959,0.029598452150821686,False,target,correct,5
Young,young_20_29,5394,168870,0,2,2,False,0.616155816995827,0.14,0.476155816995827,2,2,2,0.47095492482185364,0.034450069069862366,False,flanker,evidence-origin,3
Young,young_20_29,5395,20017,3,0,3,True,0.5501441143375659,0.06,0.49014411433756594,0,0,0,1.2612069845199585,0.03764190524816513,False,target,correct,2
Young,young_20_29,5398,18571,1,0,0,False,0.7239521815457168,0.06,0.6639521815457168,0,0,0,1.3097643852233887,0.03945092111825943,False,flanker,evidence-origin,4
Young,young_20_29,5400,16334,3,0,3,True,0.4847629555218851,0.07,0.4147629555218851,0,0,0,1.1318508386611938,0.03873489797115326,False,target,correct,1
Young,young_20_29,5402,73264,2,1,2,True,0.6804784543708378,0.08,0.6004784543708378,1,1,1,0.9713788628578186,0.03760749101638794,False,target,correct,4
Young,young_20_29,5404,8539,2,0,2,True,0.6293821731437119,0.05,0.5793821731437119,0,0,0,0.9952320456504822,0.02876529097557068,False,target,correct,3
Young,young_20_29,5406,71421,1,0,0,False,0.47640848267798114,0.07,0.40640848267798113,0,0,0,1.2661359310150146,0.04147516191005707,False,flanker,evidence-origin,1
Young,young_20_29,5410,76458,3,2,3,True,0.6056256538819248,0.1,0.5056256538819248,2,2,2,0.9450610876083374,0.043014802038669586,False,target,correct,3
Young,young_20_29,5414,5359,2,0,2,True,0.5015689462780881,0.08,0.4215689462780881,0,0,0,0.645424485206604,0.028753623366355896,False,target,correct,1
Young,young_20_29,5415,110218,3,2,3,True,0.5331845759403943,0.08,0.45318457594039424,2,2,2,0.9899267554283142,0.03796745836734772,False,target,correct,2
Young,young_20_29,5416,30679,2,3,3,False,0.614475459884668,0.07,0.544475459884668,3,3,3,1.1077989339828491,0.03800772875547409,False,flanker,evidence-origin,3
Young,young_20_29,5418,9821,0,1,0,True,0.5916393235320717,0.12,0.4716393235320717,1,1,1,0.5618494749069214,0.03826310485601425,False,target,correct,2
Young,young_20_29,5426,81151,2,3,3,False,0.5601425004515328,0.06,0.5001425004515327,3,3,3,1.1960965394973755,0.036967068910598755,False,flanker,evidence-origin,2
Young,young_20_29,5430,50457,1,3,3,False,0.6312076919868578,0.05,0.5812076919868577,3,3,3,1.3586516380310059,0.03624188154935837,False,flanker,evidence-origin,3
Young,young_20_29,5432,169135,3,2,3,True,0.5981447004823945,0.08,0.5181447004823946,2,2,2,1.0122389793395996,0.039167992770671844,False,target,correct,3
Young,young_20_29,5433,55358,0,3,0,True,0.5493889331993258,0.14,0.4093889331993258,3,3,3,0.018000125885009766,0.02687957137823105,False,target,correct,2
Young,young_20_29,5434,80947,1,2,1,True,0.5462574411633259,0.06,0.48625744116332587,2,2,2,0.796090304851532,0.029065139591693878,False,target,correct,2
Young,young_20_29,5435,54916,0,1,0,True,0.7531330414821505,0.05,0.7031330414821505,1,1,1,1.2440547943115234,0.03416631370782852,False,target,correct,5
Young,young_20_29,5436,155936,3,1,1,False,0.5475085857892305,0.05,0.49750858578923046,1,1,1,0.9651800394058228,0.02749302238225937,False,flanker,evidence-origin,2
Young,young_20_29,5438,163212,1,0,0,False,0.7470398778459342,0.05,0.6970398778459341,0,0,0,1.3700170516967773,0.03583154082298279,False,flanker,evidence-origin,5
Young,young_20_29,5441,27314,1,2,1,True,0.5063542211420241,0.09,0.41635422114202414,2,2,2,0.9571703672409058,0.03957486152648926,False,target,correct,1
Young,young_20_29,5445,6628,2,3,3,False,0.6765450648470759,0.05,0.6265450648470758,3,3,3,1.3020905256271362,0.03448556363582611,False,flanker,evidence-origin,4
Young,young_20_29,5447,91837,3,1,3,True,0.8043625807238711,0.07,0.7343625807238712,1,1,1,0.6993221044540405,0.026702962815761566,False,target,correct,5
Young,young_20_29,5448,42761,1,2,1,True,0.4936394370722365,0.08,0.4136394370722365,2,2,2,0.8570980429649353,0.036301687359809875,False,target,correct,1
Young,young_20_29,5452,120616,0,2,2,False,0.8009275376965739,0.14,0.6609275376965739,2,2,2,0.3899853527545929,0.03030959516763687,False,flanker,evidence-origin,5
Young,young_20_29,5453,8802,2,3,3,False,0.4796017758914368,0.08,0.3996017758914368,3,3,3,0.858796238899231,0.0355805903673172,False,flanker,evidence-origin,1
Young,young_20_29,5454,12358,2,3,2,True,0.4517112994185477,0.05,0.4017112994185477,3,3,3,1.244500756263733,0.035080380737781525,False,target,correct,1
Young,young_20_29,5455,14832,2,0,0,False,0.6021585167854476,0.04,0.5621585167854476,0,0,0,1.2778916358947754,0.029851019382476807,False,flanker,evidence-origin,3
Young,young_20_29,5458,1794,2,3,3,False,0.6785014470974673,0.06,0.6185014470974672,3,3,3,1.20940101146698,0.03684733808040619,False,flanker,evidence-origin,4
Young,young_20_29,5459,7468,3,2,3,True,0.5990825467942501,0.11,0.4890825467942501,2,2,2,0.7931181788444519,0.04109795391559601,False,target,correct,3
Young,young_20_29,5461,169417,0,1,0,True,0.8970427575452339,0.18,0.7170427575452338,1,1,1,0.24133852124214172,0.037715837359428406,False,target,correct,5
Young,young_20_29,5466,69734,3,0,0,False,0.6626162923069258,0.04,0.6226162923069257,0,0,0,1.679931402206421,0.036620885133743286,False,flanker,evidence-origin,4
Young,young_20_29,5468,24785,0,1,0,True,0.4687830820119774,0.04,0.4287830820119774,1,1,1,1.3170236349105835,0.030449070036411285,False,target,correct,1
Young,young_20_29,5470,18786,2,3,3,False,0.747756048905547,0.07,0.677756048905547,3,3,3,1.0562114715576172,0.0366683229804039,False,flanker,evidence-origin,5
Young,young_20_29,5471,14833,2,1,2,True,0.7360174462644826,0.08,0.6560174462644827,1,1,1,0.7725018858909607,0.030911438167095184,False,target,correct,4
Young,young_20_29,5477,34211,0,1,0,True,0.6582806486336196,0.03,0.6282806486336195,1,1,1,1.8535270690917969,0.03418727219104767,False,target,correct,3
Young,young_20_29,5478,70596,0,3,0,True,0.5081309529298946,0.08,0.4281309529298946,3,3,3,0.6748275756835938,0.03076954185962677,False,target,correct,1
Young,young_20_29,5479,21877,3,1,3,True,0.946436743780618,0.15,0.796436743780618,1,1,1,0.09033328294754028,0.023547060787677765,False,target,correct,5
Young,young_20_29,5482,12139,2,0,0,False,0.7056938897032816,0.06,0.6456938897032816,0,0,0,0.989872395992279,0.03153830021619797,False,flanker,evidence-origin,4
Young,young_20_29,5483,7507,1,2,1,True,0.6949249592649852,0.06,0.6349249592649853,2,2,2,0.7775293588638306,0.02713049203157425,False,target,correct,4
Young,young_20_29,5484,21823,3,1,3,True,0.5568570382470293,0.06,0.49685703824702926,1,1,1,0.6510610580444336,0.022826962172985077,False,target,correct,2
Young,young_20_29,5488,160247,2,1,2,True,0.4693813852998854,0.08,0.38938138529988536,1,1,1,0.8410219550132751,0.03419874608516693,False,target,correct,1
Young,young_20_29,5489,12710,3,2,3,True,0.35881928414569053,0.06,0.29881928414569053,2,2,2,1.3158366680145264,0.039294444024562836,False,target,correct,1
Young,young_20_29,5493,19890,3,0,0,False,0.6549742791094219,0.05,0.6049742791094218,0,0,0,1.518298864364624,0.03969278186559677,False,flanker,evidence-origin,3
Young,young_20_29,5495,159096,2,3,2,True,0.7241395540341783,0.07,0.6541395540341783,3,3,3,0.9397290349006653,0.03419101983308792,False,target,correct,4
Young,young_20_29,5497,10909,0,3,0,True,0.7958416528608784,0.29,0.5058416528608785,0,0,0,0.3814072608947754,0.006536513566970825,False,target,correct,5
Young,young_20_29,5499,34805,0,3,0,True,0.6270688746274398,0.08,0.5470688746274398,3,3,3,0.6782118082046509,0.032715022563934326,False,target,correct,3
Young,young_20_29,5502,30454,3,0,3,True,0.5644862109022809,0.08,0.4844862109022809,0,0,0,1.1062893867492676,0.04047815501689911,False,target,correct,2
Young,young_20_29,5504,11614,2,1,2,True,0.5609087125054082,0.08,0.4809087125054082,1,1,1,0.879438579082489,0.034933000802993774,False,target,correct,2
Young,young_20_29,5505,161880,0,1,0,True,1.1402310746729147,0.66,0.4802310746729147,0,0,0,0.8058344721794128,0.04404955357313156,False,target,correct,5
Young,young_20_29,5506,22576,3,0,3,True,0.493709719496002,0.05,0.443709719496002,0,0,0,1.4046872854232788,0.0364803820848465,False,target,correct,1
Young,young_20_29,5508,25278,3,2,3,True,0.7305611887947732,0.11,0.6205611887947732,2,2,2,0.6372761726379395,0.03563075512647629,False,target,correct,4
Young,young_20_29,5509,154419,3,0,3,True,0.7123580118498982,0.07,0.6423580118498982,0,0,0,0.8867003917694092,0.03308742493391037,False,target,correct,4
Young,young_20_29,5510,10983,3,1,1,False,0.5368642022255078,0.06,0.4768642022255078,1,1,1,0.9389832615852356,0.030567802488803864,False,flanker,evidence-origin,2
Young,young_20_29,5511,56520,2,0,2,True,0.7554302180871189,0.07,0.6854302180871188,0,0,0,0.7575489282608032,0.029121600091457367,False,target,correct,5
Young,young_20_29,5512,5466,2,1,2,True,0.6193374207421083,0.07,0.5493374207421082,1,1,1,0.9810636639595032,0.03480297327041626,False,target,correct,3
Young,young_20_29,5517,56623,3,0,0,False,0.5821326602990448,0.04,0.5421326602990447,0,0,0,1.5841474533081055,0.034912385046482086,False,flanker,evidence-origin,2
Young,young_20_29,5519,4778,2,3,2,True,0.7593470054855894,0.06,0.6993470054855895,3,3,3,1.0283234119415283,0.03284551203250885,False,target,correct,5
Young,young_20_29,5520,6554,2,1,2,True,0.5109245953691898,0.07,0.44092459536918976,1,1,1,0.9641673564910889,0.03326195478439331,False,target,correct,1
Young,young_20_29,5523,31231,2,0,2,True,0.5858326069291323,0.05,0.5358326069291323,0,0,0,0.9822782278060913,0.028541550040245056,False,target,correct,2
Young,young_20_29,5525,59220,2,1,2,True,0.5077516006574128,0.07,0.43775160065741275,1,1,1,0.9544950127601624,0.034310586750507355,False,target,correct,1
Young,young_20_29,5526,26761,2,1,2,True,0.6041526823572427,0.08,0.5241526823572428,1,1,1,0.9183404445648193,0.03588540852069855,False,target,correct,3
Young,young_20_29,5527,142,1,3,1,True,0.6304913835469313,0.06,0.5704913835469314,3,3,3,0.6525543928146362,0.025314398109912872,False,target,correct,3
Young,young_20_29,5531,164614,0,3,0,True,0.7950591784618526,0.09,0.7050591784618526,3,3,3,0.6809862852096558,0.03533565253019333,False,target,correct,5
Young,young_20_29,5532,124631,0,2,2,False,0.5860770617666596,0.11,0.47607706176665965,2,2,2,0.4856763184070587,0.028860047459602356,False,flanker,evidence-origin,2
Young,young_20_29,5533,18764,0,2,2,False,0.6366697411104077,0.15,0.4866697411104077,2,2,2,0.2971826195716858,0.028169840574264526,False,flanker,evidence-origin,3
Young,young_20_29,5534,58095,3,1,3,True,0.6516179595427651,0.07,0.5816179595427651,1,1,1,0.587051510810852,0.023687273263931274,False,target,correct,3
Young,young_20_29,5538,25217,3,2,3,True,0.7131674653168352,0.06,0.6531674653168351,2,2,2,1.2077288627624512,0.03732231259346008,False,target,correct,4
Young,young_20_29,5539,49319,2,1,1,False,0.4309096554702273,0.03,0.4009096554702273,1,1,1,1.7559936046600342,0.03278840333223343,False,flanker,evidence-origin,1
Young,young_20_29,5540,22603,0,2,2,False,0.7969162136255238,0.05,0.7469162136255237,2,2,2,1.1795939207077026,0.03190147876739502,False,flanker,evidence-origin,5
Young,young_20_29,5542,25292,1,0,1,True,0.4928522324724862,0.05,0.44285223247248623,0,0,0,1.1280643939971924,0.03229352831840515,False,target,correct,1
Young,young_20_29,5543,125351,2,3,2,True,0.9036638100200993,0.1,0.8036638100200993,3,3,3,0.7092983722686768,0.03540302813053131,False,target,correct,5
Young,young_20_29,5548,166579,1,0,1,True,0.6323704841636887,0.07,0.5623704841636887,0,0,0,1.0396325588226318,0.03653053939342499,False,target,correct,3
Young,young_20_29,5549,27494,0,3,0,True,0.8243254247239662,0.29,0.5343254247239662,0,0,0,0.4299837052822113,0.015933483839035034,False,target,correct,5
Young,young_20_29,5551,60704,1,2,1,True,0.31000001430511476,0.06,0.25000001430511476,2,2,2,1.13946533203125,0.03477253019809723,False,target,correct,1
Young,young_20_29,5552,155461,1,2,1,True,0.7233679529267868,0.09,0.6333679529267868,2,2,2,0.7432765960693359,0.034419454634189606,False,target,correct,4
Young,young_20_29,5556,139208,3,2,3,True,0.705025269058217,0.07,0.635025269058217,2,2,2,1.1412880420684814,0.0387587696313858,False,target,correct,4
Young,young_20_29,5557,32948,2,0,0,False,0.6920030216095547,0.05,0.6420030216095547,0,0,0,1.1834521293640137,0.033933356404304504,False,flanker,evidence-origin,4
Young,young_20_29,5559,133273,3,2,3,True,0.7031576469434329,0.12,0.5831576469434329,2,2,2,0.5571468472480774,0.03491973131895065,False,target,correct,4
Young,young_20_29,5560,29647,0,2,2,False,0.7774251115947346,0.13,0.6474251115947346,2,2,2,0.4465152323246002,0.029786482453346252,False,flanker,evidence-origin,5
Young,young_20_29,5562,73016,3,1,3,True,0.627392908299788,0.09,0.537392908299788,1,1,1,0.3799917697906494,0.02142561972141266,False,target,correct,3
Young,young_20_29,5563,84486,3,2,2,False,0.6165102603150375,0.07,0.5465102603150376,2,2,2,1.1102750301361084,0.038464367389678955,False,flanker,evidence-origin,3
Young,young_20_29,5567,160203,3,2,3,True,0.7421618581854951,0.11,0.6321618581854951,2,2,2,0.6915413737297058,0.03860141336917877,False,target,correct,5
Young,young_20_29,5568,57763,2,0,2,True,0.5753019106697782,0.05,0.5253019106697782,0,0,0,1.0794873237609863,0.03126208484172821,False,target,correct,2
Young,young_20_29,5570,115672,3,1,3,True,0.51049958859987,0.12,0.39049958859987,1,1,1,0.38223764300346375,0.027559228241443634,False,target,correct,1
Young,young_20_29,5571,144756,2,3,2,True,0.6264293869859402,0.09,0.5364293869859402,3,3,3,0.8862454891204834,0.03851460665464401,False,target,correct,3
Young,young_20_29,5572,129988,3,2,2,False,0.7793398665741479,0.08,0.6993398665741479,2,2,2,1.000072956085205,0.03858337551355362,False,flanker,evidence-origin,5
Young,young_20_29,5574,75711,2,3,3,False,0.664914976716668,0.03,0.634914976716668,3,3,3,1.6330597400665283,0.030420862138271332,False,flanker,evidence-origin,4
Young,young_20_29,5577,9596,1,0,1,True,0.6586999885122323,0.05,0.6086999885122323,0,0,0,1.1548924446105957,0.032624706625938416,False,target,correct,3
Young,young_20_29,5578,121463,3,1,3,True,0.8749866347130536,0.16,0.7149866347130536,1,3,1,0.07681918144226074,0.02023739367723465,False,target,correct,5
Young,young_20_29,5579,22273,1,0,1,True,0.7168138385595972,0.06,0.6568138385595972,0,0,0,1.2234331369400024,0.036820344626903534,False,target,correct,4
Young,young_20_29,5580,29779,0,1,0,True,1.408346994301028,0.73,0.6783469943010281,0,0,0,0.8419716954231262,0.0467766672372818,False,target,correct,5
Young,young_20_29,5581,50804,3,0,0,False,0.6024942222261693,0.08,0.5224942222261694,0,0,0,1.0533465147018433,0.039172254502773285,False,flanker,evidence-origin,3
Young,young_20_29,5583,120641,2,0,0,False,0.5004628554197286,0.07,0.43046285541972856,0,0,0,0.9748827219009399,0.03485514223575592,False,flanker,evidence-origin,1
Young,young_20_29,5584,89830,0,2,2,False,0.5708750860760304,0.06,0.5108750860760305,2,2,2,1.1990071535110474,0.03681522607803345,False,flanker,evidence-origin,2
Young,young_20_29,5588,6913,2,1,1,False,0.6344285152165625,0.07,0.5644285152165625,1,1,1,1.058745265007019,0.036358386278152466,False,flanker,evidence-origin,3
Young,young_20_29,5589,21171,1,2,1,True,0.7416376769383748,0.09,0.6516376769383748,2,2,2,0.8226121664047241,0.03676904737949371,False,target,correct,4
Young,young_20_29,5591,75,0,3,0,True,0.7564969958218837,0.09,0.6664969958218837,3,3,3,0.6300609111785889,0.032896943390369415,False,target,correct,5
Young,young_20_29,5592,18847,0,3,3,False,0.7857181397573814,0.06,0.7257181397573813,3,3,3,1.2270288467407227,0.038166292011737823,False,flanker,evidence-origin,5
Young,young_20_29,5594,150175,2,0,2,True,0.7710441799365421,0.06,0.7110441799365421,0,0,0,0.8116391897201538,0.02737918496131897,False,target,correct,5
Young,young_20_29,5595,20547,0,1,0,True,1.4914199982103682,0.78,0.7114199982103682,0,0,0,0.8935956954956055,0.04098805785179138,False,target,correct,5
Young,young_20_29,5596,121428,2,3,2,True,0.6335790132665352,0.09,0.5435790132665352,3,3,3,0.7732982039451599,0.03636907786130905,False,target,correct,3
Young,young_20_29,5598,197,3,0,3,True,0.6348779190137032,0.06,0.5748779190137032,0,0,0,1.265427589416504,0.03842901438474655,False,target,correct,3
Young,young_20_29,5601,158427,0,2,2,False,0.8596625316243581,0.08,0.7796625316243582,2,2,2,0.7724648714065552,0.03193202614784241,False,flanker,evidence-origin,5
Young,young_20_29,5602,130859,0,2,2,False,0.7004131199570396,0.05,0.6504131199570395,2,2,2,1.2232990264892578,0.032588422298431396,False,flanker,evidence-origin,4
Young,young_20_29,5603,5284,3,0,3,True,0.6297349109395871,0.05,0.5797349109395871,0,0,0,1.390551209449768,0.03540949523448944,False,target,correct,3
Young,young_20_29,5604,179127,1,3,3,False,0.6027988079894305,0.04,0.5627988079894305,3,3,3,1.0517113208770752,0.026932761073112488,False,flanker,evidence-origin,3
Young,young_20_29,5606,3487,3,0,3,True,0.7235995918022281,0.07,0.6535995918022282,0,0,0,1.175176978111267,0.03927292674779892,False,target,correct,4
Young,young_20_29,5608,45482,2,3,2,True,0.8596734187366444,0.15,0.7096734187366444,3,3,3,0.3567308187484741,0.034145474433898926,False,target,correct,5
Young,young_20_29,5609,32604,0,1,0,True,0.49115530382447636,0.1,0.3911553038244764,1,1,1,0.6463788747787476,0.03460568189620972,False,target,correct,1
Young,young_20_29,5614,5291,0,1,0,True,0.551084574400754,0.04,0.5110845744007539,1,1,1,1.5803853273391724,0.036699362099170685,False,target,correct,2
Young,young_20_29,5616,3586,0,3,3,False,0.8823149507423235,0.06,0.8223149507423235,3,3,3,1.1495487689971924,0.03556777536869049,False,flanker,evidence-origin,5
Young,young_20_29,5620,134695,1,2,1,True,0.587732581765951,0.07,0.517732581765951,2,2,2,0.7649132609367371,0.029959283769130707,False,target,correct,2
Young,young_20_29,5623,17529,2,0,2,True,0.6522565246635437,0.06,0.5922565246635436,0,0,0,0.8384308815002441,0.028382442891597748,False,target,correct,3
Young,young_20_29,5624,34517,0,3,3,False,0.6226244438264351,0.04,0.5826244438264351,3,3,3,1.5648988485336304,0.03610662370920181,False,flanker,evidence-origin,3
Young,young_20_29,5625,137684,1,3,1,True,0.6921644748990765,0.07,0.6221644748990764,3,3,3,0.7901562452316284,0.030970953404903412,False,target,correct,4
Young,young_20_29,5627,51682,3,0,3,True,0.5979060784966933,0.06,0.5379060784966934,0,0,0,1.2600404024124146,0.03826214373111725,False,target,correct,3
Young,young_20_29,5628,52007,0,2,2,False,0.4916749141003043,0.07,0.4216749141003043,2,2,2,0.8428008556365967,0.03066807985305786,False,flanker,evidence-origin,1
Young,young_20_29,5631,80991,2,1,2,True,0.6428047047022464,0.09,0.5528047047022464,1,1,1,0.7683191895484924,0.03572653979063034,False,target,correct,3
Young,young_20_29,5639,26035,1,2,1,True,0.6195606876789997,0.07,0.5495606876789998,2,2,2,1.0460985898971558,0.03784980624914169,False,target,correct,3
Young,young_20_29,5641,74603,2,3,2,True,0.5750082302161902,0.09,0.4850082302161902,3,3,3,0.8274868130683899,0.036115214228630066,False,target,correct,2
Young,young_20_29,5642,58335,3,0,3,True,0.6716835152973796,0.06,0.6116835152973796,0,0,0,1.2627286911010742,0.037715598940849304,False,target,correct,4
Young,young_20_29,5643,170636,0,2,2,False,0.8010373207246381,0.12,0.6810373207246381,2,2,2,0.39580920338630676,0.029843643307685852,False,flanker,evidence-origin,5
Young,young_20_29,5645,62773,0,2,2,False,0.6271213324671745,0.08,0.5471213324671745,2,2,2,0.7975620031356812,0.033211901783943176,False,flanker,evidence-origin,3
Young,young_20_29,5650,10311,3,0,3,True,0.8810374288821261,0.05,0.8310374288821261,0,0,0,1.3487263917922974,0.0358002632856369,False,target,correct,5
Young,young_20_29,5652,17920,0,2,2,False,0.8426598653144729,0.11,0.7326598653144729,2,2,2,0.49187156558036804,0.030252769589424133,False,flanker,evidence-origin,5
Young,young_20_29,5653,49994,2,3,3,False,0.6217162867039904,0.06,0.5617162867039904,3,3,3,1.099702000617981,0.03395146131515503,False,flanker,evidence-origin,3
Young,young_20_29,5654,26632,1,0,0,False,0.6736023329596965,0.06,0.6136023329596965,0,0,0,1.3193756341934204,0.03891054540872574,False,flanker,evidence-origin,4
Young,young_20_29,5659,15642,1,2,1,True,0.658553078441536,0.12,0.538553078441536,2,2,2,0.399497389793396,0.03238467127084732,False,target,correct,3
Young,young_20_29,5661,18293,2,3,3,False,0.5367213501467822,0.06,0.47672135014678224,3,3,3,1.1322741508483887,0.03476876765489578,False,flanker,evidence-origin,2
Young,young_20_29,5664,107997,1,2,1,True,0.8196766518067122,0.09,0.7296766518067123,2,2,2,0.717402994632721,0.03524655103683472,False,target,correct,5
Young,young_20_29,5665,27479,3,1,3,True,0.7004274038511377,0.07,0.6304274038511377,1,1,1,0.7325602173805237,0.02801259607076645,False,target,correct,4
Young,young_20_29,5666,23368,0,1,0,True,0.6893765520312625,0.35000000000000003,0.33937655203126244,0,0,0,0.8311610817909241,0.020853914320468903,False,target,correct,4
Young,young_20_29,5667,20683,2,3,3,False,0.6486385769101634,0.05,0.5986385769101633,3,3,3,1.5299400091171265,0.03981313109397888,False,flanker,evidence-origin,3
Young,young_20_29,5669,17602,2,0,0,False,0.7515763043140494,0.05,0.7015763043140494,0,0,0,1.1710882186889648,0.03192824125289917,False,flanker,evidence-origin,5
Young,young_20_29,5672,151795,0,3,0,True,0.7410718475471065,0.21,0.5310718475471066,3,0,3,0.2106531262397766,0.021477781236171722,False,target,correct,4
Young,young_20_29,5673,17839,0,1,0,True,0.5778142992626863,0.04,0.5378142992626863,1,1,1,1.6088389158248901,0.037611790001392365,False,target,correct,2
Young,young_20_29,5674,82496,0,3,0,True,0.6493959314367719,0.06,0.5893959314367718,3,3,3,1.0412280559539795,0.034367479383945465,False,target,correct,3
Young,young_20_29,5676,149190,2,1,2,True,0.7341196171293273,0.06,0.6741196171293273,1,1,1,0.9587264657020569,0.030056744813919067,False,target,correct,4
Young,young_20_29,5677,19783,0,1,0,True,0.5733638905918507,0.11,0.4633638905918507,1,1,1,0.33297279477119446,0.030354604125022888,False,target,correct,2
Young,young_20_29,5678,29891,3,0,3,True,0.5815960223954553,0.07,0.5115960223954552,0,0,0,1.1810027360916138,0.04008425027132034,False,target,correct,2
Young,young_20_29,5684,14981,1,2,1,True,0.5328152375142949,0.05,0.48281523751429495,2,2,2,0.8895828127861023,0.027642428874969482,False,target,correct,2
Young,young_20_29,5685,10170,1,3,3,False,0.6188428870455708,0.06,0.5588428870455708,3,3,3,1.061663269996643,0.03430376201868057,False,flanker,evidence-origin,3
Young,young_20_29,5689,125936,0,2,2,False,0.4987406995130579,0.08,0.41874069951305787,2,2,2,0.6793020963668823,0.029044918715953827,False,flanker,evidence-origin,1
Young,young_20_29,5690,106588,1,2,1,True,0.7024094276940946,0.06,0.6424094276940946,2,2,2,1.1606967449188232,0.03595981001853943,False,target,correct,4
Young,young_20_29,5691,151431,1,2,1,True,0.5313697950586338,0.1,0.4313697950586338,2,2,2,0.5456541776657104,0.03481057286262512,False,target,correct,2
Young,young_20_29,5693,104651,1,3,3,False,0.7517089284082158,0.03,0.7217089284082158,3,3,3,1.2672854661941528,0.026048317551612854,False,flanker,evidence-origin,5
Young,young_20_29,5694,20917,0,1,0,True,0.6920329288188544,0.05,0.6420329288188543,1,1,1,1.3047690391540527,0.03543318063020706,False,target,correct,4
Young,young_20_29,5695,21948,2,1,1,False,0.5860114970931484,0.08,0.5060114970931484,1,1,1,0.9757252335548401,0.03695588558912277,False,flanker,evidence-origin,2
Young,young_20_29,5696,5534,1,0,1,True,0.6423023289969497,0.05,0.5923023289969497,0,0,0,1.2077358961105347,0.03422833979129791,False,target,correct,3
Young,young_20_29,5697,126840,1,0,0,False,0.6294277971126687,0.05,0.5794277971126687,0,0,0,1.460159182548523,0.03749993443489075,False,flanker,evidence-origin,3
Young,young_20_29,5698,18192,1,2,1,True,0.6036624452961948,0.1,0.5036624452961949,2,2,2,0.49028709530830383,0.03157702088356018,False,target,correct,3
Young,young_20_29,5700,188399,3,2,3,True,0.6156954901662366,0.08,0.5356954901662366,2,2,2,1.0646451711654663,0.040477171540260315,False,target,correct,3
Young,young_20_29,5701,6529,0,1,1,False,0.5509366358038057,0.13,0.4209366358038057,1,1,1,0.5481182932853699,0.03615289181470871,False,flanker,evidence-origin,2
Young,young_20_29,5703,29289,2,3,3,False,0.4943265763325565,0.06,0.4343265763325565,3,3,3,1.2108306884765625,0.036619290709495544,False,flanker,evidence-origin,1
Young,young_20_29,5707,4381,1,2,1,True,0.5915848163538372,0.09,0.5015848163538372,2,2,2,0.6671939492225647,0.03310198336839676,False,target,correct,2
Young,young_20_29,5709,9364,0,1,0,True,0.659028822294426,0.08,0.5790288222944261,1,1,1,0.7582715749740601,0.03158058226108551,False,target,correct,3
Young,young_20_29,5714,180555,0,3,3,False,0.6246654153946994,0.04,0.5846654153946994,3,3,3,1.6528517007827759,0.03751392662525177,False,flanker,evidence-origin,3
Young,young_20_29,5716,39307,0,3,0,True,0.6337882276142544,0.09,0.5437882276142544,3,3,3,0.6432784199714661,0.033848755061626434,False,target,correct,3
Young,young_20_29,5720,14303,2,0,2,True,0.3934390832646357,0.06,0.3334390832646357,0,0,0,0.8353534936904907,0.029275983572006226,False,target,correct,1
Young,young_20_29,5721,3605,0,3,0,True,0.5803770121626353,0.05,0.5303770121626352,3,3,3,1.3483738899230957,0.0358872190117836,False,target,correct,2
Young,young_20_29,5723,66510,0,1,0,True,1.4129991745160566,0.7000000000000001,0.7129991745160565,0,0,0,0.8497462272644043,0.04361589252948761,False,target,correct,5
Young,young_20_29,5724,90738,1,3,1,True,0.7717864084539879,0.05,0.7217864084539879,3,3,3,1.1253905296325684,0.03141701966524124,False,target,correct,5
Young,young_20_29,5725,25974,0,2,2,False,0.8177942364451946,0.19,0.6277942364451945,2,2,2,0.1479034423828125,0.02736961841583252,False,flanker,evidence-origin,5
Young,young_20_29,5726,29447,2,3,3,False,0.6576159282384179,0.04,0.6176159282384178,3,3,3,1.6821091175079346,0.036955736577510834,False,flanker,evidence-origin,3
Young,young_20_29,5728,128098,1,0,0,False,0.45647734963394354,0.04,0.41647734963394356,0,0,0,1.4614803791046143,0.03384959697723389,False,flanker,evidence-origin,1
Young,young_20_29,5734,178421,0,3,0,True,0.6851393924957109,0.11,0.5751393924957109,3,3,3,0.4274551272392273,0.03257372975349426,False,target,correct,4
Young,young_20_29,5735,15714,3,2,3,True,0.687338298727024,0.1,0.587338298727024,2,2,2,0.8392769694328308,0.03993598371744156,False,target,correct,4
Young,young_20_29,5739,28488,3,1,3,True,0.7602433959162263,0.07,0.6902433959162262,1,1,1,0.8454899787902832,0.030919261276721954,False,target,correct,5
Young,young_20_29,5740,10477,3,1,3,True,0.5446841087096538,0.06,0.4846841087096538,1,1,1,0.9018725752830505,0.030251339077949524,False,target,correct,2
Young,young_20_29,5743,151482,0,1,0,True,0.6531203426728512,0.09,0.5631203426728513,1,1,1,0.7348572015762329,0.0343826487660408,False,target,correct,3
Young,young_20_29,5744,22652,3,1,1,False,0.6616005562580466,0.06,0.6016005562580466,1,1,1,0.9826136231422424,0.031534068286418915,False,flanker,evidence-origin,4
Young,young_20_29,5745,16768,0,2,2,False,0.821106212285077,0.18,0.641106212285077,2,2,2,0.1875857710838318,0.028003007173538208,False,flanker,evidence-origin,5
Young,young_20_29,5747,33306,2,3,3,False,0.7829140473668317,0.04,0.7429140473668316,3,3,3,1.5984188318252563,0.03621333837509155,False,flanker,evidence-origin,5
Young,young_20_29,5752,34277,1,2,1,True,0.5411671375069076,0.09,0.4511671375069076,2,2,2,0.9996926188468933,0.04010090231895447,False,target,correct,2
Young,young_20_29,5754,172261,2,3,3,False,0.7406783933753872,0.06,0.6806783933753873,3,3,3,1.3568288087844849,0.03875458240509033,False,flanker,evidence-origin,4
Young,young_20_29,5755,6713,3,1,1,False,0.5094912234110962,0.08,0.4294912234110962,1,1,1,0.7244080901145935,0.0295259952545166,False,flanker,evidence-origin,1
Young,young_20_29,5756,146015,3,0,3,True,0.5773052569607044,0.04,0.5373052569607044,0,0,0,1.6299631595611572,0.03550954908132553,False,target,correct,2
Young,young_20_29,5758,111653,3,1,3,True,0.5100435798646805,0.06,0.4500435798646805,1,1,1,0.8431168794631958,0.028422541916370392,False,target,correct,1
Young,young_20_29,5759,17191,0,3,0,True,0.7276997434931896,0.08,0.6476997434931896,3,3,3,0.7666639089584351,0.034042373299598694,False,target,correct,4
Young,young_20_29,5760,78408,0,2,2,False,0.3200000047683716,0.07,0.2500000047683716,2,2,2,0.7905997037887573,0.029832251369953156,False,flanker,evidence-origin,1
Young,young_20_29,5762,29451,0,2,2,False,0.5891164003803147,0.09,0.4991164003803147,2,2,2,0.5884494781494141,0.02900838851928711,False,flanker,evidence-origin,2
Young,young_20_29,5763,105092,1,0,1,True,0.4939467234235687,0.05,0.4439467234235687,0,0,0,1.267971396446228,0.035718344151973724,False,target,correct,1
Young,young_20_29,5766,135781,2,1,2,True,0.6503170420873137,0.06,0.5903170420873136,1,1,1,1.1500706672668457,0.034546397626399994,False,target,correct,3
Young,young_20_29,5767,18058,1,0,1,True,0.43958042911104533,0.07,0.3695804291110453,0,0,0,1.0467671155929565,0.03740083426237106,False,target,correct,1
Young,young_20_29,5768,2089,1,0,1,True,0.4456324041205435,0.07,0.3756324041205435,0,0,0,1.1515597105026245,0.03906867653131485,False,target,correct,1
Young,young_20_29,5771,66891,3,0,3,True,0.4962776360132008,0.05,0.4462776360132008,0,0,0,1.477702260017395,0.03838343918323517,False,target,correct,1
Young,young_20_29,5772,131232,2,3,3,False,0.7170121216312727,0.08,0.6370121216312727,3,3,3,1.162240743637085,0.04246090352535248,False,flanker,evidence-origin,4
Young,young_20_29,5774,46797,3,2,2,False,0.8135424865176603,0.07,0.7435424865176603,2,2,2,1.1544636487960815,0.03933165222406387,False,flanker,evidence-origin,5
Young,young_20_29,5775,107009,0,3,0,True,0.5713943540944807,0.13,0.4413943540944807,3,3,3,0.11662930250167847,0.02820761501789093,False,target,correct,2
Young,young_20_29,5778,7309,3,0,0,False,0.40867575833455,0.04,0.36867575833455,0,0,0,1.5386648178100586,0.0351850688457489,False,flanker,evidence-origin,1
Young,young_20_29,5780,105016,1,0,1,True,0.6129730639255524,0.06,0.5529730639255523,0,0,0,1.2495847940444946,0.0383102223277092,False,target,correct,3
Young,young_20_29,5781,164606,3,1,3,True,0.6489171623695923,0.04,0.6089171623695923,1,1,1,1.068298578262329,0.026957400143146515,False,target,correct,3
Young,young_20_29,5784,113742,1,0,0,False,0.6346667386204844,0.06,0.5746667386204845,0,0,0,1.3169080018997192,0.03914995491504669,False,flanker,evidence-origin,3
Young,young_20_29,5785,52231,0,1,0,True,0.542707429763065,0.04,0.5027074297630649,1,1,1,1.6288363933563232,0.03704993426799774,False,target,correct,2
Young,young_20_29,5787,21907,1,2,1,True,0.7087875276717776,0.11,0.5987875276717776,2,2,2,0.4598614275455475,0.034562356770038605,False,target,correct,4
Young,young_20_29,5788,97331,1,0,1,True,0.6886109906230474,0.06,0.6286109906230475,0,0,0,1.170926809310913,0.03607238084077835,False,target,correct,4
Young,young_20_29,5791,95550,1,3,1,True,0.6170842271849779,0.06,0.5570842271849779,3,3,3,0.9310153126716614,0.031309574842453,False,target,correct,3
Young,young_20_29,5792,23139,1,3,3,False,0.6403517187937173,0.03,0.6103517187937173,3,3,3,1.2213168144226074,0.025778211653232574,False,flanker,evidence-origin,3
Young,young_20_29,5793,6588,3,0,0,False,0.6125026498504683,0.07,0.5425026498504684,0,0,0,1.1613322496414185,0.038269467651844025,False,flanker,evidence-origin,3
Young,young_20_29,5797,25500,3,2,3,True,0.5051772600051615,0.11,0.3951772600051615,2,2,2,0.7011459469795227,0.037924714386463165,False,target,correct,1
Young,young_20_29,5799,178685,2,1,2,True,0.6933807293615221,0.1,0.5933807293615221,1,1,1,0.6817595958709717,0.033212579786777496,False,target,correct,4
Young,young_20_29,5800,5247,1,3,1,True,0.5047537445861328,0.07,0.43475374458613275,3,3,3,0.688521146774292,0.02833104133605957,False,target,correct,1
Young,young_20_29,5801,1313,3,1,3,True,0.7193155049384884,0.14,0.5793155049384884,1,1,1,0.06055557727813721,0.02182188630104065,False,target,correct,4
Young,young_20_29,5802,21727,1,3,1,True,0.6410975234114619,0.07,0.5710975234114619,3,3,3,0.7771524786949158,0.0294356569647789,False,target,correct,3
Young,young_20_29,5803,15966,3,2,2,False,0.7966020244606682,0.06,0.7366020244606681,2,2,2,1.2472829818725586,0.03770434856414795,False,flanker,evidence-origin,5
Young,young_20_29,5804,80790,1,2,1,True,0.7112881809197753,0.07,0.6412881809197752,2,2,2,1.0302410125732422,0.037108972668647766,False,target,correct,4
Young,young_20_29,5805,125568,1,0,1,True,0.357253878684462,0.06,0.297253878684462,0,0,0,1.212843418121338,0.03668633848428726,False,target,correct,1
Young,young_20_29,5808,169423,1,2,1,True,0.7238357878786948,0.12,0.6038357878786949,2,2,2,0.3810029923915863,0.030956663191318512,False,target,correct,4
Young,young_20_29,5809,129295,1,3,1,True,0.5038528327453228,0.06,0.4438528327453228,3,3,3,1.1582854986190796,0.03701431304216385,False,target,correct,1
Young,young_20_29,5810,54331,3,0,3,True,0.6701950958422868,0.06,0.6101950958422868,0,0,0,1.2886537313461304,0.03876928240060806,False,target,correct,4
Young,young_20_29,5812,14658,1,0,0,False,0.5913787699652926,0.05,0.5413787699652926,0,0,0,1.24960458278656,0.03461126238107681,False,flanker,evidence-origin,2
Young,young_20_29,5815,2315,1,0,1,True,0.6728210423664509,0.07,0.6028210423664508,0,0,0,1.0575227737426758,0.038497962057590485,False,target,correct,4
Young,young_20_29,5819,160207,1,3,3,False,0.5774847312211707,0.07,0.5074847312211708,3,3,3,1.0137104988098145,0.036545537412166595,False,flanker,evidence-origin,2
Young,young_20_29,5820,90019,3,2,3,True,0.4344484864137758,0.08,0.3544484864137758,2,2,2,1.0022677183151245,0.038707174360752106,False,target,correct,1
Young,young_20_29,5821,19921,2,0,2,True,0.45043522647687095,0.04,0.410435226476871,0,0,0,1.383123517036438,0.033262625336647034,False,target,correct,1
Young,young_20_29,5823,155012,2,1,2,True,0.8101247146882533,0.41000000000000003,0.4001247146882533,2,2,2,0.9088631272315979,0.023908108472824097,False,target,correct,5
Young,young_20_29,5824,159306,0,3,3,False,0.7037734602037129,0.04,0.6637734602037129,3,3,3,1.4857864379882812,0.035422638058662415,False,flanker,evidence-origin,4
Young,young_20_29,5825,9646,0,3,0,True,0.45826213249797443,0.07,0.3882621324979744,3,3,3,0.9812356233596802,0.03569363057613373,False,target,correct,1
Young,young_20_29,5826,7982,3,2,3,True,0.5396134280476914,0.09,0.44961342804769144,2,2,2,0.8415805101394653,0.03691759705543518,False,target,correct,2
Young,young_20_29,5832,5626,0,3,0,True,0.5678303563231106,0.07,0.4978303563231106,3,3,3,0.7854585647583008,0.03307143598794937,False,target,correct,2
Young,young_20_29,5834,41803,3,0,3,True,0.5474096264072413,0.09,0.45740962640724137,0,0,0,0.975040078163147,0.040532469749450684,False,target,correct,2
Young,young_20_29,5836,180199,2,1,2,True,0.4806811654479326,0.08,0.4006811654479326,1,1,1,0.9331431984901428,0.03632309287786484,False,target,correct,1
Young,young_20_29,5837,22385,0,1,0,True,0.7760449905412444,0.24,0.5360449905412444,1,1,1,0.10136359930038452,0.030003458261489868,False,target,correct,5
Young,young_20_29,5838,22897,3,2,2,False,0.40185680527561596,0.05,0.35185680527561597,2,2,2,1.4711437225341797,0.03811201453208923,False,flanker,evidence-origin,1
Young,young_20_29,5839,14506,0,1,0,True,0.7415999181053834,0.1,0.6415999181053834,1,1,1,0.598228931427002,0.03276009112596512,False,target,correct,4
Young,young_20_29,5843,3015,0,2,2,False,0.7293111395462524,0.16,0.5693111395462523,2,2,2,0.2198876440525055,0.027689486742019653,False,flanker,evidence-origin,4
Young,young_20_29,5847,31243,0,2,2,False,0.687237421485946,0.17,0.517237421485946,2,2,2,0.07033610343933105,0.022810161113739014,False,flanker,evidence-origin,4
Young,young_20_29,5848,144640,0,2,2,False,0.6756084710745293,0.14,0.5356084710745292,2,2,2,0.49917131662368774,0.03558139503002167,False,flanker,evidence-origin,4
Young,young_20_29,5849,43266,0,1,0,True,0.9219440134291652,0.23,0.6919440134291652,0,0,0,0.934159517288208,0.004502005875110626,False,target,correct,5
Young,young_20_29,5850,29269,3,2,3,True,0.7319886408987649,0.11,0.6219886408987649,2,2,2,0.7563433647155762,0.03922139108181,False,target,correct,4
Young,young_20_29,5851,158177,1,3,1,True,0.7615694187346781,0.13,0.6315694187346781,3,3,3,0.21955740451812744,0.026258669793605804,False,target,correct,5
Young,young_20_29,5852,178995,0,1,0,True,0.6813527285794949,0.11,0.5713527285794949,1,1,1,0.7284858822822571,0.03773631155490875,False,target,correct,4
Young,young_20_29,5855,91627,3,1,1,False,0.5555495118308112,0.03,0.5255495118308112,1,1,1,1.314119577407837,0.026464171707630157,False,flanker,evidence-origin,2
Young,young_20_29,5856,42838,3,2,3,True,0.6687273937434265,0.09,0.5787273937434265,2,2,2,0.9168829917907715,0.03863608092069626,False,target,correct,4
Young,young_20_29,5857,49759,3,2,3,True,0.732378727784396,0.08,0.6523787277843961,2,2,2,0.9290863871574402,0.03753640502691269,False,target,correct,4
Young,young_20_29,5858,24246,2,1,1,False,0.48420369143572994,0.03,0.4542036914357299,1,1,1,1.555213212966919,0.02887433022260666,False,flanker,evidence-origin,1
Young,young_20_29,5859,25911,3,2,3,True,0.8418492977659976,0.09,0.7518492977659976,2,2,2,0.8833537101745605,0.03967737406492233,False,target,correct,5
Young,young_20_29,5860,118517,0,1,0,True,0.6299803189455808,0.04,0.5899803189455808,1,1,1,1.552301049232483,0.03584838658571243,False,target,correct,3
Young,young_20_29,5870,137332,1,0,1,True,0.516574506658542,0.08,0.43657450665854197,0,0,0,0.927006721496582,0.037846408784389496,False,target,correct,1
Young,young_20_29,5871,80201,2,0,0,False,0.7134802178168848,0.04,0.6734802178168847,0,0,0,1.4080052375793457,0.03337395191192627,False,flanker,evidence-origin,4
Young,young_20_29,5872,119001,1,3,1,True,0.6612071760370926,0.05,0.6112071760370925,3,3,3,0.7690062522888184,0.02469794452190399,False,target,correct,4
Young,young_20_29,5874,20581,3,2,3,True,0.546571331718589,0.05,0.49657133171858897,2,2,2,1.368660569190979,0.03596342355012894,False,target,correct,2
Young,young_20_29,5875,90941,0,3,0,True,0.5000000119209289,0.25,0.2500000119209289,0,0,0,0.5569518804550171,0.00727245956659317,False,target,correct,1
Young,young_20_29,5877,108981,3,1,3,True,0.6392570341628636,0.07,0.5692570341628636,1,1,1,0.7704207897186279,0.02933802455663681,False,target,correct,3
Young,young_20_29,5878,107963,1,2,1,True,0.7695297816243747,0.13,0.6395297816243747,2,2,2,0.054071128368377686,0.02685435116291046,False,target,correct,5
Young,young_20_29,5883,91070,2,0,2,True,0.5529653411145472,0.06,0.4929653411145472,0,0,0,1.0327730178833008,0.03392618149518967,False,target,correct,2
Young,young_20_29,5885,40774,3,2,2,False,0.46376636945718375,0.06,0.40376636945718375,2,2,2,1.3906745910644531,0.04143054038286209,False,flanker,evidence-origin,1
Young,young_20_29,5887,4850,0,2,2,False,0.6802698678343438,0.05,0.6302698678343438,2,2,2,1.1763635873794556,0.03197968006134033,False,flanker,evidence-origin,4
Young,young_20_29,5890,19579,0,2,2,False,0.6455377221711952,0.08,0.5655377221711952,2,2,2,0.7082105875015259,0.029820717871189117,False,flanker,evidence-origin,3
Young,young_20_29,5894,97130,1,2,1,True,0.6391664286198819,0.12,0.5191664286198819,2,2,2,0.16285419464111328,0.027500100433826447,False,target,correct,3
Young,young_20_29,5897,25250,0,2,2,False,0.5408591225712446,0.14,0.40085912257124456,2,2,2,0.5000683069229126,0.03413806110620499,False,flanker,evidence-origin,2
Young,young_20_29,5899,187409,0,2,0,True,0.6369464693617327,0.17,0.4669464693617327,2,2,2,0.23166421055793762,0.028400853276252747,False,target,correct,3
Young,young_20_29,5901,48327,2,3,2,True,0.5485419886983476,0.15,0.39854198869834756,3,3,3,0.22063028812408447,0.026266269385814667,False,target,correct,2
Young,young_20_29,5902,34872,3,2,2,False,0.8008967178214839,0.08,0.7208967178214839,2,2,2,1.0001665353775024,0.03891877084970474,False,flanker,evidence-origin,5
Young,young_20_29,5903,21105,1,3,1,True,0.5394506760133073,0.07,0.4694506760133073,3,3,3,0.8471086621284485,0.03173951804637909,False,target,correct,2
Young,young_20_29,5910,15762,3,1,3,True,0.667540054292615,0.08,0.587540054292615,1,1,1,0.7745916247367859,0.03297363221645355,False,target,correct,4
Young,young_20_29,5911,12889,0,3,3,False,0.597497516676735,0.04,0.557497516676735,3,3,3,1.4005869626998901,0.03243938088417053,False,flanker,evidence-origin,3
Young,young_20_29,5912,100185,0,3,0,True,0.7752599202745327,0.08,0.6952599202745328,3,3,3,0.7702019214630127,0.03527304530143738,False,target,correct,5
Young,young_20_29,5913,38752,0,1,0,True,0.6660558819152327,0.16,0.5060558819152327,1,1,1,0.12488263845443726,0.028899967670440674,False,target,correct,4
Young,young_20_29,5914,54017,1,2,1,True,0.8093796742058326,0.06,0.7493796742058325,2,2,2,0.708737850189209,0.02664262056350708,False,target,correct,5
Young,young_20_29,5915,31927,2,3,3,False,0.7612235077831918,0.07,0.6912235077831919,3,3,3,1.1113163232803345,0.03795364499092102,False,flanker,evidence-origin,5
Young,young_20_29,5918,161619,1,2,1,True,0.6250997765062233,0.06,0.5650997765062233,2,2,2,1.0302377939224243,0.033837176859378815,False,target,correct,3
Young,young_20_29,5922,34822,3,1,3,True,0.5191413215432708,0.03,0.4891413215432707,1,1,1,1.3543037176132202,0.027602441608905792,False,target,correct,1
Young,young_20_29,5923,26401,1,2,1,True,0.5789122076043818,0.14,0.43891220760438177,2,2,2,0.046116411685943604,0.02838338166475296,False,target,correct,2
Young,young_20_29,5926,22814,2,3,3,False,0.6275798093559184,0.05,0.5775798093559183,3,3,3,1.2794454097747803,0.033938392996788025,False,flanker,evidence-origin,3
Young,young_20_29,5927,23578,1,0,0,False,0.5401618417391744,0.05,0.4901618417391744,0,0,0,1.2832518815994263,0.03397587686777115,False,flanker,evidence-origin,2
Young,young_20_29,5928,155626,0,2,2,False,0.6349655345292635,0.13,0.5049655345292635,2,2,2,0.503449559211731,0.033788420259952545,False,flanker,evidence-origin,3
Young,young_20_29,5930,23103,2,1,2,True,0.6543661752221361,0.17,0.4843661752221361,1,1,1,0.023837625980377197,0.024981044232845306,False,target,correct,3
Young,young_20_29,5931,15651,1,2,1,True,0.4277042319658413,0.11,0.3177042319658413,2,2,2,0.19536662101745605,0.026895344257354736,False,target,correct,1
Young,young_20_29,5932,35181,0,2,2,False,0.4811275778265748,0.04,0.4411275778265748,2,2,2,1.3692779541015625,0.03114456683397293,False,flanker,evidence-origin,1
Young,young_20_29,5933,136591,0,2,2,False,0.7119062828906075,0.08,0.6319062828906076,2,2,2,0.7490763664245605,0.030832983553409576,False,flanker,evidence-origin,4
Young,young_20_29,5936,32727,0,2,2,False,0.5516676535237638,0.08,0.4716676535237638,2,2,2,0.7373696565628052,0.03041178733110428,False,flanker,evidence-origin,2
Young,young_20_29,5937,26558,1,0,1,True,0.5121508969100412,0.05,0.46215089691004124,0,0,0,1.3897956609725952,0.03615574538707733,False,target,correct,1
Young,young_20_29,5938,61608,0,3,0,True,0.5158921297334984,0.08,0.4358921297334984,3,3,3,0.7490425109863281,0.03365462273359299,False,target,correct,1
Young,young_20_29,5939,168951,2,3,2,True,0.6607028002442822,0.09,0.5707028002442822,3,3,3,0.9125174880027771,0.040123604238033295,False,target,correct,3
Young,young_20_29,5940,28015,0,2,2,False,0.5217829895199431,0.08,0.44178298951994305,2,2,2,0.7436355352401733,0.03196733444929123,False,flanker,evidence-origin,1
Young,young_20_29,5945,133251,2,1,2,True,0.6326526868658208,0.07,0.5626526868658208,1,1,1,1.0154986381530762,0.035158127546310425,False,target,correct,3
Young,young_20_29,5950,91377,1,2,1,True,0.7740183387055237,0.08,0.6940183387055238,2,2,2,0.5698448419570923,0.02922341227531433,False,target,correct,5
Young,young_20_29,5955,71695,3,2,3,True,0.9519525456466228,0.13,0.8219525456466228,2,2,2,0.6156627535820007,0.039592988789081573,False,target,correct,5
Young,young_20_29,5956,104473,1,2,1,True,0.8428390672086761,0.12,0.7228390672086761,2,2,2,0.38732948899269104,0.03122793138027191,False,target,correct,5
Young,young_20_29,5958,83879,1,0,0,False,0.6305824863884303,0.04,0.5905824863884303,0,0,0,1.6330219507217407,0.036617033183574677,False,flanker,evidence-origin,3
Young,young_20_29,5960,5273,2,1,2,True,0.8636998796027922,0.1,0.7636998796027922,1,1,1,0.6238080263137817,0.03471220284700394,False,target,correct,5
Young,young_20_29,5961,6583,0,2,0,True,0.4893623292317958,0.13,0.3593623292317958,2,2,2,0.46915188431739807,0.03322722017765045,False,target,correct,1
Young,young_20_29,5962,28844,2,1,2,True,0.659945456066955,0.08,0.579945456066955,1,1,1,0.8277028799057007,0.03239697217941284,False,target,correct,3
Young,young_20_29,5964,78320,0,1,0,True,0.8381728940962201,0.24,0.5981728940962201,0,0,0,1.103440284729004,0.016434811055660248,False,target,correct,5
Young,young_20_29,5967,13692,3,0,3,True,0.543166589097643,0.06,0.48316658909764304,0,0,0,1.2437111139297485,0.037322334945201874,False,target,correct,2
Young,young_20_29,5969,9341,2,0,2,True,0.9051971861085817,0.06,0.8451971861085816,0,0,0,0.9904590845108032,0.03174270689487457,False,target,correct,5
Young,young_20_29,5970,35949,2,0,2,True,0.5927673530537144,0.06,0.5327673530537145,0,0,0,0.9447685480117798,0.031509071588516235,False,target,correct,2
Young,young_20_29,5971,18667,3,1,3,True,0.6803245346628684,0.09,0.5903245346628684,1,1,1,0.6623198986053467,0.031468987464904785,False,target,correct,4
Young,young_20_29,5973,78546,1,0,0,False,0.4978457500498759,0.04,0.45784575004987593,0,0,0,1.563834547996521,0.03512856364250183,False,flanker,evidence-origin,1
Young,young_20_29,5974,117455,1,0,0,False,0.4478074032523032,0.05,0.39780740325230324,0,0,0,1.4673150777816772,0.038224294781684875,False,flanker,evidence-origin,1
Young,young_20_29,5975,8179,3,1,3,True,0.3976032388337526,0.07,0.3276032388337526,1,1,1,0.7660372853279114,0.029484525322914124,False,target,correct,1
Young,young_20_29,5976,61571,1,0,1,True,0.41461903640899783,0.07,0.3446190364089978,0,0,0,1.2172757387161255,0.04129524528980255,False,target,correct,1
Young,young_20_29,5977,17595,2,3,3,False,0.3860904116348653,0.06,0.3260904116348653,3,3,3,1.1185849905014038,0.03514987975358963,False,flanker,evidence-origin,1
Young,young_20_29,5979,3698,0,1,0,True,0.3499999761581421,0.1,0.2499999761581421,1,1,1,0.6987206935882568,0.03552013635635376,False,target,correct,1
Young,young_20_29,5981,124870,3,2,2,False,0.47945717543343436,0.06,0.41945717543343436,2,2,2,1.226721167564392,0.03667899966239929,False,flanker,evidence-origin,1
Young,young_20_29,5986,152030,2,3,3,False,0.6743043361589055,0.08,0.5943043361589055,3,3,3,0.8608015179634094,0.035335756838321686,False,flanker,evidence-origin,4
Young,young_20_29,5987,108625,2,0,0,False,0.7732858141014098,0.05,0.7232858141014098,0,0,0,1.155239224433899,0.03137355297803879,False,flanker,evidence-origin,5
Young,young_20_29,5988,126018,3,1,1,False,0.5585080975375496,0.04,0.5185080975375496,1,1,1,1.1351346969604492,0.02818313241004944,False,flanker,evidence-origin,2
Young,young_20_29,5993,130591,0,2,2,False,0.7572000158166918,0.12,0.6372000158166918,2,2,2,0.5415329933166504,0.032169587910175323,False,flanker,evidence-origin,5
Young,young_20_29,5995,13301,3,2,3,True,0.5141420621902506,0.06,0.4541420621902506,2,2,2,1.1783254146575928,0.036360450088977814,False,target,correct,1
Young,young_20_29,5999,34089,0,3,3,False,0.5010709590191749,0.04,0.4610709590191749,3,3,3,1.5695030689239502,0.03540570288896561,False,flanker,evidence-origin,1
Young,young_20_29,6001,26405,2,0,0,False,0.7717224347429295,0.05,0.7217224347429294,0,0,0,1.202375888824463,0.03290446102619171,False,flanker,evidence-origin,5
Young,young_20_29,6003,1125,0,2,2,False,0.5713277566989495,0.07,0.5013277566989496,2,2,2,0.7732318639755249,0.02941247820854187,False,flanker,evidence-origin,2
Young,young_20_29,6005,136580,2,3,2,True,0.7662729207024666,0.12,0.6462729207024666,3,3,3,0.5531887412071228,0.036369264125823975,False,target,correct,5
Young,young_20_29,6006,25433,2,3,2,True,0.6465748454777959,0.17,0.4765748454777958,3,3,3,0.3429301381111145,0.036741770803928375,False,target,correct,3
Young,young_20_29,6008,24557,2,1,1,False,0.5793992493505138,0.04,0.5393992493505138,1,1,1,1.491837501525879,0.03414367884397507,False,flanker,evidence-origin,2
Young,young_20_29,6010,74486,0,3,3,False,0.2900000333786011,0.04,0.2500000333786011,3,3,3,1.4934746026992798,0.03344486653804779,False,flanker,evidence-origin,1
Young,young_20_29,6012,99151,3,0,3,True,0.6048215920704706,0.08,0.5248215920704706,0,0,0,1.14414644241333,0.04070092737674713,False,target,correct,3
Young,young_20_29,6014,13227,0,2,2,False,0.7003752540321789,0.09,0.610375254032179,2,2,2,0.5373327732086182,0.026826687157154083,False,flanker,evidence-origin,4
Young,young_20_29,6021,156104,2,1,1,False,0.39148216965986227,0.03,0.36148216965986224,1,1,1,1.6187505722045898,0.029978513717651367,False,flanker,evidence-origin,1
Young,young_20_29,6022,6349,2,1,2,True,0.3911495903558534,0.08,0.3111495903558534,1,1,1,0.9752998948097229,0.03679679334163666,False,target,correct,1
Young,young_20_29,6023,12035,2,3,3,False,0.5831803623153663,0.04,0.5431803623153663,3,3,3,1.6583081483840942,0.03673335909843445,False,flanker,evidence-origin,2
Young,young_20_29,6024,25492,1,3,1,True,0.5085486547975802,0.07,0.43854865479758015,3,3,3,0.6324657201766968,0.028039053082466125,False,target,correct,1
Young,young_20_29,6025,305,1,2,1,True,0.6261838945704004,0.12,0.5061838945704004,2,2,2,0.38831594586372375,0.03376612067222595,False,target,correct,3
Young,young_20_29,6029,136410,3,0,3,True,0.5885150470368745,0.06,0.5285150470368745,0,0,0,1.24726140499115,0.038448408246040344,False,target,correct,2
Young,young_20_29,6030,181897,3,1,3,True,0.43222717927713583,0.1,0.33222717927713585,1,1,1,0.6987395286560059,0.034716472029685974,False,target,correct,1
Young,young_20_29,6031,156899,3,0,3,True,0.5773500094358875,0.08,0.49735000943588753,0,0,0,1.0288501977920532,0.0395069494843483,False,target,correct,2
Young,young_20_29,6034,15047,3,1,3,True,0.8350669812258062,0.03,0.8050669812258062,1,1,1,1.0743499994277954,0.022394925355911255,False,target,correct,5
Young,young_20_29,6036,25074,0,1,0,True,0.7677359455920045,0.13,0.6377359455920045,1,1,1,0.2966468334197998,0.029670998454093933,False,target,correct,5
Young,young_20_29,6038,21479,2,0,0,False,0.4519673902445146,0.06,0.3919673902445146,0,0,0,1.033199429512024,0.03243953734636307,False,flanker,evidence-origin,1
Young,young_20_29,6039,91088,3,1,1,False,0.7642629867701161,0.05,0.714262986770116,1,1,1,1.044553518295288,0.029679439961910248,False,flanker,evidence-origin,5
Young,young_20_29,6040,12507,3,0,3,True,0.6087944340123959,0.06,0.5487944340123958,0,0,0,1.1767475605010986,0.03568857163190842,False,target,correct,3
Young,young_20_29,6041,20204,1,3,1,True,0.5510560062323192,0.06,0.4910560062323192,3,3,3,1.0094341039657593,0.03334697335958481,False,target,correct,2
Young,young_20_29,6043,144930,3,0,3,True,0.5137750579661627,0.08,0.4337750579661627,0,0,0,1.0677446126937866,0.040278851985931396,False,target,correct,1
Young,young_20_29,6046,10781,1,2,1,True,0.7105695884706178,0.06,0.6505695884706177,2,2,2,0.7760395407676697,0.028373979032039642,False,target,correct,4
Young,young_20_29,6049,151831,0,3,3,False,0.8267385309318844,0.09,0.7367385309318845,3,3,3,0.6517964601516724,0.03335799276828766,False,flanker,evidence-origin,5
Young,young_20_29,6052,22195,1,3,3,False,0.8336776127061217,0.06,0.7736776127061218,3,3,3,0.9691250324249268,0.03154809772968292,False,flanker,evidence-origin,5
Young,young_20_29,6054,7154,1,0,0,False,0.7236979741829719,0.08,0.6436979741829719,0,0,0,1.1576565504074097,0.041728317737579346,False,flanker,evidence-origin,4
Young,young_20_29,6055,12035,2,0,0,False,0.5556432886176376,0.05,0.5056432886176375,0,0,0,1.2357094287872314,0.034885406494140625,False,flanker,evidence-origin,2
Young,young_20_29,6059,19107,0,3,0,True,1.441128991269449,0.7000000000000001,0.7411289912694489,0,0,0,0.881963849067688,0.026985570788383484,False,target,correct,5
Young,young_20_29,6060,132891,0,3,0,True,0.6360577300884954,0.11,0.5260577300884954,3,3,3,0.40003344416618347,0.03213755786418915,False,target,correct,3
Young,young_20_29,6061,152394,3,1,1,False,0.4380510425133006,0.06,0.37805104251330063,1,1,1,0.8923765420913696,0.029129914939403534,False,flanker,evidence-origin,1
Young,young_20_29,6062,3196,2,0,0,False,0.4514064894336245,0.04,0.4114064894336245,0,0,0,1.4277757406234741,0.03339233994483948,False,flanker,evidence-origin,1
Young,young_20_29,6063,15218,2,3,3,False,0.6229987470659342,0.06,0.5629987470659341,3,3,3,1.2398651838302612,0.03824649751186371,False,flanker,evidence-origin,3
Young,young_20_29,6064,18574,3,2,2,False,0.6792155175760236,0.05,0.6292155175760236,2,2,2,1.3079688549041748,0.03434709459543228,False,flanker,evidence-origin,4
Young,young_20_29,6065,22845,0,2,2,False,0.4807464912811775,0.08,0.4007464912811775,2,2,2,0.7442796230316162,0.031745150685310364,False,flanker,evidence-origin,1
Young,young_20_29,6066,7303,3,1,3,True,0.5108038762591819,0.07,0.4408038762591819,1,1,1,0.6388157606124878,0.025561250746250153,False,target,correct,1
Young,young_20_29,6068,8921,0,1,0,True,1.3658014880588076,0.79,0.5758014880588076,0,0,0,0.8635192513465881,0.04607343673706055,True,target,correct,5
Young,young_20_29,6072,11790,3,1,3,True,0.7976694809848266,0.09,0.7076694809848266,1,1,1,0.6108167171478271,0.030867546796798706,False,target,correct,5
Young,young_20_29,6073,12357,2,0,0,False,0.7894386249851326,0.06,0.7294386249851326,0,0,0,1.1286989450454712,0.035660818219184875,False,flanker,evidence-origin,5
Young,young_20_29,6075,57175,0,1,0,True,0.6149997483520994,0.05,0.5649997483520993,1,1,1,1.3679171800613403,0.03714512288570404,False,target,correct,3
Young,young_20_29,6076,5759,2,3,3,False,0.47915378158713373,0.07,0.4091537815871337,3,3,3,1.1215591430664062,0.03747265785932541,False,flanker,evidence-origin,1
Young,young_20_29,6077,5396,2,1,2,True,0.6145357325276349,0.08,0.534535732527635,1,1,1,0.9609870314598083,0.03669532388448715,False,target,correct,3
Young,young_20_29,6089,34689,1,0,0,False,0.3964299807262473,0.07,0.3264299807262473,0,0,0,1.2669237852096558,0.041713640093803406,False,flanker,evidence-origin,1
Young,young_20_29,6090,118510,0,2,2,False,0.6557021916020184,0.14,0.5157021916020184,2,2,2,0.2559923231601715,0.026065289974212646,False,flanker,evidence-origin,3
Young,young_20_29,6092,9965,0,2,2,False,0.6688956365226787,0.06,0.6088956365226788,2,2,2,1.0764689445495605,0.033534370362758636,False,flanker,evidence-origin,4
Young,young_20_29,6093,97803,3,2,2,False,0.6413288513127199,0.05,0.5913288513127198,2,2,2,1.4373352527618408,0.038264378905296326,False,flanker,evidence-origin,3
Young,young_20_29,6099,80187,2,0,0,False,0.6787058015959712,0.06,0.6187058015959712,0,0,0,1.0471954345703125,0.03402972221374512,False,flanker,evidence-origin,4
Young,young_20_29,6102,170296,1,3,1,True,0.5079119750704648,0.05,0.4579119750704648,3,3,3,1.2515689134597778,0.03344859182834625,False,target,correct,1
Young,young_20_29,6105,143585,0,1,0,True,0.738891143527698,0.12,0.618891143527698,1,1,1,0.733531653881073,0.042248211801052094,False,target,correct,4
Young,young_20_29,6109,131943,1,0,1,True,0.5839526340734755,0.06,0.5239526340734755,0,0,0,1.221868634223938,0.038207463920116425,False,target,correct,2
Young,young_20_29,6110,130866,1,0,1,True,0.7177940659397064,0.07,0.6477940659397063,0,0,0,1.1387724876403809,0.03856145590543747,False,target,correct,4
Young,young_20_29,6111,102270,3,2,3,True,0.3861899660099236,0.07,0.3161899660099236,2,2,2,1.1312973499298096,0.03850603848695755,False,target,correct,1
Young,young_20_29,6113,58765,0,1,0,True,0.5403144490211013,0.06,0.48031444902110126,1,1,1,1.0351608991622925,0.03321992605924606,False,target,correct,2
Young,young_20_29,6114,47393,3,2,3,True,0.4587936718197646,0.09,0.36879367181976463,2,2,2,0.7896983027458191,0.035877831280231476,False,target,correct,1
Young,young_20_29,6117,68033,0,3,0,True,0.41913099556159383,0.08,0.3391309955615938,3,3,3,0.7083545923233032,0.03315943479537964,False,target,correct,1
Young,young_20_29,6118,87116,0,2,2,False,0.5021552423142701,0.06,0.4421552423142701,2,2,2,1.1545600891113281,0.035599738359451294,False,flanker,evidence-origin,1
Young,young_20_29,6119,19451,3,2,3,True,0.7342521831029798,0.09,0.6442521831029798,2,2,2,0.8158215880393982,0.037410661578178406,False,target,correct,4
Young,young_20_29,6121,172936,3,2,2,False,0.5225842037520793,0.08,0.44258420375207924,2,2,2,1.0397913455963135,0.039155513048172,False,flanker,evidence-origin,2
Young,young_20_29,6123,12923,2,3,3,False,0.6075436605512267,0.04,0.5675436605512266,3,3,3,1.643486499786377,0.03524332493543625,False,flanker,evidence-origin,3
Young,young_20_29,6124,9007,1,0,0,False,0.49971146393338045,0.07,0.42971146393338044,0,0,0,1.2844725847244263,0.04261890798807144,False,flanker,evidence-origin,1
Young,young_20_29,6125,111913,2,1,2,True,0.733989170769127,0.09,0.643989170769127,1,1,1,0.8103285431861877,0.03573411703109741,False,target,correct,4
Young,young_20_29,6127,65398,2,3,3,False,0.46699798826744765,0.05,0.41699798826744766,3,3,3,1.5244125127792358,0.039035387337207794,False,flanker,evidence-origin,1
Young,young_20_29,6129,39306,2,1,2,True,0.6254030492640757,0.08,0.5454030492640758,1,1,1,0.9447569251060486,0.03612980246543884,False,target,correct,3
Young,young_20_29,6131,135652,1,2,1,True,0.588814328794648,0.07,0.5188143287946481,2,2,2,0.9314996600151062,0.035322777926921844,False,target,correct,2
Young,young_20_29,6132,90705,0,1,1,False,0.4250927283125949,0.06,0.3650927283125949,1,1,1,1.2801002264022827,0.03804970532655716,False,flanker,evidence-origin,1
Young,young_20_29,6136,4395,2,1,2,True,0.3897543506402764,0.07,0.3197543506402764,1,1,1,0.9649484157562256,0.03392918407917023,False,target,correct,1
Young,young_20_29,6138,168261,1,0,0,False,0.5533988860271115,0.04,0.5133988860271115,0,0,0,1.6637808084487915,0.038071103394031525,False,flanker,evidence-origin,2
Young,young_20_29,6139,111037,2,0,2,True,0.41066320516900606,0.05,0.3606632051690061,0,0,0,1.0863999128341675,0.031027354300022125,False,target,correct,1
Young,young_20_29,6140,5043,2,0,0,False,0.7194501791689448,0.04,0.6794501791689448,0,0,0,1.417030930519104,0.03217905014753342,False,flanker,evidence-origin,4
Young,young_20_29,6142,1211,2,3,2,True,0.9121300493500246,0.11,0.8021300493500246,3,3,3,0.6750879287719727,0.038076430559158325,False,target,correct,5
Young,young_20_29,6144,32326,2,0,2,True,0.5235414793994048,0.05,0.4735414793994048,0,0,0,1.1921017169952393,0.03423553705215454,False,target,correct,2
Young,young_20_29,6146,188194,2,1,2,True,0.6436156747431953,0.05,0.5936156747431952,1,1,1,1.2667843103408813,0.03311386704444885,False,target,correct,3
Young,young_20_29,6147,84672,1,3,3,False,0.6852758158260597,0.06,0.6252758158260596,3,3,3,1.0212846994400024,0.032012514770030975,False,flanker,evidence-origin,4
Young,young_20_29,6148,490,2,1,2,True,0.7415841792946418,0.06,0.6815841792946418,1,1,1,1.2017520666122437,0.03729631006717682,False,target,correct,4
Young,young_20_29,6152,23919,2,3,3,False,0.6550743631508879,0.09,0.5650743631508879,3,3,3,0.8720669150352478,0.03667442500591278,False,flanker,evidence-origin,3
Young,young_20_29,6154,26793,0,3,0,True,0.46352964130386587,0.06,0.40352964130386587,3,3,3,1.1462243795394897,0.037025392055511475,False,target,correct,1
Young,young_20_29,6159,15281,3,0,3,True,0.48778560333401666,0.07,0.41778560333401665,0,0,0,1.1900286674499512,0.03935829550027847,False,target,correct,1
Young,young_20_29,6161,22716,0,3,0,True,0.907958728099081,0.42,0.487958728099081,3,3,3,0.5652092099189758,0.026142701506614685,False,target,correct,5
Young,young_20_29,6163,60043,1,2,1,True,0.4891733312773814,0.09,0.3991733312773814,2,2,2,0.8922922015190125,0.03872346132993698,False,target,correct,1
Young,young_20_29,6165,187714,1,0,0,False,0.639345148405298,0.03,0.609345148405298,0,0,0,1.7373794317245483,0.031708523631095886,False,flanker,evidence-origin,3
Young,young_20_29,6166,15413,3,0,3,True,0.7826437072507431,0.08,0.7026437072507431,0,0,0,1.0134621858596802,0.03879426419734955,False,target,correct,5
Young,young_20_29,6167,91512,2,0,2,True,0.6195544345334859,0.06,0.559554434533486,0,0,0,1.0118343830108643,0.0333428680896759,False,target,correct,3
Young,young_20_29,6168,126910,3,0,3,True,0.6930792666739506,0.09,0.6030792666739506,0,0,0,0.64532870054245,0.032198622822761536,False,target,correct,4
Young,young_20_29,6169,80664,0,1,0,True,1.5300000190734864,0.68,0.8500000190734863,0,0,0,0.8278303146362305,0.04465017467737198,False,target,correct,5
Young,young_20_29,6170,129608,2,3,2,True,0.7220804036043235,0.07,0.6520804036043235,3,3,3,1.0517094135284424,0.03772682696580887,False,target,correct,4
Young,young_20_29,6173,14376,3,0,3,True,0.4481245363362441,0.07,0.3781245363362441,0,0,0,1.1847349405288696,0.0386052131652832,False,target,correct,1
Young,young_20_29,6175,69253,2,3,3,False,0.6450456308990505,0.07,0.5750456308990506,3,3,3,1.032185435295105,0.03591623902320862,False,flanker,evidence-origin,3
Young,young_20_29,6177,126614,0,2,2,False,0.7075114311189139,0.07,0.6375114311189138,2,2,2,0.9847185611724854,0.03545711934566498,False,flanker,evidence-origin,4
Young,young_20_29,6178,17779,3,2,3,True,0.5458671738213329,0.1,0.4458671738213329,2,2,2,0.754256010055542,0.0369950607419014,False,target,correct,2
Young,young_20_29,6183,72573,1,2,1,True,0.6932305061603976,0.07,0.6232305061603975,2,2,2,0.7829190492630005,0.030726097524166107,False,target,correct,4
Young,young_20_29,6185,20346,0,3,0,True,0.8465063583087421,0.1,0.7465063583087421,3,3,3,0.5303832292556763,0.033507347106933594,False,target,correct,5
Young,young_20_29,6187,13375,3,0,3,True,0.6985848641917574,0.05,0.6485848641917573,0,0,0,1.3721802234649658,0.03623040020465851,False,target,correct,4
Young,young_20_29,6189,20717,0,3,0,True,0.5721005729040478,0.14,0.4321005729040478,3,3,3,0.2500176429748535,0.02738204598426819,False,target,correct,2
Young,young_20_29,6190,24203,0,1,0,True,0.6386289673495801,0.09,0.5486289673495801,1,1,1,0.7837322354316711,0.03503470867872238,False,target,correct,3
Young,young_20_29,6191,5405,2,1,2,True,0.6113973190943819,0.08,0.5313973190943819,1,1,1,0.8638609647750854,0.03549238294363022,False,target,correct,3
Young,young_20_29,6193,30620,2,3,2,True,0.8056334589071685,0.08,0.7256334589071686,3,3,3,0.8874764442443848,0.03665688633918762,False,target,correct,5
Young,young_20_29,6198,14236,1,3,1,True,0.5994781535288498,0.06,0.5394781535288498,3,3,3,0.8460367918014526,0.029033072292804718,False,target,correct,3
Young,young_20_29,6199,99165,2,1,2,True,0.39311936037968703,0.08,0.313119360379687,1,1,1,0.9489672183990479,0.037545256316661835,False,target,correct,1
Young,young_20_29,6201,23211,0,2,0,True,0.9157588727574324,0.25,0.6657588727574324,2,2,2,0.023510783910751343,0.02236996591091156,False,target,correct,5
Young,young_20_29,6203,90264,1,2,1,True,0.4477295665008949,0.05,0.3977295665008949,2,2,2,1.0309749841690063,0.029712162911891937,False,target,correct,1
Young,young_20_29,6207,1556,0,2,2,False,0.7683159653682883,0.14,0.6283159653682883,2,2,2,0.3652309775352478,0.03197019547224045,False,flanker,evidence-origin,5
Young,young_20_29,6211,29620,2,1,2,True,0.4423012182541511,0.06,0.3823012182541511,1,1,1,1.2249259948730469,0.0371561199426651,False,target,correct,1
Young,young_20_29,6212,2092,3,2,3,True,0.6760234096223057,0.09,0.5860234096223057,2,2,2,0.9272697567939758,0.03980320692062378,False,target,correct,4
Young,young_20_29,6213,78298,0,1,0,True,0.6013677032019534,0.07,0.5313677032019535,1,1,1,0.8723075985908508,0.03218529373407364,False,target,correct,3
Young,young_20_29,6218,64471,0,3,3,False,0.723423443064151,0.05,0.6734234430641509,3,3,3,1.2061103582382202,0.03327557444572449,False,flanker,evidence-origin,4
Young,young_20_29,6219,48935,1,0,1,True,0.6249461302598991,0.05,0.574946130259899,0,0,0,1.3151934146881104,0.03648421913385391,False,target,correct,3
Young,young_20_29,6220,2846,3,0,0,False,0.549525122828091,0.04,0.5095251228280909,0,0,0,1.6410585641860962,0.036208465695381165,False,flanker,evidence-origin,2
Young,young_20_29,6221,67743,1,0,0,False,0.6356341150411138,0.05,0.5856341150411137,0,0,0,1.4749749898910522,0.03738395869731903,False,flanker,evidence-origin,3
Young,young_20_29,6224,8058,2,3,2,True,0.7029486875311274,0.11,0.5929486875311274,3,3,3,0.5250009298324585,0.032312795519828796,False,target,correct,4
Young,young_20_29,6227,71170,1,2,1,True,0.615173653438915,0.13,0.48517365343891494,2,2,2,0.3152729272842407,0.03138894587755203,False,target,correct,3
Young,young_20_29,6229,127314,0,2,2,False,0.6452460523148178,0.09,0.5552460523148178,2,2,2,0.83624666929245,0.03611152619123459,False,flanker,evidence-origin,3
Young,young_20_29,6230,7852,1,3,3,False,0.8779835903009108,0.06,0.8179835903009107,3,3,3,0.9270413517951965,0.030311420559883118,False,flanker,evidence-origin,5
Young,young_20_29,6231,27346,1,2,1,True,0.8586166905071563,0.09,0.7686166905071563,2,2,2,0.6769536733627319,0.03284868597984314,False,target,correct,5
Young,young_20_29,6233,167995,2,3,2,True,0.7162541613364392,0.13,0.5862541613364392,3,3,3,0.4853416383266449,0.033934250473976135,False,target,correct,4
Young,young_20_29,6234,182481,0,3,3,False,0.6233498758513093,0.04,0.5833498758513093,3,3,3,1.3934199810028076,0.0320894792675972,False,flanker,evidence-origin,3
Young,young_20_29,6236,83662,3,0,3,True,0.6106739200983341,0.06,0.5506739200983342,0,0,0,1.2264511585235596,0.037376053631305695,False,target,correct,3
Young,young_20_29,6239,98984,0,3,0,True,0.5500094719867071,0.12,0.43000947198670714,3,3,3,0.3236009478569031,0.03170102834701538,False,target,correct,2
Young,young_20_29,6240,122948,0,2,0,True,0.7166691765776388,0.2,0.5166691765776388,2,2,2,0.059364259243011475,0.023316845297813416,False,target,correct,4
Young,young_20_29,6241,60291,1,3,3,False,0.6038452504235701,0.06,0.54384525042357,3,3,3,0.9959213733673096,0.032244935631752014,False,flanker,evidence-origin,3
Young,young_20_29,6246,28532,2,1,2,True,0.6440138443999974,0.11,0.5340138443999974,1,1,1,0.6970237493515015,0.036377668380737305,False,target,correct,3
Young,young_20_29,6248,98031,0,1,0,True,0.9495314810538995,0.17,0.7795314810538995,1,1,1,0.3993642330169678,0.03518054634332657,False,target,correct,5
Young,young_20_29,6252,158129,1,2,1,True,0.4643419101022186,0.1,0.3643419101022186,2,2,2,0.5033398866653442,0.03295397758483887,False,target,correct,1
Young,young_20_29,6253,13139,3,0,3,True,0.7244799730432607,0.08,0.6444799730432608,0,0,0,1.084882378578186,0.04118695855140686,False,target,correct,4
Young,young_20_29,6256,2145,0,1,0,True,0.6663901301830555,0.21,0.4563901301830555,1,0,1,0.019450366497039795,0.024550892412662506,False,target,correct,4
Young,young_20_29,6258,2248,2,3,2,True,0.5270401358374418,0.08,0.4470401358374418,3,3,3,0.8807998299598694,0.03578746318817139,False,target,correct,2
Young,young_20_29,6259,12367,2,0,0,False,0.6425051695323453,0.06,0.5825051695323453,0,0,0,1.0480931997299194,0.03333636373281479,False,flanker,evidence-origin,3
Young,young_20_29,6260,107073,2,0,2,True,0.5595300150245106,0.08,0.4795300150245106,0,0,0,0.6450237035751343,0.02871938794851303,False,target,correct,2
Young,young_20_29,6261,15258,1,2,1,True,0.5165558715918663,0.07,0.4465558715918663,2,2,2,0.9730479121208191,0.03596013784408569,False,target,correct,1
Young,young_20_29,6265,25156,1,2,1,True,0.5302009081904955,0.07,0.4602009081904955,2,2,2,0.8449206352233887,0.033132411539554596,False,target,correct,2
Young,young_20_29,6266,118638,2,0,2,True,0.5846858048537026,0.05,0.5346858048537025,0,0,0,1.224711537361145,0.034896835684776306,False,target,correct,2
Young,young_20_29,6268,123461,1,2,1,True,0.7019306884378999,0.09,0.6119306884378999,2,2,2,0.7299444675445557,0.034165821969509125,False,target,correct,4
Young,young_20_29,6269,17616,0,2,2,False,0.7699554876770491,0.07,0.6999554876770491,2,2,2,1.054042935371399,0.03742627054452896,False,flanker,evidence-origin,5
Young,young_20_29,6271,8112,0,2,2,False,0.7400920113729474,0.15,0.5900920113729474,2,2,2,0.39654475450515747,0.03179311752319336,False,flanker,evidence-origin,4
Young,young_20_29,6272,172986,2,0,2,True,0.5565563155490715,0.07,0.48655631554907147,0,0,0,0.7707622051239014,0.029855720698833466,False,target,correct,2
Young,young_20_29,6273,26186,2,1,2,True,0.9250559708596156,0.33,0.5950559708596155,2,2,2,0.8830042481422424,0.0198662206530571,False,target,correct,5
Young,young_20_29,6275,133295,1,0,0,False,0.47860078286970376,0.07,0.40860078286970375,0,0,0,1.1754578351974487,0.04072023183107376,False,flanker,evidence-origin,1
Young,young_20_29,6276,81743,2,3,2,True,0.4819371431791847,0.13,0.3519371431791847,3,3,3,0.5850852727890015,0.03750886023044586,False,target,correct,1
Young,young_20_29,6281,29836,1,0,0,False,0.4955679352471528,0.05,0.4455679352471528,0,0,0,1.5634280443191528,0.03924763202667236,False,flanker,evidence-origin,1
Young,young_20_29,6287,85765,2,0,0,False,0.7710220036222479,0.05,0.7210220036222479,0,0,0,1.1588993072509766,0.032796166837215424,False,flanker,evidence-origin,5
Young,young_20_29,6288,27435,2,3,2,True,0.5902660018020185,0.11,0.4802660018020185,3,3,3,0.8481481075286865,0.04161082208156586,False,target,correct,2
Young,young_20_29,6289,81907,0,1,0,True,0.6978909999648932,0.08,0.6178909999648933,1,1,1,0.8449690937995911,0.03363828361034393,False,target,correct,4
Young,young_20_29,6295,1806,1,3,3,False,0.6268153885540311,0.04,0.586815388554031,3,3,3,1.4385579824447632,0.033805206418037415,False,flanker,evidence-origin,3
Young,young_20_29,6299,19976,1,0,0,False,0.49544079336128943,0.06,0.43544079336128944,0,0,0,1.377589464187622,0.03995310515165329,False,flanker,evidence-origin,1
Young,young_20_29,6305,2948,2,3,2,True,0.5525190657506065,0.08,0.4725190657506065,3,3,3,0.8679841756820679,0.03612976521253586,False,target,correct,2
Young,young_20_29,6307,72227,0,1,0,True,0.5456011356315285,0.07,0.47560113563152845,1,1,1,0.836453378200531,0.03155980259180069,False,target,correct,2
Young,young_20_29,6309,47998,0,3,0,True,0.8884106258597793,0.3,0.5884106258597792,0,0,0,0.16553637385368347,0.0067275166511535645,False,target,correct,5
Young,young_20_29,6311,35584,3,1,3,True,1.0179400779311893,0.25,0.7679400779311893,3,3,3,0.7934958934783936,0.016558825969696045,False,target,correct,5
Young,young_20_29,6312,34814,1,3,1,True,0.5938074199863796,0.06,0.5338074199863796,3,3,3,1.0323961973190308,0.033382147550582886,False,target,correct,2
Young,young_20_29,6314,56292,0,3,0,True,0.6618128417167439,0.16,0.5018128417167439,3,3,3,0.005854487419128418,0.025726832449436188,False,target,correct,4
Young,young_20_29,6315,82270,3,1,3,True,0.48044055289692583,0.05,0.43044055289692584,1,1,1,1.0229074954986572,0.028799094259738922,False,target,correct,1
Young,young_20_29,6316,1497,0,3,0,True,0.5933371162968815,0.1,0.4933371162968815,3,3,3,0.6534209251403809,0.037339091300964355,False,target,correct,2
Young,young_20_29,6317,10373,2,1,2,True,0.7146200108153594,0.03,0.6846200108153594,1,1,1,1.6193866729736328,0.030049048364162445,False,target,correct,4
Young,young_20_29,6320,143748,3,0,3,True,0.5906405338640611,0.08,0.5106405338640612,0,0,0,0.7938785552978516,0.03361838310956955,False,target,correct,2
Young,young_20_29,6322,91854,0,2,0,True,1.0618058618809985,0.22,0.8418058618809985,2,0,2,0.013738155364990234,0.020071081817150116,False,target,correct,5
Young,young_20_29,6326,18852,0,3,0,True,0.47593490688956297,0.08,0.39593490688956295,3,3,3,0.7515038251876831,0.033794380724430084,False,target,correct,1
Young,young_20_29,6327,48161,3,0,3,True,0.8752985084482514,0.05,0.8252985084482514,0,0,0,1.5752084255218506,0.04064074903726578,False,target,correct,5
Young,young_20_29,6332,24672,0,1,0,True,1.3267659456507837,0.64,0.6867659456507836,0,0,0,0.8337476849555969,0.04683513194322586,False,target,correct,5
Young,young_20_29,6334,6167,0,3,0,True,0.5089722839845546,0.06,0.44897228398455463,3,3,3,1.1353341341018677,0.03569386899471283,False,target,correct,1
Young,young_20_29,6336,110433,2,0,2,True,0.7552961518426932,0.04,0.7152961518426931,0,0,0,1.3468718528747559,0.031201593577861786,False,target,correct,5
Young,young_20_29,6345,27300,0,1,0,True,0.4829165776059386,0.08,0.4029165776059386,1,1,1,1.0079962015151978,0.03827635943889618,False,target,correct,1
Young,young_20_29,6346,145661,0,3,0,True,0.8041583818808601,0.11,0.6941583818808601,3,3,3,0.48971083760261536,0.03378566354513168,False,target,correct,5
Young,young_20_29,6347,12182,3,1,3,True,1.025164281704772,0.3,0.7251642817047719,3,3,3,0.6214655041694641,0.010194838047027588,False,target,correct,5
Young,young_20_29,6349,23310,0,1,0,True,0.5743160225255919,0.03,0.5443160225255919,1,1,1,1.6775392293930054,0.03078431636095047,False,target,correct,2
Young,young_20_29,6352,89859,3,1,1,False,0.5656215020600787,0.05,0.5156215020600786,1,1,1,0.9050166010856628,0.025840744376182556,False,flanker,evidence-origin,2
Young,young_20_29,6354,142298,3,0,3,True,0.6078100168825187,0.06,0.5478100168825186,0,0,0,1.3300186395645142,0.03885296732187271,False,target,correct,3
Young,young_20_29,6355,20826,1,2,1,True,0.513188612992198,0.08,0.43318861299219796,2,2,2,0.9437423348426819,0.03684772551059723,False,target,correct,1
Young,young_20_29,6356,25009,0,1,0,True,1.532936437408668,0.78,0.752936437408668,0,0,0,0.8545850515365601,0.046920448541641235,False,target,correct,5
Young,young_20_29,6358,7664,3,0,3,True,0.6212444036086967,0.06,0.5612444036086968,0,0,0,1.2242625951766968,0.03683909773826599,False,target,correct,3
Young,young_20_29,6359,1211,3,2,3,True,0.5516723654078856,0.06,0.49167236540788556,2,2,2,1.1704484224319458,0.035960838198661804,False,target,correct,2
Young,young_20_29,6361,9006,2,0,2,True,0.5115531970498888,0.06,0.4515531970498888,0,0,0,0.9047235250473022,0.02955836057662964,False,target,correct,1
Young,young_20_29,6362,12356,1,2,1,True,0.5340909557875144,0.11,0.42409095578751443,2,2,2,0.3966326117515564,0.03189391642808914,False,target,correct,2
Young,young_20_29,6365,182436,3,1,3,True,1.0369847419243077,0.3,0.7369847419243076,3,3,3,0.6483567953109741,0.009186692535877228,False,target,correct,5
Young,young_20_29,6367,73491,3,2,3,True,0.7223310865975427,0.08,0.6423310865975428,2,2,2,1.0072219371795654,0.03852829337120056,False,target,correct,4
Young,young_20_29,6368,103891,2,3,3,False,0.2981731504180148,0.04,0.2581731504180148,3,3,3,1.757525086402893,0.03814791887998581,False,flanker,evidence-origin,1
Young,young_20_29,6371,24980,0,1,0,True,0.5318351072041219,0.16,0.37183510720412183,1,1,1,0.1800684630870819,0.030290797352790833,False,target,correct,2
Young,young_20_29,6372,130951,0,2,2,False,0.5206759356174835,0.11,0.4106759356174835,2,2,2,0.6132503151893616,0.03268688917160034,False,flanker,evidence-origin,1
Young,young_20_29,6374,87922,3,0,3,True,0.5783680674857302,0.07,0.5083680674857303,0,0,0,1.2124505043029785,0.03982549160718918,False,target,correct,2
Young,young_20_29,6375,10677,1,0,0,False,0.6696850548738268,0.04,0.6296850548738268,0,0,0,1.6370519399642944,0.0363294780254364,False,flanker,evidence-origin,4
Young,young_20_29,6377,86133,2,0,0,False,0.6101938916594972,0.06,0.5501938916594973,0,0,0,1.0003917217254639,0.031656377017498016,False,flanker,evidence-origin,3
Young,young_20_29,6378,35400,3,0,0,False,0.4591200961752706,0.05,0.4091200961752706,0,0,0,1.5216425657272339,0.03871551901102066,False,flanker,evidence-origin,1
Young,young_20_29,6380,32939,2,1,1,False,0.6356591562714875,0.05,0.5856591562714875,1,1,1,1.2885414361953735,0.03498099744319916,False,flanker,evidence-origin,3
Young,young_20_29,6381,11669,0,3,0,True,0.7031024575201634,0.05,0.6531024575201634,3,3,3,1.3181215524673462,0.036411844193935394,False,target,correct,4
Young,young_20_29,6382,38932,2,1,2,True,0.5405508652621971,0.05,0.4905508652621971,1,1,1,1.2025930881500244,0.032011404633522034,False,target,correct,2
Young,young_20_29,6383,64254,0,3,3,False,0.5277966431857679,0.07,0.4577966431857679,3,3,3,0.921144962310791,0.03477134555578232,False,flanker,evidence-origin,2
Young,young_20_29,6384,93000,3,1,1,False,0.7261032636510135,0.04,0.6861032636510135,1,1,1,1.1755008697509766,0.029515981674194336,False,flanker,evidence-origin,4
Young,young_20_29,6385,27840,0,3,0,True,0.32999999523162843,0.08,0.2499999952316284,3,3,3,0.6804075837135315,0.032573506236076355,False,target,correct,1
Young,young_20_29,6386,20777,3,2,3,True,0.7307961605606749,0.05,0.6807961605606748,2,2,2,1.3858791589736938,0.03563356399536133,False,target,correct,4
Young,young_20_29,6388,25967,0,3,0,True,0.5955498829070921,0.07,0.5255498829070921,3,3,3,0.9893834590911865,0.035894788801670074,False,target,correct,2
Young,young_20_29,6390,29124,0,3,0,True,0.9064101583000405,0.15,0.7564101583000404,3,3,3,0.011779487133026123,0.022320441901683807,False,target,correct,5
Young,young_20_29,6391,180538,3,0,3,True,0.5983546401451649,0.07,0.5283546401451649,0,0,0,1.15578293800354,0.03783007711172104,False,target,correct,3
Young,young_20_29,6394,156416,2,3,3,False,0.46443248120592373,0.06,0.40443248120592373,3,3,3,0.9853047132492065,0.031614772975444794,False,flanker,evidence-origin,1
Young,young_20_29,6395,1688,0,2,2,False,0.6825137997144494,0.14,0.5425137997144494,2,2,2,0.5429288744926453,0.038242630660533905,False,flanker,evidence-origin,4
Young,young_20_29,6396,8612,2,3,2,True,0.6078472601563343,0.15,0.45784726015633426,3,3,3,0.35862216353416443,0.03225775808095932,False,target,correct,3
Young,young_20_29,6397,18345,1,2,1,True,0.7960642952522369,0.11,0.6860642952522369,2,2,2,0.7031862139701843,0.03706043213605881,False,target,correct,5
Young,young_20_29,6398,4094,2,0,2,True,0.3648167630007374,0.06,0.3048167630007374,0,0,0,0.7690957188606262,0.026372812688350677,False,target,correct,1
Young,young_20_29,6399,96470,2,3,3,False,0.9130438621254218,0.1,0.8130438621254218,3,3,3,0.6789702773094177,0.034293994307518005,False,flanker,evidence-origin,5
Young,young_20_29,6401,23910,3,1,3,True,0.5996321066707779,0.06,0.5396321066707779,1,1,1,0.828033447265625,0.02789214253425598,False,target,correct,3
Young,young_20_29,6402,11191,2,0,0,False,0.5919791712938839,0.07,0.5219791712938839,0,0,0,1.0038325786590576,0.03581817448139191,False,flanker,evidence-origin,2
Young,young_20_29,6403,100947,1,3,3,False,0.6762962232795464,0.04,0.6362962232795464,3,3,3,0.9881683588027954,0.026594020426273346,False,flanker,evidence-origin,4
Young,young_20_29,6404,74562,3,2,3,True,0.8955084944417055,0.11,0.7855084944417056,2,2,2,0.5767205953598022,0.0333111435174942,False,target,correct,5
Young,young_20_29,6406,58969,0,3,0,True,0.7320297397737474,0.11,0.6220297397737474,3,3,3,0.4243914783000946,0.033517010509967804,False,target,correct,4
Young,young_20_29,6410,111248,3,1,3,True,0.590858767435777,0.09,0.5008587674357771,1,1,1,0.5127171277999878,0.02800818532705307,False,target,correct,2
Young,young_20_29,6412,32302,0,1,0,True,0.6630968827719091,0.08,0.5830968827719092,1,1,1,0.7686735391616821,0.03219963610172272,False,target,correct,4
Young,young_20_29,6413,187137,0,2,2,False,0.6546131439758532,0.09,0.5646131439758533,2,2,2,0.6283544301986694,0.030601754784584045,False,flanker,evidence-origin,3
Young,young_20_29,6417,7384,2,1,1,False,0.6746215334604808,0.07,0.6046215334604808,1,1,1,0.9263105392456055,0.03234457969665527,False,flanker,evidence-origin,4
Young,young_20_29,6418,8520,1,0,0,False,0.7043816432962224,0.04,0.6643816432962224,0,0,0,1.5839401483535767,0.03486435115337372,False,flanker,evidence-origin,4
Young,young_20_29,6420,6082,3,0,3,True,0.5221567584171788,0.04,0.4821567584171788,0,0,0,1.3963558673858643,0.03138209134340286,False,target,correct,1
Young,young_20_29,6421,62291,1,0,1,True,0.4583533845682184,0.08,0.3783533845682184,0,0,0,1.0626330375671387,0.04094342142343521,False,target,correct,1
Young,young_20_29,6425,7211,1,0,1,True,0.657038137770098,0.08,0.577038137770098,0,0,0,0.9739996194839478,0.03821481019258499,False,target,correct,3
Young,young_20_29,6426,105528,2,0,2,True,0.7197595934693138,0.06,0.6597595934693139,0,0,0,0.810497522354126,0.028178982436656952,False,target,correct,4
Young,young_20_29,6428,109964,0,1,0,True,1.1674963035558017,0.75,0.4174963035558017,0,0,0,0.8886284828186035,0.0424920916557312,False,target,correct,5
Young,young_20_29,6433,9723,3,1,1,False,0.6219232070162265,0.04,0.5819232070162265,1,1,1,1.2132165431976318,0.030406326055526733,False,flanker,evidence-origin,3
Young,young_20_29,6434,15396,1,0,0,False,0.607106586424489,0.06,0.5471065864244891,0,0,0,1.3568358421325684,0.040362656116485596,False,flanker,evidence-origin,3
Young,young_20_29,6436,169341,0,3,0,True,0.7543308327881165,0.09,0.6643308327881166,3,3,3,0.6591783761978149,0.03469134122133255,False,target,correct,5
Young,young_20_29,6439,12396,3,2,3,True,0.365533394109389,0.09,0.27553339410938904,2,2,2,0.825782835483551,0.03648412227630615,False,target,correct,1
Young,young_20_29,6442,63792,1,0,0,False,0.5971862828120571,0.06,0.537186282812057,0,0,0,1.2464381456375122,0.038164734840393066,False,flanker,evidence-origin,3
Young,young_20_29,6443,852,3,2,3,True,0.6419280029919431,0.06,0.5819280029919431,2,2,2,1.2552282810211182,0.03840460628271103,False,target,correct,3
Young,young_20_29,6444,137562,1,2,1,True,0.5829777975302929,0.1,0.4829777975302929,2,2,2,0.38844606280326843,0.030214324593544006,False,target,correct,2
Young,young_20_29,6446,23952,3,1,3,True,0.7989087952736598,0.09,0.7089087952736598,1,1,1,0.49543046951293945,0.024789199233055115,False,target,correct,5
Young,young_20_29,6447,111740,0,2,2,False,0.48660455087060395,0.05,0.43660455087060396,2,2,2,1.317946195602417,0.03467175364494324,False,flanker,evidence-origin,1
Young,young_20_29,6448,28672,2,1,2,True,0.6342981984115502,0.07,0.5642981984115503,1,1,1,1.0821902751922607,0.03741768002510071,False,target,correct,3
Young,young_20_29,6453,65922,2,1,2,True,0.42769966096207773,0.07,0.3576996609620777,1,1,1,1.1233807802200317,0.03746502846479416,False,target,correct,1
Young,young_20_29,6454,10834,3,1,3,True,0.6006419839254784,0.28,0.3206419839254784,3,3,3,0.7151819467544556,0.009515784680843353,False,target,correct,3
Young,young_20_29,6457,59225,0,1,0,True,0.6701070583250336,0.1,0.5701070583250336,1,1,1,0.7598729133605957,0.03678092360496521,False,target,correct,4
Young,young_20_29,6460,62369,3,1,3,True,0.7786405489158549,0.08,0.6986405489158549,1,1,1,0.6700971126556396,0.029382973909378052,False,target,correct,5
Young,young_20_29,6461,105282,3,2,3,True,0.5628736441765928,0.06,0.5028736441765929,2,2,2,1.2256523370742798,0.03685006499290466,False,target,correct,2
Young,young_20_29,6463,8840,3,0,3,True,0.5428126338794768,0.06,0.48281263387947676,0,0,0,1.2544901371002197,0.03635178506374359,False,target,correct,2
Young,young_20_29,6464,95545,3,0,3,True,0.5882579282713604,0.07,0.5182579282713604,0,0,0,1.2342225313186646,0.04117050766944885,False,target,correct,2
Young,young_20_29,6465,75985,2,3,2,True,0.6978039982683897,0.1,0.5978039982683897,3,3,3,0.8197485208511353,0.039419881999492645,False,target,correct,4
Young,young_20_29,6466,18658,2,0,0,False,0.6598231836482467,0.05,0.6098231836482466,0,0,0,1.3053717613220215,0.036028116941452026,False,flanker,evidence-origin,3
Young,young_20_29,6468,124938,1,3,3,False,0.5204316931901017,0.04,0.48043169319010176,3,3,3,1.412745475769043,0.03435864299535751,False,flanker,evidence-origin,1
Young,young_20_29,6469,161857,1,3,1,True,0.454811734594062,0.06,0.394811734594062,3,3,3,0.8340345621109009,0.0289265438914299,False,target,correct,1
Young,young_20_29,6470,4214,0,2,2,False,0.6796182917925145,0.08,0.5996182917925146,2,2,2,0.7006669044494629,0.02991340309381485,False,flanker,evidence-origin,4
Young,young_20_29,6472,20755,1,3,1,True,0.5590682944912775,0.05,0.5090682944912774,3,3,3,0.9470651149749756,0.027838818728923798,False,target,correct,2
Young,young_20_29,6475,24997,2,1,1,False,0.5836324001782861,0.06,0.5236324001782862,1,1,1,1.1798882484436035,0.035034872591495514,False,flanker,evidence-origin,2
Young,young_20_29,6476,183860,2,1,2,True,0.9423401134815723,0.32,0.6223401134815723,2,2,2,0.8288388252258301,0.019406825304031372,False,target,correct,5
Young,young_20_29,6480,58789,1,2,1,True,0.6295156629168546,0.06,0.5695156629168545,2,2,2,1.1177289485931396,0.03565444052219391,False,target,correct,3
Young,young_20_29,6481,54796,1,0,0,False,0.6006182240188584,0.06,0.5406182240188584,0,0,0,1.248171329498291,0.037941060960292816,False,flanker,evidence-origin,3
Young,young_20_29,6482,8073,1,0,1,True,0.7950928004266138,0.05,0.7450928004266137,0,0,0,1.267325520515442,0.03427557647228241,False,target,correct,5
Young,young_20_29,6483,112104,1,3,3,False,0.7749615209965469,0.03,0.7449615209965469,3,3,3,1.359531044960022,0.02733166515827179,False,flanker,evidence-origin,5
Young,young_20_29,6485,154700,2,1,2,True,0.6319063803781472,0.09,0.5419063803781472,1,1,1,0.8450978994369507,0.03632466495037079,False,target,correct,3
Young,young_20_29,6486,27515,0,1,0,True,0.48850262658701304,0.03,0.458502626587013,1,1,1,1.7256230115890503,0.03192976862192154,False,target,correct,1
Young,young_20_29,6487,1842,1,0,1,True,0.861109567537606,0.04,0.821109567537606,0,0,0,1.4619234800338745,0.03368234634399414,False,target,correct,5
Young,young_20_29,6488,2523,3,0,3,True,0.7809432562059869,0.05,0.7309432562059869,0,0,0,1.2663002014160156,0.03379277139902115,False,target,correct,5
Young,young_20_29,6492,105056,1,0,0,False,0.5913411088232883,0.05,0.5413411088232882,0,0,0,1.4499742984771729,0.03663861006498337,False,flanker,evidence-origin,2
Young,young_20_29,6498,27316,1,0,0,False,0.7354529689216734,0.06,0.6754529689216735,0,0,0,1.2768707275390625,0.03808767348527908,False,flanker,evidence-origin,4
Young,young_20_29,6501,27477,0,1,0,True,0.6157956492810898,0.06,0.5557956492810898,1,1,1,1.1221544742584229,0.0361274853348732,False,target,correct,3
Young,young_20_29,6504,88722,3,0,0,False,0.5905434012162266,0.06,0.5305434012162267,0,0,0,1.288376808166504,0.038195542991161346,False,flanker,evidence-origin,2
Young,young_20_29,6506,24921,1,2,1,True,0.9700000166893006,0.12,0.8500000166893006,2,2,2,0.383693665266037,0.03412650525569916,False,target,correct,5
Young,young_20_29,6507,132705,1,3,3,False,0.8335866883989225,0.07,0.7635866883989224,3,3,3,0.9100939631462097,0.033608756959438324,False,flanker,evidence-origin,5
Young,young_20_29,6513,15152,2,0,2,True,0.48726286392333495,0.06,0.42726286392333496,0,0,0,0.9393062591552734,0.030851192772388458,False,target,correct,1
Young,young_20_29,6516,4581,0,2,2,False,0.5641935294996451,0.13,0.43419352949964507,2,2,2,0.5171678066253662,0.034019552171230316,False,flanker,evidence-origin,2
Young,young_20_29,6517,167521,2,0,0,False,0.6358479212056316,0.07,0.5658479212056315,0,0,0,0.9270442128181458,0.0341634526848793,False,flanker,evidence-origin,3
Young,young_20_29,6518,85171,1,3,3,False,0.6987303775664857,0.05,0.6487303775664857,3,3,3,1.0304837226867676,0.030459456145763397,False,flanker,evidence-origin,4
Young,young_20_29,6522,115517,1,2,1,True,0.6647929590408878,0.12,0.5447929590408878,2,2,2,0.3163105845451355,0.031781479716300964,False,target,correct,4
Young,young_20_29,6523,98886,1,0,0,False,0.8641309087819475,0.06,0.8041309087819475,0,0,0,1.1748120784759521,0.03629019111394882,False,flanker,evidence-origin,5
Young,young_20_29,6525,20692,1,3,3,False,0.7123202838906647,0.05,0.6623202838906647,3,3,3,1.238141417503357,0.035197481513023376,False,flanker,evidence-origin,4
Young,young_20_29,6528,11045,1,3,1,True,0.5421515020536497,0.08,0.4621515020536497,3,3,3,0.7531173229217529,0.03201641887426376,False,target,correct,2
Young,young_20_29,6529,74678,0,1,0,True,0.8915966219353624,0.1,0.7915966219353624,1,1,1,0.7886329293251038,0.03904608637094498,False,target,correct,5
Young,young_20_29,6530,179597,1,3,3,False,0.6506904198097314,0.05,0.6006904198097314,3,3,3,1.2184628248214722,0.03435841202735901,False,flanker,evidence-origin,3
Young,young_20_29,6534,170722,2,3,2,True,0.5423850018654143,0.09,0.4523850018654143,3,3,3,0.7629334330558777,0.035595089197158813,False,target,correct,2
Young,young_20_29,6535,1903,2,0,2,True,0.6298791124312871,0.07,0.5598791124312872,0,0,0,0.9472970962524414,0.03460535407066345,False,target,correct,3
Young,young_20_29,6536,2447,0,1,0,True,1.3003671547673874,0.68,0.6203671547673874,0,0,0,0.8357519507408142,0.04397674649953842,False,target,correct,5
Young,young_20_29,6540,15496,2,1,2,True,0.5272593413344658,0.05,0.47725934133446585,1,1,1,1.2565367221832275,0.03343723714351654,False,target,correct,2
Young,young_20_29,6541,54637,0,1,0,True,0.7743389734419117,0.07,0.7043389734419117,1,1,1,0.9983104467391968,0.036161378026008606,False,target,correct,5
Young,young_20_29,6545,6862,0,1,0,True,0.9406087880116283,0.1,0.8406087880116283,1,1,1,0.7838339805603027,0.037672847509384155,False,target,correct,5
Young,young_20_29,6548,5910,3,2,3,True,0.48524664924891403,0.06,0.42524664924891403,2,2,2,1.2108253240585327,0.03640030324459076,False,target,correct,1
Young,young_20_29,6549,159358,0,3,0,True,0.7052421063045815,0.08,0.6252421063045815,3,3,3,0.6883463859558105,0.03184013068675995,False,target,correct,4
Young,young_20_29,6550,3815,1,0,0,False,0.4957261948598024,0.06,0.4357261948598024,0,0,0,1.44808828830719,0.04220511019229889,False,flanker,evidence-origin,1
Young,young_20_29,6551,125477,0,2,2,False,0.4200000286102295,0.17,0.2500000286102295,2,2,2,0.26126575469970703,0.026867948472499847,False,flanker,evidence-origin,1
Young,young_20_29,6553,119594,0,1,0,True,0.5909646174147678,0.11,0.4809646174147678,1,1,1,0.6910343170166016,0.03826627880334854,False,target,correct,2
Young,young_20_29,6554,21923,3,2,3,True,0.7546877714222895,0.09,0.6646877714222895,2,2,2,0.8663649559020996,0.03801630437374115,False,target,correct,5
Young,young_20_29,6555,23372,3,1,3,True,0.5173311421384864,0.07,0.4473311421384864,1,1,1,0.7797195911407471,0.02928391844034195,False,target,correct,1
Young,young_20_29,6556,171408,2,1,2,True,0.6562248455579774,0.13,0.5262248455579774,1,1,1,0.3777710795402527,0.03408968448638916,False,target,correct,3
Young,young_20_29,6558,113495,2,1,2,True,0.6270929279905397,0.08,0.5470929279905398,1,1,1,0.9895832538604736,0.037482306361198425,False,target,correct,3
Young,young_20_29,6559,26118,3,1,3,True,0.3990190170301774,0.07,0.3290190170301774,1,1,1,0.6621576547622681,0.026463381946086884,False,target,correct,1
Young,young_20_29,6563,120039,0,3,0,True,0.6838686490111336,0.24,0.44386864901113365,0,0,0,0.6007249355316162,0.016962379217147827,False,target,correct,4
Young,young_20_29,6564,133856,3,0,0,False,0.6569917800426993,0.07,0.5869917800426994,0,0,0,1.1078580617904663,0.03773204982280731,False,flanker,evidence-origin,3
Young,young_20_29,6565,6414,3,1,3,True,0.5830493980608393,0.07,0.5130493980608393,1,1,1,0.9045065641403198,0.03298131376504898,False,target,correct,2
Young,young_20_29,6566,23179,1,0,0,False,0.5445513515795148,0.06,0.48455135157951484,0,0,0,1.36859929561615,0.03947015106678009,False,flanker,evidence-origin,2
Young,young_20_29,6567,26982,1,2,1,True,0.5551155828710954,0.14,0.4151155828710954,2,1,2,0.16046404838562012,0.02154957503080368,False,target,correct,2
Young,young_20_29,6570,73158,3,2,3,True,0.5546248254705592,0.09,0.4646248254705593,2,2,2,0.8829896450042725,0.03815528005361557,False,target,correct,2
Young,young_20_29,6574,71144,1,2,1,True,0.6628603543367335,0.06,0.6028603543367335,2,2,2,0.7830930948257446,0.027371324598789215,False,target,correct,4
Young,young_20_29,6575,16596,1,3,3,False,0.5062618671524057,0.07,0.4362618671524057,3,3,3,1.0978549718856812,0.03791368752717972,False,flanker,evidence-origin,1
Young,young_20_29,6577,93661,1,2,1,True,0.6211595105529789,0.08,0.541159510552979,2,2,2,0.7629175782203674,0.03306717425584793,False,target,correct,3
Young,young_20_29,6578,37523,1,3,1,True,0.5286690698882723,0.05,0.47866906988827235,3,3,3,0.9859111309051514,0.028817318379878998,False,target,correct,2
Young,young_20_29,6580,46706,0,2,2,False,0.9054060615592133,0.11,0.7954060615592133,2,2,2,0.4530614912509918,0.029267095029354095,False,flanker,evidence-origin,5
Young,young_20_29,6581,14618,1,2,1,True,0.7129852958575806,0.06,0.6529852958575806,2,2,2,1.1860768795013428,0.0365690141916275,False,target,correct,4
Young,young_20_29,6582,99344,2,0,0,False,0.8589997076290827,0.06,0.7989997076290827,0,0,0,0.9365664720535278,0.03031298518180847,False,flanker,evidence-origin,5
Young,young_20_29,6583,174039,0,3,0,True,0.669924886157118,0.12,0.549924886157118,3,3,3,0.44710808992385864,0.03594587743282318,False,target,correct,4
Young,young_20_29,6584,21380,0,1,0,True,0.6214379997376839,0.14,0.48143799973768386,1,1,1,0.39367392659187317,0.03563129901885986,False,target,correct,3
Young,young_20_29,6586,74947,0,2,2,False,0.7549831917005846,0.07,0.6849831917005846,2,2,2,0.8179819583892822,0.031013786792755127,False,flanker,evidence-origin,5
Young,young_20_29,6587,11787,0,2,2,False,0.5699502028280796,0.09,0.47995020282807965,2,2,2,0.5616528987884521,0.02760591357946396,False,flanker,evidence-origin,2
Young,young_20_29,6588,78248,3,0,0,False,0.6714356467162073,0.06,0.6114356467162072,0,0,0,1.3920855522155762,0.04082317650318146,False,flanker,evidence-origin,4
Young,young_20_29,6589,8843,0,2,2,False,0.4003735819477704,0.06,0.3403735819477704,2,2,2,1.097576379776001,0.03417060524225235,False,flanker,evidence-origin,1
Young,young_20_29,6590,3834,2,3,3,False,0.5116517671613721,0.08,0.43165176716137205,3,3,3,1.0169079303741455,0.03956693410873413,False,flanker,evidence-origin,1
Young,young_20_29,6593,125717,0,3,0,True,0.43635859012095846,0.09,0.3463585901209585,3,3,3,0.57596755027771,0.03265038877725601,False,target,correct,1
Young,young_20_29,6594,23068,2,1,2,True,0.7706281692225239,0.08,0.6906281692225239,1,1,1,0.7934660911560059,0.03306066244840622,False,target,correct,5
Young,young_20_29,6596,20041,0,3,0,True,0.9812215521560842,0.3,0.6812215521560843,0,0,0,0.09861662983894348,0.008725382387638092,False,target,correct,5
Young,young_20_29,6598,68452,3,2,2,False,0.6426545477412848,0.05,0.5926545477412848,2,2,2,1.3218367099761963,0.034851089119911194,False,flanker,evidence-origin,3
Young,young_20_29,6600,160839,2,3,3,False,0.4487440328516701,0.07,0.3787440328516701,3,3,3,1.0841450691223145,0.037276141345500946,False,flanker,evidence-origin,1
Young,young_20_29,6601,81346,2,1,2,True,0.6148324944940481,0.14,0.4748324944940481,1,1,1,0.3443358540534973,0.034251123666763306,False,target,correct,3
Young,young_20_29,6602,25912,1,3,1,True,0.40828760417068877,0.06,0.34828760417068877,3,3,3,0.8777444362640381,0.029331699013710022,False,target,correct,1
Young,young_20_29,6604,13891,1,3,1,True,0.32999999523162843,0.08,0.2499999952316284,3,3,3,0.6444076299667358,0.030333146452903748,False,target,correct,1
Young,young_20_29,6608,18140,0,3,3,False,0.47672592033528993,0.05,0.42672592033528994,3,3,3,1.3394410610198975,0.03726334124803543,False,flanker,evidence-origin,1
Young,young_20_29,6610,883,2,0,2,True,0.6260264539316328,0.05,0.5760264539316328,0,0,0,0.9566755294799805,0.029131144285202026,False,target,correct,3
Young,young_20_29,6611,46993,0,2,2,False,0.7543681890458135,0.12,0.6343681890458135,2,2,2,0.4337570369243622,0.02920801192522049,False,flanker,evidence-origin,5
Young,young_20_29,6612,114097,0,3,3,False,0.7124365994358403,0.05,0.6624365994358402,3,3,3,1.196826457977295,0.03328123688697815,False,flanker,evidence-origin,4
Young,young_20_29,6614,23804,3,1,1,False,0.5063034698985167,0.03,0.4763034698985167,1,1,1,1.1849066019058228,0.02435918152332306,False,flanker,evidence-origin,1
Young,young_20_29,6616,26873,1,0,0,False,0.9100000143051148,0.06,0.8500000143051147,0,0,0,1.1834737062454224,0.036521583795547485,False,flanker,evidence-origin,5
Young,young_20_29,6617,32523,1,0,0,False,0.5542571010763208,0.04,0.5142571010763207,0,0,0,1.567272663116455,0.03515385091304779,False,flanker,evidence-origin,2
Young,young_20_29,6618,144126,3,0,0,False,0.6624236999621383,0.04,0.6224236999621383,0,0,0,1.640283226966858,0.036138877272605896,False,flanker,evidence-origin,4
Young,young_20_29,6619,9218,3,1,3,True,0.6974212239648789,0.07,0.6274212239648789,1,1,1,0.7697535157203674,0.02957843244075775,False,target,correct,4
Young,young_20_29,6622,24298,1,0,1,True,0.5484780129718271,0.06,0.4884780129718271,0,0,0,1.2275716066360474,0.03846443444490433,False,target,correct,2
Young,young_20_29,6623,176646,1,2,1,True,0.48648613722551637,0.07,0.41648613722551636,2,2,2,0.9001872539520264,0.03385034203529358,False,target,correct,1
Young,young_20_29,6624,22246,1,0,0,False,0.6363259885904817,0.04,0.5963259885904817,0,0,0,1.516894817352295,0.0352829173207283,False,flanker,evidence-origin,3
Young,young_20_29,6625,86153,2,3,3,False,0.6690656023240292,0.1,0.5690656023240293,3,3,3,0.7740756869316101,0.03833319991827011,False,flanker,evidence-origin,4
Young,young_20_29,6629,16297,0,1,0,True,0.6492114221573861,0.11,0.5392114221573862,1,1,1,0.5592897534370422,0.03458397090435028,False,target,correct,3
Young,young_20_29,6632,52932,2,0,0,False,0.4675516771023597,0.05,0.4175516771023597,0,0,0,1.2585104703903198,0.03451402485370636,False,flanker,evidence-origin,1
Young,young_20_29,6633,93700,2,1,2,True,0.6564521840781108,0.3,0.3564521840781108,2,2,2,0.876158595085144,0.02226860821247101,False,target,correct,3
Young,young_20_29,6637,22528,3,2,3,True,0.7305715803249012,0.06,0.6705715803249013,2,2,2,1.3135453462600708,0.03952370584011078,False,target,correct,4
Young,young_20_29,6638,155389,0,2,2,False,0.6279512710117455,0.05,0.5779512710117455,2,2,2,1.3176463842391968,0.034689225256443024,False,flanker,evidence-origin,3
Young,young_20_29,6640,23534,2,0,0,False,0.6595450372940455,0.04,0.6195450372940454,0,0,0,1.3316502571105957,0.0307999849319458,False,flanker,evidence-origin,3
Young,young_20_29,6644,26317,1,2,1,True,0.982420299063722,0.39,0.592420299063722,1,1,1,0.7248031497001648,0.020877622067928314,False,target,correct,5
Young,young_20_29,6645,27394,1,3,3,False,0.8596294030973075,0.03,0.8296294030973075,3,3,3,1.3100762367248535,0.027182042598724365,False,flanker,evidence-origin,5
Young,young_20_29,6646,25697,3,0,3,True,0.3980619110681636,0.07,0.32806191106816357,0,0,0,0.927782416343689,0.034508757293224335,False,target,correct,1
Young,young_20_29,6648,41877,0,1,0,True,1.4472777565760273,0.6900000000000001,0.7572777565760273,0,0,0,0.8226944208145142,0.03621005266904831,False,target,correct,5
Young,young_20_29,6649,20252,0,1,0,True,0.6488133237312124,0.03,0.6188133237312123,1,1,1,1.634566307067871,0.030367232859134674,False,target,correct,3
Young,young_20_29,6651,29539,3,0,3,True,0.3715545290839992,0.05,0.32155452908399923,0,0,0,1.4137825965881348,0.03683091700077057,False,target,correct,1
Young,young_20_29,6652,31042,1,2,1,True,0.5281963980096243,0.08,0.44819639800962424,2,2,2,0.6607884168624878,0.030421681702136993,False,target,correct,2
Young,young_20_29,6654,39789,1,3,1,True,0.8143616417679607,0.1,0.7143616417679607,3,3,3,0.5895286798477173,0.032047368586063385,False,target,correct,5
Young,young_20_29,6655,22594,2,1,2,True,0.6968554874619243,0.13,0.5668554874619243,1,1,1,0.4017053246498108,0.03640883415937424,False,target,correct,4
Young,young_20_29,6656,75289,2,1,2,True,0.3583555379761492,0.08,0.2783555379761492,1,1,1,0.8905054926872253,0.03557935357093811,False,target,correct,1
Young,young_20_29,6657,7122,0,1,0,True,0.6338915564614858,0.05,0.5838915564614857,1,1,1,1.2359092235565186,0.03347845375537872,False,target,correct,3
Young,young_20_29,6658,93820,2,3,3,False,0.4403699170486825,0.05,0.3903699170486825,3,3,3,1.261897325515747,0.034980177879333496,False,flanker,evidence-origin,1
Young,young_20_29,6660,75437,3,1,1,False,0.6837085691642564,0.04,0.6437085691642563,1,1,1,1.1528594493865967,0.02885160595178604,False,flanker,evidence-origin,4
Young,young_20_29,6661,25274,2,1,2,True,0.6873018840586398,0.09,0.5973018840586398,1,1,1,0.7209828495979309,0.03343654423952103,False,target,correct,4
Young,young_20_29,6663,117805,1,0,0,False,0.5268662583863915,0.04,0.48686625838639147,0,0,0,1.5376344919204712,0.03605008125305176,False,flanker,evidence-origin,2
Young,young_20_29,6664,53586,3,1,3,True,0.3800000071525574,0.13,0.2500000071525574,1,1,1,0.4698752164840698,0.034815192222595215,False,target,correct,1
Young,young_20_29,6667,36253,0,2,2,False,0.7616105454802655,0.08,0.6816105454802656,2,2,2,0.7787908315658569,0.03237154334783554,False,flanker,evidence-origin,5
Young,young_20_29,6669,14004,1,2,1,True,0.45050516843413085,0.06,0.39050516843413086,2,2,2,1.080604076385498,0.03445606678724289,False,target,correct,1
Young,young_20_29,6676,57736,2,1,2,True,0.5148169533219622,0.06,0.4548169533219622,1,1,1,1.1520953178405762,0.036028727889060974,False,target,correct,1
Young,young_20_29,6677,14233,2,1,2,True,0.6391719876393291,0.06,0.5791719876393291,1,1,1,1.1701897382736206,0.03654131293296814,False,target,correct,3
Young,young_20_29,6680,166370,0,2,2,False,0.4269345708538,0.07,0.3569345708538,2,2,2,0.81828773021698,0.030568450689315796,False,flanker,evidence-origin,1
Young,young_20_29,6682,89729,2,1,1,False,0.8055792403826909,0.06,0.7455792403826909,1,1,1,1.2433911561965942,0.03702118247747421,False,flanker,evidence-origin,5
Young,young_20_29,6683,28615,0,3,0,True,0.8170895062757507,0.26,0.5570895062757507,0,0,0,0.5435588359832764,0.00909838080406189,False,target,correct,5
Young,young_20_29,6685,10758,2,3,2,True,0.5462688905284732,0.09,0.4562688905284732,3,3,3,0.7943300008773804,0.03559572249650955,False,target,correct,2
Young,young_20_29,6686,30575,0,3,0,True,0.7110486077536149,0.04,0.6710486077536149,3,3,3,1.4768283367156982,0.03365945816040039,False,target,correct,4
Young,young_20_29,6688,22869,3,0,3,True,0.6264511367970999,0.07,0.5564511367970999,0,0,0,0.8555751442909241,0.03224281966686249,False,target,correct,3
Young,young_20_29,6691,161330,3,0,3,True,0.5273924361168109,0.06,0.46739243611681086,0,0,0,0.9629639387130737,0.0314902663230896,False,target,correct,2
Young,young_20_29,6692,20351,1,0,1,True,0.8430057946524436,0.07,0.7730057946524436,0,0,0,1.0788987874984741,0.037458524107933044,False,target,correct,5
Young,young_20_29,6693,13412,2,0,2,True,0.6592706174230006,0.07,0.5892706174230007,0,0,0,0.7679492235183716,0.029538467526435852,False,target,correct,3
Young,young_20_29,6694,76442,1,0,0,False,0.4326887095333801,0.05,0.38268870953338013,0,0,0,1.4345030784606934,0.03679518401622772,False,flanker,evidence-origin,1
Young,young_20_29,6697,36862,3,0,3,True,0.645115664779445,0.05,0.595115664779445,0,0,0,1.3203104734420776,0.03435055911540985,False,target,correct,3
Young,young_20_29,6701,11560,0,1,0,True,1.2956604019228952,0.77,0.5256604019228952,0,0,0,0.8338955640792847,0.050999365746974945,False,target,correct,5
Young,young_20_29,6702,6990,3,0,0,False,0.6115313308252198,0.05,0.5615313308252198,0,0,0,1.3017221689224243,0.03408583998680115,False,flanker,evidence-origin,3
Young,young_20_29,6703,2723,0,1,0,True,0.48313454754996554,0.09,0.3931345475499656,1,1,1,0.5771504640579224,0.032182253897190094,False,target,correct,1
Young,young_20_29,6705,27552,0,2,2,False,0.5855543696196164,0.11,0.4755543696196164,2,2,2,0.5359300971031189,0.030665695667266846,False,flanker,evidence-origin,2
Young,young_20_29,6707,138768,2,3,2,True,0.5260898804942273,0.09,0.43608988049422737,3,3,3,0.916886031627655,0.03880543261766434,False,target,correct,2
Young,young_20_29,6708,130804,3,0,3,True,0.7557909802490729,0.07,0.6857909802490729,0,0,0,1.187829852104187,0.038991570472717285,False,target,correct,5
Young,young_20_29,6711,24227,0,3,0,True,0.8260411984460536,0.17,0.6560411984460536,3,0,3,0.07880371809005737,0.028572067618370056,False,target,correct,5
Young,young_20_29,6713,185537,3,0,0,False,0.67992930582143,0.06,0.6199293058214299,0,0,0,1.3238650560379028,0.03976424038410187,False,flanker,evidence-origin,4
Young,young_20_29,6715,28258,3,1,3,True,0.4477601237675455,0.06,0.3877601237675455,1,1,1,0.7598248720169067,0.026836976408958435,False,target,correct,1
Young,young_20_29,6716,114706,1,0,1,True,0.5502813779984083,0.07,0.48028137799840825,0,0,0,1.0542844533920288,0.03709588199853897,False,target,correct,2
Young,young_20_29,6717,5004,0,1,0,True,0.7512880074970958,0.07,0.6812880074970957,1,1,1,0.9786036610603333,0.03486233204603195,False,target,correct,5
Young,young_20_29,6718,23038,3,0,3,True,0.4550336234580631,0.08,0.37503362345806307,0,0,0,1.102170705795288,0.04163861274719238,False,target,correct,1
Young,young_20_29,6719,180154,3,1,3,True,0.5980511220713048,0.12,0.47805112207130485,1,1,1,0.4135441184043884,0.028556153178215027,False,target,correct,3
Young,young_20_29,6721,77592,3,0,3,True,0.5534990208838382,0.08,0.47349902088383816,0,0,0,1.0908509492874146,0.04129523038864136,False,target,correct,2
Young,young_20_29,6725,87889,2,0,2,True,0.7065755005325003,0.06,0.6465755005325002,0,0,0,0.8733197450637817,0.029541604220867157,False,target,correct,4
Young,young_20_29,6730,114898,3,2,3,True,0.7430968740317871,0.1,0.6430968740317872,2,2,2,0.7808070182800293,0.03736238181591034,False,target,correct,5
Young,young_20_29,6732,127690,3,2,2,False,0.5670689539570669,0.06,0.507068953957067,2,2,2,1.279736042022705,0.03825584053993225,False,flanker,evidence-origin,2
Young,young_20_29,6733,75927,1,2,1,True,0.5304374604497659,0.06,0.4704374604497659,2,2,2,1.125993013381958,0.03548170626163483,False,target,correct,2
Young,young_20_29,6735,33409,2,3,3,False,0.6047911807211158,0.05,0.5547911807211158,3,3,3,1.316940188407898,0.03481007367372513,False,flanker,evidence-origin,3
Young,young_20_29,6739,108037,3,2,2,False,0.4932707146361972,0.06,0.4332707146361972,2,2,2,1.339378833770752,0.040373630821704865,False,flanker,evidence-origin,1
Young,young_20_29,6743,35467,1,2,1,True,0.37000001668930055,0.12,0.25000001668930055,2,2,2,0.5035449266433716,0.0345475897192955,False,target,correct,1
Young,young_20_29,6744,76436,2,3,3,False,0.639789508054314,0.06,0.5797895080543141,3,3,3,1.2117583751678467,0.037924252450466156,False,flanker,evidence-origin,3
Young,young_20_29,6748,16823,3,2,2,False,0.6476146867358208,0.06,0.5876146867358207,2,2,2,1.3013933897018433,0.038290008902549744,False,flanker,evidence-origin,3
Young,young_20_29,6750,71969,3,2,3,True,0.6041299777089583,0.12,0.48412997770895827,2,2,2,0.5939965844154358,0.037127770483493805,False,target,correct,3
Young,young_20_29,6751,30923,3,1,3,True,0.5819910396743004,0.08,0.5019910396743005,1,1,1,0.43089407682418823,0.021985910832881927,False,target,correct,2
Young,young_20_29,6752,124051,1,2,1,True,0.5005315967250886,0.06,0.4405315967250886,2,2,2,0.8308064937591553,0.02950439602136612,False,target,correct,1
Young,young_20_29,6757,45438,0,3,0,True,0.7582175411790278,0.09,0.6682175411790279,3,3,3,0.6123564839363098,0.033304452896118164,False,target,correct,5
Young,young_20_29,6759,33990,0,3,0,True,0.49877762452322616,0.1,0.3987776245232262,3,3,3,0.5660758018493652,0.0344865620136261,False,target,correct,1
Young,young_20_29,6760,156976,0,2,2,False,0.6277658276512148,0.05,0.5777658276512148,2,2,2,1.2966110706329346,0.03413333743810654,False,flanker,evidence-origin,3
Young,young_20_29,6764,23872,1,0,0,False,0.6792283240349742,0.04,0.6392283240349742,0,0,0,1.460303783416748,0.03415995091199875,False,flanker,evidence-origin,4
Young,young_20_29,6765,15913,0,1,1,False,0.8398049865437304,0.17,0.6698049865437303,1,1,1,0.2898619472980499,0.03506258875131607,False,flanker,evidence-origin,5
Young,young_20_29,6767,16084,0,3,0,True,0.6424962031810837,0.1,0.5424962031810837,3,3,3,0.5084400177001953,0.032777220010757446,False,target,correct,3
Young,young_20_29,6768,22180,0,2,2,False,0.6834874666434497,0.08,0.6034874666434498,2,2,2,0.6375653743743896,0.028370670974254608,False,flanker,evidence-origin,4
Young,young_20_29,6769,31646,2,1,2,True,0.670671933835695,0.07,0.600671933835695,1,1,1,1.0006840229034424,0.03454912453889847,False,target,correct,4
Young,young_20_29,6772,25500,1,3,1,True,0.6556791505426448,0.06,0.5956791505426449,3,3,3,1.0673719644546509,0.0341210663318634,False,target,correct,3
Young,young_20_29,6773,101197,1,3,3,False,0.8192532875882659,0.08,0.7392532875882659,3,3,3,0.8501847386360168,0.03478290140628815,False,flanker,evidence-origin,5
Young,young_20_29,6774,79166,3,0,3,True,0.6048535156119966,0.06,0.5448535156119967,0,0,0,1.218374490737915,0.03680020570755005,False,target,correct,3
Young,young_20_29,6776,8377,2,3,2,True,0.585195100728622,0.18,0.405195100728622,3,3,3,0.13229069113731384,0.028160199522972107,False,target,correct,2
Young,young_20_29,6778,54299,3,1,3,True,0.5098260676039603,0.05,0.45982606760396033,1,1,1,1.018599271774292,0.028551362454891205,False,target,correct,1
Young,young_20_29,6781,15753,1,3,3,False,0.6097732757453642,0.06,0.5497732757453642,3,3,3,1.0574754476547241,0.033464401960372925,False,flanker,evidence-origin,3
Young,young_20_29,6785,128611,1,0,0,False,0.43370591495838673,0.04,0.39370591495838675,0,0,0,1.6582804918289185,0.03725844621658325,False,flanker,evidence-origin,1
Young,young_20_29,6787,47085,1,2,1,True,0.8874492595852155,0.09,0.7974492595852155,2,2,2,0.5472242832183838,0.03030633181333542,False,target,correct,5
Young,young_20_29,6788,3396,2,3,3,False,0.6699851167124157,0.06,0.6099851167124157,3,3,3,1.1551313400268555,0.03487374633550644,False,flanker,evidence-origin,4
Young,young_20_29,6789,103880,1,3,1,True,0.750396918208986,0.11,0.640396918208986,3,3,3,0.3404359519481659,0.027847640216350555,False,target,correct,5
Young,young_20_29,6791,22195,3,1,1,False,0.5771772613808367,0.08,0.4971772613808367,1,1,1,0.730368971824646,0.02991066873073578,False,flanker,evidence-origin,2
Young,young_20_29,6794,145466,3,1,3,True,0.45642544864268086,0.06,0.39642544864268087,1,1,1,0.9349081516265869,0.030060261487960815,False,target,correct,1
Young,young_20_29,6796,26680,0,3,0,True,0.7783146643224781,0.15,0.6283146643224781,3,3,3,0.08805221319198608,0.02679726481437683,False,target,correct,5
Young,young_20_29,6799,29511,3,2,2,False,0.6001550387830786,0.06,0.5401550387830787,2,2,2,1.2718770503997803,0.038318343460559845,False,flanker,evidence-origin,3
Young,young_20_29,6804,109741,2,3,2,True,0.6590014944000705,0.12,0.5390014944000705,3,3,3,0.5318633317947388,0.03461155295372009,False,target,correct,3
Young,young_20_29,6805,22855,2,0,2,True,0.8336819767554019,0.06,0.773681976755402,0,0,0,0.9397331476211548,0.03124760091304779,False,target,correct,5
Young,young_20_29,6806,178847,0,2,2,False,1.1820676651754385,0.79,0.39206766517543845,0,0,0,0.6901869773864746,0.019654802978038788,True,flanker,fallback,5
Young,young_20_29,6807,4808,1,0,1,True,0.4738693689967759,0.06,0.4138693689967759,0,0,0,1.3264080286026,0.03992041200399399,False,target,correct,1
Young,young_20_29,6809,39344,0,3,0,True,0.7151340528137036,0.07,0.6451340528137035,3,3,3,0.9843220114707947,0.03700210154056549,False,target,correct,4
Young,young_20_29,6810,9746,2,0,0,False,0.7026094247328741,0.04,0.6626094247328741,0,0,0,1.2013871669769287,0.029205113649368286,False,flanker,evidence-origin,4
Young,young_20_29,6811,5312,3,0,3,True,0.5870174477510501,0.06,0.5270174477510501,0,0,0,1.260157823562622,0.03863789141178131,False,target,correct,2
Young,young_20_29,6812,28538,3,2,3,True,0.5753780209390852,0.1,0.4753780209390852,2,2,2,0.8275505900382996,0.039499133825302124,False,target,correct,2
Young,young_20_29,6813,61993,1,2,1,True,0.531933005815752,0.09,0.441933005815752,2,2,2,0.6162611246109009,0.031440332531929016,False,target,correct,2
Young,young_20_29,6814,22553,3,1,3,True,0.7131258743148603,0.07,0.6431258743148602,1,1,1,0.7467631697654724,0.028994053602218628,False,target,correct,4
Young,young_20_29,6818,5304,3,1,3,True,0.3844819535480193,0.07,0.3144819535480193,1,1,1,0.8904958963394165,0.03280748426914215,False,target,correct,1
Young,young_20_29,6819,23289,1,0,0,False,0.3072370849944731,0.04,0.26723708499447313,0,0,0,1.5474909543991089,0.03368701785802841,False,flanker,evidence-origin,1
Young,young_20_29,6820,118521,3,0,3,True,0.568817446328728,0.07,0.498817446328728,0,0,0,1.1694238185882568,0.03875821828842163,False,target,correct,2
Young,young_20_29,6822,13295,1,3,3,False,0.8213551937721616,0.05,0.7713551937721616,3,3,3,0.989403486251831,0.029760554432868958,False,flanker,evidence-origin,5
Young,young_20_29,6824,15314,0,2,2,False,0.6201282242579547,0.09,0.5301282242579547,2,2,2,0.7034246921539307,0.03316808491945267,False,flanker,evidence-origin,3
Young,young_20_29,6829,8348,0,3,0,True,0.7450001236099439,0.28,0.4650001236099439,0,0,0,0.3520458936691284,0.0037160292267799377,False,target,correct,5
Young,young_20_29,6830,9006,3,0,3,True,0.5869856305064745,0.05,0.5369856305064744,0,0,0,1.357676386833191,0.0357736200094223,False,target,correct,2
Young,young_20_29,6831,109844,2,3,3,False,0.6820600985500537,0.04,0.6420600985500536,3,3,3,1.5787875652313232,0.03511801362037659,False,flanker,evidence-origin,4
Young,young_20_29,6832,130225,1,3,3,False,0.6104602539658087,0.07,0.5404602539658088,3,3,3,0.8638487458229065,0.0313786044716835,False,flanker,evidence-origin,3
Young,young_20_29,6833,33022,1,3,3,False,0.6436937368757644,0.07,0.5736937368757644,3,3,3,0.8502858877182007,0.030867278575897217,False,flanker,evidence-origin,3
Young,young_20_29,6838,108124,3,0,0,False,0.7664410907508851,0.05,0.716441090750885,0,0,0,1.33180832862854,0.03445584326982498,False,flanker,evidence-origin,5
Young,young_20_29,6839,18548,3,0,3,True,0.7285481717464704,0.06,0.6685481717464703,0,0,0,1.301710605621338,0.0393371656537056,False,target,correct,4
Young,young_20_29,6840,18702,3,2,3,True,0.7050995235365722,0.05,0.6550995235365722,2,2,2,1.2677607536315918,0.03352833539247513,False,target,correct,4
Young,young_20_29,6841,48344,1,2,1,True,0.6286935215227558,0.06,0.5686935215227558,2,2,2,0.7869108319282532,0.0285467728972435,False,target,correct,3
Young,young_20_29,6845,67083,1,2,1,True,0.6914042685249988,0.06,0.6314042685249988,2,2,2,0.8635790348052979,0.029676608741283417,False,target,correct,4
Young,young_20_29,6846,84648,2,1,1,False,0.46301449157647506,0.03,0.4330144915764751,1,1,1,1.6139554977416992,0.02966451644897461,False,flanker,evidence-origin,1
Young,young_20_29,6847,7378,0,1,0,True,0.5332875843616476,0.08,0.45328758436164757,1,1,1,0.9132545590400696,0.035880379378795624,False,target,correct,2
Young,young_20_29,6851,9858,3,1,3,True,0.8522995762906002,0.09,0.7622995762906002,1,1,1,0.5648065209388733,0.027865275740623474,False,target,correct,5
Young,young_20_29,6853,1630,0,2,2,False,0.7342016284207381,0.08,0.6542016284207381,2,2,2,0.7013707160949707,0.030909143388271332,False,flanker,evidence-origin,4
Young,young_20_29,6854,1791,1,0,1,True,0.9032199316457934,0.08,0.8232199316457934,0,0,0,1.0298811197280884,0.04094485193490982,False,target,correct,5
Young,young_20_29,6855,11492,2,3,3,False,0.519632668631524,0.04,0.47963266863152404,3,3,3,1.563302755355835,0.03643245995044708,False,flanker,evidence-origin,1
Young,young_20_29,6856,19116,0,1,0,True,1.2595366381302033,0.76,0.4995366381302033,0,0,0,0.9040352702140808,0.04140133410692215,False,target,correct,5
Young,young_20_29,6858,22295,0,3,0,True,0.4748220371800965,0.09,0.38482203718009655,3,3,3,0.5696744918823242,0.03283028304576874,False,target,correct,1
Young,young_20_29,6860,30616,3,0,3,True,0.5432962731759303,0.05,0.49329627317593033,0,0,0,1.2629573345184326,0.034260913729667664,False,target,correct,2
Young,young_20_29,6862,19147,0,2,2,False,0.6688926944944652,0.06,0.6088926944944653,2,2,2,0.978076696395874,0.031961746513843536,False,flanker,evidence-origin,4
Young,young_20_29,6864,11736,1,0,0,False,0.6202658778535945,0.05,0.5702658778535945,0,0,0,1.2285232543945312,0.03455246984958649,False,flanker,evidence-origin,3
Young,young_20_29,6865,134955,2,3,2,True,0.6199114729358578,0.1,0.5199114729358578,3,3,3,0.8284505605697632,0.03966297209262848,False,target,correct,3
Young,young_20_29,6866,13069,3,1,3,True,0.5423821490156995,0.08,0.46238214901569946,1,1,1,0.7000309824943542,0.029941514134407043,False,target,correct,2
Young,young_20_29,6870,42460,0,3,0,True,0.6369612645548728,0.06,0.5769612645548727,3,3,3,0.9454167485237122,0.0321945920586586,False,target,correct,3
Young,young_20_29,6872,20214,0,1,0,True,0.6513308006411926,0.08,0.5713308006411927,1,1,1,0.7964963316917419,0.033606499433517456,False,target,correct,3
Young,young_20_29,6874,34074,3,0,3,True,0.6196383456052623,0.05,0.5696383456052623,0,0,0,1.4698693752288818,0.038729213178157806,False,target,correct,3
Young,young_20_29,6875,108532,0,2,2,False,0.6919772130622327,0.08,0.6119772130622327,2,2,2,0.7732290029525757,0.032315291464328766,False,flanker,evidence-origin,4
Young,young_20_29,6876,166173,1,0,0,False,0.46126337950630625,0.04,0.42126337950630627,0,0,0,1.4413244724273682,0.03331384062767029,False,flanker,evidence-origin,1
Young,young_20_29,6877,8271,2,0,0,False,0.8549171504105081,0.06,0.7949171504105081,0,0,0,1.0099762678146362,0.03226085752248764,False,flanker,evidence-origin,5
Young,young_20_29,6881,10416,0,3,0,True,0.5869595797272983,0.06,0.5269595797272983,3,3,3,1.004609227180481,0.03386661410331726,False,target,correct,2
Young,young_20_29,6884,38329,1,0,1,True,0.7735899453591237,0.07,0.7035899453591237,0,0,0,0.9788511991500854,0.03558426350355148,False,target,correct,5
Young,young_20_29,6886,96381,1,0,1,True,0.7290823607459025,0.08,0.6490823607459025,0,0,0,0.9950215220451355,0.03949546068906784,False,target,correct,4
Young,young_20_29,6888,3252,1,3,3,False,0.6803152993542063,0.09,0.5903152993542063,3,3,3,0.7709133625030518,0.03488689661026001,False,flanker,evidence-origin,4
Young,young_20_29,6890,12894,1,2,1,True,0.5510751619782699,0.1,0.4510751619782699,2,2,2,0.6461851000785828,0.03577537089586258,False,target,correct,2
Young,young_20_29,6892,10589,3,1,1,False,0.8465547507619431,0.04,0.806554750761943,1,1,1,1.1391379833221436,0.028522014617919922,False,flanker,evidence-origin,5
Young,young_20_29,6895,50846,1,3,3,False,0.7381755312597741,0.07,0.6681755312597741,3,3,3,0.7950957417488098,0.030698731541633606,False,flanker,evidence-origin,4
Young,young_20_29,6897,57701,1,3,3,False,0.8277699071283464,0.04,0.7877699071283464,3,3,3,1.216366171836853,0.02869349718093872,False,flanker,evidence-origin,5
Young,young_20_29,6898,170787,3,0,3,True,0.7305333149574947,0.06,0.6705333149574948,0,0,0,1.1593255996704102,0.0349777489900589,False,target,correct,4
Young,young_20_29,6899,39112,2,0,2,True,0.6641450300825029,0.05,0.6141450300825029,0,0,0,1.1908366680145264,0.03350459039211273,False,target,correct,4
Young,young_20_29,6900,36343,1,0,1,True,0.4383460271392904,0.07,0.3683460271392904,0,0,0,1.1080104112625122,0.03888717293739319,False,target,correct,1
Young,young_20_29,6903,5084,3,0,3,True,0.7520628877390879,0.07,0.682062887739088,0,0,0,0.840604841709137,0.031686991453170776,False,target,correct,5
Young,young_20_29,6905,11085,3,2,3,True,0.4991629499574788,0.06,0.4391629499574788,2,2,2,1.2262029647827148,0.03720667213201523,False,target,correct,1
Young,young_20_29,6907,21330,1,3,1,True,0.4253063370424618,0.04,0.3853063370424618,3,3,3,0.9626932144165039,0.026094093918800354,False,target,correct,1
Young,young_20_29,6908,19976,3,1,3,True,0.6146627388939522,0.07,0.5446627388939522,1,1,1,0.7701772451400757,0.02849353849887848,False,target,correct,3
Young,young_20_29,6909,78592,0,1,0,True,0.7763742429188972,0.04,0.7363742429188972,1,1,1,1.627441644668579,0.03664770722389221,False,target,correct,5
Young,young_20_29,6911,102254,0,2,2,False,0.8937767863618025,0.09,0.8037767863618025,2,2,2,0.7177204489707947,0.033617034554481506,False,flanker,evidence-origin,5
Young,young_20_29,6913,54536,1,3,3,False,0.5594894739977099,0.03,0.5294894739977098,3,3,3,1.1762516498565674,0.024862468242645264,False,flanker,evidence-origin,2
Young,young_20_29,6917,30049,0,2,2,False,0.7338946073082478,0.12,0.6138946073082479,2,2,2,0.501205325126648,0.034197866916656494,False,flanker,evidence-origin,4
Young,young_20_29,6918,15875,1,3,1,True,0.5011900270089192,0.09,0.41119002700891927,3,3,3,0.6336286067962646,0.031020186841487885,False,target,correct,1
Young,young_20_29,6919,103362,0,3,0,True,0.816437361931502,0.23,0.586437361931502,0,0,0,0.4595266282558441,0.006866157054901123,False,target,correct,5
Young,young_20_29,6923,86185,2,3,3,False,0.4303542794672075,0.04,0.3903542794672075,3,3,3,1.449461817741394,0.03389804810285568,False,flanker,evidence-origin,1
Young,young_20_29,6924,13703,2,0,2,True,0.6468920351216968,0.05,0.5968920351216968,0,0,0,1.0921393632888794,0.03086475282907486,False,target,correct,3
Young,young_20_29,6927,30715,1,0,1,True,0.7306140327610099,0.06,0.67061403276101,0,0,0,1.1878762245178223,0.03801009804010391,False,target,correct,4
Young,young_20_29,6938,9086,0,2,2,False,0.9833336800915575,0.17,0.8133336800915575,2,2,2,0.28328877687454224,0.029190927743911743,False,flanker,evidence-origin,5
Young,young_20_29,6939,72789,0,3,0,True,1.0422454208941458,0.71,0.3322454208941459,0,0,0,0.7948088049888611,0.02273447811603546,False,target,correct,5
Young,young_20_29,6940,21246,0,1,0,True,0.559403448396738,0.04,0.5194034483967379,1,1,1,1.4555091857910156,0.033685289323329926,False,target,correct,2
Young,young_20_29,6941,103926,0,2,2,False,0.9479166788513534,0.26,0.6879166788513534,2,0,2,0.017210960388183594,0.017930254340171814,False,flanker,accumulator-origin,5
Young,young_20_29,6943,167750,3,0,3,True,0.4947762461452494,0.05,0.4447762461452494,0,0,0,1.3892030715942383,0.036347731947898865,False,target,correct,1
Young,young_20_29,6944,139331,1,3,1,True,0.6426604251533092,0.06,0.5826604251533092,3,3,3,0.8021306991577148,0.027607537806034088,False,target,correct,3
Young,young_20_29,6948,17853,2,3,3,False,0.5857030756750141,0.08,0.5057030756750142,3,3,3,0.9608904123306274,0.03798763453960419,False,flanker,evidence-origin,2
Young,young_20_29,6949,171316,1,3,3,False,0.4866803502622567,0.05,0.4366803502622567,3,3,3,1.0440706014633179,0.029167771339416504,False,flanker,evidence-origin,1
Young,young_20_29,6950,60638,3,0,0,False,0.4300589829646245,0.05,0.38005898296462454,0,0,0,1.3717676401138306,0.035718418657779694,False,flanker,evidence-origin,1
Young,young_20_29,6952,26105,2,3,3,False,0.6609885612361226,0.07,0.5909885612361225,3,3,3,0.9960008859634399,0.03546161949634552,False,flanker,evidence-origin,4
Young,young_20_29,6954,44707,0,1,0,True,1.3718273258155176,0.62,0.7518273258155176,0,0,0,0.8355135917663574,0.0448279082775116,False,target,correct,5
Young,young_20_29,6955,71117,2,3,2,True,0.8041440438401382,0.07,0.7341440438401381,3,3,3,1.0780227184295654,0.038386017084121704,False,target,correct,5
Young,young_20_29,6956,162500,0,2,2,False,0.577932133157186,0.08,0.49793213315718593,2,2,2,0.8422494530677795,0.03391363471746445,False,flanker,evidence-origin,2
Young,young_20_29,6960,9013,1,0,0,False,0.6415506778477397,0.05,0.5915506778477396,0,0,0,1.4012857675552368,0.03684365749359131,False,flanker,evidence-origin,3
Young,young_20_29,6961,3272,0,1,0,True,0.7318416320771237,0.24,0.4918416320771237,0,0,0,1.0238621234893799,0.00497756153345108,False,target,correct,4
Young,young_20_29,6965,50058,1,2,1,True,0.5930187445904559,0.06,0.533018744590456,2,2,2,0.914487361907959,0.03179390728473663,False,target,correct,2
Young,young_20_29,6967,23510,2,0,2,True,0.35657653273873224,0.05,0.30657653273873225,0,0,0,1.1285984516143799,0.031845979392528534,False,target,correct,1
Young,young_20_29,6968,45069,3,0,3,True,0.5940981147490244,0.09,0.5040981147490244,0,0,0,0.5984103679656982,0.030853845179080963,False,target,correct,2
Young,young_20_29,6970,54091,0,1,0,True,0.49187587178829056,0.07,0.42187587178829056,1,1,1,1.0862202644348145,0.03843100368976593,False,target,correct,1
Young,young_20_29,6972,26861,1,2,1,True,0.6065622869445612,0.06,0.5465622869445612,2,2,2,0.9607123136520386,0.031748346984386444,False,target,correct,3
Young,young_20_29,6973,21272,0,1,0,True,0.6528923130184455,0.1,0.5528923130184455,1,1,1,0.5819863080978394,0.036184266209602356,False,target,correct,3
Young,young_20_29,6975,47820,3,0,3,True,0.45047412711150614,0.06,0.39047412711150614,0,0,0,1.3231315612792969,0.038588620722293854,False,target,correct,1
Young,young_20_29,6976,174935,0,2,2,False,0.5925898809650224,0.14,0.4525898809650224,2,2,2,0.41137927770614624,0.030838564038276672,False,flanker,evidence-origin,2
Young,young_20_29,6978,94991,1,3,1,True,0.6052400090030181,0.1,0.5052400090030181,3,3,3,0.4969344735145569,0.029113538563251495,False,target,correct,3
Young,young_20_29,6980,22495,1,0,0,False,0.764053029472882,0.04,0.724053029472882,0,0,0,1.650546908378601,0.035703547298908234,False,flanker,evidence-origin,5
Young,young_20_29,6981,179956,0,1,0,True,0.5144768936281143,0.09,0.42447689362811436,1,1,1,0.7129985690116882,0.0337638184428215,False,target,correct,1
Young,young_20_29,6984,42374,2,0,0,False,0.5694699770661924,0.04,0.5294699770661924,0,0,0,1.3292105197906494,0.03133457899093628,False,flanker,evidence-origin,2
Young,young_20_29,6985,23552,2,3,2,True,0.35797436319868153,0.06,0.29797436319868154,3,3,3,1.0727771520614624,0.03392847627401352,False,target,correct,1
Young,young_20_29,6986,6494,1,0,1,True,0.6273433506926721,0.05,0.5773433506926721,0,0,0,1.359774112701416,0.03545350581407547,False,target,correct,3
Young,young_20_29,6987,76243,1,2,1,True,0.824013280823763,0.12,0.704013280823763,2,2,2,0.6181409955024719,0.037705473601818085,False,target,correct,5
Young,young_20_29,6988,15481,2,1,2,True,0.678909059224822,0.07,0.6089090592248221,1,1,1,1.090008020401001,0.03722252696752548,False,target,correct,4
Young,young_20_29,6992,21969,2,1,2,True,0.7251202272441577,0.16,0.5651202272441577,1,1,1,0.21087464690208435,0.030397213995456696,False,target,correct,4
Young,young_20_29,6993,22512,0,3,3,False,0.7159241099370237,0.05,0.6659241099370237,3,3,3,1.2532292604446411,0.03407075256109238,False,flanker,evidence-origin,4
Young,young_20_29,6994,20551,1,2,1,True,0.6434177816465098,0.08,0.5634177816465098,2,2,2,0.6089344024658203,0.030584275722503662,False,target,correct,3
Young,young_20_29,6996,23208,3,1,3,True,0.502783011275159,0.09,0.41278301127515904,1,1,1,0.656213641166687,0.03148016333580017,False,target,correct,1
Young,young_20_29,6999,90244,1,2,1,True,0.7287920087014188,0.05,0.6787920087014188,2,2,2,1.0538997650146484,0.03134781867265701,False,target,correct,4
Young,young_20_29,7000,22769,2,3,2,True,0.6715114839139675,0.08,0.5915114839139676,3,3,3,0.8597269654273987,0.03473114222288132,False,target,correct,4
Young,young_20_29,7001,168296,2,0,0,False,0.8425782346088965,0.06,0.7825782346088965,0,0,0,0.8750471472740173,0.029421523213386536,False,flanker,evidence-origin,5
Young,young_20_29,7003,470,2,3,2,True,1.30438011545196,0.61,0.6943801154519601,2,2,2,0.5670050978660583,0.026781544089317322,False,target,correct,5
Young,young_20_29,7004,169367,2,1,1,False,0.8211081981448052,0.06,0.7611081981448051,1,1,1,1.156368374824524,0.0349368080496788,False,flanker,evidence-origin,5
Young,young_20_29,7006,78439,1,0,0,False,0.8391107521520632,0.05,0.7891107521520632,0,0,0,1.2535536289215088,0.03344392031431198,False,flanker,evidence-origin,5
Young,young_20_29,7009,66323,1,2,1,True,0.7018957443373444,0.1,0.6018957443373444,2,2,2,0.4139972925186157,0.0306742861866951,False,target,correct,4
Young,young_20_29,7010,167591,1,0,0,False,0.7164597472415927,0.05,0.6664597472415926,0,0,0,1.4724122285842896,0.03800056874752045,False,flanker,evidence-origin,4
Young,young_20_29,7011,54747,2,3,3,False,0.6676629745495777,0.08,0.5876629745495777,3,3,3,0.8587043285369873,0.03546846657991409,False,flanker,evidence-origin,4
Young,young_20_29,7012,161312,3,2,3,True,0.6702996815710821,0.05,0.6202996815710821,2,2,2,1.4269886016845703,0.036472126841545105,False,target,correct,4
Young,young_20_29,7013,13961,2,0,2,True,0.5455162900031152,0.05,0.4955162900031152,0,0,0,1.1495741605758667,0.03331756591796875,False,target,correct,2
Young,young_20_29,7014,23023,0,3,0,True,1.4497437791809276,0.72,0.7297437791809276,0,0,0,0.9500357508659363,0.011298015713691711,False,target,correct,5
Young,young_20_29,7021,16137,1,0,1,True,0.6733836780168305,0.06,0.6133836780168305,0,0,0,1.3246551752090454,0.04001753032207489,False,target,correct,4
Young,young_20_29,7024,55483,1,2,1,True,0.6454605086874025,0.05,0.5954605086874024,2,2,2,1.10558021068573,0.031142883002758026,False,target,correct,3
Young,young_20_29,7025,15369,1,3,1,True,0.6206190453031679,0.06,0.5606190453031679,3,3,3,1.100825309753418,0.035763852298259735,False,target,correct,3
Young,young_20_29,7026,1005,1,3,3,False,0.5529497619873391,0.03,0.5229497619873391,3,3,3,1.1951892375946045,0.0248430073261261,False,flanker,evidence-origin,2
Young,young_20_29,7029,12608,2,1,2,True,0.3656265245150391,0.04,0.3256265245150391,1,1,1,1.5222452878952026,0.03568700700998306,False,target,correct,1
Young,young_20_29,7031,16728,2,0,2,True,0.6020135962075078,0.05,0.5520135962075078,0,0,0,1.0896787643432617,0.030661016702651978,False,target,correct,3
Young,young_20_29,7032,114941,3,1,3,True,0.5868802172296965,0.09,0.49688021722969655,1,1,1,0.620345950126648,0.02989182621240616,False,target,correct,2
Young,young_20_29,7033,11925,1,0,0,False,0.670261006168754,0.06,0.6102610061687539,0,0,0,1.2491588592529297,0.03694072365760803,False,flanker,evidence-origin,4
Young,young_20_29,7034,3587,2,1,2,True,0.5987636089404005,0.07,0.5287636089404004,1,1,1,0.9132767915725708,0.031798042356967926,False,target,correct,3
Young,young_20_29,7035,41371,1,0,0,False,0.8085063913143785,0.05,0.7585063913143785,0,0,0,1.4149113893508911,0.03784272074699402,False,flanker,evidence-origin,5
Young,young_20_29,7037,6855,3,0,3,True,0.5864715565461979,0.05,0.5364715565461978,0,0,0,1.3096942901611328,0.03475537151098251,False,target,correct,2
Young,young_20_29,7043,129019,3,1,3,True,0.6834209016254185,0.08,0.6034209016254185,1,1,1,0.7293078899383545,0.03127729147672653,False,target,correct,4
Young,young_20_29,7044,8314,2,3,2,True,0.7292818299187901,0.11,0.6192818299187901,3,3,3,0.6499781608581543,0.03695940226316452,False,target,correct,4
Young,young_20_29,7045,6766,2,3,3,False,0.6642043674921708,0.05,0.6142043674921708,3,3,3,1.2772585153579712,0.03368388116359711,False,flanker,evidence-origin,4
Young,young_20_29,7048,3652,2,0,0,False,0.7060524584514201,0.05,0.65605245845142,0,0,0,1.127042293548584,0.03231597691774368,False,flanker,evidence-origin,4
Young,young_20_29,7050,8249,2,1,2,True,0.5446338337435485,0.08,0.46463383374354844,1,1,1,0.974004328250885,0.03748926520347595,False,target,correct,2
Young,young_20_29,7051,59590,3,2,3,True,0.6233219717893156,0.09,0.5333219717893156,2,2,2,0.8902846574783325,0.03833930194377899,False,target,correct,3
Young,young_20_29,7052,7035,2,1,2,True,0.7277434430216608,0.13,0.5977434430216608,1,1,1,0.3892918527126312,0.03256005048751831,False,target,correct,4
Young,young_20_29,7053,17145,2,0,0,False,0.6971392647105431,0.06,0.6371392647105432,0,0,0,1.133146047592163,0.036031514406204224,False,flanker,evidence-origin,4
Young,young_20_29,7055,116127,1,3,3,False,0.46469130201502323,0.11,0.35469130201502325,3,3,3,0.6174687147140503,0.03368493914604187,False,flanker,evidence-origin,1
Young,young_20_29,7056,18489,0,3,0,True,0.7390798684443506,0.08,0.6590798684443506,3,3,3,0.6944950222969055,0.03266195207834244,False,target,correct,4
Young,young_20_29,7057,28690,2,0,2,True,0.7115697943978416,0.07,0.6415697943978416,0,0,0,0.9162760376930237,0.032932572066783905,False,target,correct,4
Young,young_20_29,7059,27861,2,3,3,False,0.5972966064567898,0.06,0.5372966064567899,3,3,3,1.2277612686157227,0.03660807013511658,False,flanker,evidence-origin,3
Young,young_20_29,7060,1039,0,3,0,True,0.6356403002339852,0.08,0.5556403002339853,3,3,3,0.6946017742156982,0.03375207632780075,False,target,correct,3
Young,young_20_29,7061,116374,1,3,3,False,0.6545832509479123,0.03,0.6245832509479122,3,3,3,1.4619213342666626,0.029792971909046173,False,flanker,evidence-origin,3
Young,young_20_29,7062,139185,3,1,1,False,0.7014227666044971,0.04,0.6614227666044971,1,1,1,1.0102248191833496,0.024657167494297028,False,flanker,evidence-origin,4
Young,young_20_29,7063,22226,1,0,0,False,0.3041331434702916,0.04,0.2641331434702916,0,0,0,1.5754566192626953,0.03493605554103851,False,flanker,evidence-origin,1
Young,young_20_29,7064,131106,2,3,3,False,0.4197428076510228,0.05,0.3697428076510228,3,3,3,1.4503952264785767,0.03863483667373657,False,flanker,evidence-origin,1
Young,young_20_29,7066,94494,3,0,3,True,0.5772897511067697,0.06,0.5172897511067698,0,0,0,1.2720870971679688,0.03873318433761597,False,target,correct,2
Young,young_20_29,7069,43136,3,1,3,True,0.5069853279617329,0.05,0.4569853279617329,1,1,1,0.834082305431366,0.024353109300136566,False,target,correct,1
Young,young_20_29,7071,70822,3,0,3,True,0.4467989525934516,0.07,0.3767989525934516,0,0,0,1.230159044265747,0.04063813388347626,False,target,correct,1
Young,young_20_29,7077,137587,0,3,0,True,0.7461176930863966,0.08,0.6661176930863967,3,3,3,0.8067635297775269,0.035705119371414185,False,target,correct,5
Young,young_20_29,7078,4248,3,2,3,True,0.5287175891005633,0.1,0.42871758910056335,2,2,2,0.6143830418586731,0.032065942883491516,False,target,correct,2
Young,young_20_29,7080,8782,2,1,2,True,0.6524886088378028,0.07,0.5824886088378027,1,1,1,0.903631865978241,0.03322286158800125,False,target,correct,3
Young,young_20_29,7081,6912,0,1,0,True,0.6697116017590332,0.13,0.5397116017590332,1,1,1,0.5275259613990784,0.03567032516002655,False,target,correct,4
Young,young_20_29,7082,13019,0,1,0,True,0.8137631253613686,0.32,0.4937631253613686,0,0,0,0.9703484773635864,0.016389064490795135,False,target,correct,5
Young,young_20_29,7083,140570,3,0,3,True,0.7095902577863334,0.04,0.6695902577863334,0,0,0,1.5986181497573853,0.03512959182262421,False,target,correct,4
Young,young_20_29,7089,118531,2,1,2,True,0.5576204401115838,0.06,0.49762044011158385,1,1,1,0.9906752705574036,0.0318584218621254,False,target,correct,2
Young,young_20_29,7091,38685,3,1,1,False,0.6778512008304735,0.06,0.6178512008304735,1,1,1,0.9824622869491577,0.03196531534194946,False,flanker,evidence-origin,4
Young,young_20_29,7092,3465,3,0,3,True,0.6291153158650639,0.08,0.5491153158650639,0,0,0,0.8436691164970398,0.035302355885505676,False,target,correct,3
Young,young_20_29,7094,7116,2,3,2,True,0.46980364377295897,0.06,0.40980364377295897,3,3,3,1.071157455444336,0.0344756543636322,False,target,correct,1
Young,young_20_29,7095,12319,3,2,3,True,0.5180822625792628,0.09,0.42808226257926285,2,2,2,0.8882619142532349,0.03819124400615692,False,target,correct,1
Young,young_20_29,7097,88303,0,2,2,False,0.6340091985504155,0.06,0.5740091985504154,2,2,2,0.9980681538581848,0.032540470361709595,False,flanker,evidence-origin,3
Young,young_20_29,7100,20291,2,1,2,True,0.719679390439507,0.11,0.609679390439507,1,1,1,0.6861007809638977,0.03972294181585312,False,target,correct,4
Young,young_20_29,7102,71726,2,1,1,False,0.5999502671222701,0.03,0.56995026712227,1,1,1,1.8043859004974365,0.033541448414325714,False,flanker,evidence-origin,3
Young,young_20_29,7103,107808,3,1,3,True,0.5925378178425634,0.06,0.5325378178425635,1,1,1,0.9522608518600464,0.03114570677280426,False,target,correct,2
Young,young_20_29,7111,165563,0,3,0,True,1.2678374430758088,0.7000000000000001,0.5678374430758087,0,0,0,0.9080518484115601,0.029191792011260986,False,target,correct,5
Young,young_20_29,7114,138803,0,1,0,True,0.6256825542639745,0.08,0.5456825542639745,1,1,1,0.7564055919647217,0.033778056502342224,False,target,correct,3
Young,young_20_29,7116,81833,2,3,3,False,0.5541596543890237,0.05,0.5041596543890237,3,3,3,1.4502962827682495,0.037977688014507294,False,flanker,evidence-origin,2
Young,young_20_29,7120,19832,1,3,3,False,0.6420855903331306,0.06,0.5820855903331306,3,3,3,1.0863921642303467,0.03371573984622955,False,flanker,evidence-origin,3
Young,young_20_29,7121,23846,0,3,3,False,0.4643530920103388,0.05,0.4143530920103388,3,3,3,1.4216820001602173,0.03863032907247543,False,flanker,evidence-origin,1
Young,young_20_29,7124,131216,0,3,3,False,0.3978504540935988,0.08,0.3178504540935988,3,3,3,0.8179448246955872,0.03564820438623428,False,flanker,evidence-origin,1
Young,young_20_29,7131,2697,3,2,2,False,0.5558278879213074,0.06,0.49582788792130744,2,2,2,1.3283452987670898,0.03963924199342728,False,flanker,evidence-origin,2
Young,young_20_29,7134,11483,0,1,0,True,0.654252566891216,0.05,0.604252566891216,1,1,1,1.2254555225372314,0.03397505730390549,False,target,correct,3
Young,young_20_29,7135,77881,1,3,1,True,0.6656937725957719,0.06,0.6056937725957718,3,3,3,0.7959332466125488,0.027068838477134705,False,target,correct,4
Young,young_20_29,7137,75391,3,2,3,True,0.6196205205036938,0.09,0.5296205205036938,2,2,2,0.8680616617202759,0.038145557045936584,False,target,correct,3
Young,young_20_29,7138,15162,3,2,3,True,0.6626899039972615,0.09,0.5726899039972615,2,2,2,0.9046032428741455,0.03886271268129349,False,target,correct,4
Young,young_20_29,7139,16314,0,1,0,True,0.8432420390531156,0.13,0.7132420390531156,1,1,1,0.5128262042999268,0.03328365832567215,False,target,correct,5
Young,young_20_29,7140,76333,0,3,0,True,0.6494469691260877,0.09,0.5594469691260877,3,3,3,0.5728833675384521,0.03155609965324402,False,target,correct,3
Young,young_20_29,7142,26976,2,0,0,False,0.5368121984855083,0.05,0.48681219848550833,0,0,0,1.2345186471939087,0.03445564955472946,False,flanker,evidence-origin,2
Young,young_20_29,7144,121552,3,0,3,True,0.5320088202174629,0.06,0.4720088202174629,0,0,0,1.3007595539093018,0.038679338991642,False,target,correct,2
Young,young_20_29,7149,121817,3,0,3,True,0.8146037518839551,0.07,0.744603751883955,0,0,0,0.8625045418739319,0.03249390423297882,False,target,correct,5
Young,young_20_29,7150,29822,1,3,3,False,0.88005691165374,0.05,0.83005691165374,3,3,3,1.1588506698608398,0.03149321675300598,False,flanker,evidence-origin,5
Young,young_20_29,7151,82647,1,2,1,True,0.539215352373563,0.07,0.469215352373563,2,2,2,0.7653745412826538,0.03076326847076416,False,target,correct,2
Young,young_20_29,7152,28149,1,2,1,True,0.629772277103711,0.06,0.569772277103711,2,2,2,1.1325300931930542,0.036218225955963135,False,target,correct,3
Young,young_20_29,7156,4080,0,2,2,False,0.6712537380686516,0.08,0.5912537380686517,2,2,2,0.7693542838096619,0.03251585364341736,False,flanker,evidence-origin,4
Young,young_20_29,7157,62646,2,3,3,False,0.5401947492963809,0.07,0.4701947492963809,3,3,3,1.1871418952941895,0.039375320076942444,False,flanker,evidence-origin,2
Young,young_20_29,7158,45441,1,0,0,False,0.6189940437002839,0.06,0.5589940437002838,0,0,0,1.3197581768035889,0.03867240995168686,False,flanker,evidence-origin,3
Young,young_20_29,7159,23906,2,1,2,True,0.6443084548547752,0.06,0.5843084548547752,1,1,1,1.1856482028961182,0.03503182530403137,False,target,correct,3
Young,young_20_29,7164,40263,2,0,0,False,0.8042531509586548,0.04,0.7642531509586548,0,0,0,1.213953971862793,0.028592824935913086,False,flanker,evidence-origin,5
Young,young_20_29,7165,113164,1,2,1,True,0.5285410161361052,0.06,0.46854101613610516,2,2,2,0.8467333912849426,0.02921769767999649,False,target,correct,2
Young,young_20_29,7166,103719,2,1,2,True,0.651770227127506,0.09,0.561770227127506,1,1,1,0.8979251384735107,0.03763553500175476,False,target,correct,3
Young,young_20_29,7168,37309,2,1,2,True,0.7922939585502092,0.08,0.7122939585502093,1,1,1,0.9361255168914795,0.03573498874902725,False,target,correct,5
Young,young_20_29,7172,182086,0,1,0,True,0.6994218782044553,0.09,0.6094218782044554,1,1,1,0.7483619451522827,0.0364626869559288,False,target,correct,4
Young,young_20_29,7173,14399,2,0,0,False,0.873956779727499,0.06,0.8139567797274989,0,0,0,1.131908655166626,0.03471284359693527,False,flanker,evidence-origin,5
Young,young_20_29,7175,6648,0,3,3,False,0.7695630560529154,0.05,0.7195630560529154,3,3,3,1.3679739236831665,0.03770686686038971,False,flanker,evidence-origin,5
Young,young_20_29,7177,11903,0,2,2,False,0.6279382963280425,0.12,0.5079382963280425,2,2,2,0.5690737962722778,0.034099966287612915,False,flanker,evidence-origin,3
Young,young_20_29,7178,4409,2,3,3,False,0.5261180613311929,0.06,0.4661180613311929,3,3,3,1.2623162269592285,0.036966122686862946,False,flanker,evidence-origin,2
Young,young_20_29,7180,84237,0,2,2,False,0.722382598120147,0.06,0.662382598120147,2,2,2,0.9588029384613037,0.030748724937438965,False,flanker,evidence-origin,4
Young,young_20_29,7183,106554,3,2,3,True,0.5713975453201839,0.13,0.44139754532018394,2,2,2,0.44949087500572205,0.03353817015886307,False,target,correct,2
Young,young_20_29,7185,6526,0,1,1,False,0.6105188401248437,0.06,0.5505188401248438,1,1,1,1.1091907024383545,0.03391824662685394,False,flanker,evidence-origin,3
Young,young_20_29,7188,23605,3,2,2,False,0.31000001430511476,0.06,0.25000001430511476,2,2,2,1.2335002422332764,0.03812000900506973,False,flanker,evidence-origin,1
Young,young_20_29,7191,5244,2,1,2,True,0.7512699032013328,0.06,0.6912699032013327,1,1,1,1.1936514377593994,0.035255566239356995,False,target,correct,5
Young,young_20_29,7197,1267,1,2,1,True,0.6345303132411044,0.08,0.5545303132411045,2,2,2,0.6736830472946167,0.031646691262722015,False,target,correct,3
Young,young_20_29,7198,10174,1,3,3,False,0.6459052650555694,0.06,0.5859052650555694,3,3,3,1.1585807800292969,0.03615733981132507,False,flanker,evidence-origin,3
Young,young_20_29,7201,140475,2,0,2,True,0.5184931568563643,0.05,0.46849315685636433,0,0,0,1.0093321800231934,0.030036523938179016,False,target,correct,1
Young,young_20_29,7203,27839,3,1,3,True,0.6760294617098874,0.06,0.6160294617098874,1,1,1,0.8924890756607056,0.02977672964334488,False,target,correct,4
Young,young_20_29,7205,20223,3,0,3,True,0.8535631939931955,0.07,0.7835631939931955,0,0,0,1.1371914148330688,0.03750333935022354,False,target,correct,5
Young,young_20_29,7209,54400,1,0,0,False,0.8434862774746801,0.04,0.80348627747468,0,0,0,1.5417718887329102,0.03469812870025635,False,flanker,evidence-origin,5
Young,young_20_29,7210,35810,3,1,3,True,0.6383007218013463,0.06,0.5783007218013463,1,1,1,0.8361770510673523,0.029365174472332,False,target,correct,3
Young,young_20_29,7211,31741,3,1,1,False,0.5156769177968327,0.05,0.4656769177968327,1,1,1,1.0033795833587646,0.028384558856487274,False,flanker,evidence-origin,1
Young,young_20_29,7213,31753,2,1,2,True,0.6710380734881018,0.07,0.6010380734881018,1,1,1,1.1229077577590942,0.0382545068860054,False,target,correct,4
Young,young_20_29,7215,116662,2,1,2,True,0.5290836348958987,0.05,0.4790836348958987,1,1,1,1.3334882259368896,0.03509673476219177,False,target,correct,2
Young,young_20_29,7216,124715,2,1,2,True,0.5756521913747215,0.09,0.4856521913747215,1,1,1,0.7955490350723267,0.03446812182664871,False,target,correct,2
Young,young_20_29,7218,1101,3,1,3,True,0.5450407636187873,0.06,0.4850407636187873,1,1,1,0.6949208974838257,0.02372298389673233,False,target,correct,2
Young,young_20_29,7220,20386,1,2,1,True,0.3617662510908577,0.05,0.3117662510908577,2,2,2,0.8122164011001587,0.0253385528922081,False,target,correct,1
Young,young_20_29,7223,11555,2,3,3,False,0.6224651601392149,0.04,0.5824651601392149,3,3,3,1.7777491807937622,0.038964055478572845,False,flanker,evidence-origin,3
Young,young_20_29,7227,47874,0,3,0,True,0.595436930709718,0.09,0.5054369307097181,3,3,3,0.6305030584335327,0.0334293395280838,False,target,correct,2
Young,young_20_29,7229,1085,2,1,1,False,0.46652497000701804,0.03,0.43652497000701806,1,1,1,1.9584436416625977,0.03564734011888504,False,flanker,evidence-origin,1
Young,young_20_29,7230,8917,2,1,2,True,0.6004831932788952,0.08,0.5204831932788953,1,1,1,0.8591526746749878,0.03392389416694641,False,target,correct,3
Young,young_20_29,7231,105684,1,0,0,False,0.49287845343127035,0.04,0.45287845343127037,0,0,0,1.555511713027954,0.0346207395195961,False,flanker,evidence-origin,1
Young,young_20_29,7233,71181,0,3,0,True,0.6970677650623902,0.06,0.6370677650623902,3,3,3,1.1077847480773926,0.03571391850709915,False,target,correct,4
Young,young_20_29,7234,29215,0,1,0,True,0.900000023841858,0.05,0.8500000238418579,1,1,1,1.208601713180542,0.03257393091917038,False,target,correct,5
Young,young_20_29,7235,78539,1,0,0,False,0.804964319103138,0.04,0.764964319103138,0,0,0,1.5687061548233032,0.036238133907318115,False,flanker,evidence-origin,5
Young,young_20_29,7237,41680,3,1,3,True,0.6197361701888608,0.13,0.48973617018886084,1,1,1,0.23990994691848755,0.025486186146736145,False,target,correct,3
Young,young_20_29,7240,68355,0,3,0,True,0.7932123471666147,0.04,0.7532123471666147,3,3,3,1.4498188495635986,0.033480629324913025,False,target,correct,5
Young,young_20_29,7241,61339,3,2,2,False,0.6022103200358496,0.11,0.49221032003584964,2,2,2,0.8477407097816467,0.04345100373029709,False,flanker,evidence-origin,3
Young,young_20_29,7243,4786,3,1,3,True,0.5979468998411801,0.08,0.5179468998411801,1,1,1,0.6871949434280396,0.030398651957511902,False,target,correct,3
Young,young_20_29,7245,47312,0,1,0,True,0.7072408714233664,0.21,0.4972408714233665,0,0,0,1.0759468078613281,0.019238047301769257,False,target,correct,4
Young,young_20_29,7246,34375,3,2,3,True,0.5269236663910147,0.11,0.41692366639101475,2,2,2,0.563219428062439,0.033215589821338654,False,target,correct,2
Young,young_20_29,7248,53025,1,0,0,False,0.49088914269390027,0.04,0.4508891426939003,0,0,0,1.6053603887557983,0.03591123968362808,False,flanker,evidence-origin,1
Young,young_20_29,7249,65992,0,1,0,True,0.647009898964479,0.06,0.587009898964479,1,1,1,0.9642763137817383,0.0317535474896431,False,target,correct,3
Young,young_20_29,7250,27143,3,2,3,True,0.841790296621129,0.08,0.7617902966211291,2,2,2,0.9839155077934265,0.038825035095214844,False,target,correct,5
Young,young_20_29,7256,23067,0,2,2,False,0.5891145547614605,0.15,0.43911455476146044,2,2,2,0.35372310876846313,0.03189419209957123,False,flanker,evidence-origin,2
Young,young_20_29,7257,117246,3,2,3,True,0.6315344287846887,0.06,0.5715344287846886,2,2,2,1.260425329208374,0.03733658045530319,False,target,correct,3
Young,young_20_29,7258,89802,2,0,0,False,0.739894740567842,0.06,0.6798947405678419,0,0,0,0.9788929224014282,0.031335823237895966,False,flanker,evidence-origin,4
Young,young_20_29,7262,165037,1,0,1,True,0.48045695118180076,0.06,0.42045695118180076,0,0,0,1.162445306777954,0.03633131831884384,False,target,correct,1
Young,young_20_29,7267,106627,2,0,0,False,0.758840471584737,0.05,0.708840471584737,0,0,0,0.9845077991485596,0.028539367020130157,False,flanker,evidence-origin,5
Young,young_20_29,7269,49189,3,1,1,False,0.7325969494606231,0.05,0.6825969494606231,1,1,1,0.8282437920570374,0.024842627346515656,False,flanker,evidence-origin,4
Young,young_20_29,7273,51873,2,1,2,True,0.7017891546507357,0.07,0.6317891546507357,1,1,1,0.9990872144699097,0.034173548221588135,False,target,correct,4
Young,young_20_29,7275,101273,0,2,2,False,0.65385571951287,0.05,0.60385571951287,2,2,2,1.3444435596466064,0.03666096180677414,False,flanker,evidence-origin,3
Young,young_20_29,7277,58479,1,2,1,True,0.7056686074928573,0.11,0.5956686074928573,2,2,2,0.7196884155273438,0.03738092631101608,False,target,correct,4
Young,young_20_29,7278,15195,2,1,2,True,0.5800445196418068,0.13,0.4500445196418068,1,1,1,0.3438635468482971,0.031081393361091614,False,target,correct,2
Young,young_20_29,7281,15109,2,1,2,True,0.5838000427977285,0.03,0.5538000427977284,1,1,1,1.9033513069152832,0.03582995384931564,False,target,correct,2
Young,young_20_29,7284,78943,3,2,3,True,0.7874440708531045,0.12,0.6674440708531045,2,2,2,0.583804726600647,0.03648274391889572,False,target,correct,5
Young,young_20_29,7287,31208,3,2,3,True,0.5817597501543276,0.09,0.4917597501543276,2,2,2,0.8721184134483337,0.037093423306941986,False,target,correct,2
Young,young_20_29,7288,170004,2,1,2,True,0.6118299115179502,0.05,0.5618299115179501,1,1,1,1.2441892623901367,0.0332222506403923,False,target,correct,3
Young,young_20_29,7289,122296,2,3,2,True,0.7222660305662845,0.12,0.6022660305662845,3,3,3,0.5253997445106506,0.03581485152244568,False,target,correct,4
Young,young_20_29,7290,63108,0,1,0,True,0.6702717552896571,0.08,0.5902717552896571,1,1,1,0.9206652045249939,0.03698011487722397,False,target,correct,4
Young,young_20_29,7291,17450,0,1,0,True,0.5369974427611097,0.08,0.4569974427611097,1,1,1,1.0341397523880005,0.03953087329864502,False,target,correct,2
Young,young_20_29,7295,93554,2,1,2,True,0.6804693568257086,0.09,0.5904693568257087,1,1,1,0.8192271590232849,0.034669868648052216,False,target,correct,4
Young,young_20_29,7296,76787,1,2,1,True,0.8490874931840598,0.42,0.42908749318405986,1,1,1,0.48826462030410767,0.026040293276309967,False,target,correct,5
Young,young_20_29,7298,28338,0,3,0,True,0.4022305373044347,0.05,0.3522305373044347,3,3,3,1.1659111976623535,0.03251428157091141,False,target,correct,1
Young,young_20_29,7299,13612,1,2,1,True,0.508570869306279,0.06,0.44857086930627904,2,2,2,1.1194192171096802,0.036032021045684814,False,target,correct,1
Young,young_20_29,7302,122056,0,1,0,True,0.6292865700631145,0.21,0.41928657006311454,0,0,0,0.9144794940948486,0.00442078709602356,False,target,correct,3
Young,young_20_29,7303,16690,1,0,0,False,0.6946404616901074,0.05,0.6446404616901074,0,0,0,1.4692859649658203,0.03729017823934555,False,flanker,evidence-origin,4
Young,young_20_29,7307,5026,2,0,2,True,0.4361285825324791,0.06,0.3761285825324791,0,0,0,0.8225054740905762,0.028322897851467133,False,target,correct,1
Young,young_20_29,7308,4597,1,2,1,True,0.7147244346656715,0.07,0.6447244346656715,2,2,2,0.677082896232605,0.02922891080379486,False,target,correct,4
Young,young_20_29,7309,1609,3,1,3,True,0.7754539214905245,0.09,0.6854539214905245,1,1,1,0.6901984214782715,0.03246276080608368,False,target,correct,5
Young,young_20_29,7310,20484,2,0,2,True,0.7147156569491886,0.08,0.6347156569491886,0,0,0,0.7187198400497437,0.030991695821285248,False,target,correct,4
Young,young_20_29,7311,2823,1,3,3,False,0.8284448482844248,0.06,0.7684448482844248,3,3,3,1.0613175630569458,0.03306136280298233,False,flanker,evidence-origin,5
Young,young_20_29,7312,19659,0,1,0,True,0.5882044307021042,0.06,0.5282044307021041,1,1,1,1.0255520343780518,0.03270592540502548,False,target,correct,2
Young,young_20_29,7316,18785,3,1,3,True,0.5499379944396654,0.06,0.4899379944396654,1,1,1,0.9968231916427612,0.03238816559314728,False,target,correct,2
Young,young_20_29,7317,21298,0,1,0,True,0.7257882196662692,0.07,0.6557882196662692,1,1,1,0.9086684584617615,0.033616065979003906,False,target,correct,4
Young,young_20_29,7319,45035,0,2,2,False,0.46465812753551716,0.08,0.38465812753551715,2,2,2,0.7931831479072571,0.03297777473926544,False,flanker,evidence-origin,1
Young,young_20_29,7324,3370,0,2,2,False,0.5743267894862999,0.07,0.5043267894862999,2,2,2,1.0741435289382935,0.03786395490169525,False,flanker,evidence-origin,2
Young,young_20_29,7326,56448,2,0,0,False,0.4678095905418884,0.07,0.3978095905418884,0,0,0,0.9744777679443359,0.03565503656864166,False,flanker,evidence-origin,1
Young,young_20_29,7329,159719,3,2,3,True,0.3603175713409564,0.07,0.29031757134095637,2,2,2,1.1122040748596191,0.03807513415813446,False,target,correct,1
Young,young_20_29,7330,26281,2,1,2,True,0.8189806873537112,0.07,0.7489806873537113,1,1,1,0.9136062264442444,0.03227584809064865,False,target,correct,5
Young,young_20_29,7332,20984,3,1,3,True,0.8778064445407827,0.14,0.7378064445407827,1,1,1,0.33271363377571106,0.02863757312297821,False,target,correct,5
Young,young_20_29,7333,4276,3,1,1,False,0.5922002100400671,0.05,0.542200210040067,1,1,1,0.9935188293457031,0.028164029121398926,False,flanker,evidence-origin,2
Young,young_20_29,7334,18450,2,3,3,False,0.49062718086290424,0.05,0.44062718086290426,3,3,3,1.419082760810852,0.036899685859680176,False,flanker,evidence-origin,1
Young,young_20_29,7336,51815,2,1,2,True,0.9131500343932712,0.08,0.8331500343932713,1,1,1,0.9919143319129944,0.03783021122217178,False,target,correct,5
Young,young_20_29,7337,151,0,2,2,False,0.700538421614566,0.14,0.560538421614566,2,2,2,0.3985739052295685,0.029541581869125366,False,flanker,evidence-origin,4
Young,young_20_29,7338,121402,2,1,2,True,0.5771006491155174,0.05,0.5271006491155174,1,1,1,1.2453669309616089,0.033182963728904724,False,target,correct,2
Young,young_20_29,7340,20431,3,0,3,True,0.8090406020673936,0.05,0.7590406020673935,0,0,0,1.4447849988937378,0.037773072719573975,False,target,correct,5
Young,young_20_29,7343,137694,1,3,3,False,0.6850364861276864,0.07,0.6150364861276865,3,3,3,0.9440367817878723,0.03428317606449127,False,flanker,evidence-origin,4
Young,young_20_29,7344,13603,1,2,1,True,0.6698976437810577,0.15,0.5198976437810576,2,1,2,0.018049001693725586,0.025891251862049103,False,target,correct,4
Young,young_20_29,7345,102167,0,2,2,False,0.7623191445999562,0.11,0.6523191445999562,2,2,2,0.6681169271469116,0.035310134291648865,False,flanker,evidence-origin,5
Young,young_20_29,7346,42160,2,1,2,True,0.8472410186236258,0.32,0.5272410186236258,2,2,2,0.8609492182731628,0.013756081461906433,False,target,correct,5
Young,young_20_29,7350,78476,3,1,1,False,0.6549818100231978,0.09,0.5649818100231978,1,1,1,0.714358925819397,0.032024309039115906,False,flanker,evidence-origin,3
Young,young_20_29,7351,58645,0,2,2,False,0.7323245722482531,0.12,0.6123245722482531,2,2,2,0.5973657369613647,0.03449589014053345,False,flanker,evidence-origin,4
Young,young_20_29,7352,97464,2,1,2,True,0.56887072687784,0.06,0.5088707268778401,1,1,1,1.148841142654419,0.03516244888305664,False,target,correct,2
Young,young_20_29,7355,23518,3,2,3,True,0.7084919136647096,0.1,0.6084919136647097,2,2,2,0.8493282198905945,0.039779774844646454,False,target,correct,4
Young,young_20_29,7356,159524,1,3,1,True,0.608690217220689,0.05,0.5586902172206889,3,3,3,0.972167432308197,0.028463251888751984,False,target,correct,3
Young,young_20_29,7357,14595,2,0,2,True,0.4674310177102785,0.06,0.4074310177102785,0,0,0,0.9884065985679626,0.0319998562335968,False,target,correct,1
Young,young_20_29,7359,30459,1,2,1,True,0.6226570742267117,0.15,0.47265707422671166,2,1,2,0.12346857786178589,0.024395473301410675,False,target,correct,3
Young,young_20_29,7361,186211,2,0,2,True,0.6215138284485099,0.05,0.5715138284485098,0,0,0,1.0511502027511597,0.02993633598089218,False,target,correct,3
Young,young_20_29,7363,51173,0,2,2,False,0.4998934134292268,0.06,0.4398934134292268,2,2,2,1.1198574304580688,0.03384441137313843,False,flanker,evidence-origin,1
Young,young_20_29,7364,8138,1,2,1,True,0.6640611476469069,0.08,0.584061147646907,2,2,2,0.8918440341949463,0.03527936339378357,False,target,correct,4
Young,young_20_29,7365,22242,3,1,3,True,0.7628429280645197,0.08,0.6828429280645197,1,1,1,0.8109049201011658,0.032855577766895294,False,target,correct,5
Young,young_20_29,7366,101163,1,0,0,False,0.7697411178100325,0.06,0.7097411178100326,0,0,0,1.3029613494873047,0.039166226983070374,False,flanker,evidence-origin,5
Young,young_20_29,7368,129926,1,3,1,True,0.600201951007582,0.04,0.560201951007582,3,3,3,1.3184341192245483,0.03157687932252884,False,target,correct,3
Young,young_20_29,7370,6113,2,1,1,False,0.32606646656469457,0.07,0.25606646656469456,1,1,1,1.0516098737716675,0.036430373787879944,False,flanker,evidence-origin,1
Young,young_20_29,7371,7926,3,0,3,True,0.5927757428138007,0.07,0.5227757428138007,0,0,0,0.775981068611145,0.029907651245594025,False,target,correct,2
Young,young_20_29,7373,93193,2,0,2,True,0.5365859497154122,0.07,0.4665859497154122,0,0,0,0.7318812608718872,0.028947480022907257,False,target,correct,2
Young,young_20_29,7376,34064,1,0,0,False,0.5269632949306687,0.03,0.4969632949306687,0,0,0,1.615094780921936,0.030327394604682922,False,flanker,evidence-origin,2
Young,young_20_29,7378,4240,0,3,0,True,0.6291414562582048,0.08,0.5491414562582049,3,3,3,0.7765344381332397,0.03422331064939499,False,target,correct,3
Young,young_20_29,7379,29460,1,2,1,True,0.7566185685224347,0.06,0.6966185685224346,2,2,2,0.875123143196106,0.02990257740020752,False,target,correct,5
Young,young_20_29,7380,149394,2,0,2,True,0.722642988587156,0.05,0.672642988587156,0,0,0,1.1388746500015259,0.03278534859418869,False,target,correct,4
Young,young_20_29,7382,173158,0,1,0,True,0.9569971461083255,0.25,0.7069971461083255,0,0,0,1.0789355039596558,0.007342472672462463,False,target,correct,5
Young,young_20_29,7385,86396,1,2,1,True,0.5827911045269037,0.1,0.48279110452690377,2,2,2,0.33432021737098694,0.02773316204547882,False,target,correct,2
Young,young_20_29,7387,3965,3,2,3,True,0.5485351843732416,0.11,0.43853518437324157,2,2,2,0.6734477281570435,0.037386514246463776,False,target,correct,2
Young,young_20_29,7393,23935,0,3,0,True,0.5709456557358853,0.07,0.5009456557358853,3,3,3,0.8588889837265015,0.03271739184856415,False,target,correct,2
Young,young_20_29,7396,102415,2,1,2,True,0.8187009863844317,0.11,0.7087009863844317,1,1,1,0.6087253093719482,0.036760009825229645,False,target,correct,5
Young,young_20_29,7397,92297,2,3,3,False,0.8179253501069508,0.06,0.7579253501069507,3,3,3,1.1877671480178833,0.036625273525714874,False,flanker,evidence-origin,5
Young,young_20_29,7398,65650,0,3,3,False,0.3893576009199522,0.04,0.3493576009199522,3,3,3,1.4521605968475342,0.03374107927083969,False,flanker,evidence-origin,1
Young,young_20_29,7403,27173,3,1,3,True,0.5962271881088728,0.06,0.5362271881088727,1,1,1,0.9779562950134277,0.032513730227947235,False,target,correct,3
Young,young_20_29,7406,164835,3,0,3,True,0.7488275175776873,0.08,0.6688275175776873,0,0,0,0.6948915719985962,0.030940592288970947,False,target,correct,5
Young,young_20_29,7407,63522,1,0,0,False,0.6728231124671431,0.04,0.6328231124671431,0,0,0,1.4298186302185059,0.03264607489109039,False,flanker,evidence-origin,4
Young,young_20_29,7409,51933,2,1,2,True,0.8208673084808332,0.09,0.7308673084808333,1,1,1,0.7302713990211487,0.032631054520606995,False,target,correct,5
Young,young_20_29,7410,19148,0,3,0,True,0.7266071247920016,0.1,0.6266071247920016,3,3,3,0.48448681831359863,0.031842224299907684,False,target,correct,4
Young,young_20_29,7411,8184,3,2,3,True,0.7229060880496803,0.13,0.5929060880496803,2,2,2,0.6092005968093872,0.03849000483751297,False,target,correct,4
Young,young_20_29,7412,17929,1,2,1,True,0.6422318265761144,0.1,0.5422318265761145,2,2,2,0.6409229040145874,0.03497453033924103,False,target,correct,3
Young,young_20_29,7413,21496,0,3,0,True,0.5930060796068607,0.06,0.5330060796068607,3,3,3,1.0994714498519897,0.036380916833877563,False,target,correct,2
Young,young_20_29,7415,38531,3,2,3,True,0.5459232096209414,0.13,0.4159232096209414,2,2,2,0.392953485250473,0.031519435346126556,False,target,correct,2
Young,young_20_29,7416,15071,3,1,3,True,0.3672010727589281,0.06,0.3072010727589281,1,1,1,0.8093764781951904,0.02668919414281845,False,target,correct,1
Young,young_20_29,7417,130960,1,3,3,False,0.6163484076659369,0.05,0.5663484076659369,3,3,3,1.013535737991333,0.02917242795228958,False,flanker,evidence-origin,3
Young,young_20_29,7420,20943,1,2,1,True,0.5377713731614115,0.08,0.45777137316141153,2,2,2,0.6419884562492371,0.03138969838619232,False,target,correct,2
Young,young_20_29,7421,57049,1,3,1,True,0.670536173219894,0.07,0.6005361732198939,3,3,3,0.4851412773132324,0.02439992129802704,False,target,correct,4
Young,young_20_29,7422,3381,1,3,1,True,0.39894831477584425,0.07,0.32894831477584424,3,3,3,0.5257376432418823,0.024962738156318665,False,target,correct,1
Young,young_20_29,7423,47637,2,3,2,True,0.6020136677229687,0.13,0.4720136677229687,3,3,3,0.46644407510757446,0.034012213349342346,False,target,correct,3
Young,young_20_29,7425,24717,2,3,2,True,0.6922017368243494,0.1,0.5922017368243494,3,3,3,0.7582789659500122,0.036438196897506714,False,target,correct,4
Young,young_20_29,7428,5832,2,0,2,True,0.45267097570319714,0.06,0.39267097570319714,0,0,0,0.9554467797279358,0.03170417249202728,False,target,correct,1
Young,young_20_29,7429,27036,2,1,2,True,0.6268006622198647,0.05,0.5768006622198647,1,1,1,1.2154918909072876,0.032738298177719116,False,target,correct,3
Young,young_20_29,7431,21228,2,1,1,False,0.4575858696334338,0.06,0.3975858696334338,1,1,1,1.2546402215957642,0.037396833300590515,False,flanker,evidence-origin,1
Young,young_20_29,7432,24267,1,3,1,True,0.6788043423649142,0.08,0.5988043423649142,3,3,3,0.49399659037590027,0.02665042132139206,False,target,correct,4
Young,young_20_29,7433,109545,2,0,2,True,0.7755723241569665,0.05,0.7255723241569665,0,0,0,1.0156745910644531,0.02972545474767685,False,target,correct,5
Young,young_20_29,7434,51139,3,1,1,False,0.8900000333786011,0.04,0.8500000333786011,1,1,1,1.1348847150802612,0.02896413952112198,False,flanker,evidence-origin,5
Young,young_20_29,7435,143560,1,3,3,False,0.7591297198035273,0.03,0.7291297198035273,3,3,3,1.334256887435913,0.027456216514110565,False,flanker,evidence-origin,5
Young,young_20_29,7442,110155,2,3,3,False,0.6716776726263421,0.06,0.6116776726263422,3,3,3,1.2878283262252808,0.039013758301734924,False,flanker,evidence-origin,4
Young,young_20_29,7443,142202,1,0,1,True,0.7627743143611668,0.05,0.7127743143611668,0,0,0,1.25704026222229,0.033588431775569916,False,target,correct,5
Young,young_20_29,7444,7428,3,0,0,False,0.548018128919571,0.06,0.488018128919571,0,0,0,1.391658067703247,0.040992431342601776,False,flanker,evidence-origin,2
Young,young_20_29,7447,98378,2,1,2,True,0.7270738573221645,0.08,0.6470738573221645,1,1,1,0.9522709846496582,0.03790710121393204,False,target,correct,4
Young,young_20_29,7450,72571,3,1,3,True,0.36683239144088203,0.06,0.30683239144088204,1,1,1,0.8653693199157715,0.029583558440208435,False,target,correct,1
Young,young_20_29,7451,100574,2,1,2,True,0.6480950837733911,0.06,0.5880950837733911,1,1,1,1.049068808555603,0.03220434486865997,False,target,correct,3
Young,young_20_29,7453,6121,2,1,2,True,0.3709047275131539,0.06,0.3109047275131539,1,1,1,1.2029324769973755,0.036976732313632965,False,target,correct,1
Young,young_20_29,7455,70799,1,0,0,False,0.3307273432523516,0.05,0.2807273432523516,0,0,0,1.4495705366134644,0.037449076771736145,False,flanker,evidence-origin,1
Young,young_20_29,7457,49623,3,0,3,True,0.735406973487625,0.07,0.6654069734876249,0,0,0,1.1269242763519287,0.037717774510383606,False,target,correct,4
Young,young_20_29,7459,5241,2,1,2,True,0.6544771573838382,0.13,0.5244771573838382,1,1,1,0.5098851919174194,0.036912545561790466,False,target,correct,3
Young,young_20_29,7461,104363,3,0,3,True,0.5292885678301411,0.05,0.4792885678301411,0,0,0,1.3738529682159424,0.03624175488948822,False,target,correct,2
Young,young_20_29,7464,166504,0,1,0,True,0.6755555548094012,0.08,0.5955555548094013,1,1,1,0.8624769449234009,0.03420736640691757,False,target,correct,4
Young,young_20_29,7465,16237,2,3,2,True,0.8041223370220036,0.15,0.6541223370220036,3,3,3,0.3351533114910126,0.0332108736038208,False,target,correct,5
Young,young_20_29,7466,73031,1,2,1,True,0.7838680737993077,0.1,0.6838680737993077,2,2,2,0.5940210819244385,0.03427030146121979,False,target,correct,5
Young,young_20_29,7467,13975,3,1,3,True,0.4804775125637178,0.1,0.38047751256371776,1,1,1,0.5484917163848877,0.03145246207714081,False,target,correct,1
Young,young_20_29,7468,21192,1,3,3,False,0.8799999833106995,0.03,0.8499999833106995,3,3,3,1.251875638961792,0.026161767542362213,False,flanker,evidence-origin,5
Young,young_20_29,7469,14075,2,3,2,True,0.5537323105491311,0.11,0.4437323105491311,3,3,3,0.6870070695877075,0.037110887467861176,False,target,correct,2
Young,young_20_29,7476,6447,0,2,2,False,0.6287343971525444,0.15,0.4787343971525444,2,2,2,0.3532710671424866,0.030693866312503815,False,flanker,evidence-origin,3
Young,young_20_29,7478,75576,3,0,0,False,0.6250357355359015,0.06,0.5650357355359015,0,0,0,1.2538750171661377,0.03811275213956833,False,flanker,evidence-origin,3
Young,young_20_29,7479,145702,2,3,2,True,0.9299999952316285,0.08,0.8499999952316285,3,3,3,1.0218226909637451,0.03908942639827728,False,target,correct,5
Young,young_20_29,7482,3128,1,0,0,False,0.5804546510396181,0.07,0.5104546510396182,0,0,0,1.1526832580566406,0.03925935924053192,False,flanker,evidence-origin,2
Young,young_20_29,7483,124043,0,3,0,True,0.7818937205779711,0.27,0.5118937205779711,0,0,0,0.6239382028579712,0.007292330265045166,False,target,correct,5
Young,young_20_29,7484,125463,0,1,0,True,0.6404945946782709,0.08,0.5604945946782709,1,1,1,0.8670377731323242,0.03636839985847473,False,target,correct,3
Young,young_20_29,7488,24565,1,0,0,False,0.4022365957979401,0.05,0.3522365957979401,0,0,0,1.5159493684768677,0.03818676620721817,False,flanker,evidence-origin,1
Young,young_20_29,7491,171768,2,3,2,True,0.81135527691567,0.08,0.73135527691567,3,3,3,0.9915921688079834,0.039614155888557434,False,target,correct,5
Young,young_20_29,7496,28241,0,1,0,True,0.493261804130455,0.08,0.413261804130455,1,1,1,0.804363489151001,0.036581382155418396,False,target,correct,1
Young,young_20_29,7499,142913,0,1,0,True,0.7848657033216737,0.08,0.7048657033216738,1,1,1,0.9223893880844116,0.036744311451911926,False,target,correct,5
Young,young_20_29,7500,10793,0,3,0,True,0.6221983476377138,0.06,0.5621983476377137,3,3,3,1.0739432573318481,0.035362645983695984,False,target,correct,3
Young,young_20_29,7502,61730,1,0,0,False,0.5596163719214634,0.05,0.5096163719214634,0,0,0,1.4807990789413452,0.037892647087574005,False,flanker,evidence-origin,2
Young,young_20_29,7504,38512,3,1,3,True,0.6655988519022881,0.11,0.5555988519022881,1,1,1,0.5936589241027832,0.03385157883167267,False,target,correct,4
Young,young_20_29,7506,12722,1,2,1,True,0.5492053915505795,0.11,0.43920539155057947,2,2,2,0.42038077116012573,0.03352465480566025,False,target,correct,2
Young,young_20_29,7508,148401,3,2,3,True,0.6890463635353936,0.08,0.6090463635353937,2,2,2,1.0317656993865967,0.03938164561986923,False,target,correct,4
Young,young_20_29,7509,15324,1,2,1,True,0.8698025451748468,0.14,0.7298025451748468,2,2,2,0.3432628810405731,0.03351564705371857,False,target,correct,5
Young,young_20_29,7512,85266,2,0,0,False,0.527777006782659,0.04,0.48777700678265906,0,0,0,1.33795964717865,0.031593166291713715,False,flanker,evidence-origin,2
Young,young_20_29,7514,16469,0,3,0,True,0.7210141073868582,0.11,0.6110141073868582,3,3,3,0.34702202677726746,0.030988909304142,False,target,correct,4
Young,young_20_29,7515,62377,0,2,2,False,0.40151893659135235,0.1,0.3015189365913523,2,2,2,0.494827002286911,0.02847946435213089,False,flanker,evidence-origin,1
Young,young_20_29,7519,9462,3,0,3,True,0.8091295771942552,0.08,0.7291295771942552,0,0,0,0.701245903968811,0.030518248677253723,False,target,correct,5
Young,young_20_29,7520,159882,3,0,3,True,0.7189662890855512,0.07,0.6489662890855512,0,0,0,1.1420269012451172,0.038681767880916595,False,target,correct,4
Young,young_20_29,7521,54353,2,0,2,True,0.6817261352650731,0.04,0.641726135265073,0,0,0,1.3065857887268066,0.0313512459397316,False,target,correct,4
Young,young_20_29,7522,73673,2,3,3,False,0.6486501962558053,0.05,0.5986501962558053,3,3,3,1.3966856002807617,0.03749643266201019,False,flanker,evidence-origin,3
Young,young_20_29,7523,14652,0,1,0,True,0.6294418391719754,0.09,0.5394418391719754,1,1,1,0.8727821111679077,0.03883851319551468,False,target,correct,3
Young,young_20_29,7529,91499,2,3,2,True,0.6902082652900381,0.1,0.5902082652900381,3,3,3,0.6074765920639038,0.03384660929441452,False,target,correct,4
Young,young_20_29,7531,25916,0,3,0,True,0.6683747348202884,0.07,0.5983747348202884,3,3,3,0.8619922399520874,0.03446275740861893,False,target,correct,4
Young,young_20_29,7533,17530,1,3,1,True,0.5861723304486519,0.08,0.506172330448652,3,3,3,0.39987409114837646,0.023154400289058685,False,target,correct,2
Young,young_20_29,7537,134393,0,3,3,False,0.6780013325628992,0.05,0.6280013325628991,3,3,3,1.128994107246399,0.031612858176231384,False,flanker,evidence-origin,4
Young,young_20_29,7538,40934,2,1,2,True,1.356082596664007,0.77,0.5860825966640071,2,2,2,0.19974133372306824,0.01590355485677719,False,target,correct,5
Young,young_20_29,7540,12306,3,2,3,True,0.6673524258044163,0.08,0.5873524258044164,2,2,2,1.0265690088272095,0.039125069975852966,False,target,correct,4
Young,young_20_29,7541,124546,3,2,3,True,0.3638569693537484,0.08,0.2838569693537484,2,2,2,0.9658434987068176,0.03774857521057129,False,target,correct,1
Young,young_20_29,7543,109327,0,2,2,False,0.8181369573631865,0.08,0.7381369573631865,2,2,2,0.8201698660850525,0.03340621292591095,False,flanker,evidence-origin,5
Young,young_20_29,7544,962,0,1,0,True,0.6530494758307541,0.1,0.5530494758307541,1,1,1,0.6705299615859985,0.034993916749954224,False,target,correct,3
Young,young_20_29,7545,7740,3,2,3,True,0.7539258991025888,0.1,0.6539258991025888,2,2,2,0.7728925347328186,0.03740306943655014,False,target,correct,5
Young,young_20_29,7547,16565,1,2,1,True,0.6179536587055396,0.11,0.5079536587055397,2,2,2,0.49139848351478577,0.03430725634098053,False,target,correct,3
Young,young_20_29,7549,30768,3,1,3,True,0.5911530938501863,0.08,0.5111530938501864,1,1,1,0.7888268232345581,0.03320736438035965,False,target,correct,2
Young,young_20_29,7551,86891,1,3,3,False,0.7259413393016534,0.06,0.6659413393016533,3,3,3,1.1087043285369873,0.034322589635849,False,flanker,evidence-origin,4
Young,young_20_29,7552,14685,1,2,1,True,0.8880762003303625,0.09,0.7980762003303625,2,2,2,0.5385734438896179,0.03156760334968567,False,target,correct,5
Young,young_20_29,7554,27837,3,0,0,False,0.6709305011354713,0.04,0.6309305011354712,0,0,0,1.501784086227417,0.03295864164829254,False,flanker,evidence-origin,4
Young,young_20_29,7557,85426,0,1,0,True,0.5446429079207512,0.05,0.4946429079207512,1,1,1,1.3318543434143066,0.0364764928817749,False,target,correct,2
Young,young_20_29,7559,58635,2,3,3,False,0.6063098327153856,0.04,0.5663098327153856,3,3,3,1.4480539560317993,0.033282361924648285,False,flanker,evidence-origin,3
Young,young_20_29,7560,111069,1,0,0,False,0.6435861732840649,0.05,0.5935861732840648,0,0,0,1.2905807495117188,0.03453882783651352,False,flanker,evidence-origin,3
Young,young_20_29,7562,5819,1,3,3,False,0.693660379984114,0.07,0.623660379984114,3,3,3,0.8892068862915039,0.03354065120220184,False,flanker,evidence-origin,4
Young,young_20_29,7563,78536,2,0,0,False,0.5715910831982728,0.04,0.5315910831982728,0,0,0,1.5154207944869995,0.034134216606616974,False,flanker,evidence-origin,2
Young,young_20_29,7565,1660,0,2,2,False,0.7630993831369263,0.15,0.6130993831369262,2,2,2,0.34681907296180725,0.03249073028564453,False,flanker,evidence-origin,5
Young,young_20_29,7566,73706,2,0,0,False,0.6052077692730287,0.06,0.5452077692730286,0,0,0,1.1427137851715088,0.03630056977272034,False,flanker,evidence-origin,3
Young,young_20_29,7568,137971,1,2,1,True,0.6615809372873286,0.1,0.5615809372873286,2,2,2,0.5306077003479004,0.03457660973072052,False,target,correct,4
Young,young_20_29,7569,88119,0,3,0,True,0.5579602935405531,0.1,0.4579602935405531,3,3,3,0.5555978417396545,0.032253168523311615,False,target,correct,2
Young,young_20_29,7570,135715,1,3,1,True,0.47382180794923856,0.06,0.41382180794923856,3,3,3,1.1120800971984863,0.035356536507606506,False,target,correct,1
Young,young_20_29,7572,53328,2,3,2,True,0.5086729235195071,0.08,0.4286729235195071,3,3,3,0.8491593599319458,0.03555704653263092,False,target,correct,1
Young,young_20_29,7577,166806,2,0,0,False,0.5923221605842117,0.05,0.5423221605842117,0,0,0,1.1437489986419678,0.0326913520693779,False,flanker,evidence-origin,2
Young,young_20_29,7586,10551,2,3,3,False,0.6505800230261731,0.04,0.6105800230261731,3,3,3,1.6196599006652832,0.035603202879428864,False,flanker,evidence-origin,3
Young,young_20_29,7590,16460,0,3,0,True,0.6281174988668538,0.07,0.5581174988668538,3,3,3,0.8305675983428955,0.03340119868516922,False,target,correct,3
Young,young_20_29,7591,1093,3,1,1,False,0.7022967334884928,0.06,0.6422967334884928,1,1,1,0.9204875230789185,0.02991441637277603,False,flanker,evidence-origin,4
Young,young_20_29,7592,21982,2,1,2,True,0.47759533070910526,0.09,0.38759533070910523,1,1,1,0.7948493957519531,0.03477853536605835,False,target,correct,1
Young,young_20_29,7593,89525,2,0,2,True,0.6334939265715073,0.08,0.5534939265715073,0,0,0,0.8367016911506653,0.03460905700922012,False,target,correct,3
Young,young_20_29,7594,29278,0,2,2,False,0.7687450826735773,0.16,0.6087450826735773,2,2,2,0.33671292662620544,0.031206190586090088,False,flanker,evidence-origin,5
Young,young_20_29,7595,3923,0,2,2,False,0.41938446296085574,0.12,0.29938446296085575,2,2,2,0.48522713780403137,0.032139480113983154,False,flanker,evidence-origin,1
Young,young_20_29,7597,26993,2,3,3,False,0.8047304366546955,0.08,0.7247304366546955,3,3,3,1.156959056854248,0.04281284660100937,False,flanker,evidence-origin,5
Young,young_20_29,7598,126239,0,3,0,True,0.39442327111996317,0.11,0.2844232711199632,3,3,3,0.4858091473579407,0.03325546532869339,False,target,correct,1
Young,young_20_29,7599,74414,3,1,3,True,0.7250640865956134,0.11,0.6150640865956134,1,1,1,0.5005571246147156,0.029565982520580292,False,target,correct,4
Young,young_20_29,7601,16062,1,2,1,True,0.6542782213937742,0.05,0.6042782213937742,2,2,2,1.1040464639663696,0.03218914568424225,False,target,correct,3
Young,young_20_29,7602,11636,2,1,2,True,0.6555387161343736,0.03,0.6255387161343736,1,1,1,1.7016513347625732,0.03162369877099991,False,target,correct,3
Young,young_20_29,7604,21727,1,2,1,True,0.6122057202605595,0.08,0.5322057202605596,2,2,2,0.6872949600219727,0.03176793456077576,False,target,correct,3
Young,young_20_29,7606,97050,0,2,2,False,0.6822500011391376,0.05,0.6322500011391375,2,2,2,1.2627848386764526,0.03333380073308945,False,flanker,evidence-origin,4
Young,young_20_29,7607,25623,3,0,0,False,0.7154143865144094,0.05,0.6654143865144093,0,0,0,1.505715012550354,0.03860419988632202,False,flanker,evidence-origin,4
Young,young_20_29,7609,93640,3,0,3,True,0.798410858298607,0.08,0.7184108582986071,0,0,0,1.1262515783309937,0.041508957743644714,False,target,correct,5
Young,young_20_29,7612,50764,3,1,1,False,0.7295122939108873,0.07,0.6595122939108873,1,1,1,0.8880738019943237,0.03187812864780426,False,flanker,evidence-origin,4
Young,young_20_29,7613,25471,0,1,0,True,0.6840485258317677,0.06,0.6240485258317676,1,1,1,1.0056324005126953,0.03241008520126343,False,target,correct,4
Young,young_20_29,7614,145321,0,3,0,True,1.2665567764556942,0.72,0.5465567764556942,0,0,0,0.907330334186554,0.022030092775821686,False,target,correct,5
Young,young_20_29,7615,11822,1,3,3,False,0.6047385499950715,0.05,0.5547385499950714,3,3,3,1.263741135597229,0.03313203901052475,False,flanker,evidence-origin,3
Young,young_20_29,7616,164201,0,1,0,True,0.8815898072238582,0.16,0.7215898072238581,1,1,1,0.3935087025165558,0.03281359374523163,False,target,correct,5
Young,young_20_29,7617,26324,2,1,2,True,0.3110762502140068,0.06,0.2510762502140068,1,1,1,1.2821987867355347,0.03873629868030548,False,target,correct,1
Young,young_20_29,7618,18363,3,0,3,True,0.6843430760785306,0.07,0.6143430760785307,0,0,0,0.8708153367042542,0.03237355500459671,False,target,correct,4
Young,young_20_29,7620,32199,3,0,0,False,0.6089749182233142,0.04,0.5689749182233141,0,0,0,1.4748173952102661,0.03286360949277878,False,flanker,evidence-origin,3
Young,young_20_29,7621,112041,2,3,2,True,0.7077228635713135,0.1,0.6077228635713136,3,3,3,0.7151315212249756,0.03582840412855148,False,target,correct,4
Young,young_20_29,7622,24680,1,2,1,True,0.43917836496302487,0.06,0.37917836496302487,2,2,2,0.8822411894798279,0.0301431342959404,False,target,correct,1
Young,young_20_29,7626,4438,1,3,3,False,0.7015467580846813,0.07,0.6315467580846812,3,3,3,0.814609706401825,0.03198954463005066,False,flanker,evidence-origin,4
Young,young_20_29,7627,4743,3,1,3,True,0.5283813212443399,0.05,0.4783813212443399,1,1,1,0.88938969373703,0.0262579545378685,False,target,correct,2
Young,young_20_29,7628,6926,1,0,0,False,0.5722627922604523,0.04,0.5322627922604523,0,0,0,1.6144999265670776,0.03677181154489517,False,flanker,evidence-origin,2
Young,young_20_29,7632,157318,2,1,2,True,0.5626477752771488,0.06,0.5026477752771488,1,1,1,1.0745279788970947,0.03413231670856476,False,target,correct,2
Young,young_20_29,7634,5915,1,2,1,True,0.4151402144282633,0.05,0.36514021442826333,2,2,2,0.8875811100006104,0.026541531085968018,False,target,correct,1
Young,young_20_29,7637,3649,0,1,0,True,0.6665023927044124,0.06,0.6065023927044124,1,1,1,1.0107612609863281,0.03280572593212128,False,target,correct,4
Young,young_20_29,7638,109,1,3,1,True,0.5459440749978102,0.07,0.47594407499781016,3,3,3,0.585580587387085,0.026348210871219635,False,target,correct,2
Young,young_20_29,7639,16012,1,2,1,True,0.5686497369264552,0.08,0.48864973692645514,2,2,2,0.9210270047187805,0.037917234003543854,False,target,correct,2
Young,young_20_29,7642,19604,3,0,3,True,0.827226050626962,0.08,0.747226050626962,0,0,0,0.9195376634597778,0.03559539467096329,False,target,correct,5
Young,young_20_29,7643,20780,0,1,0,True,0.6096259207239662,0.17,0.4396259207239661,1,1,1,0.31009066104888916,0.03541967272758484,False,target,correct,3
Young,young_20_29,7644,8858,0,3,3,False,0.7277768185291207,0.07,0.6577768185291206,3,3,3,0.9973019957542419,0.03646751493215561,False,flanker,evidence-origin,4
Young,young_20_29,7645,137096,2,0,2,True,0.4147308191920869,0.07,0.34473081919208687,0,0,0,0.7201018929481506,0.02803952246904373,False,target,correct,1
Young,young_20_29,7653,36756,0,2,2,False,0.5504305679591363,0.06,0.49043056795913625,2,2,2,1.0981780290603638,0.03438441455364227,False,flanker,evidence-origin,2
Young,young_20_29,7655,98264,2,3,3,False,0.7898249520015009,0.05,0.7398249520015009,3,3,3,1.4601064920425415,0.037728264927864075,False,flanker,evidence-origin,5
Young,young_20_29,7656,32079,2,0,2,True,0.6710474198148965,0.06,0.6110474198148965,0,0,0,0.9078001379966736,0.030007414519786835,False,target,correct,4
Young,young_20_29,7657,8195,3,1,1,False,0.6335121923290755,0.03,0.6035121923290755,1,1,1,1.407041311264038,0.029243655502796173,False,flanker,evidence-origin,3
Young,young_20_29,7658,44208,2,1,1,False,0.4494408523372144,0.08,0.3694408523372144,1,1,1,0.8526448607444763,0.03267428278923035,False,flanker,evidence-origin,1
Young,young_20_29,7659,63049,3,2,3,True,0.4461890344401145,0.06,0.3861890344401145,2,2,2,1.0957093238830566,0.03361695259809494,False,target,correct,1
Young,young_20_29,7661,20577,3,0,3,True,0.6620908397109273,0.07,0.5920908397109272,0,0,0,1.0753278732299805,0.03578803688287735,False,target,correct,4
Young,young_20_29,7662,35310,3,1,3,True,0.5823610069823515,0.08,0.5023610069823515,1,1,1,0.7984610795974731,0.033668071031570435,False,target,correct,2
Young,young_20_29,7663,118229,1,0,0,False,0.6819289030671227,0.06,0.6219289030671227,0,0,0,1.3045638799667358,0.039506807923316956,False,flanker,evidence-origin,4
Young,young_20_29,7664,16881,0,1,0,True,0.7390820393872821,0.12,0.6190820393872821,1,1,1,0.6311899423599243,0.03988651931285858,False,target,correct,4
Young,young_20_29,7665,21967,1,2,1,True,0.65776322707908,0.11,0.54776322707908,2,2,2,0.6529619693756104,0.0361136794090271,False,target,correct,3
Young,young_20_29,7667,17515,3,0,0,False,0.7381074930231697,0.06,0.6781074930231696,0,0,0,1.436590313911438,0.04181400686502457,False,flanker,evidence-origin,4
Young,young_20_29,7670,70555,1,0,0,False,0.6171715728671656,0.03,0.5871715728671656,0,0,0,1.813375473022461,0.03288392722606659,False,flanker,evidence-origin,3
Young,young_20_29,7671,17775,0,1,0,True,0.8619233243773233,0.11,0.7519233243773233,1,1,1,0.32022824883461,0.03216960281133652,False,target,correct,5
Young,young_20_29,7672,107750,0,3,0,True,0.5971305178193534,0.12,0.47713051781935345,3,3,3,0.2671215236186981,0.02814193069934845,False,target,correct,3
Young,young_20_29,7674,188541,0,3,0,True,0.580272757242566,0.07,0.510272757242566,3,3,3,0.971448540687561,0.036963820457458496,False,target,correct,2
Young,young_20_29,7675,42239,3,1,3,True,0.6178872459506015,0.06,0.5578872459506015,1,1,1,0.612760603427887,0.022055521607398987,False,target,correct,3
Young,young_20_29,7676,26605,0,2,2,False,0.9438806839253323,0.22,0.7238806839253323,2,0,2,0.048450738191604614,0.01997244358062744,False,flanker,accumulator-origin,5
Young,young_20_29,7677,120261,3,2,3,True,0.631989384521851,0.09,0.5419893845218511,2,2,2,0.8688387870788574,0.03767065703868866,False,target,correct,3
Young,young_20_29,7679,26562,1,2,1,True,0.6682966895508496,0.11,0.5582966895508497,2,2,2,0.3358396291732788,0.029892534017562866,False,target,correct,4
Young,young_20_29,7680,169019,1,0,0,False,0.5472104565696977,0.05,0.4972104565696977,0,0,0,1.4857306480407715,0.03880421817302704,False,flanker,evidence-origin,2
Young,young_20_29,7684,6116,1,0,0,False,0.6528324148229626,0.04,0.6128324148229626,0,0,0,1.6974506378173828,0.03625013679265976,False,flanker,evidence-origin,3
Young,young_20_29,7688,137029,0,1,0,True,0.6914333311115507,0.11,0.5814333311115507,1,1,1,0.4923585057258606,0.036079131066799164,False,target,correct,4
Young,young_20_29,7689,62593,2,0,2,True,0.4992724673892459,0.07,0.4292724673892459,0,0,0,0.9329350590705872,0.03359076380729675,False,target,correct,1
Young,young_20_29,7692,145171,1,3,1,True,0.7683671694011235,0.05,0.7183671694011234,3,3,3,0.8719750642776489,0.026502899825572968,False,target,correct,5
Young,young_20_29,7694,18252,2,1,1,False,0.5892716562589658,0.06,0.5292716562589659,1,1,1,0.9593738317489624,0.029712744057178497,False,flanker,evidence-origin,2
Young,young_20_29,7695,86069,1,3,1,True,0.5040305713324261,0.09,0.41403057133242616,3,3,3,0.7016750574111938,0.03273802250623703,False,target,correct,1
Young,young_20_29,7697,74689,2,3,3,False,0.6308713137213736,0.06,0.5708713137213737,3,3,3,1.0943866968154907,0.035644784569740295,False,flanker,evidence-origin,3
Young,young_20_29,7698,14970,1,2,1,True,0.5387589141284815,0.07,0.46875891412848153,2,2,2,0.8325835466384888,0.03246549516916275,False,target,correct,2
Young,young_20_29,7699,136818,2,0,0,False,0.33723668903110576,0.04,0.2972366890311058,0,0,0,1.3945306539535522,0.032164670526981354,False,flanker,evidence-origin,1
Young,young_20_29,7702,53238,3,1,3,True,0.6286259928090706,0.12,0.5086259928090706,1,1,1,0.4460752010345459,0.031369857490062714,False,target,correct,3
Young,young_20_29,7707,165040,2,1,2,True,0.5138046450742708,0.12,0.3938046450742708,1,1,1,0.5695346593856812,0.03671661764383316,False,target,correct,1
Young,young_20_29,7710,30749,0,3,0,True,0.7982655806347193,0.09,0.7082655806347193,3,3,3,0.5634640455245972,0.03170175105333328,False,target,correct,5
Young,young_20_29,7711,92708,0,2,0,True,0.5596501314014017,0.16,0.3996501314014017,2,2,2,0.10943830013275146,0.02146778255701065,False,target,correct,2
Young,young_20_29,7712,27000,3,1,1,False,0.6105347375768403,0.06,0.5505347375768403,1,1,1,0.9635437726974487,0.030285298824310303,False,flanker,evidence-origin,3
Young,young_20_29,7713,13650,3,2,3,True,0.38339702740801984,0.11,0.27339702740801985,2,2,2,0.7284203767776489,0.038712456822395325,False,target,correct,1
Young,young_20_29,7716,25367,2,3,3,False,0.46170962189165765,0.07,0.39170962189165764,3,3,3,1.0642799139022827,0.037016138434410095,False,flanker,evidence-origin,1
Young,young_20_29,7717,131426,3,1,3,True,0.6197873210616731,0.06,0.5597873210616731,1,1,1,0.768500804901123,0.02606350928544998,False,target,correct,3
Young,young_20_29,7718,163375,2,1,1,False,0.727718679114052,0.06,0.6677186791140519,1,1,1,1.0491447448730469,0.032774172723293304,False,flanker,evidence-origin,4
Young,young_20_29,7721,26549,2,3,3,False,0.5532402339671836,0.07,0.4832402339671836,3,3,3,1.0743768215179443,0.03711378574371338,False,flanker,evidence-origin,2
Young,young_20_29,7722,26795,3,1,1,False,0.6544813129733698,0.03,0.6244813129733697,1,1,1,1.4572019577026367,0.029813028872013092,False,flanker,evidence-origin,3
Young,young_20_29,7726,19335,3,2,3,True,0.6701291540140867,0.07,0.6001291540140867,2,2,2,1.1394675970077515,0.039350979030132294,False,target,correct,4
Young,young_20_29,7727,133393,1,2,1,True,0.5693069072284996,0.06,0.5093069072284997,2,2,2,0.9258115887641907,0.03203593194484711,False,target,correct,2
Young,young_20_29,7728,100116,2,1,2,True,0.6232914787819825,0.06,0.5632914787819825,1,1,1,1.0460044145584106,0.03244153410196304,False,target,correct,3
Young,young_20_29,7729,71135,1,2,1,True,0.545321032815776,0.09,0.45532103281577607,2,2,2,0.41346481442451477,0.02580849826335907,False,target,correct,2
Young,young_20_29,7730,4023,1,3,3,False,0.5258600465544429,0.07,0.45586004655444284,3,3,3,1.0766410827636719,0.03643485903739929,False,flanker,evidence-origin,2
Young,young_20_29,7731,15590,3,1,3,True,0.5745658849432712,0.09,0.48456588494327124,1,1,1,0.4975526034832001,0.02626444399356842,False,target,correct,2
Young,young_20_29,7734,10140,3,0,0,False,0.6320907046772792,0.04,0.5920907046772792,0,0,0,1.536668062210083,0.03455408662557602,False,flanker,evidence-origin,3
Young,young_20_29,7735,51405,0,3,0,True,0.7246446676231358,0.07,0.6546446676231359,3,3,3,0.7441802024841309,0.031144842505455017,False,target,correct,4
Young,young_20_29,7737,27158,2,3,2,True,0.710465947459161,0.17,0.540465947459161,3,3,3,0.17953979969024658,0.029514119029045105,False,target,correct,4
Young,young_20_29,7738,21398,1,0,0,False,0.8462178835671773,0.06,0.7862178835671774,0,0,0,1.2185789346694946,0.036966562271118164,False,flanker,evidence-origin,5
Young,young_20_29,7739,57275,1,0,1,True,0.4365165712826967,0.07,0.3665165712826967,0,0,0,1.1883348226547241,0.04052482545375824,False,target,correct,1
Young,young_20_29,7740,380,3,2,3,True,0.3662818136632191,0.06,0.3062818136632191,2,2,2,1.2218822240829468,0.037031568586826324,False,target,correct,1
Young,young_20_29,7743,390,0,2,2,False,0.5359937820357843,0.13,0.4059937820357843,2,2,2,0.48095420002937317,0.03292566537857056,False,flanker,evidence-origin,2
Young,young_20_29,7745,16223,2,3,2,True,0.5900173994995481,0.13,0.4600173994995481,3,3,3,0.4386305809020996,0.0344613716006279,False,target,correct,2
Young,young_20_29,7747,14786,2,3,2,True,0.35917995169060735,0.1,0.25917995169060737,3,3,3,0.8426580429077148,0.04079774022102356,False,target,correct,1
Young,young_20_29,7748,133636,1,2,1,True,0.7681523864311274,0.24,0.5281523864311274,1,1,1,0.8761626482009888,0.00854220986366272,False,target,correct,5
Young,young_20_29,7749,76102,1,3,3,False,0.5006841784605287,0.06,0.4406841784605287,3,3,3,1.0055986642837524,0.03184531629085541,False,flanker,evidence-origin,1
Young,young_20_29,7750,158382,3,0,3,True,0.5359250147873861,0.07,0.46592501478738607,0,0,0,0.8368627429008484,0.0322851687669754,False,target,correct,2
Young,young_20_29,7753,12554,2,0,0,False,0.7525929701371799,0.06,0.6925929701371798,0,0,0,1.0279874801635742,0.03250623494386673,False,flanker,evidence-origin,5
Young,young_20_29,7754,139708,3,1,3,True,0.787971291426432,0.3,0.487971291426432,3,3,3,0.6886745095252991,0.011200979351997375,False,target,correct,5
Young,young_20_29,7755,12821,0,2,2,False,0.7212182716085025,0.11,0.6112182716085025,2,2,2,0.51011061668396,0.03155851364135742,False,flanker,evidence-origin,4
Young,young_20_29,7756,22074,3,0,0,False,0.5819001135074927,0.04,0.5419001135074927,0,0,0,1.543685793876648,0.035054005682468414,False,flanker,evidence-origin,2
Young,young_20_29,7757,19510,1,3,1,True,0.4697666031411688,0.07,0.3997666031411688,3,3,3,0.8168675899505615,0.03188544511795044,False,target,correct,1
Young,young_20_29,7759,13098,2,0,0,False,0.8503638709182865,0.06,0.7903638709182865,0,0,0,1.1351990699768066,0.035842470824718475,False,flanker,evidence-origin,5
Young,young_20_29,7760,25769,0,1,0,True,0.6456581867549434,0.08,0.5656581867549434,1,1,1,0.8906034827232361,0.03638731688261032,False,target,correct,3
Young,young_20_29,7762,28804,0,3,0,True,0.6066904572576535,0.08,0.5266904572576535,3,3,3,0.755231499671936,0.033779434859752655,False,target,correct,3
Young,young_20_29,7763,32145,1,0,1,True,0.5658082680106936,0.05,0.5158082680106936,0,0,0,1.4139299392700195,0.03629693388938904,False,target,correct,2
Young,young_20_29,7765,7033,3,0,3,True,0.3711389971092469,0.06,0.3111389971092469,0,0,0,1.2271326780319214,0.03700604289770126,False,target,correct,1
Young,young_20_29,7771,7686,3,0,0,False,0.5341389745685278,0.05,0.4841389745685278,0,0,0,1.32027268409729,0.0343862846493721,False,flanker,evidence-origin,2
Young,young_20_29,7773,160490,1,2,1,True,0.7547383535105693,0.09,0.6647383535105693,2,2,2,0.6040468215942383,0.032090477645397186,False,target,correct,5
Young,young_20_29,7776,83801,3,2,3,True,0.7321923116778198,0.12,0.6121923116778198,2,2,2,0.5547780990600586,0.03528895974159241,False,target,correct,4
Young,young_20_29,7778,25296,3,0,0,False,0.6788193525950265,0.04,0.6388193525950264,0,0,0,1.4898520708084106,0.03314609080553055,False,flanker,evidence-origin,4
Young,young_20_29,7780,343,3,0,3,True,0.5147985472308764,0.07,0.44479854723087636,0,0,0,0.8832530975341797,0.03302296996116638,False,target,correct,1
Young,young_20_29,7781,28528,0,2,2,False,0.7964652975955158,0.11,0.6864652975955158,2,2,2,0.641130805015564,0.033605143427848816,False,flanker,evidence-origin,5
Young,young_20_29,7788,55510,2,1,1,False,0.42715325547904026,0.03,0.39715325547904023,1,1,1,1.7172399759292603,0.03135230392217636,False,flanker,evidence-origin,1
Young,young_20_29,7789,25929,3,2,3,True,0.566773929665401,0.09,0.476773929665401,2,2,2,0.8480517268180847,0.03709225356578827,False,target,correct,2
Young,young_20_29,7793,14412,3,2,3,True,0.7481972586640571,0.06,0.688197258664057,2,2,2,1.1863257884979248,0.035579562187194824,False,target,correct,5
Young,young_20_29,7795,7901,0,3,3,False,0.2900000333786011,0.04,0.2500000333786011,3,3,3,1.6543570756912231,0.037471793591976166,False,flanker,evidence-origin,1
Young,young_20_29,7797,27754,0,1,0,True,0.7405151397589578,0.09,0.6505151397589578,1,1,1,0.7591103315353394,0.03546949476003647,False,target,correct,4
Young,young_20_29,7798,18341,3,0,0,False,0.5963386620416434,0.06,0.5363386620416435,0,0,0,1.3236913681030273,0.039410315454006195,False,flanker,evidence-origin,3
Young,young_20_29,7800,33101,1,2,1,True,0.9491794257736853,0.14,0.8091794257736853,2,2,2,0.059467196464538574,0.028228111565113068,False,target,correct,5
Young,young_20_29,7804,98608,0,2,2,False,0.4363615007514624,0.05,0.3863615007514624,2,2,2,1.2288280725479126,0.03275221586227417,False,flanker,evidence-origin,1
Young,young_20_29,7806,31328,0,2,2,False,0.48107226607422704,0.05,0.43107226607422705,2,2,2,1.260521650314331,0.034280262887477875,False,flanker,evidence-origin,1
Young,young_20_29,7807,183317,0,1,0,True,0.7133385448566866,0.23,0.4833385448566866,0,0,0,1.086521863937378,0.010520055890083313,False,target,correct,4
Young,young_20_29,7808,26097,2,1,2,True,0.5506959790038983,0.07,0.4806959790038983,1,1,1,1.006851077079773,0.034587860107421875,False,target,correct,2
Young,young_20_29,7811,84161,1,0,1,True,0.6483506737641274,0.05,0.5983506737641273,0,0,0,1.2204258441925049,0.03325582295656204,False,target,correct,3
Young,young_20_29,7813,27978,2,1,1,False,0.5650807818267393,0.05,0.5150807818267392,1,1,1,1.1929560899734497,0.03168546408414841,False,flanker,evidence-origin,2
Young,young_20_29,7814,672,3,0,3,True,0.5044952670243279,0.1,0.4044952670243279,0,0,0,0.44715791940689087,0.02720578759908676,False,target,correct,1
Young,young_20_29,7815,4120,1,3,3,False,0.7761771463597584,0.05,0.7261771463597584,3,3,3,1.0293480157852173,0.02949514240026474,False,flanker,evidence-origin,5
Young,young_20_29,7816,154314,0,2,2,False,0.595714038775469,0.06,0.5357140387754691,2,2,2,1.1721123456954956,0.035901159048080444,False,flanker,evidence-origin,2
Young,young_20_29,7819,24083,2,1,2,True,0.9748280918949213,0.39,0.5848280918949212,2,2,2,0.8618859052658081,0.015775121748447418,False,target,correct,5
Young,young_20_29,7820,21910,3,1,3,True,0.5396725314137774,0.14,0.39967253141377734,1,1,1,0.18796515464782715,0.027465179562568665,False,target,correct,2
Young,young_20_29,7821,23701,2,1,2,True,0.6610053838199906,0.08,0.5810053838199907,1,1,1,0.9182167649269104,0.03514300286769867,False,target,correct,4
Young,young_20_29,7824,830,1,3,1,True,0.7843125370855212,0.07,0.7143125370855212,3,3,3,0.769966721534729,0.028920523822307587,False,target,correct,5
Young,young_20_29,7827,150338,0,2,2,False,0.6154248730997883,0.12,0.49542487309978833,2,2,2,0.6556158065795898,0.03713937848806381,False,flanker,evidence-origin,3
Young,young_20_29,7828,24093,1,0,1,True,0.7301722057475435,0.07,0.6601722057475434,0,0,0,0.9947802424430847,0.036198899149894714,False,target,correct,4
Young,young_20_29,7832,80676,1,0,0,False,0.7609331244622761,0.06,0.7009331244622761,0,0,0,1.3378781080245972,0.04044123739004135,False,flanker,evidence-origin,5
Young,young_20_29,7833,1797,2,0,0,False,0.7801506093394057,0.04,0.7401506093394057,0,0,0,1.394126057624817,0.0312562957406044,False,flanker,evidence-origin,5
Young,young_20_29,7834,144566,0,2,2,False,0.6328411434170703,0.1,0.5328411434170703,2,2,2,0.5604995489120483,0.03160732239484787,False,flanker,evidence-origin,3
Young,young_20_29,7835,117184,1,0,1,True,0.7200545546288777,0.04,0.6800545546288776,0,0,0,1.3370052576065063,0.03195597976446152,False,target,correct,4
Young,young_20_29,7840,18635,0,3,0,True,0.6862610794248446,0.1,0.5862610794248446,3,3,3,0.6400415301322937,0.036273665726184845,False,target,correct,4
Young,young_20_29,7844,51747,3,2,3,True,0.5761404610622514,0.13,0.44614046106225136,2,2,2,0.6431302428245544,0.040044836699962616,False,target,correct,2
Young,young_20_29,7846,62339,3,1,3,True,0.7492436995815849,0.07,0.6792436995815849,1,1,1,0.8224430084228516,0.030761800706386566,False,target,correct,5
Young,young_20_29,7848,25685,0,1,0,True,0.6167715886365728,0.04,0.5767715886365727,1,1,1,1.5133585929870605,0.03486506640911102,False,target,correct,3
Young,young_20_29,7851,18769,2,3,3,False,0.6142995887800259,0.08,0.5342995887800259,3,3,3,0.8839762806892395,0.03561398386955261,False,flanker,evidence-origin,3
Young,young_20_29,7852,4624,0,3,0,True,0.5012343554683727,0.04,0.4612343554683727,3,3,3,1.5084478855133057,0.033891916275024414,False,target,correct,1
Young,young_20_29,7854,15147,0,1,0,True,0.5418446226483519,0.14,0.40184462264835186,1,1,1,0.41853076219558716,0.037007808685302734,False,target,correct,2
Young,young_20_29,7855,145866,1,0,0,False,0.542884518442866,0.05,0.492884518442866,0,0,0,1.237259864807129,0.034846045076847076,False,flanker,evidence-origin,2
Young,young_20_29,7857,117030,1,0,0,False,0.6302161865230003,0.07,0.5602161865230002,0,0,0,1.2685729265213013,0.042251862585544586,False,flanker,evidence-origin,3
Young,young_20_29,7858,9237,3,0,3,True,0.6444978812653098,0.05,0.5944978812653098,0,0,0,1.4698970317840576,0.03796625882387161,False,target,correct,3
Young,young_20_29,7863,32619,1,2,1,True,0.7678289154101744,0.05,0.7178289154101744,2,2,2,0.963948667049408,0.027943968772888184,False,target,correct,5
Young,young_20_29,7864,8264,3,1,3,True,0.5164259576103929,0.11,0.4064259576103929,1,1,1,0.36569705605506897,0.027864642441272736,False,target,correct,1
Young,young_20_29,7866,93842,3,0,3,True,0.8527453631005173,0.05,0.8027453631005173,0,0,0,1.4222018718719482,0.03604288399219513,False,target,correct,5
Young,young_20_29,7867,165313,1,0,0,False,0.8405484236698384,0.06,0.7805484236698383,0,0,0,1.3639739751815796,0.03995707631111145,False,flanker,evidence-origin,5
Young,young_20_29,7870,9603,2,1,2,True,0.5710013103352202,0.09,0.4810013103352202,1,1,1,0.7295011281967163,0.03286946564912796,False,target,correct,2
Young,young_20_29,7871,118403,2,1,2,True,0.4228844322848542,0.07,0.35288443228485417,1,1,1,1.0008385181427002,0.03431914001703262,False,target,correct,1
Young,young_20_29,7874,9664,0,2,2,False,0.5755619973435719,0.11,0.46556199734357195,2,2,2,0.44030094146728516,0.027957528829574585,False,flanker,evidence-origin,2
Young,young_20_29,7876,83340,2,3,3,False,0.4710221658039202,0.04,0.4310221658039202,3,3,3,1.6570463180541992,0.03660101443529129,False,flanker,evidence-origin,1
Young,young_20_29,7879,154807,0,3,0,True,0.8172862992764718,0.07,0.7472862992764717,3,3,3,0.8450629115104675,0.03311936557292938,False,target,correct,5
Young,young_20_29,7882,29197,1,2,1,True,0.7114420859341894,0.1,0.6114420859341895,2,2,2,0.7081775665283203,0.03612381964921951,False,target,correct,4
Young,young_20_29,7883,25957,0,1,0,True,0.7122722508812244,0.09,0.6222722508812244,1,1,1,0.7103385329246521,0.036183565855026245,False,target,correct,4
Young,young_20_29,7884,25490,2,0,2,True,0.6486103460660645,0.05,0.5986103460660644,0,0,0,1.0896365642547607,0.031143762171268463,False,target,correct,3
Young,young_20_29,7886,11569,0,1,0,True,0.6300112417650002,0.12,0.5100112417650002,1,1,1,0.6205143928527832,0.03865418583154678,False,target,correct,3
Young,young_20_29,7887,156778,3,0,3,True,0.587898929324247,0.06,0.5278989293242471,0,0,0,1.3168047666549683,0.03891284763813019,False,target,correct,2
Young,young_20_29,7889,3763,3,2,2,False,0.5872279793722774,0.1,0.48722797937227746,2,2,2,0.9311346411705017,0.04228846728801727,False,flanker,evidence-origin,2
Young,young_20_29,7890,36558,2,3,2,True,0.56247756339073,0.08,0.48247756339072995,3,3,3,0.9815033078193665,0.03814062476158142,False,target,correct,2
Young,young_20_29,7892,178821,2,3,2,True,0.6852095987835055,0.09,0.5952095987835055,3,3,3,0.7363520860671997,0.0350828692317009,False,target,correct,4
Young,young_20_29,7896,4192,1,0,0,False,0.63551311528773,0.06,0.57551311528773,0,0,0,1.326470136642456,0.03978179395198822,False,flanker,evidence-origin,3
Young,young_20_29,7897,3832,0,1,0,True,0.6160671329549365,0.07,0.5460671329549365,1,1,1,0.8843475580215454,0.03358843922615051,False,target,correct,3
Young,young_20_29,7900,148773,3,1,3,True,0.8977048245547935,0.27,0.6277048245547935,3,3,3,0.5792020559310913,0.007775530219078064,False,target,correct,5
Young,young_20_29,7904,111621,0,1,0,True,1.316411812495994,0.68,0.636411812495994,0,0,0,0.8474602103233337,0.052708372473716736,False,target,correct,5
Young,young_20_29,7905,145568,3,0,3,True,0.7328156211791844,0.11,0.6228156211791844,0,0,0,0.8247607350349426,0.04033951461315155,False,target,correct,4
Young,young_20_29,7908,154891,0,1,0,True,0.6429992365368767,0.06,0.5829992365368768,1,1,1,1.0697933435440063,0.03469253331422806,False,target,correct,3
Young,young_20_29,7909,46474,0,3,0,True,0.5893631298383107,0.14,0.4493631298383107,3,3,3,0.20567473769187927,0.031615838408470154,False,target,correct,2
Young,young_20_29,7912,4869,0,2,2,False,0.49033222592303743,0.09,0.4003322259230374,2,2,2,0.7452149391174316,0.034347906708717346,False,flanker,evidence-origin,1
Young,young_20_29,7915,89861,0,3,0,True,0.5719904621156249,0.09,0.4819904621156249,3,3,3,0.5486348271369934,0.029512271285057068,False,target,correct,2
Young,young_20_29,7916,36994,1,3,1,True,0.815458262425686,0.06,0.755458262425686,3,3,3,1.004042625427246,0.03264462947845459,False,target,correct,5
Young,young_20_29,7917,5678,2,3,2,True,0.7654588985736983,0.17,0.5954588985736983,3,3,3,0.17319989204406738,0.030184119939804077,False,target,correct,5
Young,young_20_29,7919,33416,1,3,3,False,0.6163607394078819,0.05,0.5663607394078819,3,3,3,1.1589162349700928,0.03218241035938263,False,flanker,evidence-origin,3
Young,young_20_29,7921,113417,3,0,0,False,0.6472458980911878,0.04,0.6072458980911878,0,0,0,1.5275325775146484,0.034292325377464294,False,flanker,evidence-origin,3
Young,young_20_29,7926,12682,3,1,3,True,0.5230796855629548,0.08,0.4430796855629548,1,1,1,0.4275757074356079,0.020796149969100952,False,target,correct,2
Young,young_20_29,7927,24474,1,0,0,False,0.8451176273873532,0.05,0.7951176273873531,0,0,0,1.3366565704345703,0.03495115041732788,False,flanker,evidence-origin,5
Young,young_20_29,7928,7086,2,0,0,False,0.4952898376611517,0.04,0.4552898376611517,0,0,0,1.2792352437973022,0.030616313219070435,False,flanker,evidence-origin,1
Young,young_20_29,7929,15859,0,3,0,True,0.8802333045915681,0.12,0.7602333045915681,3,3,3,0.2937234342098236,0.0275379940867424,False,target,correct,5
Young,young_20_29,7931,44000,1,2,1,True,0.7344794172547947,0.07,0.6644794172547948,2,2,2,1.0369791984558105,0.03656578063964844,False,target,correct,4
Young,young_20_29,7933,2626,0,1,0,True,0.7610822650993984,0.07,0.6910822650993984,1,1,1,0.9085820913314819,0.032860755920410156,False,target,correct,5
Young,young_20_29,7934,18279,3,1,3,True,0.9100000143051148,0.06,0.8500000143051147,1,1,1,0.9347404837608337,0.030254341661930084,False,target,correct,5
Young,young_20_29,7935,3004,3,0,3,True,0.5125180014339283,0.08,0.4325180014339283,0,0,0,1.084983468055725,0.04027699679136276,False,target,correct,1
Young,young_20_29,7937,1325,2,0,0,False,0.7128327323333147,0.05,0.6628327323333146,0,0,0,1.2979049682617188,0.03541164845228195,False,flanker,evidence-origin,4
Young,young_20_29,7939,169721,3,1,1,False,0.6711043548632559,0.09,0.581104354863256,1,1,1,0.7493129968643188,0.03407088667154312,False,flanker,evidence-origin,4
Young,young_20_29,7940,146785,1,2,1,True,0.900000023841858,0.05,0.8500000238418579,2,2,2,0.967539370059967,0.028370894491672516,False,target,correct,5
Young,young_20_29,7943,58536,1,0,0,False,0.7519341762545005,0.05,0.7019341762545005,0,0,0,1.5005078315734863,0.03929164260625839,False,flanker,evidence-origin,5
Young,young_20_29,7944,25423,1,2,1,True,0.49372578017745333,0.08,0.4137257801774533,2,2,2,0.6359832882881165,0.03148667514324188,False,target,correct,1
Young,young_20_29,7946,10480,2,1,2,True,0.629587104090515,0.07,0.5595871040905149,1,1,1,0.909799337387085,0.03284871578216553,False,target,correct,3
Young,young_20_29,7947,6093,2,0,0,False,0.7372117376671239,0.04,0.6972117376671239,0,0,0,1.4762171506881714,0.034318454563617706,False,flanker,evidence-origin,4
Young,young_20_29,7948,13155,1,0,0,False,0.7784462180644978,0.07,0.7084462180644977,0,0,0,1.2837588787078857,0.04237668961286545,False,flanker,evidence-origin,5
Young,young_20_29,7953,71425,1,2,1,True,0.32999999523162843,0.08,0.2499999952316284,2,2,2,0.7908154129981995,0.03529039025306702,False,target,correct,1
Young,young_20_29,7955,18707,1,2,1,True,0.5439415851809942,0.11,0.43394158518099424,2,2,2,0.5299529433250427,0.03354153782129288,False,target,correct,2
Young,young_20_29,7962,124137,0,3,3,False,0.6130066288020589,0.04,0.5730066288020589,3,3,3,1.486395001411438,0.0337233692407608,False,flanker,evidence-origin,3
Young,young_20_29,7963,160723,0,3,3,False,0.988431704575429,0.28,0.7084317045754289,0,0,0,0.23917385935783386,0.007386237382888794,False,flanker,readout-origin,5
Young,young_20_29,7966,42385,0,2,2,False,0.5633052303549576,0.06,0.5033052303549577,2,2,2,1.147871732711792,0.035323090851306915,False,flanker,evidence-origin,2
Young,young_20_29,7967,12835,3,2,2,False,0.6075778434087368,0.1,0.5075778434087368,2,2,2,0.8137604594230652,0.03881671279668808,False,flanker,evidence-origin,3
Young,young_20_29,7972,89861,1,2,1,True,0.5575342096867787,0.07,0.4875342096867787,2,2,2,0.983303427696228,0.035928815603256226,False,target,correct,2
Young,young_20_29,7973,16212,3,2,3,True,0.36138867072881325,0.08,0.28138867072881324,2,2,2,1.0079400539398193,0.038731083273887634,False,target,correct,1
Young,young_20_29,7974,13522,1,3,3,False,0.624014940754403,0.05,0.574014940754403,3,3,3,1.3034192323684692,0.03610190749168396,False,flanker,evidence-origin,3
Young,young_20_29,7977,1124,1,3,1,True,0.6405969688608119,0.05,0.5905969688608118,3,3,3,1.274474859237671,0.034517206251621246,False,target,correct,3
Young,young_20_29,7978,13393,3,1,3,True,0.38570883845907694,0.05,0.33570883845907695,1,1,1,0.8277138471603394,0.024099484086036682,False,target,correct,1
Young,young_20_29,7979,27165,3,2,3,True,0.7174578573281778,0.08,0.6374578573281778,2,2,2,0.9059103727340698,0.03634948283433914,False,target,correct,4
Young,young_20_29,7980,26465,2,3,2,True,0.594271508567615,0.1,0.49427150856761504,3,3,3,0.6981964707374573,0.03690985590219498,False,target,correct,2
Young,young_20_29,7983,45962,0,2,2,False,0.6296658865280119,0.11,0.5196658865280119,2,2,2,0.6238093376159668,0.034208714962005615,False,flanker,evidence-origin,3
Young,young_20_29,7985,38844,2,0,0,False,0.5129531244368344,0.06,0.4529531244368344,0,0,0,1.0815415382385254,0.03428228944540024,False,flanker,evidence-origin,1
Young,young_20_29,7986,10010,2,3,2,True,0.39999998807907106,0.15,0.24999998807907106,3,3,3,0.38873761892318726,0.03492113947868347,False,target,correct,1
Young,young_20_29,7987,31017,0,2,2,False,0.5096579081819143,0.05,0.45965790818191427,2,2,2,1.3100905418395996,0.03458959609270096,False,flanker,evidence-origin,1
Young,young_20_29,7988,48356,2,1,2,True,0.9957126961976572,0.32,0.6757126961976572,2,2,2,0.8623039722442627,0.019410409033298492,False,target,correct,5
Young,young_20_29,7990,32160,0,1,0,True,0.885554181457143,0.09,0.7955541814571431,1,1,1,0.7842408418655396,0.039061591029167175,False,target,correct,5
Young,young_20_29,7992,30521,3,2,3,True,0.6041220370930503,0.1,0.5041220370930504,2,2,2,0.8471229672431946,0.03918684273958206,False,target,correct,3
Young,young_20_29,7994,4093,0,2,2,False,0.6559552892574066,0.11,0.5459552892574067,2,2,2,0.5920923948287964,0.032528944313526154,False,flanker,evidence-origin,3
Young,young_20_29,7995,98622,3,0,3,True,0.5280048590685361,0.08,0.4480048590685361,0,0,0,0.6662839651107788,0.02920270711183548,False,target,correct,2
Young,young_20_29,7996,99313,3,1,1,False,0.4395878095137701,0.03,0.40958780951377005,1,1,1,1.4424415826797485,0.029797449707984924,False,flanker,evidence-origin,1
Young,young_20_29,7997,14494,2,1,1,False,0.6345622069424471,0.07,0.5645622069424472,1,1,1,1.0003154277801514,0.034221090376377106,False,flanker,evidence-origin,3
Young,young_20_29,8004,24121,3,0,3,True,0.7544611317190322,0.07,0.6844611317190321,0,0,0,0.8609182238578796,0.032041192054748535,False,target,correct,5
Young,young_20_29,8006,138186,3,0,0,False,0.6298665878445544,0.06,0.5698665878445544,0,0,0,1.3856779336929321,0.04048735648393631,False,flanker,evidence-origin,3
Young,young_20_29,8007,71009,0,2,2,False,0.4837433292029094,0.09,0.39374332920290944,2,2,2,0.6631394624710083,0.03138464689254761,False,flanker,evidence-origin,1
Young,young_20_29,8008,37524,0,2,2,False,0.5158656257931004,0.09,0.4258656257931004,2,2,2,0.7024766802787781,0.031724974513053894,False,flanker,evidence-origin,1
Young,young_20_29,8015,28450,1,2,1,True,0.6884539358331565,0.11,0.5784539358331565,2,2,2,0.3879604637622833,0.029448002576828003,False,target,correct,4
Young,young_20_29,8016,149532,2,0,0,False,0.5759887707633036,0.06,0.5159887707633035,0,0,0,1.0691148042678833,0.03305117040872574,False,flanker,evidence-origin,2
Young,young_20_29,8021,7531,2,3,2,True,0.8109402329884888,0.17,0.6409402329884888,3,3,3,0.1989823877811432,0.030230261385440826,False,target,correct,5
Young,young_20_29,8022,127510,0,1,0,True,0.5267931601227802,0.22,0.30679316012278024,0,0,0,1.1267116069793701,0.011820659041404724,False,target,correct,2
Young,young_20_29,8023,19103,3,2,3,True,0.3406616750435956,0.06,0.2806616750435956,2,2,2,1.1860084533691406,0.035870492458343506,False,target,correct,1
Young,young_20_29,8027,72679,2,3,3,False,0.6410812980084974,0.1,0.5410812980084975,3,3,3,0.6840419769287109,0.03573843091726303,False,flanker,evidence-origin,3
Young,young_20_29,8029,7861,2,0,0,False,0.7573895393901622,0.04,0.7173895393901621,0,0,0,1.2062817811965942,0.02877502143383026,False,flanker,evidence-origin,5
Young,young_20_29,8032,19419,3,2,3,True,0.5375671877314006,0.09,0.4475671877314006,2,2,2,0.8591634631156921,0.03708770126104355,False,target,correct,2
Young,young_20_29,8033,638,0,1,0,True,1.1875989436915908,0.49,0.6975989436915908,0,0,0,0.8554627895355225,0.0361170768737793,False,target,correct,5
Young,young_20_29,8035,27592,2,3,2,True,0.49086546298454437,0.09,0.4008654629845444,3,3,3,0.7628650069236755,0.035546980798244476,False,target,correct,1
Young,young_20_29,8038,75180,3,0,3,True,0.7243829594223489,0.06,0.6643829594223489,0,0,0,1.1989037990570068,0.03524559736251831,False,target,correct,4
Young,young_20_29,8039,18892,3,1,3,True,0.5819393982586044,0.07,0.5119393982586045,1,1,1,0.7516793012619019,0.02922893315553665,False,target,correct,2
Young,young_20_29,8040,6115,2,3,3,False,0.697712187623252,0.08,0.6177121876232521,3,3,3,0.928425669670105,0.03784634917974472,False,flanker,evidence-origin,4
Young,young_20_29,8042,23911,2,3,3,False,0.6458120157601797,0.06,0.5858120157601796,3,3,3,1.3497121334075928,0.040036775171756744,False,flanker,evidence-origin,3
Young,young_20_29,8043,55633,1,3,1,True,0.7095084352381261,0.06,0.6495084352381262,3,3,3,0.7980149984359741,0.02815631777048111,False,target,correct,4
Young,young_20_29,8044,10225,2,1,2,True,0.878667465554259,0.33,0.5486674655542589,2,2,2,0.951478123664856,0.01952453702688217,False,target,correct,5
Young,young_20_29,8045,16900,2,0,2,True,0.5855468253430853,0.07,0.5155468253430853,0,0,0,0.9830839037895203,0.03567875176668167,False,target,correct,2
Young,young_20_29,8048,137114,2,0,0,False,0.7679755500876044,0.07,0.6979755500876044,0,0,0,0.958607017993927,0.03433757275342941,False,flanker,evidence-origin,5
Young,young_20_29,8050,38184,3,0,0,False,0.6412796377000181,0.05,0.591279637700018,0,0,0,1.3212183713912964,0.03453846275806427,False,flanker,evidence-origin,3
Young,young_20_29,8051,8909,1,3,3,False,0.7329211659606127,0.1,0.6329211659606128,3,3,3,0.7069542407989502,0.03673601150512695,False,flanker,evidence-origin,4
Young,young_20_29,8052,18364,1,3,1,True,0.5767316018202358,0.07,0.5067316018202357,3,3,3,0.5507001876831055,0.025493882596492767,False,target,correct,2
Young,young_20_29,8055,42989,3,1,1,False,0.7122550277442035,0.06,0.6522550277442034,1,1,1,0.8452000617980957,0.028871886432170868,False,flanker,evidence-origin,4
Young,young_20_29,8056,6564,0,3,0,True,0.49320822517793605,0.09,0.4032082251779361,3,3,3,0.5242290496826172,0.029355674982070923,False,target,correct,1
Young,young_20_29,8057,184109,2,1,1,False,0.8000774551240677,0.06,0.7400774551240676,1,1,1,1.1188693046569824,0.0351143479347229,False,flanker,evidence-origin,5
Young,young_20_29,8058,14750,0,3,0,True,0.5441396829340358,0.04,0.5041396829340358,3,3,3,1.5423235893249512,0.035543784499168396,False,target,correct,2
Young,young_20_29,8060,17381,2,1,2,True,0.5716195399004758,0.08,0.49161953990047574,1,1,1,0.9927496314048767,0.03818788379430771,False,target,correct,2
Young,young_20_29,8061,16760,2,0,2,True,0.5476735264511472,0.06,0.4876735264511472,0,0,0,1.0240000486373901,0.03257090598344803,False,target,correct,2
Young,young_20_29,8062,93285,2,1,2,True,0.5613957417340858,0.07,0.4913957417340858,1,1,1,0.9522820115089417,0.033620283007621765,False,target,correct,2
Young,young_20_29,8065,145243,3,0,0,False,0.7173079982205407,0.07,0.6473079982205407,0,0,0,1.0757216215133667,0.037017934024333954,False,flanker,evidence-origin,4
Young,young_20_29,8066,82843,1,2,1,True,0.3707398115022652,0.05,0.3207398115022652,2,2,2,1.05351984500885,0.03044314682483673,False,target,correct,1
Young,young_20_29,8068,21401,1,3,1,True,0.753175817058213,0.16,0.593175817058213,3,3,3,0.11835718154907227,0.029959365725517273,False,target,correct,5
Young,young_20_29,8070,151614,1,3,1,True,0.6327351667277257,0.07,0.5627351667277256,3,3,3,0.6896413564682007,0.027718529105186462,False,target,correct,3
Young,young_20_29,8074,23211,2,1,2,True,0.98727856518853,0.32,0.66727856518853,2,2,2,0.8336277604103088,0.020290888845920563,False,target,correct,5
Young,young_20_29,8077,118294,0,2,2,False,0.7034319124202689,0.07,0.633431912420269,2,2,2,0.8619571924209595,0.03195936977863312,False,flanker,evidence-origin,4
Young,young_20_29,8081,63106,1,0,1,True,0.38253805214511427,0.06,0.3225380521451143,0,0,0,1.2658885717391968,0.03971674293279648,False,target,correct,1
Young,young_20_29,8082,55094,3,2,3,True,0.5957654404040124,0.11,0.48576544040401237,2,2,2,0.6522596478462219,0.037184834480285645,False,target,correct,2
Young,young_20_29,8084,156396,0,1,0,True,0.7574667355502192,0.1,0.6574667355502192,1,1,1,0.754368782043457,0.03677219897508621,False,target,correct,5
Young,young_20_29,8086,70480,0,3,0,True,0.6541205569740114,0.07,0.5841205569740113,3,3,3,0.9065430164337158,0.03475990891456604,False,target,correct,3
Young,young_20_29,8087,23139,3,0,3,True,0.6327745719716169,0.05,0.5827745719716169,0,0,0,1.4005204439163208,0.03577163815498352,False,target,correct,3
Young,young_20_29,8088,1478,1,2,1,True,0.5545420168600246,0.07,0.48454201686002457,2,2,2,0.7532247304916382,0.02979615330696106,False,target,correct,2
Young,young_20_29,8096,40374,2,0,0,False,0.5611326791698779,0.05,0.5111326791698778,0,0,0,1.24970543384552,0.035244956612586975,False,flanker,evidence-origin,2
Young,young_20_29,8099,53039,0,3,0,True,0.675739001738698,0.11,0.5657390017386981,3,3,3,0.4483945071697235,0.03518830984830856,False,target,correct,4
Young,young_20_29,8101,64436,0,1,0,True,0.5031854874642852,0.1,0.4031854874642852,1,1,1,0.6711679697036743,0.035881832242012024,False,target,correct,1
Young,young_20_29,8102,21942,1,3,1,True,0.7663118666240036,0.05,0.7163118666240036,3,3,3,0.9196440577507019,0.026851646602153778,False,target,correct,5
Young,young_20_29,8103,17173,2,0,0,False,0.5097122606292004,0.06,0.4497122606292004,0,0,0,1.0321274995803833,0.033287227153778076,False,flanker,evidence-origin,1
Young,young_20_29,8104,104732,2,1,2,True,0.5923222878634686,0.15,0.4423222878634686,1,1,1,0.33767735958099365,0.03284160792827606,False,target,correct,2
Young,young_20_29,8106,636,1,3,3,False,0.30581162174978294,0.05,0.25581162174978295,3,3,3,1.2148394584655762,0.0336616113781929,False,flanker,evidence-origin,1
Young,young_20_29,8107,27085,3,2,3,True,0.49663102043236945,0.1,0.3966310204323694,2,2,2,0.8360283374786377,0.03919292241334915,False,target,correct,1
Young,young_20_29,8108,50503,0,3,3,False,0.5394197652691857,0.08,0.45941976526918565,3,3,3,0.8530350923538208,0.03614883869886398,False,flanker,evidence-origin,2
Young,young_20_29,8109,30000,2,1,2,True,0.7447812850787403,0.07,0.6747812850787402,1,1,1,1.0616209506988525,0.03675899654626846,False,target,correct,5
Young,young_20_29,8110,140188,3,0,3,True,0.9100000143051148,0.06,0.8500000143051147,0,0,0,1.1698552370071411,0.035067468881607056,False,target,correct,5
Young,young_20_29,8111,111850,3,2,3,True,0.9100000143051148,0.06,0.8500000143051147,2,2,2,1.1633174419403076,0.035238415002822876,False,target,correct,5
Young,young_20_29,8113,46233,1,3,3,False,0.8868230702060849,0.11,0.7768230702060849,3,3,3,0.8084239363670349,0.04102759808301926,False,flanker,evidence-origin,5
Young,young_20_29,8115,179102,1,2,1,True,0.7468169442828769,0.06,0.6868169442828769,2,2,2,1.1021088361740112,0.03516755998134613,False,target,correct,5
Young,young_20_29,8116,18569,2,0,0,False,0.6194434565030755,0.07,0.5494434565030755,0,0,0,0.9963228702545166,0.03623448312282562,False,flanker,evidence-origin,3
Young,young_20_29,8118,74898,0,1,0,True,0.5972121609800289,0.1,0.49721216098002896,1,1,1,0.7886260747909546,0.03669779747724533,False,target,correct,3
Young,young_20_29,8120,13833,2,0,2,True,0.5667039111990997,0.06,0.5067039111990996,0,0,0,0.8540430068969727,0.028772637248039246,False,target,correct,2
Young,young_20_29,8121,16323,1,0,1,True,0.5618885670258084,0.07,0.49188856702580835,0,0,0,1.1009947061538696,0.038310058414936066,False,target,correct,2
Young,young_20_29,8123,28168,2,0,0,False,0.458808380630654,0.04,0.418808380630654,0,0,0,1.2854841947555542,0.029687918722629547,False,flanker,evidence-origin,1
Young,young_20_29,8124,32431,1,0,0,False,0.5685165526546002,0.06,0.5085165526546003,0,0,0,1.3210034370422363,0.03921633958816528,False,flanker,evidence-origin,2
Young,young_20_29,8125,92404,0,1,0,True,0.602150958620081,0.09,0.512150958620081,1,1,1,0.7897787690162659,0.036537304520606995,False,target,correct,3
Young,young_20_29,8126,5789,2,0,0,False,0.5916489488679302,0.04,0.5516489488679301,0,0,0,1.3893243074417114,0.032631807029247284,False,flanker,evidence-origin,2
Young,young_20_29,8128,3513,1,3,1,True,0.7532269794300972,0.03,0.7232269794300972,3,3,3,1.185412883758545,0.025482289493083954,False,target,correct,5
Young,young_20_29,8130,26263,2,3,3,False,0.4191627192756193,0.03,0.3891627192756193,3,3,3,1.7404152154922485,0.031443364918231964,False,flanker,evidence-origin,1
Young,young_20_29,8131,31116,2,3,2,True,0.6495394037551966,0.11,0.5395394037551966,3,3,3,0.7769939303398132,0.040590524673461914,False,target,correct,3
Young,young_20_29,8132,74546,3,1,3,True,0.3435089388005252,0.07,0.2735089388005252,1,1,1,0.7420351505279541,0.028843604028224945,False,target,correct,1
Young,young_20_29,8136,86212,0,2,2,False,0.7580177832878646,0.12,0.6380177832878646,2,2,2,0.45853492617607117,0.030694887042045593,False,flanker,evidence-origin,5
Young,young_20_29,8137,2198,3,2,3,True,0.7145108432430994,0.07,0.6445108432430995,2,2,2,1.101423978805542,0.038213565945625305,False,target,correct,4
Young,young_20_29,8139,13545,0,3,0,True,0.43581389005914756,0.08,0.35581389005914754,3,3,3,0.7396524548530579,0.033999502658843994,False,target,correct,1
Young,young_20_29,8140,85503,3,0,0,False,0.6263723614669617,0.05,0.5763723614669617,0,0,0,1.5104892253875732,0.0392657145857811,False,flanker,evidence-origin,3
Young,young_20_29,8142,53926,3,2,3,True,0.6491991486099452,0.11,0.5391991486099452,2,2,2,0.7822250127792358,0.0405823290348053,False,target,correct,3
Young,young_20_29,8144,110084,0,2,2,False,0.39686169224705936,0.08,0.31686169224705935,2,2,2,0.9046494364738464,0.03634106367826462,False,flanker,evidence-origin,1
Young,young_20_29,8145,21356,1,2,1,True,0.4915840713779608,0.08,0.41158407137796077,2,2,2,0.5670283436775208,0.029326438903808594,False,target,correct,1
Young,young_20_29,8146,13567,0,2,2,False,0.6130232388179238,0.07,0.5430232388179237,2,2,2,0.8505820631980896,0.031070217490196228,False,flanker,evidence-origin,3
Young,young_20_29,8150,82398,1,3,3,False,0.5156197008550498,0.05,0.46561970085504983,3,3,3,1.1772072315216064,0.03326085954904556,False,flanker,evidence-origin,1
Young,young_20_29,8151,53748,1,0,1,True,0.6966567276961233,0.06,0.6366567276961232,0,0,0,1.054490089416504,0.03477603197097778,False,target,correct,4
Young,young_20_29,8157,1654,3,2,3,True,0.6403084967238212,0.06,0.5803084967238212,2,2,2,1.2296743392944336,0.03721419721841812,False,target,correct,3
Young,young_20_29,8161,116367,2,0,0,False,0.4503743543228663,0.06,0.3903743543228663,0,0,0,1.1024727821350098,0.034396275877952576,False,flanker,evidence-origin,1
Young,young_20_29,8162,5881,0,1,0,True,0.6042664618817175,0.09,0.5142664618817175,1,1,1,0.6249731779098511,0.03313004970550537,False,target,correct,3
Young,young_20_29,8163,19576,3,2,3,True,0.648818454896991,0.11,0.538818454896991,2,2,2,0.8045943379402161,0.041316814720630646,False,target,correct,3
Young,young_20_29,8166,17138,3,2,3,True,0.6676090879135559,0.1,0.5676090879135559,2,2,2,0.8531231880187988,0.04015128314495087,False,target,correct,4
Young,young_20_29,8167,21306,3,1,3,True,0.6967891622729417,0.08,0.6167891622729418,1,1,1,0.6391531229019165,0.028461657464504242,False,target,correct,4
Young,young_20_29,8170,128701,0,3,3,False,0.9399999856948853,0.09,0.8499999856948853,3,3,3,0.6629993319511414,0.03323468565940857,False,flanker,evidence-origin,5
Young,young_20_29,8172,84530,3,2,3,True,0.6742194621632837,0.07,0.6042194621632837,2,2,2,1.0698864459991455,0.03716462105512619,False,target,correct,4
Young,young_20_29,8174,32959,2,0,2,True,0.6106110702527006,0.06,0.5506110702527005,0,0,0,0.9080651998519897,0.030752308666706085,False,target,correct,3
Young,young_20_29,8175,95005,2,0,0,False,0.45671616029242446,0.06,0.39671616029242446,0,0,0,1.019750952720642,0.0333450585603714,False,flanker,evidence-origin,1
Young,young_20_29,8177,58553,2,0,0,False,0.5178920058274359,0.04,0.4778920058274359,0,0,0,1.4233980178833008,0.03287632763385773,False,flanker,evidence-origin,1
Young,young_20_29,8180,19622,2,3,2,True,0.5851488154523858,0.06,0.5251488154523858,3,3,3,1.2643864154815674,0.03827834874391556,False,target,correct,2
Young,young_20_29,8181,98498,3,1,3,True,0.7406922988394802,0.06,0.6806922988394801,1,1,1,0.7544691562652588,0.02564583718776703,False,target,correct,4
Young,young_20_29,8182,116354,1,2,1,True,0.73729324826536,0.05,0.68729324826536,2,2,2,0.7852813005447388,0.02430751919746399,False,target,correct,4
Young,young_20_29,8185,82887,3,1,3,True,0.5467462781994679,0.07,0.47674627819946785,1,1,1,0.9368688464164734,0.034188635647296906,False,target,correct,2
Young,young_20_29,8186,24477,3,2,3,True,0.6701695364486151,0.06,0.610169536448615,2,2,2,1.2481498718261719,0.03703918308019638,False,target,correct,4
Young,young_20_29,8190,15415,3,2,3,True,0.6955547710117038,0.08,0.6155547710117039,2,2,2,1.013954997062683,0.03878723084926605,False,target,correct,4
Young,young_20_29,8192,36373,3,2,3,True,0.588175129461793,0.07,0.5181751294617929,2,2,2,1.1834222078323364,0.04046042263507843,False,target,correct,2
Young,young_20_29,8195,72910,0,3,0,True,0.4913241278236201,0.1,0.39132412782362014,3,3,3,0.4881852865219116,0.03283171355724335,False,target,correct,1
Young,young_20_29,8196,138554,2,0,2,True,0.6400336460001266,0.06,0.5800336460001265,0,0,0,0.8449243903160095,0.028095223009586334,False,target,correct,3
Young,young_20_29,8197,107046,2,1,1,False,0.5243794458603208,0.07,0.4543794458603208,1,1,1,1.0275830030441284,0.035409122705459595,False,flanker,evidence-origin,2
Young,young_20_29,8198,107142,3,2,3,True,0.6699759589174038,0.1,0.5699759589174038,2,2,2,0.7032728791236877,0.03620515763759613,False,target,correct,4
Young,young_20_29,8200,20823,2,3,2,True,0.6064729240841088,0.08,0.5264729240841088,3,3,3,0.8440847396850586,0.03548172861337662,False,target,correct,3
Young,young_20_29,8201,6166,0,3,0,True,0.7636103992452797,0.09,0.6736103992452798,3,3,3,0.5733762979507446,0.03286623954772949,False,target,correct,5
Young,young_20_29,8203,139938,2,1,1,False,0.6840137258614023,0.06,0.6240137258614022,1,1,1,1.0537605285644531,0.032075345516204834,False,flanker,evidence-origin,4
Young,young_20_29,8204,181690,2,3,2,True,0.6708039231568462,0.12,0.5508039231568462,3,3,3,0.5975692272186279,0.03739182651042938,False,target,correct,4
Young,young_20_29,8205,65206,1,0,1,True,0.7114322562737301,0.05,0.66143225627373,0,0,0,1.3215699195861816,0.035543911159038544,False,target,correct,4
Young,young_20_29,8208,10614,1,3,1,True,0.5135758278140926,0.05,0.4635758278140926,3,3,3,1.2994012832641602,0.03515864908695221,False,target,correct,1
Young,young_20_29,8209,22938,0,3,0,True,0.4510006998273991,0.11,0.3410006998273991,3,3,3,0.43631982803344727,0.031662873923778534,False,target,correct,1
Young,young_20_29,8210,58452,3,1,3,True,0.7012339272043411,0.13,0.5712339272043411,1,1,1,0.14492446184158325,0.02485787123441696,False,target,correct,4
Young,young_20_29,8213,19539,3,0,3,True,0.4499433131536211,0.09,0.35994331315362116,0,0,0,1.01848566532135,0.04176416993141174,False,target,correct,1
Young,young_20_29,8216,25248,3,2,3,True,0.7503196435069364,0.08,0.6703196435069364,2,2,2,0.9637977480888367,0.038329124450683594,False,target,correct,5
Young,young_20_29,8225,23109,1,3,1,True,0.7201383909519001,0.06,0.6601383909519001,3,3,3,0.8962094187736511,0.030559130012989044,False,target,correct,4
Young,young_20_29,8226,5755,3,2,2,False,0.31000001430511476,0.06,0.25000001430511476,2,2,2,1.1991897821426392,0.0357191264629364,False,flanker,evidence-origin,1
Young,young_20_29,8228,85714,1,0,0,False,0.8656682479639791,0.07,0.7956682479639792,0,0,0,1.1215530633926392,0.038896359503269196,False,flanker,evidence-origin,5
Young,young_20_29,8229,23499,1,0,0,False,0.6050160720124991,0.05,0.555016072012499,0,0,0,1.3890210390090942,0.03687816858291626,False,flanker,evidence-origin,3
Young,young_20_29,8233,25696,1,0,1,True,0.5780557189869044,0.07,0.5080557189869044,0,0,0,1.0570130348205566,0.03801819682121277,False,target,correct,2
Young,young_20_29,8234,42845,2,1,1,False,0.6302313477628845,0.03,0.6002313477628844,1,1,1,1.854846477508545,0.0346929207444191,False,flanker,evidence-origin,3
Young,young_20_29,8235,103314,0,1,0,True,0.8161415537943464,0.06,0.7561415537943463,1,1,1,0.9544581174850464,0.030961602926254272,False,target,correct,5
Young,young_20_29,8237,121392,3,1,3,True,0.5947020450948762,0.06,0.5347020450948763,1,1,1,0.797500729560852,0.027578510344028473,False,target,correct,2
Young,young_20_29,8238,82279,1,3,1,True,0.44067621290167613,0.12,0.32067621290167614,3,3,3,0.4757051169872284,0.03201868385076523,False,target,correct,1
Young,young_20_29,8239,4892,0,2,2,False,0.6137653479636243,0.08,0.5337653479636243,2,2,2,0.8089103102684021,0.03393658250570297,False,flanker,evidence-origin,3
Young,young_20_29,8243,136963,1,0,1,True,0.7690083632508788,0.06,0.7090083632508788,0,0,0,1.2580937147140503,0.038350239396095276,False,target,correct,5
Young,young_20_29,8247,30988,2,1,2,True,0.47376023961199365,0.14,0.33376023961199364,1,1,1,0.486028254032135,0.03316167742013931,False,target,correct,1
Young,young_20_29,8248,12970,1,3,3,False,0.5667214113761623,0.04,0.5267214113761622,3,3,3,1.4146900177001953,0.03423890471458435,False,flanker,evidence-origin,2
Young,young_20_29,8250,62181,2,1,2,True,0.5257481610043926,0.12,0.4057481610043926,1,1,1,0.597064733505249,0.03348912298679352,False,target,correct,2
Young,young_20_29,8252,87325,0,1,0,True,0.6645629465921883,0.12,0.5445629465921883,1,1,1,0.48017948865890503,0.03420162945985794,False,target,correct,4
Young,young_20_29,8256,168422,3,0,3,True,0.7339581097737345,0.04,0.6939581097737345,0,0,0,1.531266689300537,0.033750079572200775,False,target,correct,4
Young,young_20_29,8257,102188,2,0,0,False,0.7713962463677058,0.06,0.7113962463677057,0,0,0,1.1544818878173828,0.03624693304300308,False,flanker,evidence-origin,5
Young,young_20_29,8259,16217,0,2,2,False,0.5456969809896303,0.07,0.47569698098963026,2,2,2,0.8607269525527954,0.03193182498216629,False,flanker,evidence-origin,2
Young,young_20_29,8263,63901,1,2,1,True,0.7449749773770986,0.27,0.4749749773770986,1,1,1,0.7949599623680115,0.012837797403335571,False,target,correct,5
Young,young_20_29,8264,152375,1,0,0,False,0.7072595160932512,0.05,0.6572595160932512,0,0,0,1.4218225479125977,0.03781812638044357,False,flanker,evidence-origin,4
Young,young_20_29,8265,22336,0,3,3,False,0.7210997402913719,0.04,0.6810997402913719,3,3,3,1.4464731216430664,0.0326155349612236,False,flanker,evidence-origin,4
Young,young_20_29,8266,140,0,3,0,True,0.7407653023871281,0.06,0.6807653023871281,3,3,3,0.9601912498474121,0.03198043256998062,False,target,correct,4
Young,young_20_29,8270,696,1,3,3,False,0.7721029357664152,0.03,0.7421029357664152,3,3,3,1.3754538297653198,0.027364306151866913,False,flanker,evidence-origin,5
Young,young_20_29,8272,22748,1,0,0,False,0.5363769373339098,0.06,0.4763769373339098,0,0,0,1.2229185104370117,0.03795795887708664,False,flanker,evidence-origin,2
Young,young_20_29,8273,5147,1,3,1,True,0.6789215293338614,0.08,0.5989215293338614,3,3,3,0.6423314809799194,0.030752182006835938,False,target,correct,4
Young,young_20_29,8274,18749,0,1,0,True,0.7770595183014783,0.06,0.7170595183014783,1,1,1,0.95466548204422,0.030897818505764008,False,target,correct,5
Young,young_20_29,8276,188155,1,3,1,True,0.37357608081680754,0.09,0.2835760808168075,3,3,3,0.608884334564209,0.03052671253681183,False,target,correct,1
Young,young_20_29,8277,38984,0,1,0,True,0.5067219732664101,0.22,0.28672197326641014,0,0,0,1.1521142721176147,0.014005519449710846,False,target,correct,1
Young,young_20_29,8281,164203,2,0,0,False,0.6209957459840957,0.05,0.5709957459840956,0,0,0,1.1142139434814453,0.032079800963401794,False,flanker,evidence-origin,3
Young,young_20_29,8285,77362,3,2,3,True,0.5321481125147121,0.07,0.46214811251471205,2,2,2,1.0420104265213013,0.03681757301092148,False,target,correct,2
Young,young_20_29,8286,10009,0,2,2,False,0.6642429883158846,0.11,0.5542429883158846,2,2,2,0.4371505081653595,0.028460904955863953,False,flanker,evidence-origin,4
Young,young_20_29,8290,12268,1,0,0,False,0.9100000143051148,0.06,0.8500000143051147,0,0,0,1.48503577709198,0.04244926571846008,False,flanker,evidence-origin,5
Young,young_20_29,8291,16016,2,0,0,False,0.690073128374973,0.06,0.630073128374973,0,0,0,1.0630731582641602,0.03376194089651108,False,flanker,evidence-origin,4
Young,young_20_29,8294,4315,0,3,3,False,0.3839889737402047,0.04,0.3439889737402047,3,3,3,1.6324031352996826,0.03723400831222534,False,flanker,evidence-origin,1
Young,young_20_29,8295,24145,0,2,2,False,0.6634098644596809,0.14,0.5234098644596809,2,2,2,0.3945693075656891,0.031473271548748016,False,flanker,evidence-origin,4
Young,young_20_29,8296,14161,3,0,0,False,0.5335831623896428,0.05,0.4835831623896428,0,0,0,1.3474607467651367,0.03581108897924423,False,flanker,evidence-origin,2
Young,young_20_29,8297,155216,2,0,0,False,0.867156807892089,0.06,0.807156807892089,0,0,0,1.0064226388931274,0.0328570231795311,False,flanker,evidence-origin,5
Young,young_20_29,8300,17425,1,3,1,True,0.5055993994672495,0.05,0.45559939946724953,3,3,3,1.2548048496246338,0.03466382622718811,False,target,correct,1
Young,young_20_29,8303,43588,2,0,0,False,0.5336601526344535,0.05,0.48366015263445356,0,0,0,1.2165241241455078,0.03329019993543625,False,flanker,evidence-origin,2
Young,young_20_29,8304,41824,3,2,3,True,0.6322768429782536,0.1,0.5322768429782536,2,2,2,0.8702633380889893,0.040928833186626434,False,target,correct,3
Young,young_20_29,8308,15504,0,2,2,False,0.5618550808216328,0.09,0.47185508082163286,2,2,2,0.5334478616714478,0.02747020125389099,False,flanker,evidence-origin,2
Young,young_20_29,8309,29984,2,0,2,True,0.5682130804468475,0.07,0.4982130804468475,0,0,0,0.7727342247962952,0.02995508909225464,False,target,correct,2
Young,young_20_29,8312,100503,0,3,0,True,0.7421849780969849,0.26,0.4821849780969849,0,0,0,0.49821799993515015,0.0033953487873077393,False,target,correct,5
Young,young_20_29,8313,32678,2,0,2,True,0.7314850486002671,0.08,0.6514850486002671,0,0,0,0.7862793803215027,0.03293107450008392,False,target,correct,4
Young,young_20_29,8315,162816,2,0,2,True,0.5164570447485282,0.07,0.44645704474852815,0,0,0,0.8341338634490967,0.03233959525823593,False,target,correct,1
Young,young_20_29,8319,24628,1,3,3,False,0.6086230430478425,0.06,0.5486230430478425,3,3,3,1.122986912727356,0.03527764230966568,False,flanker,evidence-origin,3
Young,young_20_29,8321,18343,2,0,0,False,0.5776306786475986,0.06,0.5176306786475986,0,0,0,1.0432300567626953,0.033216752111911774,False,flanker,evidence-origin,2
Young,young_20_29,8324,6064,0,1,0,True,0.5871021242558084,0.04,0.5471021242558084,1,1,1,1.5512195825576782,0.03591408580541611,False,target,correct,2
Young,young_20_29,8325,69487,3,0,3,True,0.5502323803632276,0.07,0.48023238036322763,0,0,0,1.155604362487793,0.039246007800102234,False,target,correct,2
Young,young_20_29,8327,20507,3,2,3,True,0.5822777420683171,0.09,0.4922777420683171,2,2,2,0.8876692056655884,0.037713147699832916,False,target,correct,2
Young,young_20_29,8328,20469,2,0,0,False,0.46180527565193213,0.04,0.42180527565193215,0,0,0,1.5225249528884888,0.035530030727386475,False,flanker,evidence-origin,1
Young,young_20_29,8329,21737,1,2,1,True,0.5828475475350655,0.07,0.5128475475350656,2,2,2,0.6266188621520996,0.028176262974739075,False,target,correct,2
Young,young_20_29,8331,33578,2,3,3,False,0.7011441377590222,0.04,0.6611441377590221,3,3,3,1.6165235042572021,0.03565558046102524,False,flanker,evidence-origin,4
Young,young_20_29,8332,28440,3,1,3,True,0.5723225443319087,0.07,0.5023225443319086,1,1,1,0.8414251208305359,0.031935915350914,False,target,correct,2
Young,young_20_29,8333,54245,2,3,2,True,0.6584880649831752,0.13,0.5284880649831752,3,3,3,0.5212439298629761,0.03559665381908417,False,target,correct,3
Young,young_20_29,8336,37880,3,1,3,True,0.6572084027027657,0.06,0.5972084027027658,1,1,1,0.8744052648544312,0.028900012373924255,False,target,correct,3
Young,young_20_29,8338,94433,3,2,3,True,0.7082114154032936,0.12,0.5882114154032936,2,2,2,0.5992124080657959,0.03623754531145096,False,target,correct,4
Young,young_20_29,8339,5541,0,1,0,True,0.830589827139405,0.1,0.730589827139405,1,1,1,0.42011675238609314,0.03062017261981964,False,target,correct,5
Young,young_20_29,8340,30599,3,2,3,True,0.5001970732863159,0.07,0.4301970732863159,2,2,2,1.0642071962356567,0.03699589520692825,False,target,correct,1
Young,young_20_29,8341,76060,0,1,0,True,0.5490769069907417,0.06,0.48907690699074174,1,1,1,1.0034101009368896,0.03192126005887985,False,target,correct,2
Young,young_20_29,8342,88134,0,2,2,False,0.6943526077864293,0.05,0.6443526077864292,2,2,2,1.1950513124465942,0.03182543069124222,False,flanker,evidence-origin,4
Young,young_20_29,8344,49029,3,1,3,True,0.8596435460259653,0.07,0.7896435460259652,1,1,1,0.6966671943664551,0.027643613517284393,False,target,correct,5
Young,young_20_29,8346,27283,3,1,1,False,0.4992780713364934,0.06,0.4392780713364934,1,1,1,0.8367564678192139,0.027894727885723114,False,flanker,evidence-origin,1
Young,young_20_29,8347,9902,1,3,1,True,0.5591094324187025,0.04,0.5191094324187024,3,3,3,1.0906883478164673,0.028138063848018646,False,target,correct,2
Young,young_20_29,8348,115452,1,3,3,False,0.7654149785578825,0.07,0.6954149785578825,3,3,3,0.9421283006668091,0.035227201879024506,False,flanker,evidence-origin,5
Young,young_20_29,8350,77695,2,1,2,True,0.59496201645184,0.09,0.50496201645184,1,1,1,0.937308132648468,0.039599522948265076,False,target,correct,2
Young,young_20_29,8351,10528,2,0,2,True,0.6500563817001055,0.05,0.6000563817001054,0,0,0,1.0144720077514648,0.029825687408447266,False,target,correct,3
Young,young_20_29,8352,69371,2,1,1,False,0.5582945623643533,0.09,0.4682945623643533,1,1,1,0.7744846343994141,0.033147089183330536,False,flanker,evidence-origin,2
Young,young_20_29,8353,16384,0,3,0,True,0.45308100190771716,0.09,0.3630810019077172,3,3,3,0.5709031820297241,0.03205452114343643,False,target,correct,1
Young,young_20_29,8355,22442,0,2,2,False,0.46421940226804614,0.14,0.32421940226804613,2,2,2,0.2606242001056671,0.0284978449344635,False,flanker,evidence-origin,1
Young,young_20_29,8356,6278,0,2,2,False,0.7429226425512541,0.05,0.692922642551254,2,2,2,1.2124977111816406,0.032488249242305756,False,flanker,evidence-origin,5
Young,young_20_29,8358,27003,1,0,0,False,0.5913858652869537,0.06,0.5313858652869536,0,0,0,1.2189751863479614,0.03659670054912567,False,flanker,evidence-origin,2
Young,young_20_29,8361,16058,1,2,1,True,0.9182036982175543,0.36,0.5582036982175543,1,1,1,0.7933351397514343,0.016505561769008636,False,target,correct,5
Young,young_20_29,8362,72826,2,0,0,False,0.8406301909481714,0.06,0.7806301909481714,0,0,0,1.0906569957733154,0.03435342758893967,False,flanker,evidence-origin,5
Young,young_20_29,8363,24237,2,3,2,True,0.6467208592706397,0.08,0.5667208592706398,3,3,3,1.0726213455200195,0.04107218235731125,False,target,correct,3
Young,young_20_29,8364,30306,1,2,1,True,0.5265271131961347,0.07,0.45652711319613465,2,2,2,0.8643271327018738,0.033953092992305756,False,target,correct,2
Young,young_20_29,8365,34722,3,1,3,True,0.7248711120877338,0.07,0.6548711120877337,1,1,1,0.8914101719856262,0.03282861411571503,False,target,correct,4
Young,young_20_29,8366,73938,1,2,1,True,0.6695757129399192,0.07,0.5995757129399193,2,2,2,0.7758886814117432,0.03138965368270874,False,target,correct,4
Young,young_20_29,8368,5847,1,2,1,True,0.7431947212146364,0.05,0.6931947212146363,2,2,2,0.9923789501190186,0.02939077466726303,False,target,correct,5
Young,young_20_29,8370,1504,1,2,1,True,0.6710673729617113,0.1,0.5710673729617113,2,2,2,0.5203989744186401,0.033657535910606384,False,target,correct,4
Young,young_20_29,8371,26840,0,3,0,True,0.5890492507851433,0.07,0.5190492507851432,3,3,3,0.8669371008872986,0.03383790701627731,False,target,correct,2
Young,young_20_29,8372,55887,0,3,0,True,0.7177177289445502,0.06,0.6577177289445502,3,3,3,1.1025584936141968,0.03534717857837677,False,target,correct,4
Young,young_20_29,8373,1054,2,1,1,False,0.46830538141808964,0.03,0.4383053814180896,1,1,1,1.8932424783706665,0.03612715005874634,False,flanker,evidence-origin,1
Young,young_20_29,8374,6328,2,1,2,True,0.553892704516663,0.12,0.43389270451666295,1,1,1,0.5949469804763794,0.03431209176778793,False,target,correct,2
Young,young_20_29,8375,25796,2,1,2,True,0.5529687326031859,0.08,0.4729687326031859,1,1,1,0.8669694662094116,0.03415098786354065,False,target,correct,2
Young,young_20_29,8376,45697,2,1,1,False,0.5889372301958643,0.05,0.5389372301958643,1,1,1,1.2858047485351562,0.03419656306505203,False,flanker,evidence-origin,2
Young,young_20_29,8378,18578,1,3,1,True,0.661745566800666,0.04,0.621745566800666,3,3,3,1.342538833618164,0.03192131966352463,False,target,correct,4
Young,young_20_29,8380,83271,2,1,1,False,0.5273067515973888,0.03,0.4973067515973888,1,1,1,1.8038651943206787,0.033374346792697906,False,flanker,evidence-origin,2
Young,young_20_29,8382,16015,1,0,0,False,0.6714591031059021,0.06,0.611459103105902,0,0,0,1.2523572444915771,0.0380752757191658,False,flanker,evidence-origin,4
Young,young_20_29,8386,6277,2,3,2,True,0.6063752668850351,0.09,0.5163752668850351,3,3,3,0.8236274719238281,0.03755354881286621,False,target,correct,3
Young,young_20_29,8388,162987,2,3,2,True,0.7136519628312736,0.07,0.6436519628312736,3,3,3,1.0604690313339233,0.03717859834432602,False,target,correct,4
Young,young_20_29,8390,73592,1,3,1,True,0.4147864001445106,0.06,0.3547864001445106,3,3,3,0.8501269817352295,0.02848457545042038,False,target,correct,1
Young,young_20_29,8393,43560,0,2,2,False,0.9100000143051148,0.06,0.8500000143051147,2,2,2,1.0077273845672607,0.0319569930434227,False,flanker,evidence-origin,5
Young,young_20_29,8395,15928,1,0,0,False,0.5649151215873204,0.05,0.5149151215873203,0,0,0,1.25270414352417,0.03406773507595062,False,flanker,evidence-origin,2
Young,young_20_29,8396,156924,1,2,1,True,0.4936810520573482,0.1,0.39368105205734816,2,2,2,0.7514619827270508,0.037546753883361816,False,target,correct,1
Young,young_20_29,8397,9517,2,0,0,False,0.5507034795694543,0.05,0.5007034795694543,0,0,0,1.176651954650879,0.03289591521024704,False,flanker,evidence-origin,2
Young,young_20_29,8403,25936,3,1,1,False,0.3835480641977851,0.04,0.3435480641977851,1,1,1,1.073913812637329,0.026842817664146423,False,flanker,evidence-origin,1
Young,young_20_29,8404,13111,1,0,1,True,0.6453891341895001,0.06,0.5853891341895001,0,0,0,1.2198493480682373,0.03702778369188309,False,target,correct,3
Young,young_20_29,8405,10611,0,1,0,True,0.8058492108647928,0.15,0.6558492108647928,1,1,1,0.23797544836997986,0.03340069204568863,False,target,correct,5
Young,young_20_29,8407,8261,3,2,3,True,0.4964151275725739,0.09,0.4064151275725739,2,2,2,0.8969414830207825,0.03879324346780777,False,target,correct,1
Young,young_20_29,8408,42574,3,1,1,False,0.8229255197879993,0.06,0.7629255197879994,1,1,1,0.9698663949966431,0.031766556203365326,False,flanker,evidence-origin,5
Young,young_20_29,8409,159252,2,1,1,False,0.5178254928099933,0.06,0.45782549280999335,1,1,1,1.0604064464569092,0.0323048010468483,False,flanker,evidence-origin,1
Young,young_20_29,8412,59786,3,2,3,True,0.536032819346144,0.08,0.456032819346144,2,2,2,0.9785675406455994,0.037901706993579865,False,target,correct,2
Young,young_20_29,8415,110808,0,1,0,True,0.8163956132866095,0.09,0.7263956132866095,1,1,1,0.8690043091773987,0.037213556468486786,False,target,correct,5
Young,young_20_29,8416,156805,2,0,0,False,0.5489650093407542,0.04,0.5089650093407542,0,0,0,1.434168815612793,0.03311891853809357,False,flanker,evidence-origin,2
Young,young_20_29,8417,71341,0,3,0,True,0.5499757763638888,0.08,0.4699757763638888,3,3,3,0.8455384969711304,0.0354054793715477,False,target,correct,2
Young,young_20_29,8418,17241,1,3,3,False,0.6535034927774115,0.03,0.6235034927774115,3,3,3,1.4451634883880615,0.029401041567325592,False,flanker,evidence-origin,3
Young,young_20_29,8419,2964,1,3,1,True,0.6269649338563528,0.06,0.5669649338563527,3,3,3,0.7983582615852356,0.02953295409679413,False,target,correct,3
Young,young_20_29,8420,77833,3,2,3,True,0.6021367478067009,0.05,0.5521367478067009,2,2,2,1.334996223449707,0.03513383865356445,False,target,correct,3
Young,young_20_29,8425,35094,2,3,3,False,0.5605263921959477,0.06,0.5005263921959477,3,3,3,1.1977088451385498,0.03615816682577133,False,flanker,evidence-origin,2
Young,young_20_29,8426,95488,1,0,0,False,0.5759902186830618,0.05,0.5259902186830617,0,0,0,1.4833447933197021,0.038696274161338806,False,flanker,evidence-origin,2
Young,young_20_29,8427,35843,2,3,3,False,0.5499907311405536,0.07,0.47999073114055363,3,3,3,0.9703692197799683,0.03460780531167984,False,flanker,evidence-origin,2
Young,young_20_29,8428,149038,3,2,2,False,0.6336422843679909,0.08,0.5536422843679909,2,2,2,1.0131019353866577,0.03918963670730591,False,flanker,evidence-origin,3
Young,young_20_29,8435,6351,2,1,2,True,0.8836817001563527,0.31,0.5736817001563528,2,2,2,0.8284094333648682,0.010074235498905182,False,target,correct,5
Young,young_20_29,8436,44356,0,3,0,True,0.5027038495274777,0.09,0.41270384952747774,3,3,3,0.7699442505836487,0.03741326928138733,False,target,correct,1
Young,young_20_29,8440,29409,2,3,3,False,0.7001826547811701,0.03,0.6701826547811701,3,3,3,1.7502130270004272,0.031170159578323364,False,flanker,evidence-origin,4
Young,young_20_29,8441,100570,2,0,2,True,0.6606911152196073,0.06,0.6006911152196073,0,0,0,1.0987918376922607,0.03453834354877472,False,target,correct,3
Young,young_20_29,8442,6313,0,2,2,False,0.7996623188767908,0.09,0.7096623188767909,2,2,2,0.7290369272232056,0.033475376665592194,False,flanker,evidence-origin,5
Young,young_20_29,8443,66169,3,0,3,True,0.41203807481648314,0.07,0.34203807481648313,0,0,0,1.1780084371566772,0.038804732263088226,False,target,correct,1
Young,young_20_29,8444,5108,1,2,1,True,0.7139001367522485,0.11,0.6039001367522485,2,2,2,0.5834670066833496,0.03411836177110672,False,target,correct,4
Young,young_20_29,8445,16791,3,2,2,False,0.5155353502435398,0.05,0.4655353502435398,2,2,2,1.3291794061660767,0.034458890557289124,False,flanker,evidence-origin,1
Young,young_20_29,8449,131228,2,3,3,False,0.46898634180428284,0.05,0.41898634180428285,3,3,3,1.4427226781845093,0.03695443272590637,False,flanker,evidence-origin,1
Young,young_20_29,8450,167476,3,2,3,True,0.4064140312313865,0.1,0.30641403123138644,2,2,2,0.7655853629112244,0.03776375204324722,False,target,correct,1
Young,young_20_29,8452,21291,2,0,0,False,0.566926859213534,0.03,0.536926859213534,0,0,0,1.541943073272705,0.029180750250816345,False,flanker,evidence-origin,2
Young,young_20_29,8454,13428,2,0,0,False,0.5608839567485566,0.04,0.5208839567485566,0,0,0,1.1972936391830444,0.02887052297592163,False,flanker,evidence-origin,2
Young,young_20_29,8455,142118,2,1,2,True,0.6035434670000566,0.18,0.4235434670000566,1,1,1,0.05433806777000427,0.03271602839231491,False,target,correct,3
Young,young_20_29,8456,18964,3,0,3,True,0.41248487894077923,0.07,0.3424848789407792,0,0,0,1.1804224252700806,0.03860164433717728,False,target,correct,1
Young,young_20_29,8458,20732,2,0,2,True,0.7411649959994417,0.06,0.6811649959994417,0,0,0,0.8900612592697144,0.02969038486480713,False,target,correct,4
Young,young_20_29,8459,7501,0,1,0,True,0.7519250324119444,0.11,0.6419250324119444,1,1,1,0.48861879110336304,0.03509371727705002,False,target,correct,5
Young,young_20_29,8460,12010,1,0,1,True,0.6560603394395708,0.06,0.5960603394395707,0,0,0,1.2514081001281738,0.037599675357341766,False,target,correct,3
Young,young_20_29,8468,23588,1,2,1,True,0.8088374206489364,0.08,0.7288374206489364,2,2,2,0.6563272476196289,0.0311892107129097,False,target,correct,5
Young,young_20_29,8473,47793,3,0,3,True,0.4577880459168322,0.07,0.3877880459168322,0,0,0,1.0229880809783936,0.03586422652006149,False,target,correct,1
Young,young_20_29,8475,3298,0,1,0,True,1.1763203227179615,0.6900000000000001,0.48632032271796144,0,0,0,0.7823063731193542,0.03659018874168396,False,target,correct,5
Young,young_20_29,8476,28868,0,2,2,False,0.6390574814447892,0.16,0.4790574814447892,2,2,2,0.2406037151813507,0.02891627699136734,False,flanker,evidence-origin,3
Young,young_20_29,8477,19156,3,0,0,False,0.5660249019150695,0.05,0.5160249019150694,0,0,0,1.472558617591858,0.036687783896923065,False,flanker,evidence-origin,2
Young,young_20_29,8479,72714,1,0,0,False,0.6735160098080436,0.05,0.6235160098080436,0,0,0,1.530258059501648,0.039980798959732056,False,flanker,evidence-origin,4
Young,young_20_29,8480,68543,2,3,2,True,0.8560560526833012,0.14,0.7160560526833012,3,3,3,0.38396987318992615,0.031192131340503693,False,target,correct,5
Young,young_20_29,8481,40125,1,3,1,True,0.5608425121314152,0.04,0.5208425121314152,3,3,3,0.9448882341384888,0.02432616800069809,False,target,correct,2
Young,young_20_29,8483,121180,1,0,1,True,0.4740307779694642,0.06,0.4140307779694642,0,0,0,1.2310426235198975,0.03811592608690262,False,target,correct,1
Young,young_20_29,8486,161639,1,0,0,False,0.7066665581433705,0.06,0.6466665581433706,0,0,0,1.3266957998275757,0.03902018070220947,False,flanker,evidence-origin,4
Young,young_20_29,8487,22001,3,1,1,False,0.7636383744529089,0.07,0.6936383744529089,1,1,1,0.8877562284469604,0.032508715987205505,False,flanker,evidence-origin,5
Young,young_20_29,8488,9055,2,1,2,True,0.9399999856948853,0.09,0.8499999856948853,1,1,1,0.9369312524795532,0.03810526430606842,False,target,correct,5
Young,young_20_29,8489,68485,3,2,2,False,0.5397239785009447,0.06,0.47972397850094467,2,2,2,1.2083587646484375,0.036978043615818024,False,flanker,evidence-origin,2
Young,young_20_29,8490,111013,0,3,0,True,0.6245663571758532,0.13,0.4945663571758532,3,3,3,0.36530983448028564,0.03440246731042862,False,target,correct,3
Young,young_20_29,8491,8084,1,3,1,True,0.6996940009364778,0.07,0.6296940009364778,3,3,3,1.0216771364212036,0.03676903247833252,False,target,correct,4
Young,young_20_29,8492,124853,1,0,1,True,0.5562688004710249,0.07,0.4862688004710249,0,0,0,1.1815836429595947,0.040299251675605774,False,target,correct,2
Young,young_20_29,8493,97198,1,2,1,True,0.633332647433243,0.19,0.443332647433243,2,2,2,0.05554860830307007,0.030821964144706726,False,target,correct,3
Young,young_20_29,8497,112250,3,1,1,False,0.6542982742781629,0.03,0.6242982742781629,1,1,1,1.3749276399612427,0.027533188462257385,False,flanker,evidence-origin,3
Young,young_20_29,8499,7460,0,2,0,True,0.7445449909730467,0.15,0.5945449909730467,2,2,2,0.3515802323818207,0.03100438416004181,False,target,correct,5
Young,young_20_29,8503,134145,0,2,2,False,0.7467824867431795,0.08,0.6667824867431795,2,2,2,0.7219537496566772,0.030184879899024963,False,flanker,evidence-origin,5
Young,young_20_29,8504,27491,2,0,2,True,0.5266854322153876,0.07,0.45668543221538754,0,0,0,0.8324888348579407,0.030692540109157562,False,target,correct,2
Young,young_20_29,8505,16483,3,1,3,True,0.5399018175892775,0.06,0.47990181758927747,1,1,1,0.8852009773254395,0.02950894832611084,False,target,correct,2
Young,young_20_29,8506,16862,3,2,3,True,0.6590854988291787,0.09,0.5690854988291787,2,2,2,0.8782225847244263,0.03738304227590561,False,target,correct,3
Young,young_20_29,8508,116171,3,2,3,True,0.41019882107945566,0.05,0.36019882107945567,2,2,2,1.3580362796783447,0.035107046365737915,False,target,correct,1
Young,young_20_29,8511,89831,3,0,3,True,0.6274987679876661,0.08,0.5474987679876662,0,0,0,1.0827360153198242,0.040521807968616486,False,target,correct,3
Young,young_20_29,8514,28364,0,3,3,False,0.7518557017789481,0.05,0.7018557017789481,3,3,3,1.3007174730300903,0.03530893474817276,False,flanker,evidence-origin,5
Young,young_20_29,8517,28871,3,1,3,True,0.5733245215087326,0.07,0.5033245215087325,1,1,1,0.7716470956802368,0.029568232595920563,False,target,correct,2
Young,young_20_29,8519,372,1,3,1,True,0.5492786820563721,0.1,0.4492786820563721,3,3,3,0.45619991421699524,0.030116036534309387,False,target,correct,2
Young,young_20_29,8521,19197,2,0,2,True,0.439782045101734,0.07,0.369782045101734,0,0,0,0.8145978450775146,0.031129255890846252,False,target,correct,1
Young,young_20_29,8522,5385,2,0,0,False,0.5684647227891831,0.06,0.5084647227891832,0,0,0,1.0999183654785156,0.03417032212018967,False,flanker,evidence-origin,2
Young,young_20_29,8525,4343,3,1,3,True,0.7807577470059872,0.1,0.6807577470059872,1,1,1,0.4335957467556,0.02763921022415161,False,target,correct,5
Young,young_20_29,8526,71553,2,3,3,False,0.7293083034846847,0.05,0.6793083034846846,3,3,3,1.3580223321914673,0.035903915762901306,False,flanker,evidence-origin,4
Young,young_20_29,8531,138488,1,2,1,True,0.5827206842413932,0.1,0.48272068424139325,2,2,2,0.5174456834793091,0.03290519863367081,False,target,correct,2
Young,young_20_29,8537,18336,1,0,0,False,0.5078686453478045,0.06,0.4478686453478045,0,0,0,1.2651464939117432,0.038904495537281036,False,flanker,evidence-origin,1
Young,young_20_29,8538,130619,2,0,0,False,0.6727915621240375,0.04,0.6327915621240374,0,0,0,1.2041412591934204,0.028604120016098022,False,flanker,evidence-origin,4
Young,young_20_29,8539,19445,2,1,1,False,0.3493227526231387,0.03,0.3193227526231387,1,1,1,1.7147154808044434,0.03134554624557495,False,flanker,evidence-origin,1
Young,young_20_29,8543,31438,2,3,3,False,0.7415581112641455,0.06,0.6815581112641456,3,3,3,1.2588181495666504,0.03743109852075577,False,flanker,evidence-origin,4
Young,young_20_29,8544,15255,3,1,3,True,0.37551704916584466,0.08,0.29551704916584465,1,1,1,0.7746247053146362,0.032109081745147705,False,target,correct,1
Young,young_20_29,8545,157622,3,1,3,True,0.7783326842095251,0.06,0.718332684209525,1,1,1,0.7354580163955688,0.02604890614748001,False,target,correct,5
Young,young_20_29,8550,35040,1,0,1,True,0.7213572760641145,0.06,0.6613572760641144,0,0,0,1.2535841464996338,0.03804727643728256,False,target,correct,4
Young,young_20_29,8551,183589,2,0,0,False,0.5462294501599889,0.06,0.4862294501599889,0,0,0,1.046462059020996,0.03292394429445267,False,flanker,evidence-origin,2
Young,young_20_29,8552,64943,3,0,3,True,0.6840509301394702,0.05,0.6340509301394701,0,0,0,1.3738175630569458,0.035452865064144135,False,target,correct,4
Young,young_20_29,8554,325,2,0,0,False,0.673377763477132,0.05,0.6233777634771319,0,0,0,1.2783358097076416,0.03546583652496338,False,flanker,evidence-origin,4
Young,young_20_29,8555,57930,2,3,2,True,0.8233562576143294,0.1,0.7233562576143294,3,3,3,0.7062069177627563,0.03701845556497574,False,target,correct,5
Young,young_20_29,8556,24036,3,1,3,True,0.7685543377088705,0.16,0.6085543377088705,1,3,1,0.02191162109375,0.021318264305591583,False,target,correct,5
Young,young_20_29,8558,33904,1,0,1,True,0.6688331132112502,0.06,0.6088331132112501,0,0,0,1.2540596723556519,0.03831777721643448,False,target,correct,4
Young,young_20_29,8559,169730,0,3,0,True,0.38326930959052213,0.12,0.26326930959052214,3,3,3,0.30282899737358093,0.030629262328147888,False,target,correct,1
Young,young_20_29,8561,138672,3,1,1,False,0.48205569343185745,0.03,0.4520556934318575,1,1,1,1.3337172269821167,0.026269584894180298,False,flanker,evidence-origin,1
Young,young_20_29,8566,59980,1,2,1,True,0.7407888903951492,0.08,0.6607888903951492,2,2,2,0.7737482190132141,0.03466448187828064,False,target,correct,4
Young,young_20_29,8567,34868,1,3,1,True,0.8125713020913365,0.09,0.7225713020913366,3,3,3,0.6765734553337097,0.033651575446128845,False,target,correct,5
Young,young_20_29,8568,106521,1,2,1,True,0.44946378733994935,0.05,0.39946378733994936,2,2,2,0.9619552493095398,0.027788110077381134,False,target,correct,1
Young,young_20_29,8569,2995,0,2,2,False,0.7964917511914027,0.09,0.7064917511914027,2,2,2,0.7840887308120728,0.03406616300344467,False,flanker,evidence-origin,5
Young,young_20_29,8570,30131,2,0,2,True,0.567941104424216,0.06,0.5079411044242159,0,0,0,0.9855761528015137,0.03248374164104462,False,target,correct,2
Young,young_20_29,8572,15190,0,3,0,True,0.6043447074859554,0.1,0.5043447074859554,3,3,3,0.4714878499507904,0.03138371556997299,False,target,correct,3
Young,young_20_29,8573,172153,1,2,1,True,0.8637435771138791,0.09,0.7737435771138791,2,2,2,0.6264798045158386,0.03309530019760132,False,target,correct,5
Young,young_20_29,8574,11950,0,2,2,False,0.566806778387198,0.1,0.466806778387198,2,2,2,0.5124391913414001,0.028647251427173615,False,flanker,evidence-origin,2
Young,young_20_29,8575,39689,2,3,2,True,0.6626667641320425,0.09,0.5726667641320425,3,3,3,0.8327237367630005,0.036529213190078735,False,target,correct,4
Young,young_20_29,8576,179126,1,2,1,True,0.5987700031132057,0.1,0.49877000311320574,2,2,2,0.42258891463279724,0.03075527399778366,False,target,correct,3
Young,young_20_29,8577,61878,2,1,2,True,0.7529315556081944,0.31,0.44293155560819436,2,2,2,0.8973509669303894,0.026126660406589508,False,target,correct,5
Young,young_20_29,8579,9469,3,2,3,True,0.760539904456254,0.1,0.660539904456254,2,2,2,0.8750370144844055,0.04120655357837677,False,target,correct,5
Young,young_20_29,8581,187039,2,3,3,False,0.7126305799270789,0.09,0.6226305799270789,3,3,3,0.9451470375061035,0.0398680716753006,False,flanker,evidence-origin,4
Young,young_20_29,8582,51342,0,1,0,True,0.7149308829533295,0.14,0.5749308829533295,1,1,1,0.4236636757850647,0.03559783846139908,False,target,correct,4
Young,young_20_29,8586,8765,2,1,2,True,0.71392914835327,0.08,0.6339291483532701,1,1,1,0.9458757042884827,0.03689957410097122,False,target,correct,4
Young,young_20_29,8587,16249,0,1,0,True,0.4770111941640021,0.14,0.3370111941640021,1,1,1,0.3586755096912384,0.03227544575929642,False,target,correct,1
Young,young_20_29,8588,163846,1,2,1,True,0.6749719838399861,0.06,0.6149719838399861,2,2,2,1.076492190361023,0.03472205251455307,False,target,correct,4
Young,young_20_29,8590,38935,2,1,1,False,0.7288517253720549,0.04,0.6888517253720549,1,1,1,1.6330021619796753,0.03726157546043396,False,flanker,evidence-origin,4
Young,young_20_29,8592,5594,2,0,2,True,0.5183332900437793,0.05,0.46833329004377927,0,0,0,0.9902262687683105,0.028539195656776428,False,target,correct,1
Young,young_20_29,8595,184383,2,3,2,True,0.6759505913412825,0.16,0.5159505913412825,3,3,3,0.24743622541427612,0.03165138512849808,False,target,correct,4
Young,young_20_29,8596,20624,3,0,3,True,0.640112154163711,0.06,0.5801121541637111,0,0,0,1.2198715209960938,0.036151252686977386,False,target,correct,3
Young,young_20_29,8597,121002,2,1,2,True,0.688867565720731,0.05,0.638867565720731,1,1,1,1.169303059577942,0.03154938668012619,False,target,correct,4
Young,young_20_29,8601,138400,2,3,3,False,0.8095861657775008,0.07,0.7395861657775007,3,3,3,1.0045567750930786,0.036066971719264984,False,flanker,evidence-origin,5
Young,young_20_29,8602,11293,2,1,2,True,0.6273093657299785,0.05,0.5773093657299785,1,1,1,1.0789973735809326,0.02976427972316742,False,target,correct,3
Young,young_20_29,8610,13512,2,3,2,True,0.7167262124617509,0.09,0.626726212461751,3,3,3,0.9421111345291138,0.041056543588638306,False,target,correct,4
Young,young_20_29,8611,168732,1,3,1,True,0.4836749476733835,0.06,0.4236749476733835,3,3,3,0.7901037931442261,0.02714213728904724,False,target,correct,1
Young,young_20_29,8614,19950,1,0,0,False,0.46285369496613543,0.04,0.42285369496613545,0,0,0,1.6625975370407104,0.03699095547199249,False,flanker,evidence-origin,1
Young,young_20_29,8618,80959,1,0,1,True,0.5286342417112575,0.05,0.4786342417112575,0,0,0,1.1773219108581543,0.03355107456445694,False,target,correct,2
Young,young_20_29,8619,94729,1,2,1,True,0.5039063022899203,0.06,0.4439063022899203,2,2,2,1.0472393035888672,0.035163961350917816,False,target,correct,1
Young,young_20_29,8622,68779,0,1,0,True,0.731260563216431,0.13,0.601260563216431,1,1,1,0.48242342472076416,0.03488534688949585,False,target,correct,4
Young,young_20_29,8625,23599,3,1,3,True,0.46413906990340936,0.05,0.4141390699034094,1,1,1,0.7864181995391846,0.023483507335186005,False,target,correct,1
Young,young_20_29,8627,27899,2,0,2,True,0.8191291196822768,0.06,0.7591291196822767,0,0,0,0.7842913269996643,0.02720630168914795,False,target,correct,5
Young,young_20_29,8629,168986,3,0,3,True,0.7380291431650698,0.08,0.6580291431650699,0,0,0,1.0806188583374023,0.04029475152492523,False,target,correct,4
Young,young_20_29,8631,28886,0,3,3,False,0.7429573198468167,0.1,0.6429573198468167,3,3,3,0.5730046033859253,0.03238784521818161,False,flanker,evidence-origin,5
Young,young_20_29,8632,12784,1,2,1,True,0.543900190988041,0.05,0.493900190988041,2,2,2,0.8971232771873474,0.027091383934020996,False,target,correct,2
Young,young_20_29,8633,38778,3,0,3,True,0.43453507820169823,0.05,0.38453507820169824,0,0,0,1.4003900289535522,0.03623901307582855,False,target,correct,1
Young,young_20_29,8639,20642,0,1,0,True,0.5759992252228479,0.08,0.49599922522284784,1,1,1,0.8833832740783691,0.037823520600795746,False,target,correct,2
Young,young_20_29,8640,123526,0,1,0,True,0.830852483928334,0.03,0.800852483928334,1,1,1,1.7991061210632324,0.03366417437791824,False,target,correct,5
Young,young_20_29,8641,79949,1,2,1,True,0.6522139857931828,0.08,0.5722139857931828,2,2,2,0.9483959078788757,0.038055337965488434,False,target,correct,3
Young,young_20_29,8646,25661,2,0,2,True,0.811840962130508,0.04,0.771840962130508,0,0,0,1.3246655464172363,0.03141138702630997,False,target,correct,5
Young,young_20_29,8647,34002,1,2,1,True,0.4618953332739808,0.1,0.3618953332739808,2,2,2,0.43193209171295166,0.03224090486764908,False,target,correct,1
Young,young_20_29,8653,22674,2,3,2,True,0.5236125282591308,0.09,0.4336125282591309,3,3,3,0.9020161032676697,0.03965429961681366,False,target,correct,2
Young,young_20_29,8654,143392,1,2,1,True,0.6379023499184353,0.11,0.5279023499184353,2,2,2,0.6124564409255981,0.03455715626478195,False,target,correct,3
Young,young_20_29,8657,169105,3,2,3,True,0.6951016930318364,0.06,0.6351016930318365,2,2,2,1.247857928276062,0.038577452301979065,False,target,correct,4
Young,young_20_29,8659,17487,3,0,3,True,0.5682050159216799,0.04,0.5282050159216799,0,0,0,1.4323110580444336,0.032384634017944336,False,target,correct,2
Young,young_20_29,8660,83133,2,3,3,False,0.49319618620590494,0.07,0.42319618620590493,3,3,3,1.0260789394378662,0.03595021367073059,False,flanker,evidence-origin,1
Young,young_20_29,8661,4940,0,3,3,False,0.45741567752443113,0.04,0.41741567752443115,3,3,3,1.4488673210144043,0.03313635289669037,False,flanker,evidence-origin,1
Young,young_20_29,8663,102550,1,3,3,False,0.5953179308922525,0.03,0.5653179308922525,3,3,3,1.3332509994506836,0.026410914957523346,False,flanker,evidence-origin,2
Young,young_20_29,8665,10556,0,1,0,True,0.809682691430136,0.17,0.639682691430136,1,1,1,0.2910284101963043,0.03548508137464523,False,target,correct,5
Young,young_20_29,8668,19549,3,1,1,False,0.5915041006835983,0.05,0.5415041006835982,1,1,1,0.9637537598609924,0.02813383936882019,False,flanker,evidence-origin,2
Young,young_20_29,8669,13565,3,2,3,True,0.6586067955806492,0.08,0.5786067955806492,2,2,2,0.9924566149711609,0.03879406303167343,False,target,correct,3
Young,young_20_29,8670,65438,0,1,0,True,0.5928338148100731,0.08,0.5128338148100732,1,1,1,0.9195011854171753,0.038428544998168945,False,target,correct,2
Young,young_20_29,8671,155825,3,1,3,True,0.6249133672439124,0.1,0.5249133672439125,1,1,1,0.2888050079345703,0.019588127732276917,False,target,correct,3
Young,young_20_29,8672,139945,3,2,3,True,0.7972512324315378,0.09,0.7072512324315379,2,2,2,0.9023832678794861,0.03859753906726837,False,target,correct,5
Young,young_20_29,8673,29172,3,0,3,True,0.6758134602152127,0.07,0.6058134602152128,0,0,0,1.1189219951629639,0.038483619689941406,False,target,correct,4
Young,young_20_29,8675,2224,1,0,1,True,0.6128634370907049,0.07,0.5428634370907048,0,0,0,1.0366700887680054,0.0367228165268898,False,target,correct,3
Young,young_20_29,8677,183257,0,2,2,False,0.7416973047762968,0.07,0.6716973047762969,2,2,2,1.0114963054656982,0.036194317042827606,False,flanker,evidence-origin,5
Young,young_20_29,8678,51127,2,1,2,True,0.6498950896337777,0.07,0.5798950896337778,1,1,1,1.058909296989441,0.03735089302062988,False,target,correct,3
Young,young_20_29,8680,5014,2,0,0,False,0.6987262745333498,0.03,0.6687262745333498,0,0,0,1.4949595928192139,0.028545670211315155,False,flanker,evidence-origin,4
Young,young_20_29,8681,21724,0,2,2,False,0.4519603192172714,0.07,0.3819603192172714,2,2,2,0.7950727343559265,0.030072152614593506,False,flanker,evidence-origin,1
Young,young_20_29,8682,22520,3,2,3,True,0.7604691742589524,0.1,0.6604691742589525,2,2,2,0.8338906168937683,0.03911246359348297,False,target,correct,5
Young,young_20_29,8683,12619,1,2,1,True,0.9800000071525574,0.13,0.8500000071525574,2,2,2,0.3266654312610626,0.03423091769218445,False,target,correct,5
Young,young_20_29,8687,12170,1,3,1,True,0.482944825079025,0.05,0.432944825079025,3,3,3,1.3895704746246338,0.037972740828990936,False,target,correct,1
Young,young_20_29,8689,145537,0,1,0,True,0.6471417458284978,0.08,0.5671417458284979,1,1,1,0.8556213974952698,0.035909272730350494,False,target,correct,3
Young,young_20_29,8690,87624,1,0,0,False,0.7820333505764318,0.05,0.7320333505764317,0,0,0,1.4609193801879883,0.03824259340763092,False,flanker,evidence-origin,5
Young,young_20_29,8693,19816,3,1,3,True,0.6701690214216846,0.07,0.6001690214216846,1,1,1,0.7710093855857849,0.029270797967910767,False,target,correct,4
Young,young_20_29,8694,9980,0,1,0,True,1.1866126478505705,0.77,0.4166126478505705,0,0,0,0.8416686058044434,0.047315485775470734,False,target,correct,5
Young,young_20_29,8695,16344,3,2,3,True,0.677103223849045,0.1,0.577103223849045,2,2,2,0.8118502497673035,0.03920477628707886,False,target,correct,4
Young,young_20_29,8697,20559,2,0,0,False,0.5167950604855509,0.04,0.4767950604855509,0,0,0,1.4847798347473145,0.03467028588056564,False,flanker,evidence-origin,1
Young,young_20_29,8698,25938,0,1,0,True,0.5024323803022288,0.06,0.4424323803022288,1,1,1,1.029048204421997,0.03306309133768082,False,target,correct,1
Young,young_20_29,8700,8256,0,2,2,False,0.37959444664894,0.05,0.32959444664894,2,2,2,1.256677508354187,0.03364759683609009,False,flanker,evidence-origin,1
Young,young_20_29,8701,45409,1,3,1,True,0.49424244167354026,0.08,0.41424244167354024,3,3,3,0.7479767799377441,0.03316950798034668,False,target,correct,1
Young,young_20_29,8702,123,2,1,2,True,0.6406431085382842,0.06,0.5806431085382842,1,1,1,1.0080064535140991,0.031237132847309113,False,target,correct,3
Young,young_20_29,8705,72616,3,1,3,True,0.6316626885810993,0.07,0.5616626885810994,1,1,1,0.611778974533081,0.025290116667747498,False,target,correct,3
Young,young_20_29,8706,12417,3,2,3,True,0.44768717974323163,0.09,0.3576871797432316,2,2,2,0.7785380482673645,0.035028815269470215,False,target,correct,1
Young,young_20_29,8707,59471,3,1,1,False,0.6813273809429736,0.07,0.6113273809429736,1,1,1,0.9176821112632751,0.033139780163764954,False,flanker,evidence-origin,4
Young,young_20_29,8711,73234,0,3,0,True,0.8090851925355398,0.26,0.5490851925355398,0,0,0,0.6815861463546753,0.005727633833885193,False,target,correct,5
Young,young_20_29,8713,57640,3,0,3,True,0.7301687017014205,0.05,0.6801687017014204,0,0,0,1.4752352237701416,0.03669056296348572,False,target,correct,4
Young,young_20_29,8715,32726,2,1,2,True,0.8351796326088993,0.08,0.7551796326088993,1,1,1,0.8242007493972778,0.032426536083221436,False,target,correct,5
Young,young_20_29,8716,1261,3,1,3,True,0.84333512897151,0.1,0.74333512897151,1,1,1,0.5972673892974854,0.03228367120027542,False,target,correct,5
Young,young_20_29,8719,28255,3,2,2,False,0.5526078894153292,0.07,0.4826078894153292,2,2,2,1.0688326358795166,0.03683704137802124,False,flanker,evidence-origin,2
Young,young_20_29,8721,139235,1,0,0,False,0.5016004832738686,0.04,0.46160048327386866,0,0,0,1.7076857089996338,0.03870704025030136,False,flanker,evidence-origin,1
Young,young_20_29,8722,107016,1,2,1,True,0.35598664638253186,0.05,0.30598664638253187,2,2,2,1.0885506868362427,0.03164319694042206,False,target,correct,1
Young,young_20_29,8723,16503,0,2,2,False,0.7865029055799876,0.11,0.6765029055799876,2,2,2,0.5450789928436279,0.03168756514787674,False,flanker,evidence-origin,5
Young,young_20_29,8724,153807,0,1,0,True,0.6157274719262047,0.15,0.4657274719262047,1,1,1,0.4323235750198364,0.035136960446834564,False,target,correct,3
Young,young_20_29,8725,27234,2,1,2,True,0.5127818063139901,0.05,0.4627818063139901,1,1,1,1.3537232875823975,0.036436714231967926,False,target,correct,1
Young,young_20_29,8728,536,2,0,2,True,0.7553250179143918,0.07,0.6853250179143917,0,0,0,0.7359952926635742,0.029178693890571594,False,target,correct,5
Young,young_20_29,8729,142526,2,0,0,False,0.6405456289139181,0.04,0.600545628913918,0,0,0,1.3469997644424438,0.03221721947193146,False,flanker,evidence-origin,3
Young,young_20_29,8736,5638,2,0,2,True,0.8300270115098723,0.05,0.7800270115098723,0,0,0,1.1239689588546753,0.03267931193113327,False,target,correct,5
Young,young_20_29,8737,19180,0,3,0,True,0.6623003641455582,0.08,0.5823003641455582,3,3,3,0.8965991139411926,0.03717558830976486,False,target,correct,4
Young,young_20_29,8738,22033,1,2,1,True,0.6014323385992142,0.06,0.5414323385992141,2,2,2,1.167880892753601,0.03656932711601257,False,target,correct,3
Young,young_20_29,8739,76963,0,3,0,True,0.6837379268460626,0.09,0.5937379268460626,3,3,3,0.6195091009140015,0.03325039893388748,False,target,correct,4
Young,young_20_29,8743,168744,0,2,2,False,0.6557420332527655,0.16,0.49574203325276545,2,2,2,0.3346821069717407,0.03123246133327484,False,flanker,evidence-origin,3
Young,young_20_29,8745,169694,3,0,3,True,0.4586676145524726,0.06,0.3986676145524726,0,0,0,1.2116953134536743,0.0372093990445137,False,target,correct,1
Young,young_20_29,8747,24731,3,0,3,True,0.6332656365116657,0.04,0.5932656365116656,0,0,0,1.4931244850158691,0.033076636493206024,False,target,correct,3
Young,young_20_29,8749,105692,0,1,0,True,0.9331115541932872,0.21,0.7231115541932872,0,0,0,0.8997589349746704,0.008553065359592438,False,target,correct,5
Young,young_20_29,8750,63700,1,2,1,True,0.6444487269123647,0.06,0.5844487269123646,2,2,2,0.8977159261703491,0.029941976070404053,False,target,correct,3
Young,young_20_29,8751,9018,2,1,2,True,0.8702668989759297,0.08,0.7902668989759297,1,1,1,0.9474865794181824,0.03587585687637329,False,target,correct,5
Young,young_20_29,8753,9346,1,0,0,False,0.6789965927697529,0.04,0.6389965927697528,0,0,0,1.4837870597839355,0.03495733439922333,False,flanker,evidence-origin,4
Young,young_20_29,8754,40794,0,3,0,True,0.5736264540263092,0.06,0.5136264540263091,3,3,3,1.178375482559204,0.03800469636917114,False,target,correct,2
Young,young_20_29,8757,60059,0,3,0,True,0.5609895723363427,0.12,0.44098957233634273,3,3,3,0.296199768781662,0.02937597781419754,False,target,correct,2
Young,young_20_29,8758,10859,2,0,0,False,0.5966073280645242,0.06,0.5366073280645243,0,0,0,1.0443570613861084,0.032704830169677734,False,flanker,evidence-origin,3
Young,young_20_29,8759,19078,0,1,0,True,0.5454789014334653,0.1,0.44547890143346536,1,1,1,0.6327947378158569,0.03682710975408554,False,target,correct,2
Young,young_20_29,8761,18253,2,3,3,False,0.549904073058673,0.06,0.48990407305867295,3,3,3,1.2021931409835815,0.03632199764251709,False,flanker,evidence-origin,2
Young,young_20_29,8762,829,0,2,2,False,0.722384838916704,0.05,0.672384838916704,2,2,2,1.3038734197616577,0.03484392166137695,False,flanker,evidence-origin,4
Young,young_20_29,8765,42687,3,1,3,True,0.7512495589479161,0.04,0.7112495589479161,1,1,1,1.0051769018173218,0.025686852633953094,False,target,correct,5
Young,young_20_29,8768,5353,3,2,3,True,0.6939692804548567,0.12,0.5739692804548567,2,2,2,0.6137662529945374,0.037813492119312286,False,target,correct,4
Young,young_20_29,8769,11692,0,1,0,True,1.4026436068902917,0.72,0.6826436068902917,0,0,0,0.8794611692428589,0.03914599120616913,False,target,correct,5
Young,young_20_29,8770,29354,0,3,0,True,0.6480857829137332,0.07,0.5780857829137331,3,3,3,1.0633941888809204,0.038228973746299744,False,target,correct,3
Young,young_20_29,8772,27022,1,0,0,False,0.639436872276437,0.06,0.5794368722764369,0,0,0,1.3000059127807617,0.039588578045368195,False,flanker,evidence-origin,3
Young,young_20_29,8773,13233,2,0,0,False,0.713679108631203,0.07,0.643679108631203,0,0,0,0.922498881816864,0.033358313143253326,False,flanker,evidence-origin,4
Young,young_20_29,8777,61423,1,3,1,True,0.6484310664676392,0.09,0.5584310664676392,3,3,3,0.6141225099563599,0.03041672706604004,False,target,correct,3
Young,young_20_29,8778,19966,0,1,0,True,0.524461284891985,0.11,0.41446128489198497,1,1,1,0.7385678887367249,0.03914967179298401,False,target,correct,2
Young,young_20_29,8779,138003,2,0,2,True,0.7594667790317522,0.05,0.7094667790317521,0,0,0,1.037752628326416,0.029145628213882446,False,target,correct,5
Young,young_20_29,8780,14181,2,1,1,False,0.3927962908429492,0.06,0.3327962908429492,1,1,1,1.034373164176941,0.03250998258590698,False,flanker,evidence-origin,1
Young,young_20_29,8782,74115,3,2,3,True,0.4658259206216356,0.1,0.36582592062163555,2,2,2,0.6291882991790771,0.03381139039993286,False,target,correct,1
Young,young_20_29,8786,63237,2,3,3,False,0.46936245700720974,0.04,0.42936245700720976,3,3,3,1.5848428010940552,0.03402344137430191,False,flanker,evidence-origin,1
Young,young_20_29,8787,94081,1,3,1,True,0.5484010589106796,0.13,0.4184010589106796,3,1,3,0.19530129432678223,0.015943802893161774,False,target,correct,2
Young,young_20_29,8790,72605,2,1,2,True,0.7777722488259537,0.06,0.7177722488259537,1,1,1,1.2038966417312622,0.03609447926282883,False,target,correct,5
Young,young_20_29,8794,97074,1,2,1,True,0.5961742684324597,0.06,0.5361742684324597,2,2,2,0.8828040361404419,0.030811399221420288,False,target,correct,3
Young,young_20_29,8795,23576,3,0,3,True,0.6015671847620857,0.06,0.5415671847620858,0,0,0,0.9567883014678955,0.03156027942895889,False,target,correct,3
Young,young_20_29,8796,6991,1,2,1,True,0.6124953248907915,0.06,0.5524953248907916,2,2,2,1.14398992061615,0.03631052374839783,False,target,correct,3
Young,young_20_29,8797,76561,3,1,3,True,0.8662149361678708,0.17,0.6962149361678708,1,1,1,0.11501321196556091,0.026747554540634155,False,target,correct,5
Young,young_20_29,8799,113317,0,1,0,True,0.7224794064472422,0.09,0.6324794064472422,1,1,1,0.7172830700874329,0.03476487100124359,False,target,correct,4
Young,young_20_29,8803,4630,1,2,1,True,0.9092894011346442,0.26,0.6492894011346442,1,1,1,0.8273601531982422,0.010675080120563507,False,target,correct,5
Young,young_20_29,8804,69581,0,3,3,False,0.5106338747721004,0.05,0.46063387477210044,3,3,3,1.363680362701416,0.03557800501585007,False,flanker,evidence-origin,1
Young,young_20_29,8808,162079,1,2,1,True,0.5053050459682514,0.11,0.39530504596825145,2,2,2,0.6381456255912781,0.036410242319107056,False,target,correct,1
Young,young_20_29,8813,98503,0,3,0,True,0.7637309739120539,0.09,0.6737309739120539,3,3,3,0.6491987705230713,0.033667199313640594,False,target,correct,5
Young,young_20_29,8815,34448,3,2,3,True,0.8974575046061668,0.08,0.8174575046061668,2,2,2,1.0392959117889404,0.03991057723760605,False,target,correct,5
Young,young_20_29,8817,532,1,3,1,True,0.48815155048842535,0.06,0.42815155048842535,3,3,3,0.7377734184265137,0.027417048811912537,False,target,correct,1
Young,young_20_29,8821,65122,2,3,3,False,0.7204422236261138,0.06,0.6604422236261138,3,3,3,1.3007766008377075,0.03811834007501602,False,flanker,evidence-origin,4
Young,young_20_29,8822,133891,0,3,0,True,0.5120380550973963,0.05,0.4620380550973963,3,3,3,1.3628391027450562,0.03669124096632004,False,target,correct,1
Young,young_20_29,8825,88977,3,1,3,True,0.6837900152859147,0.07,0.6137900152859146,1,1,1,0.5748022794723511,0.023525342345237732,False,target,correct,4
Young,young_20_29,8832,21342,3,0,3,True,0.640176664459388,0.06,0.580176664459388,0,0,0,0.9411543011665344,0.03092414140701294,False,target,correct,3
Young,young_20_29,8834,30138,1,2,1,True,0.7387900046645498,0.06,0.6787900046645499,2,2,2,0.861729621887207,0.029403090476989746,False,target,correct,4
Young,young_20_29,8838,102868,3,2,3,True,0.6980514078095138,0.09,0.6080514078095138,2,2,2,0.9621370434761047,0.04025304317474365,False,target,correct,4
Young,young_20_29,8840,4689,3,2,3,True,0.49616728391094433,0.09,0.40616728391094437,2,2,2,0.9148673415184021,0.03861505538225174,False,target,correct,1
Young,young_20_29,8841,13117,3,0,3,True,0.6705744084693184,0.07,0.6005744084693183,0,0,0,1.1454592943191528,0.03775901347398758,False,target,correct,4
Young,young_20_29,8851,20164,1,3,1,True,0.6068475094462517,0.08,0.5268475094462517,3,3,3,0.7663091421127319,0.03257603198289871,False,target,correct,3
Young,young_20_29,8853,26188,2,0,0,False,0.48662828374985956,0.05,0.43662828374985957,0,0,0,1.2039194107055664,0.03280504047870636,False,flanker,evidence-origin,1
Young,young_20_29,8856,19240,3,2,3,True,0.8160729878244695,0.09,0.7260729878244695,2,2,2,0.8610633611679077,0.03730403631925583,False,target,correct,5
Young,young_20_29,8858,145,1,0,1,True,0.597407778533386,0.06,0.537407778533386,0,0,0,1.187658429145813,0.03759300708770752,False,target,correct,3
Young,young_20_29,8862,157688,0,3,0,True,0.69605630046559,0.11,0.58605630046559,3,3,3,0.44738855957984924,0.032588355243206024,False,target,correct,4
Young,young_20_29,8864,103954,3,2,3,True,0.7850757238028548,0.07,0.7150757238028549,2,2,2,1.1967962980270386,0.0399627760052681,False,target,correct,5
Young,young_20_29,8873,74136,3,0,3,True,0.5244603626709287,0.07,0.45446036267092865,0,0,0,1.1880056858062744,0.039830900728702545,False,target,correct,2
Young,young_20_29,8874,150334,2,3,3,False,0.5025071808203437,0.05,0.45250718082034375,3,3,3,1.4432768821716309,0.03811930865049362,False,flanker,evidence-origin,1
Young,young_20_29,8877,132257,3,1,3,True,0.8888685564062131,0.09,0.7988685564062131,1,1,1,0.6241830587387085,0.030576959252357483,False,target,correct,5
Young,young_20_29,8880,5593,0,1,0,True,0.6429913473176672,0.14,0.5029913473176671,1,1,1,0.39205384254455566,0.03402087837457657,False,target,correct,3
Young,young_20_29,8881,179827,2,0,2,True,0.8293487469733098,0.05,0.7793487469733098,0,0,0,1.1123979091644287,0.030783705413341522,False,target,correct,5
Young,young_20_29,8885,160791,0,2,2,False,0.4977954145610134,0.1,0.3977954145610134,2,2,2,0.5528021454811096,0.02881663292646408,False,flanker,evidence-origin,1
Young,young_20_29,8886,167822,1,0,1,True,0.59534843952162,0.07,0.5253484395216199,0,0,0,1.0736327171325684,0.0381455197930336,False,target,correct,2
Young,young_20_29,8890,7578,0,1,0,True,0.63967822642181,0.07,0.5696782264218101,1,1,1,0.8577937483787537,0.03211800754070282,False,target,correct,3
Young,young_20_29,8891,146527,3,2,3,True,0.753156062737398,0.11,0.643156062737398,2,2,2,0.6780411601066589,0.036840327084064484,False,target,correct,5
Young,young_20_29,8892,12325,3,0,3,True,0.7696148649002293,0.07,0.6996148649002294,0,0,0,0.8086430430412292,0.030594103038311005,False,target,correct,5
Young,young_20_29,8895,22659,2,0,0,False,0.5828097101163761,0.06,0.522809710116376,0,0,0,0.9656552076339722,0.03147459030151367,False,flanker,evidence-origin,2
Young,young_20_29,8896,28592,1,0,1,True,0.7239020697523907,0.06,0.6639020697523907,0,0,0,1.251906394958496,0.03898818790912628,False,target,correct,4
Young,young_20_29,8897,41900,2,0,0,False,0.6175747620881868,0.06,0.5575747620881868,0,0,0,1.0870320796966553,0.03425119072198868,False,flanker,evidence-origin,3
Young,young_20_29,8898,5716,0,2,2,False,0.9700000166893006,0.12,0.8500000166893006,2,2,2,0.650504469871521,0.03776605427265167,False,flanker,evidence-origin,5
Young,young_20_29,8901,38618,1,2,1,True,0.6402156941761346,0.09,0.5502156941761346,2,2,2,0.8018031120300293,0.03682604432106018,False,target,correct,3
Young,young_20_29,8902,6201,2,1,1,False,0.4542101750103895,0.04,0.41421017501038954,1,1,1,1.5330573320388794,0.035084061324596405,False,flanker,evidence-origin,1
Young,young_20_29,8909,155828,1,0,0,False,0.6446948522198633,0.06,0.5846948522198634,0,0,0,1.3322442770004272,0.0402781218290329,False,flanker,evidence-origin,3
Young,young_20_29,8913,24094,1,3,3,False,0.5724547502684209,0.08,0.49245475026842084,3,3,3,0.8097255229949951,0.03306032717227936,False,flanker,evidence-origin,2
Young,young_20_29,8915,16509,0,3,0,True,0.4886386837979167,0.07,0.4186386837979167,3,3,3,0.7358454465866089,0.030918322503566742,False,target,correct,1
Young,young_20_29,8918,31019,2,1,2,True,0.6638032914989233,0.08,0.5838032914989233,1,1,1,0.984511137008667,0.03775422275066376,False,target,correct,4
Young,young_20_29,8920,41224,0,3,3,False,0.7222314328523518,0.04,0.6822314328523518,3,3,3,1.4671143293380737,0.033572226762771606,False,flanker,evidence-origin,4
Young,young_20_29,8922,130445,1,2,1,True,0.5931751979439392,0.06,0.5331751979439392,2,2,2,0.8733410835266113,0.029645994305610657,False,target,correct,2
Young,young_20_29,8924,22083,3,2,3,True,0.5461000118529455,0.07,0.47610001185294554,2,2,2,1.108029842376709,0.038486480712890625,False,target,correct,2
Young,young_20_29,8925,109676,2,3,3,False,0.4997471183008305,0.06,0.4397471183008305,3,3,3,1.275445818901062,0.038538262248039246,False,flanker,evidence-origin,1
Young,young_20_29,8926,26421,1,2,1,True,0.612250207683614,0.05,0.562250207683614,2,2,2,1.1842788457870483,0.03396233916282654,False,target,correct,3
Young,young_20_29,8929,77714,0,1,0,True,0.6671686437867346,0.08,0.5871686437867346,1,1,1,0.7903100252151489,0.033146828413009644,False,target,correct,4
Young,young_20_29,8930,14527,2,1,1,False,0.3436272685457986,0.02,0.3236272685457986,1,1,1,2.0116589069366455,0.028897076845169067,False,flanker,evidence-origin,1
Young,young_20_29,8931,18879,3,0,3,True,0.6209223914826059,0.06,0.5609223914826058,0,0,0,0.9760967493057251,0.03219716250896454,False,target,correct,3
Young,young_20_29,8934,66096,2,1,2,True,0.8189494752460983,0.29,0.5289494752460984,2,2,2,0.8295674324035645,0.010900847613811493,False,target,correct,5
Young,young_20_29,8935,29114,3,2,3,True,0.7290291270768001,0.16,0.5690291270768001,2,2,2,0.19918793439865112,0.028126098215579987,False,target,correct,4
Young,young_20_29,8936,1746,1,2,1,True,0.7169979625582178,0.11,0.6069979625582178,2,2,2,0.3607730567455292,0.032442495226860046,False,target,correct,4
Young,young_20_29,8937,1622,2,1,2,True,0.5595478182160712,0.09,0.4695478182160713,1,1,1,0.7911916971206665,0.03501775115728378,False,target,correct,2
Young,young_20_29,8938,12750,3,1,1,False,0.573116029821122,0.04,0.5331160298211219,1,1,1,1.2188568115234375,0.030024975538253784,False,flanker,evidence-origin,2
Young,young_20_29,8940,1879,2,1,2,True,0.7768611775576932,0.07,0.7068611775576932,1,1,1,1.123236894607544,0.03825496882200241,False,target,correct,5
Young,young_20_29,8942,65775,2,0,2,True,0.6300929342071976,0.06,0.5700929342071976,0,0,0,1.001176118850708,0.03272854536771774,False,target,correct,3
Young,young_20_29,8943,69361,1,0,0,False,0.5314263767639107,0.05,0.4814263767639107,0,0,0,1.2865936756134033,0.03431864082813263,False,flanker,evidence-origin,2
Young,young_20_29,8945,5797,0,2,2,False,0.6946031307957451,0.11,0.5846031307957451,2,2,2,0.4623498022556305,0.028430640697479248,False,flanker,evidence-origin,4
Young,young_20_29,8949,122781,3,1,3,True,0.5484487430198376,0.07,0.4784487430198376,1,1,1,0.6770868897438049,0.026779867708683014,False,target,correct,2
Young,young_20_29,8950,5940,1,2,1,True,0.8277955028155206,0.06,0.7677955028155206,2,2,2,0.9618154764175415,0.03156358003616333,False,target,correct,5
Young,young_20_29,8951,15365,2,3,2,True,0.6193425243574464,0.14,0.4793425243574464,3,3,3,0.42417213320732117,0.033015914261341095,False,target,correct,3
Young,young_20_29,8952,78530,0,1,1,False,0.7501594212395326,0.08,0.6701594212395326,1,1,1,0.8461019992828369,0.03350300341844559,False,flanker,evidence-origin,5
Young,young_20_29,8953,3521,1,2,1,True,0.7659899258725344,0.09,0.6759899258725345,2,2,2,0.7990317344665527,0.035927340388298035,False,target,correct,5
Young,young_20_29,8954,18056,0,3,0,True,0.5629949014427751,0.06,0.502994901442775,3,3,3,1.0455327033996582,0.033319875597953796,False,target,correct,2
Young,young_20_29,8959,106345,0,1,0,True,0.847744228152305,0.12,0.727744228152305,1,1,1,0.326143354177475,0.032610610127449036,False,target,correct,5
Young,young_20_29,8963,11898,3,0,3,True,0.6646179208420091,0.06,0.604617920842009,0,0,0,1.0432730913162231,0.03396596014499664,False,target,correct,4
Young,young_20_29,8965,112942,2,1,1,False,0.7050585036884369,0.04,0.6650585036884369,1,1,1,1.5188848972320557,0.03547319769859314,False,flanker,evidence-origin,4
Young,young_20_29,8967,20532,2,1,1,False,0.4359191430790682,0.02,0.4159191430790682,1,1,1,2.0633952617645264,0.02928653359413147,False,flanker,evidence-origin,1
Young,young_20_29,8970,3138,2,1,2,True,0.40095614773075194,0.06,0.34095614773075195,1,1,1,1.0267870426177979,0.03219206631183624,False,target,correct,1
Young,young_20_29,8971,24713,3,2,3,True,0.5851907966017365,0.1,0.4851907966017365,2,2,2,0.7930450439453125,0.03848273307085037,False,target,correct,2
Young,young_20_29,8972,30663,3,0,3,True,0.5805535707453973,0.06,0.5205535707453972,0,0,0,1.3189120292663574,0.0397883877158165,False,target,correct,2
Young,young_20_29,8974,87836,2,1,2,True,0.8069288523899663,0.06,0.7469288523899662,1,1,1,1.097859501838684,0.03338814526796341,False,target,correct,5
Young,young_20_29,8975,46360,2,3,2,True,0.8708619048270527,0.14,0.7308619048270527,3,3,3,0.36347487568855286,0.032187871634960175,False,target,correct,5
Young,young_20_29,8976,17309,3,2,2,False,0.4334557307890011,0.08,0.3534557307890011,2,2,2,0.9474651217460632,0.03632437437772751,False,flanker,evidence-origin,1
Young,young_20_29,8979,26117,1,0,0,False,0.782416765254751,0.04,0.742416765254751,0,0,0,1.617161750793457,0.03709923475980759,False,flanker,evidence-origin,5
Young,young_20_29,8980,20350,2,0,0,False,0.4592893584637614,0.05,0.4092893584637614,0,0,0,1.32160484790802,0.034884870052337646,False,flanker,evidence-origin,1
Young,young_20_29,8981,12436,3,0,3,True,0.5669971654635853,0.07,0.49699716546358524,0,0,0,1.173560619354248,0.03946711868047714,False,target,correct,2
Young,young_20_29,8983,29511,0,3,3,False,0.7329518150868685,0.09,0.6429518150868685,3,3,3,0.7750710844993591,0.03628305345773697,False,flanker,evidence-origin,4
Young,young_20_29,8984,124473,0,2,2,False,0.5114222758373884,0.08,0.4314222758373884,2,2,2,0.8081023693084717,0.033660389482975006,False,flanker,evidence-origin,1
Young,young_20_29,8985,142376,1,0,0,False,0.681271206550637,0.05,0.631271206550637,0,0,0,1.5197027921676636,0.03952246159315109,False,flanker,evidence-origin,4
Young,young_20_29,8986,454,2,0,0,False,0.7159252248809891,0.06,0.655925224880989,0,0,0,0.955626904964447,0.03151705861091614,False,flanker,evidence-origin,4
Young,young_20_29,8988,169374,1,2,1,True,0.6056406943087081,0.05,0.5556406943087081,2,2,2,1.2470800876617432,0.0337531641125679,False,target,correct,3
Young,young_20_29,8989,42848,3,2,3,True,0.47752001035553643,0.06,0.41752001035553643,2,2,2,1.1631993055343628,0.03513529151678085,False,target,correct,1
Young,young_20_29,8991,6220,3,2,3,True,0.7381147053288049,0.09,0.6481147053288049,2,2,2,0.9911967515945435,0.04117868095636368,False,target,correct,4
Young,young_20_29,8993,1232,0,1,0,True,1.0889941562098244,0.75,0.3389941562098244,0,0,0,0.8544702529907227,0.047712430357933044,False,target,correct,5
Young,young_20_29,8994,57476,3,1,3,True,0.5680340282933061,0.06,0.508034028293306,1,1,1,0.8126375079154968,0.027461081743240356,False,target,correct,2
Young,young_20_29,8995,86818,1,2,1,True,0.7675069502029059,0.13,0.6375069502029059,2,2,2,0.29960063099861145,0.02964884042739868,False,target,correct,5
Young,young_20_29,8998,966,3,1,3,True,1.189832224569936,0.67,0.5198322245699359,3,3,3,0.6268437504768372,0.032322950661182404,False,target,correct,5
Young,young_20_29,8999,169890,2,1,2,True,0.5910709783376439,0.07,0.5210709783376439,1,1,1,0.8868753910064697,0.03300861269235611,False,target,correct,2
Young,young_20_29,9002,54648,1,0,1,True,0.4145579038585796,0.06,0.3545579038585796,0,0,0,1.102473497390747,0.03471989929676056,False,target,correct,1
Young,young_20_29,9003,21025,2,1,2,True,0.7351367660942598,0.09,0.6451367660942599,1,1,1,0.7609500885009766,0.03266710788011551,False,target,correct,4
Young,young_20_29,9006,152033,2,0,0,False,0.49179936896392595,0.04,0.451799368963926,0,0,0,1.3974437713623047,0.03149661421775818,False,flanker,evidence-origin,1
Young,young_20_29,9007,34563,2,0,2,True,0.6209521736338651,0.05,0.5709521736338651,0,0,0,1.0804166793823242,0.031014516949653625,False,target,correct,3
Young,young_20_29,9008,69737,1,2,1,True,0.7194503169626235,0.17,0.5494503169626235,2,1,2,0.13394200801849365,0.027127481997013092,False,target,correct,4
Young,young_20_29,9009,132520,3,2,2,False,0.704500340621471,0.07,0.6345003406214711,2,2,2,1.0371525287628174,0.035952046513557434,False,flanker,evidence-origin,4
Young,young_20_29,9010,5790,0,3,0,True,0.4734524728855772,0.11,0.3634524728855772,3,3,3,0.3558812141418457,0.03082387149333954,False,target,correct,1
Young,young_20_29,9011,51939,3,1,1,False,0.8675862730439322,0.06,0.8075862730439323,1,1,1,0.9612781405448914,0.031058169901371002,False,flanker,evidence-origin,5
Young,young_20_29,9012,9040,0,1,0,True,0.8827055389133253,0.13,0.7527055389133253,1,1,1,0.552406370639801,0.035869941115379333,False,target,correct,5
Young,young_20_29,9014,149726,0,1,0,True,0.6497322907772581,0.12,0.5297322907772581,1,1,1,0.6638422608375549,0.03998483717441559,False,target,correct,3
Young,young_20_29,9020,22190,3,0,3,True,0.78353632188902,0.07,0.71353632188902,0,0,0,1.2957439422607422,0.0428219810128212,False,target,correct,5
Young,young_20_29,9021,111093,1,2,1,True,0.5824251933715316,0.09,0.4924251933715317,2,2,2,0.5881646871566772,0.030651643872261047,False,target,correct,2
Young,young_20_29,9022,138358,0,2,2,False,0.6753621949334839,0.18,0.49536219493348393,2,2,2,0.17401257157325745,0.026969395577907562,False,flanker,evidence-origin,4
Young,young_20_29,9023,33012,3,2,3,True,0.6673702547426055,0.1,0.5673702547426055,2,2,2,0.8527727127075195,0.04039029777050018,False,target,correct,4
Young,young_20_29,9024,29084,0,2,2,False,0.7509425565487328,0.1,0.6509425565487328,2,2,2,0.497065931558609,0.028168566524982452,False,flanker,evidence-origin,5
Young,young_20_29,9026,18012,0,1,0,True,0.4651691731893016,0.11,0.35516917318930163,1,1,1,0.36013710498809814,0.03097536414861679,False,target,correct,1
Young,young_20_29,9029,93432,1,0,1,True,0.3826582531068379,0.06,0.3226582531068379,0,0,0,1.2065914869308472,0.03780398517847061,False,target,correct,1
Young,young_20_29,9031,1660,1,2,1,True,0.6438537536997625,0.06,0.5838537536997626,2,2,2,1.118422031402588,0.0361432284116745,False,target,correct,3
Young,young_20_29,9032,105066,3,0,0,False,0.7083504542236305,0.06,0.6483504542236305,0,0,0,1.2144267559051514,0.0359099805355072,False,flanker,evidence-origin,4
Young,young_20_29,9037,3232,1,0,1,True,0.5412749811241436,0.06,0.48127498112414363,0,0,0,1.067301869392395,0.033682793378829956,False,target,correct,2
Young,young_20_29,9040,2550,3,2,3,True,0.9800000071525574,0.13,0.8500000071525574,2,2,2,0.602440357208252,0.040351592004299164,False,target,correct,5
Young,young_20_29,9042,7649,0,3,0,True,0.7544948371189913,0.07,0.6844948371189914,3,3,3,0.7421799898147583,0.030588515102863312,False,target,correct,5
Young,young_20_29,9044,49091,1,0,0,False,0.6760768966420527,0.05,0.6260768966420527,0,0,0,1.4184798002243042,0.037670813500881195,False,flanker,evidence-origin,4
Young,young_20_29,9047,32699,3,0,3,True,0.6175669732764419,0.06,0.5575669732764419,0,0,0,1.1899466514587402,0.035379648208618164,False,target,correct,3
Young,young_20_29,9049,123289,0,1,0,True,0.5923641946951972,0.06,0.5323641946951971,1,1,1,1.013680100440979,0.033406563103199005,False,target,correct,2
Young,young_20_29,9050,96939,1,0,0,False,0.44186030717069424,0.04,0.40186030717069426,0,0,0,1.607318639755249,0.0375794842839241,False,flanker,evidence-origin,1
Young,young_20_29,9051,169388,3,1,3,True,0.5612894020632748,0.06,0.5012894020632748,1,1,1,0.6630979180335999,0.023385368287563324,False,target,correct,2
Young,young_20_29,9054,17973,1,3,1,True,0.5604646372617411,0.05,0.5104646372617411,3,3,3,0.7675789594650269,0.02523776888847351,False,target,correct,2
Young,young_20_29,9056,108125,2,1,1,False,0.558920987846605,0.03,0.528920987846605,1,1,1,1.9970245361328125,0.03724934905767441,False,flanker,evidence-origin,2
Young,young_20_29,9058,1901,1,2,1,True,0.6489366945194515,0.05,0.5989366945194514,2,2,2,0.8803379535675049,0.02698788046836853,False,target,correct,3
Young,young_20_29,9059,24460,3,0,3,True,0.7054304020205899,0.08,0.62543040202059,0,0,0,0.594302237033844,0.027416743338108063,False,target,correct,4
Young,young_20_29,9061,22782,1,2,1,True,0.714900259391562,0.11,0.604900259391562,2,2,2,0.5435150265693665,0.03439892828464508,False,target,correct,4
Young,young_20_29,9064,2892,2,0,0,False,0.5391834382986953,0.07,0.4691834382986953,0,0,0,0.981680691242218,0.03536698967218399,False,flanker,evidence-origin,2
Young,young_20_29,9065,28375,1,3,1,True,0.6509101593193827,0.05,0.6009101593193826,3,3,3,0.9722102880477905,0.028561800718307495,False,target,correct,3
Young,young_20_29,9066,169833,2,3,3,False,0.6421506313034298,0.04,0.6021506313034297,3,3,3,1.5419092178344727,0.0338737890124321,False,flanker,evidence-origin,3
Young,young_20_29,9072,16752,3,2,3,True,0.5526683454497517,0.09,0.46266834544975177,2,2,2,0.8765709400177002,0.03816065192222595,False,target,correct,2
Young,young_20_29,9073,54683,0,2,2,False,0.44892222753322975,0.07,0.37892222753322974,2,2,2,0.839111864566803,0.030744366347789764,False,flanker,evidence-origin,1
Young,young_20_29,9077,3582,2,1,1,False,0.5500670035922816,0.03,0.5200670035922815,1,1,1,1.696266770362854,0.031062312424182892,False,flanker,evidence-origin,2
Young,young_20_29,9078,84691,2,1,2,True,0.5547101022513086,0.06,0.49471010225130857,1,1,1,1.1119434833526611,0.0346948504447937,False,target,correct,2
Young,young_20_29,9080,40114,2,3,3,False,0.29453687600136336,0.04,0.2545368760013634,3,3,3,1.5961766242980957,0.03501449525356293,False,flanker,evidence-origin,1
Young,young_20_29,9082,62333,1,0,1,True,0.6869488200049045,0.07,0.6169488200049045,0,0,0,1.0964412689208984,0.03872068226337433,False,target,correct,4
Young,young_20_29,9085,11089,0,2,2,False,0.8933858568177946,0.15,0.7433858568177946,2,2,2,0.41854289174079895,0.032338909804821014,False,flanker,evidence-origin,5
Young,young_20_29,9086,145646,0,1,0,True,0.7014391176846235,0.15,0.5514391176846235,1,1,1,0.3264992833137512,0.03154711425304413,False,target,correct,4
Young,young_20_29,9087,26589,2,0,0,False,0.6512233054729206,0.05,0.6012233054729206,0,0,0,1.1049827337265015,0.030418306589126587,False,flanker,evidence-origin,3
Young,young_20_29,9088,7620,1,0,0,False,0.900000023841858,0.05,0.8500000238418579,0,0,0,1.4839431047439575,0.03861400485038757,False,flanker,evidence-origin,5
Young,young_20_29,9089,5024,0,2,2,False,0.5221327234034941,0.1,0.42213272340349417,2,2,2,0.6455160975456238,0.033119410276412964,False,flanker,evidence-origin,1
Young,young_20_29,9092,18610,1,3,1,True,0.5969012655378808,0.1,0.49690126553788083,3,3,3,0.6739128828048706,0.034855298697948456,False,target,correct,3
Young,young_20_29,9093,34130,0,1,0,True,0.8182007335910071,0.14,0.6782007335910071,1,1,1,0.5341610908508301,0.03907705843448639,False,target,correct,5
Young,young_20_29,9096,44812,3,1,1,False,0.5021836786739837,0.03,0.4721836786739837,1,1,1,1.4499199390411377,0.029637224972248077,False,flanker,evidence-origin,1
Young,young_20_29,9097,45426,0,2,2,False,0.7660987769240036,0.19,0.5760987769240036,2,2,2,0.23521694540977478,0.029403291642665863,False,flanker,evidence-origin,5
Young,young_20_29,9098,36057,0,2,2,False,0.6294956943847564,0.09,0.5394956943847564,2,2,2,0.631938099861145,0.031052954494953156,False,flanker,evidence-origin,3
Young,young_20_29,9100,18466,1,3,1,True,0.4580726076499576,0.05,0.4080726076499576,3,3,3,0.8923593759536743,0.02845866233110428,False,target,correct,1
Young,young_20_29,9101,125282,2,0,0,False,0.5636936240161163,0.05,0.5136936240161163,0,0,0,1.1944952011108398,0.03306297957897186,False,flanker,evidence-origin,2
Young,young_20_29,9102,144981,2,0,0,False,0.6240775155585432,0.04,0.5840775155585431,0,0,0,1.5601495504379272,0.035951487720012665,False,flanker,evidence-origin,3
Young,young_20_29,9103,165740,2,1,1,False,0.7097040912238656,0.04,0.6697040912238655,1,1,1,1.6254804134368896,0.036962978541851044,False,flanker,evidence-origin,4
Young,young_20_29,9104,48279,2,3,3,False,0.508109630365258,0.1,0.40810963036525805,3,3,3,0.6278942823410034,0.03387364000082016,False,flanker,evidence-origin,1
Young,young_20_29,9107,74211,2,3,2,True,0.6957192224198079,0.09,0.6057192224198079,3,3,3,0.8679049015045166,0.03888872265815735,False,target,correct,4
Young,young_20_29,9108,36762,2,1,2,True,0.5999368775397579,0.06,0.5399368775397579,1,1,1,1.1576440334320068,0.03465008735656738,False,target,correct,3
Young,young_20_29,9110,155953,1,0,0,False,0.4559818955409227,0.05,0.40598189554092273,0,0,0,1.2486069202423096,0.03483787924051285,False,flanker,evidence-origin,1
Young,young_20_29,9112,51859,0,1,0,True,0.7496075209179215,0.09,0.6596075209179215,1,1,1,0.6255942583084106,0.03291912376880646,False,target,correct,5
Young,young_20_29,9114,141120,2,0,0,False,0.7203439171436403,0.05,0.6703439171436403,0,0,0,1.155087947845459,0.032274097204208374,False,flanker,evidence-origin,4
Young,young_20_29,9116,131272,3,1,1,False,0.7052513578691093,0.04,0.6652513578691093,1,1,1,1.2018376588821411,0.029329486191272736,False,flanker,evidence-origin,4
Young,young_20_29,9117,14083,1,3,3,False,0.7367083283258806,0.06,0.6767083283258806,3,3,3,1.0581181049346924,0.03422679007053375,False,flanker,evidence-origin,4
Young,young_20_29,9123,3097,1,3,3,False,0.7836375626243326,0.08,0.7036375626243326,3,3,3,0.9147659540176392,0.035917967557907104,False,flanker,evidence-origin,5
Young,young_20_29,9124,46748,3,0,0,False,0.5341890886921669,0.04,0.4941890886921669,0,0,0,1.385388970375061,0.03144950419664383,False,flanker,evidence-origin,2
Young,young_20_29,9126,111112,0,2,2,False,0.6614462417985909,0.15,0.5114462417985909,2,2,2,0.2700257897377014,0.02681221067905426,False,flanker,evidence-origin,4
Young,young_20_29,9128,41308,2,1,2,True,0.6325847011294432,0.09,0.5425847011294432,1,1,1,0.8137667775154114,0.037611640989780426,False,target,correct,3
Young,young_20_29,9129,107105,3,1,3,True,0.6529068849790896,0.09,0.5629068849790896,1,1,1,0.5751731395721436,0.028320327401161194,False,target,correct,3
Young,young_20_29,9131,341,1,3,1,True,0.6449898826586252,0.09,0.5549898826586253,3,3,3,0.47612646222114563,0.02788665145635605,False,target,correct,3
Young,young_20_29,9133,20495,1,0,1,True,0.6971941907914858,0.05,0.6471941907914858,0,0,0,1.5029677152633667,0.039542779326438904,False,target,correct,4
Young,young_20_29,9135,17464,1,3,1,True,0.6399812812455997,0.07,0.5699812812455998,3,3,3,0.5397242307662964,0.025182604789733887,False,target,correct,3
Young,young_20_29,9136,37965,3,0,0,False,0.6922512204255189,0.04,0.6522512204255189,0,0,0,1.668832540512085,0.036341212689876556,False,flanker,evidence-origin,4
Young,young_20_29,9137,23160,2,0,2,True,0.32543131429119476,0.05,0.2754313142911948,0,0,0,1.0902220010757446,0.03099297732114792,False,target,correct,1
Young,young_20_29,9141,124070,1,0,0,False,0.7252615370877429,0.06,0.6652615370877428,0,0,0,1.3025195598602295,0.038669899106025696,False,flanker,evidence-origin,4
Young,young_20_29,9142,12920,0,1,0,True,0.647729488629716,0.15,0.497729488629716,1,1,1,0.5680384635925293,0.04128950089216232,False,target,correct,3
Young,young_20_29,9144,4881,2,3,3,False,0.44892057799809193,0.06,0.38892057799809193,3,3,3,1.2297362089157104,0.03639836609363556,False,flanker,evidence-origin,1
Young,young_20_29,9145,18346,0,3,0,True,0.637124597188168,0.1,0.5371245971881681,3,3,3,0.5600219368934631,0.03414422273635864,False,target,correct,3
Young,young_20_29,9146,145107,3,0,3,True,0.5499757920550609,0.1,0.4499757920550609,0,0,0,0.42995569109916687,0.026173442602157593,False,target,correct,2
Young,young_20_29,9149,25640,2,1,2,True,0.5118129479536113,0.07,0.4418129479536113,1,1,1,0.9620303511619568,0.03403834253549576,False,target,correct,1
Young,young_20_29,9152,181036,1,2,1,True,0.48626916196968306,0.07,0.41626916196968305,2,2,2,0.6688135266304016,0.027590297162532806,False,target,correct,1
Young,young_20_29,9155,11763,3,2,3,True,0.7049285590360628,0.12,0.5849285590360628,2,2,2,0.6083210706710815,0.03763432800769806,False,target,correct,4
Young,young_20_29,9156,76773,3,1,3,True,0.4244973670134497,0.04,0.3844973670134497,1,1,1,1.1067867279052734,0.028319895267486572,False,target,correct,1
Young,young_20_29,9159,70852,3,0,3,True,0.5677166658005084,0.06,0.5077166658005083,0,0,0,1.2576614618301392,0.03820154815912247,False,target,correct,2
Young,young_20_29,9160,105935,2,0,2,True,0.8264824657365345,0.06,0.7664824657365346,0,0,0,0.8151121139526367,0.028549209237098694,False,target,correct,5
Young,young_20_29,9162,38390,3,2,3,True,0.5307298932231453,0.1,0.43072989322314537,2,2,2,0.7266181111335754,0.036540694534778595,False,target,correct,2
Young,young_20_29,9163,20573,1,3,3,False,0.5808406092776307,0.04,0.5408406092776307,3,3,3,1.459885835647583,0.033963024616241455,False,flanker,evidence-origin,2
Young,young_20_29,9165,37155,1,2,1,True,0.6044353162673034,0.07,0.5344353162673035,2,2,2,0.8291787505149841,0.03271017223596573,False,target,correct,3
Young,young_20_29,9168,22089,0,2,2,False,0.5321231874721931,0.07,0.4621231874721931,2,2,2,0.8667818307876587,0.031918540596961975,False,flanker,evidence-origin,2
Young,young_20_29,9170,141355,3,0,3,True,0.5550841430970256,0.05,0.5050841430970255,0,0,0,1.3220877647399902,0.03455232083797455,False,target,correct,2
Young,young_20_29,9171,58213,1,3,1,True,0.6108145161596539,0.05,0.5608145161596538,3,3,3,1.0182126760482788,0.029699139297008514,False,target,correct,3
Young,young_20_29,9172,121804,1,2,1,True,0.44636305079500826,0.09,0.3563630507950083,2,2,2,0.6286978125572205,0.031551726162433624,False,target,correct,1
Young,young_20_29,9174,46789,1,0,1,True,0.4593599019583686,0.05,0.40935990195836863,0,0,0,1.318005919456482,0.036551155149936676,False,target,correct,1
Young,young_20_29,9177,40207,3,2,2,False,0.5670826163668017,0.08,0.48708261636680167,2,2,2,0.9490104913711548,0.037402741611003876,False,flanker,evidence-origin,2
Young,young_20_29,9179,67433,1,0,0,False,0.5726547062038626,0.05,0.5226547062038626,0,0,0,1.4332454204559326,0.038370370864868164,False,flanker,evidence-origin,2
Young,young_20_29,9180,87851,2,3,2,True,0.7148399056438753,0.05,0.6648399056438753,3,3,3,1.2511858940124512,0.033343084156513214,False,target,correct,4
Young,young_20_29,9181,69351,0,2,2,False,0.6419208318440236,0.09,0.5519208318440236,2,2,2,0.666483998298645,0.03186523914337158,False,flanker,evidence-origin,3
Young,young_20_29,9182,19374,3,2,2,False,0.49445222838712055,0.07,0.42445222838712054,2,2,2,1.0951703786849976,0.037699729204177856,False,flanker,evidence-origin,1
Young,young_20_29,9188,17692,1,3,3,False,0.50387787256693,0.06,0.44387787256692995,3,3,3,1.1563760042190552,0.03656013309955597,False,flanker,evidence-origin,1
Young,young_20_29,9189,123810,2,3,2,True,0.6267427753712373,0.07,0.5567427753712373,3,3,3,1.013271450996399,0.03658481687307358,False,target,correct,3
Young,young_20_29,9191,18777,3,1,3,True,0.5597578849430651,0.08,0.4797578849430651,1,1,1,0.8436570167541504,0.03497028350830078,False,target,correct,2
Young,young_20_29,9193,20773,1,3,3,False,0.5652463457151123,0.06,0.5052463457151124,3,3,3,1.10719633102417,0.035282671451568604,False,flanker,evidence-origin,2
Young,young_20_29,9195,4599,3,2,3,True,0.7111334578188008,0.14,0.5711334578188008,2,2,2,0.35082152485847473,0.031906552612781525,False,target,correct,4
Young,young_20_29,9197,29240,0,2,2,False,0.7040875825579447,0.08,0.6240875825579447,2,2,2,0.7516641616821289,0.031515322625637054,False,flanker,evidence-origin,4
Young,young_20_29,9198,59485,2,1,2,True,0.386145592015042,0.06,0.326145592015042,1,1,1,1.2810006141662598,0.03849059343338013,False,target,correct,1
Young,young_20_29,9199,121539,2,0,2,True,0.810062235183632,0.05,0.7600622351836319,0,0,0,1.183522343635559,0.03350239247083664,False,target,correct,5
Young,young_20_29,9200,72039,1,2,1,True,0.6398918912996152,0.08,0.5598918912996153,2,2,2,1.0004633665084839,0.03713599592447281,False,target,correct,3
Young,young_20_29,9201,32588,3,0,0,False,0.46443772407154205,0.05,0.41443772407154206,0,0,0,1.3978450298309326,0.03735911846160889,False,flanker,evidence-origin,1
Young,young_20_29,9203,51489,1,0,0,False,0.5972982574354774,0.04,0.5572982574354773,0,0,0,1.4235517978668213,0.03240440785884857,False,flanker,evidence-origin,3
Young,young_20_29,9204,26313,2,0,0,False,0.5518519181939494,0.04,0.5118519181939494,0,0,0,1.4326930046081543,0.032910801470279694,False,flanker,evidence-origin,2
Young,young_20_29,9208,33108,1,2,1,True,0.497712234708834,0.06,0.437712234708834,2,2,2,0.7629786729812622,0.028083384037017822,False,target,correct,1
Young,young_20_29,9211,181086,0,3,0,True,0.602788023805584,0.11,0.49278802380558406,3,3,3,0.4357892572879791,0.031973958015441895,False,target,correct,3
Young,young_20_29,9212,174801,2,3,3,False,0.4764319267554662,0.04,0.4364319267554662,3,3,3,1.6532291173934937,0.03611430525779724,False,flanker,evidence-origin,1
Young,young_20_29,9215,3784,3,0,3,True,0.49169404254271787,0.07,0.42169404254271786,0,0,0,1.1610172986984253,0.03930756449699402,False,target,correct,1
Young,young_20_29,9217,18056,0,2,2,False,0.740084315681248,0.05,0.690084315681248,2,2,2,1.4087573289871216,0.037480100989341736,False,flanker,evidence-origin,4
Young,young_20_29,9218,104346,3,1,1,False,0.6666417740659373,0.03,0.6366417740659372,1,1,1,1.251756191253662,0.025265321135520935,False,flanker,evidence-origin,4
Young,young_20_29,9223,23959,3,0,0,False,0.5305570157179553,0.04,0.49055701571795535,0,0,0,1.5004010200500488,0.033056050539016724,False,flanker,evidence-origin,2
Young,young_20_29,9225,30595,2,0,2,True,0.5658785317600759,0.05,0.5158785317600758,0,0,0,0.9735007882118225,0.02793450653553009,False,target,correct,2
Young,young_20_29,9226,119535,0,2,0,True,0.5500785134198263,0.16,0.39007851341982624,2,2,2,0.27770039439201355,0.03063581883907318,False,target,correct,2
Young,young_20_29,9230,143747,2,3,2,True,0.6092239229949248,0.1,0.5092239229949248,3,3,3,0.7812284827232361,0.03987114131450653,False,target,correct,3
Young,young_20_29,9232,8798,3,1,1,False,0.591438173288438,0.04,0.5514381732884379,1,1,1,1.1609532833099365,0.027533702552318573,False,flanker,evidence-origin,2
Young,young_20_29,9233,86019,2,0,0,False,0.7159683620987923,0.06,0.6559683620987924,0,0,0,1.060017704963684,0.0341324582695961,False,flanker,evidence-origin,4
Young,young_20_29,9234,11007,0,1,0,True,0.5878889817647344,0.03,0.5578889817647343,1,1,1,1.7274423837661743,0.03215279430150986,False,target,correct,2
Young,young_20_29,9240,118343,1,3,1,True,0.31000001430511476,0.06,0.25000001430511476,3,3,3,0.9750608205795288,0.03229500353336334,False,target,correct,1
Young,young_20_29,9244,160717,0,3,0,True,0.4275602455140948,0.08,0.3475602455140948,3,3,3,0.8138372898101807,0.035054028034210205,False,target,correct,1
Young,young_20_29,9248,466,1,0,0,False,0.597177347952721,0.05,0.547177347952721,0,0,0,1.3641822338104248,0.03607571870088577,False,flanker,evidence-origin,3
Young,young_20_29,9250,7855,2,0,0,False,0.642814950691531,0.04,0.602814950691531,0,0,0,1.3322604894638062,0.030997171998023987,False,flanker,evidence-origin,3
Young,young_20_29,9252,107376,3,2,3,True,0.7946072452195064,0.07,0.7246072452195065,2,2,2,1.0645612478256226,0.03665080666542053,False,target,correct,5
Young,young_20_29,9255,6920,0,3,0,True,0.5922159009329307,0.1,0.49221590093293077,3,3,3,0.556868314743042,0.03496594727039337,False,target,correct,2
Young,young_20_29,9257,27722,2,0,2,True,0.7103891997681087,0.05,0.6603891997681086,0,0,0,0.9962249994277954,0.028967000544071198,False,target,correct,4
Young,young_20_29,9258,17836,0,2,2,False,0.590562426858661,0.05,0.540562426858661,2,2,2,1.2910776138305664,0.0339963436126709,False,flanker,evidence-origin,2
Young,young_20_29,9259,72823,3,0,3,True,0.6526286682409638,0.05,0.6026286682409637,0,0,0,1.4153603315353394,0.036923035979270935,False,target,correct,3
Young,young_20_29,9260,5728,3,2,3,True,0.5805779487226768,0.08,0.5005779487226768,2,2,2,0.9629874229431152,0.03693699836730957,False,target,correct,2
Young,young_20_29,9263,19100,0,3,0,True,0.6109367971875701,0.07,0.54093679718757,3,3,3,0.7478734254837036,0.030712924897670746,False,target,correct,3
Young,young_20_29,9265,165088,1,3,3,False,0.7387286604242372,0.1,0.6387286604242373,3,3,3,0.7554968595504761,0.03689572215080261,False,flanker,evidence-origin,4
Young,young_20_29,9269,21034,3,0,3,True,0.5931270387749106,0.06,0.5331270387749105,0,0,0,0.9816936254501343,0.03306007385253906,False,target,correct,2
Young,young_20_29,9271,10618,1,3,1,True,0.4082307652960255,0.06,0.3482307652960255,3,3,3,0.8376487493515015,0.02869533747434616,False,target,correct,1
Young,young_20_29,9272,135793,0,1,0,True,0.6633036646171029,0.05,0.6133036646171028,1,1,1,1.3697384595870972,0.03739693760871887,False,target,correct,4
Young,young_20_29,9273,169244,0,2,2,False,0.5802826889295413,0.11,0.4702826889295413,2,2,2,0.4593377411365509,0.029399797320365906,False,flanker,evidence-origin,2
Young,young_20_29,9275,54583,2,1,2,True,0.6150452318324408,0.07,0.5450452318324408,1,1,1,1.0096150636672974,0.035315319895744324,False,target,correct,3
Young,young_20_29,9276,116698,2,3,3,False,0.6527022082025951,0.09,0.5627022082025951,3,3,3,0.8263285160064697,0.03792872279882431,False,flanker,evidence-origin,3
Young,young_20_29,9277,19749,0,1,0,True,0.6376131595209567,0.09,0.5476131595209567,1,1,1,0.7379298210144043,0.03440338373184204,False,target,correct,3
Young,young_20_29,9278,24947,2,0,2,True,0.6564346673358018,0.07,0.5864346673358019,0,0,0,0.7974557876586914,0.031125828623771667,False,target,correct,3
Young,young_20_29,9279,16099,1,0,0,False,0.6218665651826996,0.04,0.5818665651826995,0,0,0,1.6461337804794312,0.0365445613861084,False,flanker,evidence-origin,3
Young,young_20_29,9280,18775,3,1,3,True,0.5721938293743092,0.09,0.4821938293743092,1,1,1,0.5853515863418579,0.03034311532974243,False,target,correct,2
Young,young_20_29,9281,26903,3,2,2,False,0.7526962959830243,0.09,0.6626962959830244,2,2,2,0.8751788139343262,0.03710241615772247,False,flanker,evidence-origin,5
Young,young_20_29,9285,140097,1,3,3,False,0.43670255379159095,0.04,0.396702553791591,3,3,3,1.4359205961227417,0.03328053653240204,False,flanker,evidence-origin,1
Young,young_20_29,9286,25923,3,2,2,False,0.6435284390346636,0.06,0.5835284390346636,2,2,2,1.3064919710159302,0.039506085216999054,False,flanker,evidence-origin,3
Young,young_20_29,9287,103571,2,1,2,True,0.4735587487547305,0.08,0.39355874875473046,1,1,1,0.9538556933403015,0.036323823034763336,False,target,correct,1
Young,young_20_29,9292,26226,1,2,1,True,0.772578914520487,0.12,0.652578914520487,2,2,2,0.4729965925216675,0.03255268186330795,False,target,correct,5
Young,young_20_29,9306,52063,0,2,2,False,0.60362021928749,0.05,0.55362021928749,2,2,2,1.3016362190246582,0.03500521928071976,False,flanker,evidence-origin,3
Young,young_20_29,9307,45084,0,3,0,True,0.774237914718011,0.09,0.684237914718011,3,3,3,0.8042278289794922,0.03808499127626419,False,target,correct,5
Young,young_20_29,9310,130355,3,0,0,False,0.5869472429215862,0.06,0.5269472429215862,0,0,0,1.2053284645080566,0.03592798113822937,False,flanker,evidence-origin,2
Young,young_20_29,9311,88503,1,2,1,True,0.45640910479854896,0.05,0.40640910479854897,2,2,2,1.1423686742782593,0.03149660676717758,False,target,correct,1
Young,young_20_29,9312,98612,2,1,1,False,0.4788007042271194,0.02,0.4588007042271194,1,1,1,2.0343146324157715,0.029060199856758118,False,flanker,evidence-origin,1
Young,young_20_29,9313,20668,2,1,2,True,0.44006870456236113,0.07,0.37006870456236113,1,1,1,0.964998722076416,0.03395785391330719,False,target,correct,1
Young,young_20_29,9314,30032,1,2,1,True,0.4131527783134571,0.05,0.3631527783134571,2,2,2,0.8729366064071655,0.025939904153347015,False,target,correct,1
Young,young_20_29,9317,42124,2,1,2,True,0.5580436836134992,0.08,0.4780436836134992,1,1,1,0.8690733909606934,0.03348264843225479,False,target,correct,2
Young,young_20_29,9318,17832,3,0,3,True,0.702045675205445,0.05,0.652045675205445,0,0,0,1.3659322261810303,0.03651391714811325,False,target,correct,4
Young,young_20_29,9322,101763,2,3,3,False,0.5553914837905795,0.04,0.5153914837905794,3,3,3,1.609078288078308,0.037517741322517395,False,flanker,evidence-origin,2
Young,young_20_29,9324,165721,3,1,3,True,0.629825164478143,0.08,0.549825164478143,1,1,1,0.7242853045463562,0.031158283352851868,False,target,correct,3
Young,young_20_29,9325,3473,1,3,1,True,0.6198171463716851,0.13,0.48981714637168505,3,3,3,0.1305028796195984,0.025534778833389282,False,target,correct,3
Young,young_20_29,9336,87333,2,0,2,True,0.5943327660253145,0.06,0.5343327660253145,0,0,0,0.9002488851547241,0.030078217387199402,False,target,correct,2
Young,young_20_29,9337,13358,1,0,0,False,0.569566725412781,0.04,0.5295667254127809,0,0,0,1.4586498737335205,0.033135391771793365,False,flanker,evidence-origin,2
Young,young_20_29,9339,188310,0,2,2,False,0.5738904966965617,0.12,0.4538904966965617,2,2,2,0.39803391695022583,0.028386935591697693,False,flanker,evidence-origin,2
Young,young_20_29,9341,11806,3,2,3,True,0.7890782406180367,0.07,0.7190782406180367,2,2,2,0.9985498785972595,0.03574199229478836,False,target,correct,5
Young,young_20_29,9344,1482,2,1,2,True,0.7439833805668553,0.33,0.4139833805668553,2,2,2,0.7090935707092285,0.007102660834789276,False,target,correct,5
Young,young_20_29,9345,79542,0,3,0,True,0.5911711900547941,0.1,0.49117119005479415,3,3,3,0.4193090498447418,0.03075219690799713,False,target,correct,2
Young,young_20_29,9346,110044,3,2,3,True,0.6656424822168676,0.11,0.5556424822168676,2,2,2,0.7484359741210938,0.03916381299495697,False,target,correct,4
Young,young_20_29,9347,12862,2,0,2,True,0.48073422639445873,0.05,0.43073422639445874,0,0,0,0.9879543781280518,0.029638446867465973,False,target,correct,1
Young,young_20_29,9348,1256,1,3,1,True,0.5715548048863169,0.08,0.4915548048863169,3,3,3,0.7275184392929077,0.030299529433250427,False,target,correct,2
Young,young_20_29,9350,8657,1,2,1,True,0.5914262102049221,0.09,0.5014262102049222,2,2,2,0.7616664171218872,0.0348440557718277,False,target,correct,2
Young,young_20_29,9351,10876,0,2,2,False,0.7530327860565096,0.1,0.6530327860565096,2,2,2,0.5528813600540161,0.03028881549835205,False,flanker,evidence-origin,5
Young,young_20_29,9352,2780,3,2,3,True,0.5452074369634059,0.09,0.45520743696340593,2,2,2,0.7250259518623352,0.033096522092819214,False,target,correct,2
Young,young_20_29,9353,11282,2,0,2,True,0.43890243494945047,0.04,0.3989024349494505,0,0,0,1.2228361368179321,0.02911464124917984,False,target,correct,1
Young,young_20_29,9354,793,3,2,3,True,0.48164315063706664,0.1,0.38164315063706666,2,2,2,0.6057343482971191,0.03218109905719757,False,target,correct,1
Young,young_20_29,9358,53553,0,1,0,True,0.98377622875779,0.52,0.46377622875779,0,0,0,0.7042077779769897,0.03997182101011276,False,target,correct,5
Young,young_20_29,9359,48860,1,2,1,True,0.7723729268572321,0.11,0.6623729268572321,2,2,2,0.14512771368026733,0.026282817125320435,False,target,correct,5
Young,young_20_29,9360,161460,1,2,1,True,0.9172259895321304,0.36,0.5572259895321304,1,1,1,0.6218596696853638,0.00885123759508133,False,target,correct,5
Young,young_20_29,9361,16657,2,3,3,False,0.4471096618584523,0.06,0.3871096618584523,3,3,3,1.2239577770233154,0.037490129470825195,False,flanker,evidence-origin,1
Young,young_20_29,9363,102147,0,2,2,False,0.8308263484534535,0.11,0.7208263484534535,2,2,2,0.5365748405456543,0.031637758016586304,False,flanker,evidence-origin,5
Young,young_20_29,9364,71641,1,0,0,False,0.45738501559927974,0.05,0.40738501559927975,0,0,0,1.439869999885559,0.03710721433162689,False,flanker,evidence-origin,1
Young,young_20_29,9366,76325,2,0,0,False,0.5998155360573622,0.04,0.5598155360573621,0,0,0,1.2639497518539429,0.02955538034439087,False,flanker,evidence-origin,3
Young,young_20_29,9369,29991,1,3,3,False,0.7788762817218454,0.03,0.7488762817218454,3,3,3,1.3414515256881714,0.02785298228263855,False,flanker,evidence-origin,5
Young,young_20_29,9373,95925,2,0,0,False,0.5500588793920043,0.06,0.49005887939200427,0,0,0,1.095297932624817,0.03490382432937622,False,flanker,evidence-origin,2
Young,young_20_29,9374,72776,2,1,2,True,0.9946719110851694,0.33,0.6646719110851693,2,2,2,0.8415626287460327,0.012300297617912292,False,target,correct,5
Young,young_20_29,9376,23,3,2,2,False,0.5727835706434427,0.08,0.49278357064344264,2,2,2,0.9637309908866882,0.0370359942317009,False,flanker,evidence-origin,2
Young,young_20_29,9379,44981,0,1,0,True,0.723147439889281,0.09,0.633147439889281,1,1,1,0.8981515169143677,0.03943019360303879,False,target,correct,4
Young,young_20_29,9380,125285,2,1,2,True,0.7745035733793395,0.06,0.7145035733793395,1,1,1,1.2460229396820068,0.03712458908557892,False,target,correct,5
Young,young_20_29,9383,64995,1,0,1,True,0.6500855640287952,0.07,0.5800855640287952,0,0,0,1.087846279144287,0.03847363591194153,False,target,correct,3
Young,young_20_29,9384,64815,2,3,3,False,0.8645088408958916,0.15,0.7145088408958916,3,3,3,0.3681754171848297,0.033257678151130676,False,flanker,evidence-origin,5
Young,young_20_29,9385,137485,0,1,0,True,0.8712118987452132,0.08,0.7912118987452132,1,1,1,0.901501476764679,0.035399846732616425,False,target,correct,5
Young,young_20_29,9389,4472,3,0,3,True,0.7063953471083965,0.06,0.6463953471083965,0,0,0,1.1533150672912598,0.03481457382440567,False,target,correct,4
Young,young_20_29,9390,159962,2,3,2,True,0.5309487645595473,0.07,0.4609487645595473,3,3,3,1.064820408821106,0.038073040544986725,False,target,correct,2
Young,young_20_29,9391,45944,2,3,3,False,0.5027107093551925,0.05,0.4527107093551925,3,3,3,1.4671279191970825,0.03699648380279541,False,flanker,evidence-origin,1
Young,young_20_29,9392,16325,0,3,0,True,0.6270461195330314,0.11,0.5170461195330314,3,3,3,0.3434329628944397,0.030984975397586823,False,target,correct,3
Young,young_20_29,9393,78082,0,3,0,True,0.51419875890055,0.06,0.45419875890055,3,3,3,0.9651516079902649,0.03244549036026001,False,target,correct,1
Young,young_20_29,9394,118456,3,1,3,True,0.6630621387381728,0.07,0.5930621387381727,1,1,1,0.8543976545333862,0.03175477683544159,False,target,correct,4
Young,young_20_29,9395,34064,2,3,2,True,0.4049816212874512,0.1,0.3049816212874512,3,3,3,0.7588249444961548,0.03797067701816559,False,target,correct,1
Young,young_20_29,9396,13307,0,2,2,False,0.4716315264387051,0.11,0.3616315264387051,2,2,2,0.6056174039840698,0.033970266580581665,False,flanker,evidence-origin,1
Young,young_20_29,9400,29377,3,0,3,True,0.6325931488423968,0.11,0.5225931488423968,0,0,0,0.555465817451477,0.03361337631940842,False,target,correct,3
Young,young_20_29,9402,1592,0,2,2,False,0.47170030281159414,0.13,0.34170030281159414,2,2,2,0.41492220759391785,0.03041621297597885,False,flanker,evidence-origin,1
Young,young_20_29,9409,45687,0,2,2,False,0.635551743430076,0.05,0.585551743430076,2,2,2,1.3184860944747925,0.03473171591758728,False,flanker,evidence-origin,3
Young,young_20_29,9411,29108,3,0,3,True,0.7760817204986805,0.05,0.7260817204986805,0,0,0,1.0460432767868042,0.029509082436561584,False,target,correct,5
Young,young_20_29,9412,22496,0,3,0,True,0.5933266490893097,0.1,0.4933266490893097,3,3,3,0.389830619096756,0.030704639852046967,False,target,correct,2
Young,young_20_29,9417,14521,1,2,1,True,0.7889639172243867,0.06,0.7289639172243867,2,2,2,0.8692452907562256,0.03014315664768219,False,target,correct,5
Young,young_20_29,9419,8104,1,3,3,False,0.6673396541180928,0.08,0.5873396541180929,3,3,3,0.8734828233718872,0.0358344241976738,False,flanker,evidence-origin,4
Young,young_20_29,9420,181121,0,1,0,True,0.7216386996035645,0.07,0.6516386996035646,1,1,1,0.8976313471794128,0.03306601941585541,False,target,correct,4
Young,young_20_29,9423,22169,3,0,3,True,0.8000561388550927,0.07,0.7300561388550928,0,0,0,1.0879172086715698,0.037781327962875366,False,target,correct,5
Young,young_20_29,9425,63450,3,2,3,True,0.5506894587398249,0.11,0.4406894587398249,2,2,2,0.7596920132637024,0.03928432613611221,False,target,correct,2
Young,young_20_29,9427,857,1,3,3,False,0.6337593026293229,0.06,0.5737593026293228,3,3,3,0.9804047346115112,0.03183654695749283,False,flanker,evidence-origin,3
Young,young_20_29,9428,7621,3,1,3,True,0.8110891069935338,0.08,0.7310891069935338,1,1,1,0.736771285533905,0.03152114152908325,False,target,correct,5
Young,young_20_29,9429,186934,0,3,0,True,0.6103925034292196,0.08,0.5303925034292196,3,3,3,0.726209819316864,0.03280985355377197,False,target,correct,3
Young,young_20_29,9430,103732,2,0,2,True,0.5561011426709166,0.06,0.4961011426709166,0,0,0,0.8697025775909424,0.02931039035320282,False,target,correct,2
Young,young_20_29,9431,108361,1,2,1,True,0.645227072359395,0.08,0.5652270723593951,2,2,2,0.7230384945869446,0.03152032941579819,False,target,correct,3
Young,young_20_29,9432,24339,3,0,3,True,0.532962272828894,0.07,0.46296227282889396,0,0,0,1.172139286994934,0.03931532800197601,False,target,correct,2
Young,young_20_29,9434,105802,0,2,2,False,0.6136740288782111,0.08,0.5336740288782111,2,2,2,0.8073598146438599,0.03284747153520584,False,flanker,evidence-origin,3
Young,young_20_29,9436,36012,2,0,0,False,0.5877577722396223,0.04,0.5477577722396223,0,0,0,1.263778567314148,0.03035106509923935,False,flanker,evidence-origin,2
Young,young_20_29,9440,166732,1,0,0,False,0.5480408833859068,0.07,0.47804088338590683,0,0,0,1.3133033514022827,0.04234223812818527,False,flanker,evidence-origin,2
Young,young_20_29,9442,37461,3,1,3,True,0.8896932582571094,0.13,0.7596932582571094,1,1,1,0.13028717041015625,0.023548029363155365,False,target,correct,5
Young,young_20_29,9443,18451,2,0,2,True,0.5834159294006163,0.05,0.5334159294006162,0,0,0,1.0084153413772583,0.029097892343997955,False,target,correct,2
Young,young_20_29,9447,146228,2,0,0,False,0.2900000333786011,0.04,0.2500000333786011,0,0,0,1.3080205917358398,0.0312730073928833,False,flanker,evidence-origin,1
Young,young_20_29,9448,16757,1,3,1,True,0.3200000047683716,0.07,0.2500000047683716,3,3,3,0.7138031721115112,0.028187289834022522,False,target,correct,1
Young,young_20_29,9449,13528,2,3,2,True,0.4656068221023745,0.08,0.38560682210237446,3,3,3,0.8809030652046204,0.0365179181098938,False,target,correct,1
Young,young_20_29,9450,8548,2,3,2,True,0.7194119531353759,0.09,0.6294119531353759,3,3,3,0.770686149597168,0.03560473024845123,False,target,correct,4
Young,young_20_29,9452,8790,1,2,1,True,0.8558353802225576,0.07,0.7858353802225575,2,2,2,0.8210293650627136,0.032054126262664795,False,target,correct,5
Young,young_20_29,9454,23565,0,1,1,False,0.6619218240524309,0.14,0.5219218240524309,1,1,1,0.49567779898643494,0.034477390348911285,False,flanker,evidence-origin,4
Young,young_20_29,9455,76755,3,2,3,True,0.72509767697139,0.11,0.6150976769713901,2,2,2,0.7344101071357727,0.03886838257312775,False,target,correct,4
Young,young_20_29,9459,55024,2,3,2,True,0.7403679669706398,0.08,0.6603679669706398,3,3,3,0.9577007293701172,0.03696655482053757,False,target,correct,4
Young,young_20_29,9462,16040,1,0,0,False,0.7462647399745092,0.06,0.6862647399745092,0,0,0,1.213687539100647,0.03670582175254822,False,flanker,evidence-origin,5
Young,young_20_29,9463,112630,1,2,1,True,0.8288135056743047,0.1,0.7288135056743047,2,2,2,0.41311338543891907,0.030136942863464355,False,target,correct,5
Young,young_20_29,9464,141111,2,3,2,True,0.5707650166785825,0.21,0.3607650166785825,3,2,3,0.03591710329055786,0.021896779537200928,False,target,correct,2
Young,young_20_29,9465,57727,2,0,0,False,0.7038245385182155,0.06,0.6438245385182155,0,0,0,1.0543229579925537,0.03392738103866577,False,flanker,evidence-origin,4
Young,young_20_29,9466,115668,3,0,3,True,0.5212392341197936,0.1,0.4212392341197936,0,0,0,0.5027105212211609,0.029893435537815094,False,target,correct,1
Young,young_20_29,9469,5927,1,2,1,True,0.3200000047683716,0.07,0.2500000047683716,2,2,2,1.053309679031372,0.03696761280298233,False,target,correct,1
Young,young_20_29,9470,7612,1,2,1,True,0.653844325751178,0.13,0.523844325751178,2,2,2,0.2876487672328949,0.029533900320529938,False,target,correct,3
Young,young_20_29,9472,130482,0,2,2,False,0.6991867010225219,0.13,0.5691867010225219,2,2,2,0.3889218866825104,0.029536999762058258,False,flanker,evidence-origin,4
Young,young_20_29,9474,79108,0,2,2,False,0.6960091918803611,0.09,0.6060091918803612,2,2,2,0.6648839712142944,0.031697891652584076,False,flanker,evidence-origin,4
Young,young_20_29,9476,6986,2,3,2,True,0.5074711118169564,0.08,0.42747111181695635,3,3,3,0.9389779567718506,0.03845176100730896,False,target,correct,1
Young,young_20_29,9478,10171,1,0,0,False,0.48369649305930634,0.05,0.43369649305930635,0,0,0,1.5311228036880493,0.03819446265697479,False,flanker,evidence-origin,1
Young,young_20_29,9479,4852,1,2,1,True,0.476447421616647,0.08,0.396447421616647,2,2,2,0.8342021107673645,0.035710930824279785,False,target,correct,1
Young,young_20_29,9482,155868,2,1,2,True,0.5961152378417252,0.04,0.5561152378417251,1,1,1,1.37284517288208,0.031083382666110992,False,target,correct,2
Young,young_20_29,9484,133691,0,1,0,True,0.7727196196484525,0.06,0.7127196196484524,1,1,1,1.1646296977996826,0.036528587341308594,False,target,correct,5
Young,young_20_29,9486,66300,3,0,3,True,0.48390303824863057,0.07,0.41390303824863056,0,0,0,1.1866859197616577,0.04011327028274536,False,target,correct,1
Young,young_20_29,9488,27694,2,3,2,True,0.6774759171720526,0.08,0.5974759171720526,3,3,3,1.0132908821105957,0.03950592875480652,False,target,correct,4
Young,young_20_29,9489,27424,3,0,3,True,0.5545424538994985,0.1,0.45454245389949854,0,0,0,0.4664183557033539,0.02807702124118805,False,target,correct,2
Young,young_20_29,9490,115667,3,1,1,False,0.6413400435291366,0.08,0.5613400435291367,1,1,1,0.7405137419700623,0.031025953590869904,False,flanker,evidence-origin,3
Young,young_20_29,9493,22803,0,2,2,False,0.7427220107067233,0.08,0.6627220107067233,2,2,2,0.775907576084137,0.033296920359134674,False,flanker,evidence-origin,5
Young,young_20_29,9494,12250,3,2,3,True,0.6343934991418594,0.11,0.5243934991418594,2,2,2,0.7247774004936218,0.03859996050596237,False,target,correct,3
Young,young_20_29,9495,150954,1,2,1,True,0.551927983854677,0.12,0.431927983854677,2,2,2,0.6264552474021912,0.03762892633676529,False,target,correct,2
Young,young_20_29,9498,20932,3,0,0,False,0.6852103997151906,0.05,0.6352103997151906,0,0,0,1.3201571702957153,0.034461237490177155,False,flanker,evidence-origin,4
Young,young_20_29,9501,55203,1,0,1,True,0.40904336627037646,0.05,0.3590433662703765,0,0,0,1.352051019668579,0.037366047501564026,False,target,correct,1
Young,young_20_29,9502,25966,1,3,3,False,0.6698700601070925,0.1,0.5698700601070925,3,3,3,0.6358822584152222,0.03381724655628204,False,flanker,evidence-origin,4
Young,young_20_29,9503,6876,1,3,1,True,0.8019865586921608,0.08,0.7219865586921609,3,3,3,0.7784965634346008,0.032780565321445465,False,target,correct,5
Young,young_20_29,9504,30488,0,2,2,False,0.8190034363740604,0.07,0.7490034363740603,2,2,2,0.9244586229324341,0.033334940671920776,False,flanker,evidence-origin,5
Young,young_20_29,9506,86167,0,3,0,True,0.6576544800332847,0.13,0.5276544800332847,3,3,3,0.10943299531936646,0.027633003890514374,False,target,correct,3
Young,young_20_29,9508,24969,0,3,0,True,1.0523421030928322,0.31,0.7423421030928321,0,0,0,0.2678949534893036,0.0095437690615654,False,target,correct,5
Young,young_20_29,9509,18081,1,2,1,True,0.7641732357222739,0.1,0.6641732357222739,2,2,2,0.6799904108047485,0.03478304296731949,False,target,correct,5
Young,young_20_29,9512,50786,3,2,3,True,0.7062907171740437,0.09,0.6162907171740437,2,2,2,0.9402846693992615,0.03993327170610428,False,target,correct,4
Young,young_20_29,9513,63922,3,1,1,False,0.4049630955319332,0.03,0.3749630955319332,1,1,1,1.5878504514694214,0.03304760158061981,False,flanker,evidence-origin,1
Young,young_20_29,9518,146213,1,0,0,False,0.7225282821229349,0.04,0.6825282821229348,0,0,0,1.6096539497375488,0.03528671711683273,False,flanker,evidence-origin,4
Young,young_20_29,9519,3955,3,2,3,True,0.6900108067480358,0.1,0.5900108067480359,2,2,2,0.7592822313308716,0.03826972842216492,False,target,correct,4
Young,young_20_29,9524,19370,2,1,2,True,0.47860832335243264,0.04,0.43860832335243266,1,1,1,1.6686893701553345,0.0376414954662323,False,target,correct,1
Young,young_20_29,9525,25093,3,2,2,False,0.6512955495486631,0.08,0.5712955495486631,2,2,2,0.9850624203681946,0.0382293164730072,False,flanker,evidence-origin,3
Young,young_20_29,9526,19119,1,2,1,True,0.6793392602696048,0.1,0.5793392602696048,2,2,2,0.6070960760116577,0.03368227183818817,False,target,correct,4
Young,young_20_29,9528,17942,1,3,1,True,0.5534116610410028,0.08,0.4734116610410028,3,3,3,0.6685647368431091,0.029892928898334503,False,target,correct,2
Young,young_20_29,9529,23335,3,2,3,True,0.4697283975001404,0.09,0.3797283975001404,2,2,2,0.8592514395713806,0.037404485046863556,False,target,correct,1
Young,young_20_29,9534,2443,0,1,0,True,0.5720834839124519,0.11,0.4620834839124519,1,1,1,0.4204169511795044,0.03466692566871643,False,target,correct,2
Young,young_20_29,9536,32337,0,2,2,False,0.4915480766148841,0.08,0.4115480766148841,2,2,2,0.7321532368659973,0.0305185467004776,False,flanker,evidence-origin,1
Young,young_20_29,9537,6761,2,0,2,True,0.4167997294549825,0.07,0.3467997294549825,0,0,0,0.8743071556091309,0.03339352458715439,False,target,correct,1
Young,young_20_29,9538,171796,3,0,3,True,0.8168891642300262,0.06,0.7568891642300262,0,0,0,1.1212900876998901,0.03371420502662659,False,target,correct,5
Young,young_20_29,9541,24285,0,2,2,False,0.8025743766855542,0.06,0.7425743766855541,2,2,2,0.9958649277687073,0.03296373784542084,False,flanker,evidence-origin,5
Young,young_20_29,9544,44992,1,0,0,False,0.7297172686769962,0.06,0.6697172686769961,0,0,0,1.2079030275344849,0.036872655153274536,False,flanker,evidence-origin,4
Young,young_20_29,9547,80844,1,0,1,True,0.6959671954989929,0.07,0.6259671954989929,0,0,0,1.0924105644226074,0.03909975290298462,False,target,correct,4
Young,young_20_29,9549,9217,1,2,1,True,0.6933689328799765,0.07,0.6233689328799765,2,2,2,0.8336954116821289,0.03142671287059784,False,target,correct,4
Young,young_20_29,9551,9506,1,0,1,True,0.431209798011246,0.04,0.391209798011246,0,0,0,1.3315263986587524,0.03144679218530655,False,target,correct,1
Young,young_20_29,9553,3200,1,0,1,True,0.6145936078100122,0.07,0.5445936078100122,0,0,0,1.0807396173477173,0.037868432700634,False,target,correct,3
Young,young_20_29,9554,138469,1,3,1,True,0.5826432619236509,0.12,0.4626432619236509,3,3,3,0.2723674774169922,0.027777574956417084,False,target,correct,2
Young,young_20_29,9555,3081,3,0,3,True,0.5489939232008139,0.07,0.47899392320081385,0,0,0,1.1126124858856201,0.037030622363090515,False,target,correct,2
Young,young_20_29,9556,132325,3,0,3,True,0.6822830028154023,0.08,0.6022830028154024,0,0,0,0.8584121465682983,0.03579264134168625,False,target,correct,4
Young,young_20_29,9558,6838,0,3,3,False,0.7526727857712476,0.04,0.7126727857712476,3,3,3,1.485363245010376,0.034315600991249084,False,flanker,evidence-origin,5
Young,young_20_29,9561,110392,2,1,1,False,0.5354709099062349,0.05,0.4854709099062349,1,1,1,1.4193925857543945,0.036871105432510376,False,flanker,evidence-origin,2
Young,young_20_29,9563,59388,3,2,3,True,0.6338932459709894,0.1,0.5338932459709894,2,2,2,0.8111594319343567,0.038477107882499695,False,target,correct,3
Young,young_20_29,9566,15198,0,1,0,True,0.6044122366151367,0.03,0.5744122366151366,1,1,1,1.798417329788208,0.03281821310520172,False,target,correct,3
Young,young_20_29,9569,116523,3,0,0,False,0.5077998094257787,0.05,0.45779980942577875,0,0,0,1.5134973526000977,0.03947873413562775,False,flanker,evidence-origin,1
Young,young_20_29,9570,22305,2,1,1,False,0.7696120740950925,0.04,0.7296120740950924,1,1,1,1.4915794134140015,0.03427249193191528,False,flanker,evidence-origin,5
Young,young_20_29,9571,145331,1,0,1,True,0.5703057774749359,0.07,0.500305777474936,0,0,0,1.0852692127227783,0.03829042613506317,False,target,correct,2
Young,young_20_29,9575,16529,0,2,2,False,0.4198071486798639,0.06,0.3598071486798639,2,2,2,1.0099462270736694,0.032446280121803284,False,flanker,evidence-origin,1
Young,young_20_29,9576,23472,1,0,1,True,0.5705215779022316,0.07,0.5005215779022316,0,0,0,1.0394306182861328,0.037034496665000916,False,target,correct,2
Young,young_20_29,9578,73952,3,0,3,True,0.5045893540569683,0.05,0.45458935405696826,0,0,0,1.4135355949401855,0.03662034124135971,False,target,correct,1
Young,young_20_29,9579,17389,0,3,0,True,0.9346638684614331,0.14,0.7946638684614331,3,3,3,0.13632264733314514,0.03010886162519455,False,target,correct,5
Young,young_20_29,9580,158217,1,2,1,True,0.5322084327008834,0.1,0.4322084327008834,2,2,2,0.48090192675590515,0.032817766070365906,False,target,correct,2
Young,young_20_29,9581,8088,2,0,2,True,0.6400382603528356,0.05,0.5900382603528356,0,0,0,0.9318662881851196,0.027211584150791168,False,target,correct,3
Young,young_20_29,9582,341,3,0,0,False,0.5232559728322314,0.05,0.47325597283223136,0,0,0,1.4246023893356323,0.03719187527894974,False,flanker,evidence-origin,2
Young,young_20_29,9583,80130,3,1,3,True,0.6087199593494406,0.06,0.5487199593494405,1,1,1,0.7733166217803955,0.026394158601760864,False,target,correct,3
Young,young_20_29,9584,131312,1,3,1,True,0.6657318504731237,0.06,0.6057318504731237,3,3,3,0.6651859283447266,0.025600455701351166,False,target,correct,4
Young,young_20_29,9585,87612,1,0,0,False,0.41595241383134585,0.07,0.34595241383134584,0,0,0,1.3186806440353394,0.04226054251194,False,flanker,evidence-origin,1
Young,young_20_29,9586,52291,0,3,0,True,0.6113160696425639,0.1,0.5113160696425639,3,3,3,0.6535431742668152,0.037393130362033844,False,target,correct,3
Young,young_20_29,9590,3317,2,1,2,True,0.6473753500281035,0.06,0.5873753500281036,1,1,1,1.017960786819458,0.03179491311311722,False,target,correct,3
Young,young_20_29,9591,43596,3,2,2,False,0.6592816902125248,0.11,0.5492816902125248,2,2,2,0.6792457699775696,0.036852769553661346,False,flanker,evidence-origin,3
Young,young_20_29,9596,29678,3,2,3,True,0.5438256167293614,0.06,0.48382561672936136,2,2,2,1.243718147277832,0.036609843373298645,False,target,correct,2
Young,young_20_29,9597,5112,0,1,0,True,0.5458766752131156,0.05,0.49587667521311557,1,1,1,1.2302756309509277,0.034528955817222595,False,target,correct,2
Young,young_20_29,9599,136809,1,3,1,True,0.5958459535513583,0.06,0.5358459535513582,3,3,3,0.6683522462844849,0.025503158569335938,False,target,correct,2
Young,young_20_29,9602,45315,2,0,0,False,0.5526260305287749,0.06,0.4926260305287749,0,0,0,1.0788466930389404,0.03346802294254303,False,flanker,evidence-origin,2
Young,young_20_29,9605,26275,1,3,3,False,0.5825672915600398,0.08,0.5025672915600399,3,3,3,0.8171282410621643,0.03414176404476166,False,flanker,evidence-origin,2
Young,young_20_29,9606,82686,3,0,3,True,0.695846575721807,0.04,0.6558465757218069,0,0,0,1.4862679243087769,0.03407061845064163,False,target,correct,4
Young,young_20_29,9607,76957,2,0,2,True,0.6718075357489935,0.06,0.6118075357489936,0,0,0,0.877623438835144,0.028991051018238068,False,target,correct,4
Young,young_20_29,9609,7658,0,1,0,True,0.6755096371886858,0.07,0.6055096371886859,1,1,1,0.9996324777603149,0.035065196454524994,False,target,correct,4
Young,young_20_29,9610,23933,3,1,3,True,1.012012257153968,0.24,0.772012257153968,3,3,3,0.6603895425796509,0.0039561837911605835,False,target,correct,5
Young,young_20_29,9612,5229,2,3,3,False,0.7007135140756409,0.06,0.6407135140756408,3,3,3,1.2268575429916382,0.03700052946805954,False,flanker,evidence-origin,4
Young,young_20_29,9614,22785,1,3,1,True,0.6249691092518601,0.05,0.5749691092518601,3,3,3,0.8646571636199951,0.02681650221347809,False,target,correct,3
Young,young_20_29,9615,168561,1,0,1,True,0.5826006547637907,0.04,0.5426006547637907,0,0,0,1.343919277191162,0.0321192741394043,False,target,correct,2
Young,young_20_29,9617,83570,1,0,1,True,0.3464077941625982,0.06,0.2864077941625982,0,0,0,1.3341805934906006,0.03943317383527756,False,target,correct,1
Young,young_20_29,9618,5214,0,1,0,True,0.5693966468146833,0.04,0.5293966468146832,1,1,1,1.4250799417495728,0.03382106125354767,False,target,correct,2
Young,young_20_29,9620,58294,2,1,1,False,0.7117327758665697,0.04,0.6717327758665697,1,1,1,1.4250733852386475,0.031775541603565216,False,flanker,evidence-origin,4
Young,young_20_29,9621,36192,2,3,2,True,0.9299999952316285,0.08,0.8499999952316285,3,3,3,0.9222782850265503,0.03598602116107941,False,target,correct,5
Young,young_20_29,9625,21715,2,0,0,False,0.42562666909355334,0.04,0.38562666909355336,0,0,0,1.4611177444458008,0.03394037485122681,False,flanker,evidence-origin,1
Young,young_20_29,9627,5778,0,1,0,True,0.6318586423068066,0.05,0.5818586423068065,1,1,1,1.2980144023895264,0.03574412316083908,False,target,correct,3
Young,young_20_29,9628,72341,1,2,1,True,0.5202094210844291,0.05,0.47020942108442915,2,2,2,0.8710868954658508,0.02632930874824524,False,target,correct,1
Young,young_20_29,9629,27686,3,1,3,True,0.5944001059931222,0.06,0.5344001059931223,1,1,1,0.7248885631561279,0.02543770521879196,False,target,correct,2
Young,young_20_29,9630,157859,2,0,2,True,0.5773729298755523,0.05,0.5273729298755523,0,0,0,1.0740677118301392,0.029907718300819397,False,target,correct,2
Young,young_20_29,9634,2994,2,3,3,False,0.7521038274666624,0.05,0.7021038274666623,3,3,3,1.4951435327529907,0.03783354163169861,False,flanker,evidence-origin,5
Young,young_20_29,9637,22246,0,3,0,True,0.6234978933461595,0.07,0.5534978933461594,3,3,3,0.8721408247947693,0.03330810368061066,False,target,correct,3
Young,young_20_29,9639,18344,0,3,0,True,0.5117279548575643,0.07,0.4417279548575643,3,3,3,0.8861667513847351,0.033603884279727936,False,target,correct,1
Young,young_20_29,9650,8118,2,0,0,False,0.6325986069018473,0.04,0.5925986069018473,0,0,0,1.3263603448867798,0.03169897943735123,False,flanker,evidence-origin,3
Young,young_20_29,9653,115932,2,0,0,False,0.5046473557276476,0.04,0.46464735572764765,0,0,0,1.2926232814788818,0.030637823045253754,False,flanker,evidence-origin,1
Young,young_20_29,9655,125563,3,2,2,False,0.7222867943556142,0.09,0.6322867943556142,2,2,2,0.9270823001861572,0.04043318331241608,False,flanker,evidence-origin,4
Young,young_20_29,9656,11168,0,2,2,False,0.7899153435027584,0.06,0.7299153435027583,2,2,2,1.1240437030792236,0.03471150994300842,False,flanker,evidence-origin,5
Young,young_20_29,9657,50730,3,0,0,False,0.6577416974414456,0.06,0.5977416974414456,0,0,0,1.2989275455474854,0.03900523483753204,False,flanker,evidence-origin,3
Young,young_20_29,9662,28561,1,2,1,True,0.5917000690058433,0.14,0.45170006900584325,2,1,2,0.1335427165031433,0.023272715508937836,False,target,correct,2
Young,young_20_29,9663,27015,0,2,2,False,0.5737957908660459,0.09,0.48379579086604596,2,2,2,0.5986056923866272,0.028598666191101074,False,flanker,evidence-origin,2
Young,young_20_29,9665,9269,0,3,0,True,0.5057528849195103,0.08,0.4257528849195103,3,3,3,0.6204952001571655,0.030379503965377808,False,target,correct,1
Young,young_20_29,9670,168666,0,2,2,False,0.5913677575464266,0.04,0.5513677575464265,2,2,2,1.4341182708740234,0.03187042474746704,False,flanker,evidence-origin,2
Young,young_20_29,9672,134751,2,3,3,False,0.47946927268963824,0.04,0.43946927268963826,3,3,3,1.6563793420791626,0.036408960819244385,False,flanker,evidence-origin,1
Young,young_20_29,9674,74226,3,0,0,False,0.577223020390372,0.06,0.517223020390372,0,0,0,1.2985987663269043,0.03882244974374771,False,flanker,evidence-origin,2
Young,young_20_29,9675,6330,2,0,2,True,0.531076054002376,0.06,0.471076054002376,0,0,0,0.9401479959487915,0.03084723651409149,False,target,correct,2
Young,young_20_29,9678,17638,2,0,0,False,0.5615295987829395,0.07,0.4915295987829395,0,0,0,0.8241400718688965,0.030741646885871887,False,flanker,evidence-origin,2
Young,young_20_29,9680,58329,1,2,1,True,0.6739980669516962,0.04,0.6339980669516961,2,2,2,1.1349151134490967,0.027982264757156372,False,target,correct,4
Young,young_20_29,9687,83626,1,3,1,True,0.6522746334921111,0.03,0.6222746334921111,3,3,3,1.130537748336792,0.024891823530197144,False,target,correct,3
Young,young_20_29,9689,161712,2,1,2,True,0.6929003197336149,0.07,0.6229003197336149,1,1,1,1.0569374561309814,0.036633364856243134,False,target,correct,4
Young,young_20_29,9690,22344,2,1,2,True,0.6986968057797398,0.08,0.6186968057797398,1,1,1,0.9798469543457031,0.03766953945159912,False,target,correct,4
Young,young_20_29,9694,73133,3,2,3,True,0.6308833977633643,0.08,0.5508833977633644,2,2,2,0.9528353810310364,0.03846217691898346,False,target,correct,3
Young,young_20_29,9695,73048,1,2,1,True,0.7520808682598864,0.12,0.6320808682598864,2,2,2,0.47631779313087463,0.03372389078140259,False,target,correct,5
Young,young_20_29,9700,94651,1,2,1,True,0.4558457085324582,0.07,0.3858457085324582,2,2,2,0.6408298015594482,0.02859315276145935,False,target,correct,1
Young,young_20_29,9701,149037,0,1,0,True,0.455175798997518,0.07,0.38517579899751797,1,1,1,0.8957722187042236,0.03361715376377106,False,target,correct,1
Young,young_20_29,9702,30196,0,1,0,True,0.3796215080424743,0.04,0.3396215080424743,1,1,1,1.3631792068481445,0.031878694891929626,False,target,correct,1
Young,young_20_29,9703,23978,2,1,1,False,0.6637092476822247,0.03,0.6337092476822247,1,1,1,1.7067272663116455,0.03159420192241669,False,flanker,evidence-origin,4
Young,young_20_29,9704,39028,1,3,3,False,0.6219770702509435,0.07,0.5519770702509434,3,3,3,0.7289575338363647,0.029546670615673065,False,flanker,evidence-origin,3
Young,young_20_29,9705,1933,2,0,0,False,0.6835529953693961,0.05,0.633552995369396,0,0,0,1.405907154083252,0.037559375166893005,False,flanker,evidence-origin,4
Young,young_20_29,9709,149074,3,2,3,True,0.8728321778264969,0.13,0.7428321778264969,2,2,2,0.5361480116844177,0.03707394003868103,False,target,correct,5
Young,young_20_29,9710,80070,0,3,0,True,0.7894769149667729,0.09,0.6994769149667729,3,3,3,0.5230993628501892,0.03020244836807251,False,target,correct,5
Young,young_20_29,9712,9999,1,2,1,True,0.6178178442537431,0.06,0.5578178442537431,2,2,2,0.6747677326202393,0.02583988755941391,False,target,correct,3
Young,young_20_29,9713,89350,0,1,0,True,0.6683446553816934,0.08,0.5883446553816934,1,1,1,0.9283466339111328,0.03672017902135849,False,target,correct,4
Young,young_20_29,9716,77455,3,1,3,True,0.6319724162797014,0.08,0.5519724162797014,1,1,1,0.6693555116653442,0.029929809272289276,False,target,correct,3
Young,young_20_29,9718,117782,0,3,0,True,0.6929128367933358,0.24,0.4529128367933358,0,0,0,0.5622556209564209,0.0038067251443862915,False,target,correct,4
Young,young_20_29,9719,24463,1,2,1,True,0.7791366059922246,0.1,0.6791366059922246,2,2,2,0.7239435315132141,0.036975279450416565,False,target,correct,5
Young,young_20_29,9720,55574,3,1,3,True,0.6109500256754293,0.08,0.5309500256754294,1,1,1,0.7418115139007568,0.031149767339229584,False,target,correct,3
Young,young_20_29,9723,81964,0,3,3,False,0.5583852636417974,0.04,0.5183852636417974,3,3,3,1.5473443269729614,0.03578745573759079,False,flanker,evidence-origin,2
Young,young_20_29,9724,46575,3,2,3,True,0.6639405931761966,0.1,0.5639405931761966,2,2,2,0.8522903323173523,0.03966502100229263,False,target,correct,4
Young,young_20_29,9725,11400,3,0,3,True,0.7028666596554537,0.05,0.6528666596554537,0,0,0,1.414030909538269,0.037836700677871704,False,target,correct,4
Young,young_20_29,9732,10783,3,1,3,True,0.6891493298778987,0.08,0.6091493298778987,1,1,1,0.7199681401252747,0.030329227447509766,False,target,correct,4
Young,young_20_29,9735,92427,1,3,3,False,0.7030229085780649,0.05,0.6530229085780649,3,3,3,1.2752882242202759,0.034524694085121155,False,flanker,evidence-origin,4
Young,young_20_29,9739,18419,1,0,1,True,0.5566125495009963,0.05,0.5066125495009962,0,0,0,1.2477319240570068,0.03417948633432388,False,target,correct,2
Young,young_20_29,9740,83143,2,0,0,False,0.47012213428562577,0.04,0.4301221342856258,0,0,0,1.3814388513565063,0.03368241339921951,False,flanker,evidence-origin,1
Young,young_20_29,9743,103694,2,0,2,True,0.7172262154931903,0.06,0.6572262154931903,0,0,0,0.871002733707428,0.029286496341228485,False,target,correct,4
Young,young_20_29,9744,85349,1,3,1,True,0.6643936553794536,0.11,0.5543936553794536,3,3,3,0.5933388471603394,0.0358053594827652,False,target,correct,4
Young,young_20_29,9745,42935,2,3,2,True,0.898144962393358,0.11,0.788144962393358,3,3,3,0.5471112132072449,0.03251504898071289,False,target,correct,5
Young,young_20_29,9746,41093,0,2,2,False,0.4664805617336916,0.05,0.41648056173369163,2,2,2,1.3380632400512695,0.035282738506793976,False,flanker,evidence-origin,1
Young,young_20_29,9749,1493,1,3,1,True,0.6314773926712224,0.04,0.5914773926712223,3,3,3,0.943840742111206,0.02548065036535263,False,target,correct,3
Young,young_20_29,9751,22489,0,1,0,True,0.6532561267733872,0.04,0.6132561267733871,1,1,1,1.4547396898269653,0.03320583701133728,False,target,correct,3
Young,young_20_29,9752,70787,2,1,2,True,0.7005841262833281,0.09,0.6105841262833281,1,1,1,0.7825819849967957,0.034046076238155365,False,target,correct,4
Young,young_20_29,9753,2904,3,2,2,False,0.3329492564343298,0.07,0.2629492564343298,2,2,2,1.1143479347229004,0.037787459790706635,False,flanker,evidence-origin,1
Young,young_20_29,9754,36647,3,0,3,True,0.5201441083391732,0.06,0.46014410833917324,0,0,0,1.327416181564331,0.039479441940784454,False,target,correct,1
Young,young_20_29,9755,126456,0,2,2,False,0.590615988876177,0.09,0.500615988876177,2,2,2,0.6760926246643066,0.03165850788354874,False,flanker,evidence-origin,2
Young,young_20_29,9758,108143,2,0,0,False,0.6838597083049277,0.05,0.6338597083049277,0,0,0,1.0293062925338745,0.02918199449777603,False,flanker,evidence-origin,4
Young,young_20_29,9759,119143,1,2,1,True,0.7467549779000038,0.13,0.6167549779000038,2,2,2,0.42200517654418945,0.034424737095832825,False,target,correct,5
Young,young_20_29,9762,49593,3,2,3,True,0.6133500854035988,0.08,0.5333500854035989,2,2,2,0.9974599480628967,0.03902510553598404,False,target,correct,3
Young,young_20_29,9764,108451,2,3,3,False,0.46884211348034877,0.06,0.40884211348034877,3,3,3,1.231285572052002,0.036576926708221436,False,flanker,evidence-origin,1
Young,young_20_29,9765,43365,3,2,3,True,0.7811698730773231,0.08,0.7011698730773231,2,2,2,0.8229880332946777,0.033833637833595276,False,target,correct,5
Young,young_20_29,9768,44486,1,0,0,False,0.5649223422192606,0.05,0.5149223422192606,0,0,0,1.5643630027770996,0.0396864116191864,False,flanker,evidence-origin,2
Young,young_20_29,9770,11996,2,3,3,False,0.6246546358123579,0.07,0.5546546358123579,3,3,3,1.0539240837097168,0.0370318666100502,False,flanker,evidence-origin,3
Young,young_20_29,9774,1828,2,0,0,False,0.6816986442904513,0.06,0.6216986442904513,0,0,0,1.1411861181259155,0.035414524376392365,False,flanker,evidence-origin,4
Young,young_20_29,9775,30017,3,2,3,True,0.5130432993535805,0.14,0.3730432993535805,2,2,2,0.5493088960647583,0.04014270007610321,False,target,correct,1
Young,young_20_29,9777,1032,2,1,1,False,0.7901672286624503,0.06,0.7301672286624503,1,1,1,0.9692978858947754,0.030545778572559357,False,flanker,evidence-origin,5
Young,young_20_29,9778,421,1,2,1,True,0.7575841554353188,0.11,0.6475841554353188,2,2,2,0.5496544241905212,0.03366342931985855,False,target,correct,5
Young,young_20_29,9779,138215,2,3,3,False,0.30504413352372517,0.05,0.2550441335237252,3,3,3,1.3384164571762085,0.034562498331069946,False,flanker,evidence-origin,1
Young,young_20_29,9780,58101,0,3,0,True,0.7648239430784285,0.09,0.6748239430784285,3,3,3,0.7514321208000183,0.03729739785194397,False,target,correct,5
Young,young_20_29,9783,33320,3,1,3,True,0.5624721810047335,0.08,0.4824721810047335,1,1,1,0.6279650330543518,0.02785252034664154,False,target,correct,2
Young,young_20_29,9784,5240,2,1,2,True,0.7837612716412068,0.08,0.7037612716412068,1,1,1,0.8128883242607117,0.03221924602985382,False,target,correct,5
Young,young_20_29,9787,25811,0,1,0,True,1.2693385727485957,0.74,0.5293385727485957,0,0,0,0.8617965579032898,0.048298776149749756,False,target,correct,5
Young,young_20_29,9790,160146,1,2,1,True,0.6797301873348771,0.12,0.5597301873348771,2,2,2,0.12982165813446045,0.0277271568775177,False,target,correct,4
Young,young_20_29,9794,24591,2,3,3,False,0.5751040318082867,0.06,0.5151040318082867,3,3,3,1.28098464012146,0.0377875417470932,False,flanker,evidence-origin,2
Young,young_20_29,9796,21969,3,2,3,True,0.6455174295096449,0.07,0.5755174295096448,2,2,2,1.0291574001312256,0.035709455609321594,False,target,correct,3
Young,young_20_29,9797,150104,0,3,0,True,0.7059368627928697,0.12,0.5859368627928697,3,3,3,0.4296860098838806,0.0346740186214447,False,target,correct,4
Young,young_20_29,9798,64090,1,3,1,True,0.6497323773958756,0.1,0.5497323773958757,3,3,3,0.5066425800323486,0.031290918588638306,False,target,correct,3
Young,young_20_29,9804,37574,2,3,3,False,0.6462335543880843,0.06,0.5862335543880843,3,3,3,1.2318830490112305,0.03631895035505295,False,flanker,evidence-origin,3
Young,young_20_29,9807,38655,0,1,0,True,0.5285475554619219,0.07,0.4585475554619219,1,1,1,1.059045672416687,0.036735422909259796,False,target,correct,2
Young,young_20_29,9808,67392,2,1,2,True,0.31000001430511476,0.06,0.25000001430511476,1,1,1,0.9595539569854736,0.02987968921661377,False,target,correct,1
Young,young_20_29,9810,71709,1,3,1,True,0.4664130483352875,0.07,0.3964130483352875,3,3,3,0.609377384185791,0.026946477591991425,False,target,correct,1
Young,young_20_29,9812,36137,2,3,3,False,0.5125980583487685,0.05,0.4625980583487685,3,3,3,1.5575637817382812,0.040124423801898956,False,flanker,evidence-origin,1
Young,young_20_29,9813,74890,1,0,0,False,0.6095628463349724,0.08,0.5295628463349724,0,0,0,1.0705879926681519,0.041801176965236664,False,flanker,evidence-origin,3
Young,young_20_29,9816,170668,2,3,3,False,0.48195027653967915,0.05,0.43195027653967916,3,3,3,1.3202433586120605,0.03598929941654205,False,flanker,evidence-origin,1
Young,young_20_29,9817,66976,2,3,2,True,0.7152082280934453,0.09,0.6252082280934453,3,3,3,0.8351982235908508,0.03755179047584534,False,target,correct,4
Young,young_20_29,9818,86044,3,1,3,True,0.5757046949775105,0.08,0.4957046949775105,1,1,1,0.5268344879150391,0.023955851793289185,False,target,correct,2
Young,young_20_29,9821,165787,1,3,3,False,0.49196375531375525,0.05,0.44196375531375526,3,3,3,0.9261115789413452,0.026848912239074707,False,flanker,evidence-origin,1
Young,young_20_29,9822,78791,3,1,3,True,0.6131099685694349,0.07,0.5431099685694349,1,1,1,0.7913419008255005,0.030694670975208282,False,target,correct,3
Young,young_20_29,9824,65333,1,2,1,True,0.7490218210310369,0.06,0.6890218210310368,2,2,2,1.1119569540023804,0.0354631245136261,False,target,correct,5
Young,young_20_29,9827,144356,1,3,1,True,0.538301908232368,0.07,0.468301908232368,3,3,3,0.5924666523933411,0.026997849345207214,False,target,correct,2
Young,young_20_29,9828,57282,1,3,1,True,0.4762101311315932,0.07,0.4062101311315932,3,3,3,0.8778285980224609,0.03205540031194687,False,target,correct,1
Young,young_20_29,9831,11129,3,0,3,True,0.7924502443021741,0.08,0.7124502443021742,0,0,0,0.9858296513557434,0.036812737584114075,False,target,correct,5
Young,young_20_29,9838,66186,1,2,1,True,0.7355801239252299,0.09,0.6455801239252299,2,2,2,0.6122759580612183,0.03333226591348648,False,target,correct,4
Young,young_20_29,9842,3381,3,1,1,False,0.5208601465628582,0.03,0.49086014656285815,1,1,1,1.2253609895706177,0.024782396852970123,False,flanker,evidence-origin,1
Young,young_20_29,9844,24676,0,1,0,True,0.7191071679838175,0.07,0.6491071679838174,1,1,1,1.1493867635726929,0.038831815123558044,False,target,correct,4
Young,young_20_29,9845,161566,3,1,3,True,0.6164380318749717,0.07,0.5464380318749718,1,1,1,0.742085337638855,0.028409823775291443,False,target,correct,3
Young,young_20_29,9850,86306,0,1,0,True,0.6816876096974401,0.06,0.6216876096974402,1,1,1,1.082827091217041,0.034477993845939636,False,target,correct,4
Young,young_20_29,9852,172246,2,3,2,True,0.6691449687236686,0.1,0.5691449687236686,3,3,3,0.8071051239967346,0.039675384759902954,False,target,correct,4
Young,young_20_29,9857,28705,3,2,3,True,0.6761068912918982,0.11,0.5661068912918982,2,2,2,0.7019177079200745,0.03867010027170181,False,target,correct,4
Young,young_20_29,9858,3740,1,3,1,True,0.4441832143739631,0.06,0.3841832143739631,3,3,3,0.7128041386604309,0.026817582547664642,False,target,correct,1
Young,young_20_29,9859,69714,2,1,1,False,0.7453046479300961,0.05,0.695304647930096,1,1,1,1.2129729986190796,0.032126620411872864,False,flanker,evidence-origin,5
Young,young_20_29,9865,89996,3,0,3,True,0.667655539705376,0.06,0.607655539705376,0,0,0,1.2922897338867188,0.038569286465644836,False,target,correct,4
Young,young_20_29,9871,52306,3,1,1,False,0.5549793193710582,0.07,0.48497931937105815,1,1,1,0.927790641784668,0.033613353967666626,False,flanker,evidence-origin,2
Young,young_20_29,9880,20571,1,2,1,True,0.6694951288056948,0.1,0.5694951288056949,2,2,2,0.5605541467666626,0.03409462422132492,False,target,correct,4
Young,young_20_29,9883,7477,2,3,3,False,0.7326852585045145,0.1,0.6326852585045145,3,3,3,0.6738941669464111,0.035754673182964325,False,flanker,evidence-origin,4
Young,young_20_29,9884,21792,3,1,3,True,0.8939281282854046,0.06,0.8339281282854045,1,1,1,0.7327539920806885,0.025617972016334534,False,target,correct,5
Young,young_20_29,9886,39087,2,0,0,False,0.5688789662246125,0.06,0.5088789662246125,0,0,0,1.0411326885223389,0.033208608627319336,False,flanker,evidence-origin,2
Young,young_20_29,9887,20405,0,1,0,True,0.8276289662542172,0.06,0.7676289662542173,1,1,1,0.9519977569580078,0.03150045871734619,False,target,correct,5
Young,young_20_29,9890,54949,1,2,1,True,0.6538604259247259,0.1,0.553860425924726,2,2,2,0.645702600479126,0.03628041595220566,False,target,correct,3
Young,young_20_29,9897,156055,2,3,2,True,0.8796950446547857,0.16,0.7196950446547856,3,3,3,0.1899505853652954,0.02955377846956253,False,target,correct,5
Young,young_20_29,9898,71111,2,0,0,False,0.45039561150392116,0.05,0.40039561150392117,0,0,0,1.1136404275894165,0.030543968081474304,False,flanker,evidence-origin,1
Young,young_20_29,9899,91029,0,1,0,True,0.7658556266482742,0.05,0.7158556266482742,1,1,1,1.1323338747024536,0.031131550669670105,False,target,correct,5
Young,young_20_29,9901,171326,0,3,0,True,0.75843033055768,0.4,0.35843033055768003,3,3,3,0.6149737238883972,0.01770130544900894,False,target,correct,5
Young,young_20_29,9902,17101,3,1,3,True,0.7699996726993321,0.28,0.4899996726993321,3,3,3,0.5576492547988892,0.010069295763969421,False,target,correct,5
Young,young_20_29,9903,78814,3,0,3,True,0.6112497271560475,0.08,0.5312497271560476,0,0,0,1.0660663843154907,0.040234506130218506,False,target,correct,3
Young,young_20_29,9904,5302,3,0,0,False,0.48545583944250403,0.06,0.42545583944250404,0,0,0,1.2980066537857056,0.03950526565313339,False,flanker,evidence-origin,1
Young,young_20_29,9909,84918,2,1,2,True,0.5634971635659118,0.07,0.49349716356591183,1,1,1,0.8934531211853027,0.03133267164230347,False,target,correct,2
Young,young_20_29,9910,45031,3,2,3,True,0.7258948057654423,0.09,0.6358948057654423,2,2,2,0.7984291315078735,0.035594791173934937,False,target,correct,4
Young,young_20_29,9912,136732,1,3,3,False,0.7263557992628573,0.07,0.6563557992628573,3,3,3,1.013515591621399,0.03554770350456238,False,flanker,evidence-origin,4
Young,young_20_29,9913,66416,3,1,3,True,0.557045038679,0.07,0.487045038679,1,1,1,0.7960718870162964,0.03010021150112152,False,target,correct,2
Young,young_20_29,9914,33223,2,1,2,True,0.5721213206526209,0.1,0.4721213206526209,1,1,1,0.6900161504745483,0.033864542841911316,False,target,correct,2
Young,young_20_29,9918,113198,3,1,1,False,0.7260544545482295,0.05,0.6760544545482294,1,1,1,1.0365740060806274,0.029348909854888916,False,flanker,evidence-origin,4
Young,young_20_29,9920,50633,3,0,0,False,0.5151270455911576,0.04,0.47512704559115765,0,0,0,1.6585208177566528,0.035322405397892,False,flanker,evidence-origin,1
Young,young_20_29,9922,81232,3,2,3,True,0.4716112464112368,0.06,0.4116112464112368,2,2,2,1.2681857347488403,0.038774073123931885,False,target,correct,1
Young,young_20_29,9924,43078,2,3,2,True,0.712475782530219,0.09,0.6224757825302191,3,3,3,0.8608806729316711,0.037909239530563354,False,target,correct,4
Young,young_20_29,9925,141104,0,3,0,True,0.6818994613345265,0.04,0.6418994613345265,3,3,3,1.451857089996338,0.033534884452819824,False,target,correct,4
Young,young_20_29,9926,2040,3,0,3,True,0.679149401868342,0.09,0.5891494018683421,0,0,0,0.9224472045898438,0.0378483384847641,False,target,correct,4
Young,young_20_29,9930,182232,0,2,2,False,0.7341519186263934,0.08,0.6541519186263934,2,2,2,0.703326940536499,0.030114367604255676,False,flanker,evidence-origin,4
Young,young_20_29,9931,176402,2,1,2,True,0.8539966881847023,0.15,0.7039966881847023,1,1,1,0.2861012816429138,0.03486219793558121,False,target,correct,5
Young,young_20_29,9932,24051,1,3,1,True,0.6308905391341894,0.07,0.5608905391341894,3,3,3,0.6484862565994263,0.02705439180135727,False,target,correct,3
Young,young_20_29,9933,12814,1,0,0,False,0.541536052754004,0.04,0.5015360527540039,0,0,0,1.5149946212768555,0.033655330538749695,False,flanker,evidence-origin,2
Young,young_20_29,9934,168150,2,0,2,True,0.628722732292483,0.08,0.548722732292483,0,0,0,0.667266845703125,0.02975303679704666,False,target,correct,3
Young,young_20_29,9935,51487,1,2,1,True,0.7686433274044698,0.14,0.6286433274044698,2,2,2,0.48314207792282104,0.03706425428390503,False,target,correct,5
Young,young_20_29,9936,139899,3,1,3,True,0.7561010920814524,0.09,0.6661010920814524,1,1,1,0.6774682402610779,0.031958065927028656,False,target,correct,5
Young,young_20_29,9938,34537,0,3,0,True,0.46739171824185144,0.1,0.36739171824185146,3,3,3,0.5670652389526367,0.034418001770973206,False,target,correct,1
Young,young_20_29,9939,119184,0,3,0,True,0.5443502277374948,0.04,0.5043502277374947,3,3,3,1.4844105243682861,0.03394188731908798,False,target,correct,2
Young,young_20_29,9948,118080,0,3,0,True,0.9011823730313837,0.1,0.8011823730313837,3,3,3,0.547548770904541,0.032659657299518585,False,target,correct,5
Young,young_20_29,9951,172928,1,2,1,True,0.5349508149117067,0.06,0.4749508149117067,2,2,2,1.111776351928711,0.03525055944919586,False,target,correct,2
Young,young_20_29,9953,88234,3,1,3,True,0.5689933211260314,0.08,0.4889933211260314,1,1,1,0.6812335252761841,0.029758237302303314,False,target,correct,2
Young,young_20_29,9955,103799,3,0,3,True,0.6311075382393537,0.08,0.5511075382393538,0,0,0,1.0334031581878662,0.039772480726242065,False,target,correct,3
Young,young_20_29,9956,361,1,0,0,False,0.721131310350427,0.06,0.661131310350427,0,0,0,1.3132257461547852,0.03949493169784546,False,flanker,evidence-origin,4
Young,young_20_29,9960,13172,2,1,2,True,0.7310713831510488,0.08,0.6510713831510488,1,1,1,1.0048843622207642,0.0384063720703125,False,target,correct,4
Young,young_20_29,9961,8056,3,2,3,True,0.5916564573610904,0.08,0.5116564573610904,2,2,2,0.9799670577049255,0.03831037878990173,False,target,correct,2
Young,young_20_29,9962,15076,2,3,2,True,0.522803773495884,0.07,0.452803773495884,3,3,3,1.0774227380752563,0.038158297538757324,False,target,correct,2
Young,young_20_29,9963,1955,2,3,2,True,0.612942172395435,0.07,0.5429421723954351,3,3,3,0.9321013689041138,0.03353479504585266,False,target,correct,3
Young,young_20_29,9967,30876,2,1,2,True,0.819214351477132,0.13,0.689214351477132,1,1,1,0.6066732406616211,0.03384014219045639,False,target,correct,5
Young,young_20_29,9968,3266,1,2,1,True,0.6903224896497054,0.12,0.5703224896497054,2,2,2,0.35495129227638245,0.03475051373243332,False,target,correct,4
Young,young_20_29,9970,26262,1,3,1,True,0.6218881854229996,0.07,0.5518881854229996,3,3,3,0.5975192785263062,0.02680259943008423,False,target,correct,3
Young,young_20_29,9973,19147,3,1,3,True,0.5974743355344636,0.06,0.5374743355344636,1,1,1,0.8367081880569458,0.02790282666683197,False,target,correct,3
Young,young_20_29,9974,144874,1,2,1,True,0.7828389274136311,0.05,0.7328389274136311,2,2,2,0.9110124111175537,0.02770093083381653,False,target,correct,5
Young,young_20_29,9975,118981,0,1,0,True,0.4161212260410938,0.06,0.3561212260410938,1,1,1,1.154976487159729,0.035153813660144806,False,target,correct,1
Young,young_20_29,9976,21430,1,3,1,True,0.5593122302914024,0.05,0.5093122302914024,3,3,3,1.2614060640335083,0.034425944089889526,False,target,correct,2
Young,young_20_29,9977,7562,1,2,1,True,0.49477141706050864,0.07,0.42477141706050864,2,2,2,0.6318448781967163,0.02857717126607895,False,target,correct,1
Young,young_20_29,9979,110970,0,1,0,True,0.6912659703053103,0.08,0.6112659703053104,1,1,1,1.0141068696975708,0.0385526642203331,False,target,correct,4
Young,young_20_29,9981,53984,3,2,3,True,0.8323329261066787,0.08,0.7523329261066788,2,2,2,0.9535160660743713,0.037793442606925964,False,target,correct,5
Young,young_20_29,9983,3181,1,3,1,True,0.5379005968899933,0.07,0.46790059688999325,3,3,3,0.6984142065048218,0.027606695890426636,False,target,correct,2
Young,young_20_29,9984,50542,1,2,1,True,0.6174429924478209,0.07,0.5474429924478208,2,2,2,0.6991052627563477,0.029350586235523224,False,target,correct,3
Young,young_20_29,9986,6440,3,2,2,False,0.5668699044576404,0.06,0.5068699044576404,2,2,2,1.3478082418441772,0.04021596908569336,False,flanker,evidence-origin,2
Young,young_20_29,9987,57597,0,3,0,True,0.4274416395711669,0.09,0.3374416395711669,3,3,3,0.7621870040893555,0.036783479154109955,False,target,correct,1
Young,young_20_29,9989,126602,3,0,3,True,0.8722876133325257,0.09,0.7822876133325257,0,0,0,0.9676247835159302,0.041187435388565063,False,target,correct,5
Young,young_20_29,9990,132213,3,0,0,False,0.554099995347835,0.08,0.47409999534783503,0,0,0,1.0191502571105957,0.03825533390045166,False,flanker,evidence-origin,2
Young,young_20_29,9991,17338,0,3,0,True,0.6516823017630274,0.06,0.5916823017630275,3,3,3,1.1175553798675537,0.03537467122077942,False,target,correct,3
Young,young_20_29,9993,3529,1,2,1,True,0.8730432518470205,0.17,0.7030432518470204,2,1,2,0.08620840311050415,0.027662962675094604,False,target,correct,5
Young,young_20_29,9995,11397,2,1,1,False,0.4608548440584934,0.03,0.4308548440584934,1,1,1,1.9038913249969482,0.03486251085996628,False,flanker,evidence-origin,1
Young,young_20_29,9997,8815,3,2,3,True,0.5545637345270586,0.08,0.47456373452705863,2,2,2,0.9351634383201599,0.036702461540699005,False,target,correct,2
Young,young_20_29,9999,44222,1,0,0,False,0.7121391960040848,0.05,0.6621391960040848,0,0,0,1.3566572666168213,0.035531893372535706,False,flanker,evidence-origin,4
